machine_type,machine_id,filename,true_label,ocsvm_score,iforest_score,knn_score
fan,id_00,00000764.wav,normal,-0.5074868517078439,0.3882424443042688,0.09833831265568733
fan,id_00,00000269.wav,normal,-0.738554791705841,0.3590913858477928,0.06544356197118759
fan,id_00,00000551.wav,normal,-0.5577538101597295,0.3812309989070425,0.08848111927509308
fan,id_00,00000985.wav,normal,0.2960714115288372,0.5766149173596369,0.3120205193758011
fan,id_00,00000762.wav,normal,-0.4723881522210007,0.43181466664907425,0.11601566821336746
fan,id_00,00000252.wav,normal,-0.6357836709177143,0.40805940114223127,0.08694201707839966
fan,id_00,00001003.wav,normal,-0.3392243555181711,0.4136893450085786,0.1122652381658554
fan,id_00,00000271.wav,normal,-0.8547431052231236,0.3757310816203659,0.08259517848491668
fan,id_00,00000146.wav,normal,0.20275563285617615,0.47508394633441153,0.14771721810102462
fan,id_00,00000469.wav,normal,-0.6456605818371486,0.3660088004655887,0.07518307268619537
fan,id_00,00000658.wav,normal,-0.6602572535351658,0.3559649312517287,0.06930921301245689
fan,id_00,00000405.wav,normal,-0.6535768933874113,0.37356031958949826,0.07485519051551819
fan,id_00,00000511.wav,normal,-0.3036521457651453,0.4025286451894674,0.07930957674980163
fan,id_00,00000671.wav,normal,-0.44553737693919615,0.37423209818998454,0.08689470589160919
fan,id_00,00000217.wav,normal,-0.8519572131504258,0.3653304158722462,0.0687540166079998
fan,id_00,00000322.wav,normal,-0.5684968317392709,0.35181679518501435,0.053529031574726105
fan,id_00,00000735.wav,normal,-0.5871013999358343,0.36143297490582577,0.0746287889778614
fan,id_00,00000580.wav,normal,-0.7003629034398724,0.3637198933080728,0.07664021477103233
fan,id_00,00000216.wav,normal,-0.2603057138229783,0.4341750528643134,0.09503459483385086
fan,id_00,00000067.wav,normal,-0.01696555409540146,0.4669350859415722,0.17217549085617065
fan,id_00,00000274.wav,normal,-0.4906721186741301,0.4741315687991454,0.15912126302719115
fan,id_00,00000410.wav,normal,-0.6272599715100036,0.3830099942375175,0.10682511031627655
fan,id_00,00000323.wav,normal,-1.2516671713905492,0.42903182696328085,0.18460161089897156
fan,id_00,00000824.wav,normal,-0.2566416935963094,0.47008803832040164,0.16569803059101104
fan,id_00,00000993.wav,normal,-0.718019525940969,0.45926088346321664,0.1495157450437546
fan,id_00,00000841.wav,normal,-0.516014850986668,0.3832399976602416,0.08144737258553505
fan,id_00,00000234.wav,normal,-0.5192046128657228,0.3797315169140718,0.0786382056772709
fan,id_00,00000057.wav,normal,-0.8719940927379106,0.47945423273676163,0.20615230798721312
fan,id_00,00000794.wav,normal,-0.5883060823358459,0.3603439168525376,0.06770977228879929
fan,id_00,00000786.wav,normal,0.1989854764962118,0.5264339854283179,0.224533012509346
fan,id_00,00000863.wav,normal,-0.5931882255478591,0.3621147788494247,0.06911508291959763
fan,id_00,00000332.wav,normal,-0.34797397938368313,0.4966070981132922,0.20069776475429535
fan,id_00,00000701.wav,normal,-0.40227468947350964,0.39882051605557706,0.08134383037686348
fan,id_00,00000224.wav,normal,-1.088996231971194,0.40502515956542495,0.1126453548669815
fan,id_00,00000570.wav,normal,0.1283857962773194,0.48874505703022064,0.17869096994400024
fan,id_00,00000704.wav,normal,-0.3894866490925235,0.3866733144361186,0.07948911041021348
fan,id_00,00000655.wav,normal,-0.22321630281114047,0.4529575696158268,0.163968762755394
fan,id_00,00000276.wav,normal,-0.507333556798649,0.3696952558876698,0.06840627789497375
fan,id_00,00000388.wav,normal,-0.6052871605526882,0.364543577660473,0.06409121453762054
fan,id_00,00000473.wav,normal,-0.7969561240390615,0.4809908643781082,0.18990554213523864
fan,id_00,00000167.wav,normal,-1.0633581008010893,0.4124527279103134,0.14534625560045242
fan,id_00,00001005.wav,normal,-0.8355065014120484,0.4221157246206226,0.12802130579948426
fan,id_00,00000746.wav,normal,-0.47375094119968253,0.46606708771317373,0.19643827974796296
fan,id_00,00000546.wav,normal,-0.23369916051234263,0.4183779574177595,0.09012365490198135
fan,id_00,00000175.wav,normal,-0.4765497011317965,0.5038696029017165,0.18504693806171418
fan,id_00,00000917.wav,normal,-0.5254388517021393,0.3834787552646045,0.07712875530123711
fan,id_00,00000623.wav,normal,-0.9610021721376718,0.44672676377312004,0.1290005624294281
fan,id_00,00000073.wav,normal,-0.7944504524080749,0.4083426767389174,0.09519396871328353
fan,id_00,00000663.wav,normal,-0.9217293079531856,0.34859002551612545,0.06673649400472641
fan,id_00,00000699.wav,normal,-0.4661128446263536,0.3875975838804113,0.07785165533423424
fan,id_00,00000981.wav,normal,0.3889116274915505,0.6025669461744524,0.28004378378391265
fan,id_00,00000273.wav,normal,-1.1754767982250218,0.4018838280753123,0.13685833811759948
fan,id_00,00000686.wav,normal,-0.5058463177470767,0.401755909238242,0.10406134724617004
fan,id_00,00000214.wav,normal,-0.7661095503664512,0.4080590446983811,0.11676623821258544
fan,id_00,00000363.wav,normal,-0.7331951376799246,0.37097932141007134,0.07788863480091095
fan,id_00,00000379.wav,normal,-0.8119971167878912,0.3576959846301819,0.0878658190369606
fan,id_00,00000166.wav,normal,-0.7013030898520558,0.3666375697397379,0.07443510740995407
fan,id_00,00000373.wav,normal,-0.6716023381874034,0.40665479399994625,0.08286961615085602
fan,id_00,00000854.wav,normal,-0.6521199878089234,0.3546143633981616,0.07381806075572968
fan,id_00,00000650.wav,normal,-0.3318870855355538,0.4364477747496934,0.10761275142431259
fan,id_00,00000464.wav,normal,-0.7472975793743348,0.42853823696937265,0.1260398209095001
fan,id_00,00000965.wav,normal,0.20186388159396706,0.45685521000390666,0.13440819531679155
fan,id_00,00000958.wav,normal,0.699841081472119,0.6340993671391404,0.37988385260105134
fan,id_00,00000103.wav,normal,-0.6004443300949056,0.372465253729403,0.07187461033463478
fan,id_00,00000887.wav,normal,-0.5597635813810928,0.378069959320087,0.06705272793769837
fan,id_00,00000989.wav,normal,-0.7685739003248919,0.3954108577454861,0.11062276959419251
fan,id_00,00000875.wav,normal,0.5874052095935411,0.5754472902342619,0.2955643177032471
fan,id_00,00000081.wav,normal,-0.30563987087831634,0.38872815709380654,0.08133080303668976
fan,id_00,00000296.wav,normal,-0.8045923025052648,0.3743822072214774,0.08346342891454697
fan,id_00,00000791.wav,normal,-0.6495680808082493,0.36941121866544335,0.09046183675527572
fan,id_00,00000233.wav,normal,-0.6376274522742005,0.35115552505585784,0.06300502195954323
fan,id_00,00000677.wav,normal,0.44529048408697314,0.5369051085108645,0.2060520440340042
fan,id_00,00000046.wav,normal,-0.3629492816735542,0.38242993435946276,0.06170857772231102
fan,id_00,00000071.wav,normal,-0.7815340066120715,0.3717473279689566,0.08227474987506866
fan,id_00,00000721.wav,normal,-0.5991626743750853,0.3796536647286719,0.08427278846502304
fan,id_00,00000196.wav,normal,-0.2518209904150641,0.39709836834717865,0.10880969613790512
fan,id_00,00000591.wav,normal,0.4989660665258402,0.5977247117804819,0.325148344039917
fan,id_00,00000370.wav,normal,-0.17249837224360753,0.47551866612752464,0.14214251488447188
fan,id_00,00000882.wav,normal,-0.6929129027197884,0.3611573987050862,0.06994637623429298
fan,id_00,00000906.wav,normal,-0.39054849674659664,0.4336181531089794,0.11577146053314209
fan,id_00,00000633.wav,normal,-0.6282001739295886,0.3922350247943291,0.0913187436759472
fan,id_00,00000643.wav,normal,-0.353163452671307,0.42159538206351327,0.1381629392504692
fan,id_00,00000849.wav,normal,-0.12228724876354669,0.5153320540636419,0.2029653400182724
fan,id_00,00000300.wav,normal,-0.5490919013733357,0.5365563286014077,0.21398430168628693
fan,id_00,00000565.wav,normal,-0.9581424012050146,0.37443100091930137,0.09229647517204284
fan,id_00,00000080.wav,normal,-0.6020709681931198,0.41855000705480605,0.10214896649122238
fan,id_00,00000387.wav,normal,-0.49632307279162013,0.3863317162638909,0.08415984511375427
fan,id_00,00000944.wav,normal,-0.42479239065633934,0.4189977766386478,0.12123372554779052
fan,id_00,00000127.wav,normal,-0.6826669999774424,0.3734644259523856,0.0686260350048542
fan,id_00,00000549.wav,normal,-0.7491657901148638,0.44770804277163023,0.14836449027061463
fan,id_00,00000470.wav,normal,-0.09284078382294325,0.4168332442098215,0.1048272430896759
fan,id_00,00000747.wav,normal,0.15380898036552537,0.5426605633484158,0.2194296360015869
fan,id_00,00000044.wav,normal,-0.49819836995982847,0.4119297041530392,0.08397437632083893
fan,id_00,00000826.wav,normal,-0.39349720497327745,0.4083041654871057,0.09915225952863693
fan,id_00,00000270.wav,normal,-0.518177920828693,0.40578456426638354,0.10397882759571075
fan,id_00,00000618.wav,normal,-0.6637253439114783,0.3669700598589781,0.06073108538985252
fan,id_00,00000352.wav,normal,-0.6879839196590751,0.3614698489838326,0.06930360272526741
fan,id_00,00000867.wav,normal,-0.5445464230749231,0.3827424338853852,0.07085121348500252
fan,id_00,00000367.wav,normal,-0.5649818291238997,0.36551911395372133,0.07656171917915344
fan,id_00,00000099.wav,normal,-0.5089307930836178,0.41747845095960956,0.09952449649572373
fan,id_00,00000389.wav,normal,-1.1419219492503103,0.3877940966751899,0.08164176642894745
fan,id_00,00000094.wav,normal,-0.2701913195959218,0.41537981002031843,0.12004774063825607
fan,id_00,00001001.wav,normal,-0.2320663417640656,0.41824899770409923,0.11515793651342392
fan,id_00,00000344.wav,normal,-0.17576540226575332,0.4485929135620626,0.1489207327365875
fan,id_00,00000781.wav,normal,-0.13201910501653735,0.43967405892934847,0.1421960860490799
fan,id_00,00000220.wav,normal,-0.6986178397832337,0.40058355698860415,0.07813445702195168
fan,id_00,00000159.wav,normal,0.7679645552264738,0.5901466035025282,0.3095973312854767
fan,id_00,00000975.wav,normal,-0.45173051053027,0.37699702509901306,0.08272471018135548
fan,id_00,00000348.wav,normal,-1.1382757028147736,0.394751510991574,0.14254499077796937
fan,id_00,00000994.wav,normal,-0.6852815613269545,0.4159813758999267,0.10886893719434738
fan,id_00,00000714.wav,normal,-0.8739608770771561,0.4236759440159096,0.16330281794071197
fan,id_00,00000163.wav,normal,-0.39174550337133063,0.4339810530510369,0.09765900149941445
fan,id_00,00000825.wav,normal,-0.6675881267048105,0.3943508367448227,0.08757581561803818
fan,id_00,00000777.wav,normal,-0.36391311636701396,0.3849163389082379,0.06990666761994362
fan,id_00,00000006.wav,normal,0.08999264605719759,0.5244714438747722,0.18969188928604125
fan,id_00,00000890.wav,normal,-0.651531545127666,0.38316492249926876,0.10163598656654357
fan,id_00,00000828.wav,normal,-0.6560817083255177,0.35677629814701517,0.06561912894248963
fan,id_00,00000284.wav,normal,-0.6805570804476204,0.3639845018202124,0.0796431578695774
fan,id_00,00000603.wav,normal,-0.7864998039839346,0.3798784451375332,0.0817304328083992
fan,id_00,00000459.wav,normal,-0.7678499421692138,0.396660924237602,0.08952350318431854
fan,id_00,00000225.wav,normal,-0.7132950347007601,0.3594297916098329,0.07399225905537606
fan,id_00,00000429.wav,normal,-1.1890422785414732,0.3708702795773108,0.09251858964562416
fan,id_00,00000997.wav,normal,-0.08081177948527518,0.5455866165289083,0.2319117784500122
fan,id_00,00000718.wav,normal,-0.5872125358091154,0.38041277788582334,0.08412111401557923
fan,id_00,00000665.wav,normal,-0.7730855656635214,0.3823816741527547,0.08159255757927894
fan,id_00,00000733.wav,normal,-0.5511743040320418,0.3670759897178602,0.056508354097604754
fan,id_00,00000203.wav,normal,-0.4571206939681485,0.476902548178225,0.18867473304271698
fan,id_00,00000574.wav,normal,-1.0117294059480333,0.37569939893294435,0.11881343722343445
fan,id_00,00000027.wav,normal,-0.19633518851977705,0.4068938503218892,0.09929163008928299
fan,id_00,00000616.wav,normal,-0.5069103162455768,0.47389341073316377,0.1940409928560257
fan,id_00,00000517.wav,normal,-0.5714033583514109,0.47267935546801015,0.1585912972688675
fan,id_00,00000238.wav,normal,-0.8611124082742734,0.35616594540489627,0.07716930955648423
fan,id_00,00000223.wav,normal,-0.6310715384305592,0.3736629347971763,0.08733434230089188
fan,id_00,00000095.wav,normal,0.4331164036912867,0.5309910407244929,0.19880930483341216
fan,id_00,00000030.wav,normal,-0.6329068514905796,0.4169143587623295,0.12799155861139297
fan,id_00,00000032.wav,normal,-0.8608442383611319,0.36758549351807235,0.07426329329609871
fan,id_00,00000432.wav,normal,-0.11789449268237995,0.44177299211579524,0.13168590664863586
fan,id_00,00000604.wav,normal,-0.47731797528242303,0.4153327256980448,0.09170034527778625
fan,id_00,00000089.wav,normal,-0.6185225343662264,0.40732659128758825,0.11220869272947312
fan,id_00,00000558.wav,normal,-0.06647571229709648,0.44356194487436984,0.13022176921367645
fan,id_00,00000913.wav,normal,-0.7510281944518713,0.3770308445523017,0.09494623988866806
fan,id_00,00000758.wav,normal,-0.5709239778374346,0.48554971901055516,0.17781644761562349
fan,id_00,00000692.wav,normal,0.024410543269597795,0.5212848881379222,0.2325619101524353
fan,id_00,00000104.wav,normal,-0.5439888114225457,0.3737461225718565,0.06736613288521767
fan,id_00,00000754.wav,normal,-0.627819274823695,0.4373223707333317,0.13075849860906602
fan,id_00,00000142.wav,normal,-0.8869328171396234,0.3565943891086249,0.0762936756014824
fan,id_00,00000228.wav,normal,1.4158213763228034,0.6138881578560341,0.32194131016731264
fan,id_00,00000250.wav,normal,-0.6282365375843337,0.48539519625376615,0.20881595611572265
fan,id_00,00000281.wav,normal,-0.09658722469202807,0.492964227322599,0.22017473578453065
fan,id_00,00000759.wav,normal,-0.9104914376908884,0.42822578929952,0.11350103318691254
fan,id_00,00000025.wav,normal,-0.5040770811187354,0.4004030756701066,0.08828507885336875
fan,id_00,00000114.wav,normal,-0.1024428707040883,0.4613081809368948,0.14768405854701996
fan,id_00,00000654.wav,normal,-0.13133555681102393,0.4475991003201982,0.08312809765338898
fan,id_00,00000000.wav,abnormal,0.06260369506511765,0.4658086868075003,0.13527898341417313
fan,id_00,00000001.wav,abnormal,0.002009462028986775,0.47805903340760697,0.15949537009000778
fan,id_00,00000002.wav,abnormal,-1.0974056576035398,0.36875055316294225,0.10046807825565338
fan,id_00,00000003.wav,abnormal,-0.2750068532586596,0.4016332287750071,0.11375494599342346
fan,id_00,00000004.wav,abnormal,1.0485335686259187,0.5861511493301311,0.2665373533964157
fan,id_00,00000005.wav,abnormal,-0.4162143642423466,0.43501715061643026,0.11899668052792549
fan,id_00,00000006.wav,abnormal,-0.38602448824678426,0.39863548914179836,0.07816427126526833
fan,id_00,00000007.wav,abnormal,-0.4613936622946202,0.36867758691314195,0.07590014785528183
fan,id_00,00000008.wav,abnormal,-0.49206988751135405,0.3717556452735094,0.06938469409942627
fan,id_00,00000009.wav,abnormal,0.22315550697820896,0.4935724902061002,0.16452578976750373
fan,id_00,00000010.wav,abnormal,0.29803166731882236,0.517043313689693,0.2077192932367325
fan,id_00,00000011.wav,abnormal,-0.5550155307300777,0.3723222078289803,0.06468470618128777
fan,id_00,00000012.wav,abnormal,0.35579565930914825,0.5162124053189078,0.22192915081977843
fan,id_00,00000013.wav,abnormal,-0.6197684162497872,0.3984078520023192,0.10069184154272079
fan,id_00,00000014.wav,abnormal,-0.5547246652208493,0.3697370782643726,0.06381806135177612
fan,id_00,00000015.wav,abnormal,-1.0273430947069517,0.41220516953116193,0.15254081934690475
fan,id_00,00000016.wav,abnormal,-0.5010152194594273,0.3727557626055985,0.09731706082820893
fan,id_00,00000017.wav,abnormal,-0.7317620313539237,0.3769177110464255,0.07610622346401215
fan,id_00,00000018.wav,abnormal,-0.6869637568297673,0.45273510588629534,0.16050862669944763
fan,id_00,00000019.wav,abnormal,-0.2742843432992572,0.4026673198534868,0.08387550711631775
fan,id_00,00000020.wav,abnormal,-0.285309416633849,0.4209603211413003,0.11453395336866379
fan,id_00,00000021.wav,abnormal,-0.38663340513726574,0.37200062539954887,0.07453373670578003
fan,id_00,00000022.wav,abnormal,-0.21687810009579067,0.4792709753869967,0.19550247192382814
fan,id_00,00000023.wav,abnormal,-0.7949515184976779,0.3545797128181319,0.07733126804232597
fan,id_00,00000024.wav,abnormal,-0.3730219855503254,0.38439495253146466,0.09495468884706497
fan,id_00,00000025.wav,abnormal,-0.4799722135702442,0.3868900405594047,0.0885387659072876
fan,id_00,00000026.wav,abnormal,-0.747443291821325,0.35628384700711097,0.0700547754764557
fan,id_00,00000027.wav,abnormal,-0.343033727804114,0.41519331893224515,0.10777299404144287
fan,id_00,00000028.wav,abnormal,-0.8135685239855697,0.4176039368766024,0.12935038805007934
fan,id_00,00000029.wav,abnormal,-0.6343457086477926,0.4557531562912012,0.1232959970831871
fan,id_00,00000030.wav,abnormal,-0.36929534015355614,0.5116821561570966,0.19280194342136384
fan,id_00,00000031.wav,abnormal,-0.4647051931874433,0.3806022640469482,0.07558442205190659
fan,id_00,00000032.wav,abnormal,0.4151263816001318,0.5891088527875421,0.31440466940402984
fan,id_00,00000033.wav,abnormal,-0.7759188255561842,0.3498822370899153,0.06861798912286758
fan,id_00,00000034.wav,abnormal,-0.5257392471759808,0.36342467858026994,0.0652837559580803
fan,id_00,00000035.wav,abnormal,-0.38857782901467,0.3976609722796467,0.09220810532569886
fan,id_00,00000036.wav,abnormal,-0.9989290208010821,0.4294829226384206,0.15033250153064728
fan,id_00,00000037.wav,abnormal,-0.4177775016558183,0.39191399962985485,0.09167119562625885
fan,id_00,00000038.wav,abnormal,-0.9155585529868713,0.3723164007844602,0.09274111837148666
fan,id_00,00000039.wav,abnormal,-0.3885275737130911,0.3782476501592126,0.07634221911430358
fan,id_00,00000040.wav,abnormal,0.2626856880746704,0.5319312055434117,0.22704636454582214
fan,id_00,00000041.wav,abnormal,-0.7349427496121166,0.38293702369556143,0.09863875806331635
fan,id_00,00000042.wav,abnormal,0.27227488880574136,0.5168676245468176,0.2399386763572693
fan,id_00,00000043.wav,abnormal,-0.6696217044132631,0.3681516625970089,0.08677552193403244
fan,id_00,00000044.wav,abnormal,-0.6833194997516436,0.3707380943312941,0.09764207154512405
fan,id_00,00000045.wav,abnormal,0.1398828914804735,0.5504232187202364,0.2904141485691071
fan,id_00,00000046.wav,abnormal,-0.3877845043685202,0.4407685458502744,0.1378297209739685
fan,id_00,00000047.wav,abnormal,-1.1583838667234811,0.4016868462792389,0.11497094184160232
fan,id_00,00000048.wav,abnormal,-0.17116929858323715,0.4216745568229285,0.12480166256427765
fan,id_00,00000049.wav,abnormal,-0.749680730756598,0.45726742634564976,0.16850027441978455
fan,id_00,00000050.wav,abnormal,-0.3913766744124114,0.42442796967836366,0.13342656344175338
fan,id_00,00000051.wav,abnormal,-0.4437637728527708,0.37278728535278727,0.07524004653096199
fan,id_00,00000052.wav,abnormal,-1.0852921456708238,0.420141665422988,0.14594586938619614
fan,id_00,00000053.wav,abnormal,-0.7162843036149074,0.36631270845581765,0.06255882605910301
fan,id_00,00000054.wav,abnormal,-0.4757462093763021,0.3730760538102354,0.07674663662910461
fan,id_00,00000055.wav,abnormal,-0.9517038871874899,0.4229043914181182,0.15366290062665938
fan,id_00,00000056.wav,abnormal,-0.04422939533417747,0.4929398204266004,0.20441688299179078
fan,id_00,00000057.wav,abnormal,-0.4849860146331988,0.4554047335274278,0.16700165420770646
fan,id_00,00000058.wav,abnormal,-0.932662282328085,0.4088516459599589,0.14451100379228593
fan,id_00,00000059.wav,abnormal,-0.2973251499908951,0.39190640903507973,0.0767789676785469
fan,id_00,00000060.wav,abnormal,-0.5361295600485807,0.360651238676115,0.05819385647773743
fan,id_00,00000061.wav,abnormal,-0.19523464178775995,0.4755486404380368,0.19777458906173706
fan,id_00,00000062.wav,abnormal,-0.2754235546582944,0.4081715439934513,0.11905723214149475
fan,id_00,00000063.wav,abnormal,-0.4099674139631233,0.41945630922374894,0.12727468311786652
fan,id_00,00000064.wav,abnormal,-0.7176027897624468,0.35241571497272417,0.07543411552906036
fan,id_00,00000065.wav,abnormal,-0.42083550701008043,0.4041699286434843,0.09561104699969292
fan,id_00,00000066.wav,abnormal,-0.6832448540990512,0.40108712875337027,0.10463189780712127
fan,id_00,00000067.wav,abnormal,-0.35015905565620997,0.41699735402701704,0.1089061439037323
fan,id_00,00000068.wav,abnormal,-0.35636029069796216,0.39863251248587594,0.10796135365962982
fan,id_00,00000069.wav,abnormal,-0.7440064489963998,0.4032553375275369,0.11252702176570892
fan,id_00,00000070.wav,abnormal,-0.09046829873852502,0.45706163754041074,0.1339928388595581
fan,id_00,00000071.wav,abnormal,-0.6393440230047656,0.3638175336013752,0.09023268967866897
fan,id_00,00000072.wav,abnormal,-0.7064082839737527,0.37208473367307315,0.07751446813344956
fan,id_00,00000073.wav,abnormal,-0.6598189025006551,0.4750738053527342,0.19073982834815978
fan,id_00,00000074.wav,abnormal,-1.1104533548630648,0.3970463964587229,0.11148249804973602
fan,id_00,00000075.wav,abnormal,-0.23239345983878046,0.4248803359692804,0.1255396082997322
fan,id_00,00000076.wav,abnormal,0.3922429863332084,0.5008198258854594,0.1600012868642807
fan,id_00,00000077.wav,abnormal,0.00911781963304037,0.49144912588186934,0.15047214925289154
fan,id_00,00000078.wav,abnormal,-0.6134801104012464,0.34811648032348325,0.05781861990690231
fan,id_00,00000079.wav,abnormal,-0.4280047996169216,0.44355792325810967,0.13648560494184495
fan,id_00,00000080.wav,abnormal,-0.3723621424383321,0.4807053387629915,0.18652828335762023
fan,id_00,00000081.wav,abnormal,-0.7475590041955531,0.39676391225079466,0.09114886969327926
fan,id_00,00000082.wav,abnormal,-0.29185618480715014,0.4316452643329077,0.1203198790550232
fan,id_00,00000083.wav,abnormal,-0.5053454067510543,0.4896756656492799,0.1848047062754631
fan,id_00,00000084.wav,abnormal,-0.23196040859645173,0.4111713495112166,0.09182331264019013
fan,id_00,00000085.wav,abnormal,-0.7928875111189129,0.37401834466193246,0.08011472076177598
fan,id_00,00000086.wav,abnormal,-0.26084686822310843,0.39706030608310583,0.11598114967346192
fan,id_00,00000087.wav,abnormal,-0.44989511118651393,0.3778182295449533,0.07059644311666488
fan,id_00,00000088.wav,abnormal,0.09592846988675241,0.54680044737978,0.2874357163906097
fan,id_00,00000089.wav,abnormal,-0.275780137477172,0.40071471126399133,0.09991030246019364
fan,id_00,00000090.wav,abnormal,-0.3478768146412001,0.3941643619207506,0.08677140101790429
fan,id_00,00000091.wav,abnormal,-0.3838643121609291,0.3697190425762597,0.08696614801883698
fan,id_00,00000092.wav,abnormal,-0.95999039646067,0.439683904127261,0.17394993007183074
fan,id_00,00000093.wav,abnormal,-0.5072732647965932,0.4889491965071784,0.19175344705581665
fan,id_00,00000094.wav,abnormal,-0.7328963418371561,0.36700506555534446,0.08617283999919892
fan,id_00,00000095.wav,abnormal,-0.6403462621670784,0.358747008949545,0.078122378885746
fan,id_00,00000096.wav,abnormal,-1.0408091924098724,0.3897692706561405,0.11601358652114868
fan,id_00,00000097.wav,abnormal,-0.5710100869789354,0.37829081110753343,0.07518319934606552
fan,id_00,00000098.wav,abnormal,-0.7011523146326635,0.36581054137945046,0.08533182740211487
fan,id_00,00000099.wav,abnormal,-0.24718190525938333,0.41583032877046794,0.11035616397857666
fan,id_00,00000100.wav,abnormal,-0.17158479629591028,0.4280729481089016,0.12810803949832916
fan,id_00,00000101.wav,abnormal,0.36805376251076893,0.5420413274678023,0.18368297517299653
fan,id_00,00000102.wav,abnormal,-0.8935158996441643,0.3933834600839222,0.11974248588085175
fan,id_00,00000103.wav,abnormal,-0.08777508532907596,0.4471368509355517,0.12619924247264863
fan,id_00,00000104.wav,abnormal,0.801923578444546,0.5405839771966414,0.24307431578636168
fan,id_00,00000105.wav,abnormal,-0.2533168243182402,0.3981810138532247,0.09234318733215333
fan,id_00,00000106.wav,abnormal,-0.5145409550748798,0.37355592496126805,0.06514257490634918
fan,id_00,00000107.wav,abnormal,-0.3806620067619644,0.4073779902646327,0.10985225886106491
fan,id_00,00000108.wav,abnormal,-0.23984663407752294,0.46408654293375023,0.1549137607216835
fan,id_00,00000109.wav,abnormal,0.7358238957050176,0.5648408446860914,0.2551861196756363
fan,id_00,00000110.wav,abnormal,-0.3838112688589188,0.4599161976034583,0.14470832347869872
fan,id_00,00000111.wav,abnormal,-0.5963101550613317,0.36291113823200466,0.05781908705830574
fan,id_00,00000112.wav,abnormal,-0.494960940169463,0.37543836642818107,0.06331786662340164
fan,id_00,00000113.wav,abnormal,0.451775334660411,0.5825568367285342,0.299115389585495
fan,id_00,00000114.wav,abnormal,0.10381915689158028,0.47865079253776394,0.14763177335262298
fan,id_00,00000115.wav,abnormal,0.9843259239239242,0.5865002342436914,0.2979148983955383
fan,id_00,00000116.wav,abnormal,-0.28176173349822875,0.42131977171131413,0.12359958291053771
fan,id_00,00000117.wav,abnormal,-0.5639315435884811,0.47722316934473624,0.20645986795425414
fan,id_00,00000118.wav,abnormal,-1.2062846043808015,0.3826549054958162,0.08836842030286789
fan,id_00,00000119.wav,abnormal,-0.4641303875935989,0.46004855321765953,0.1369359999895096
fan,id_00,00000120.wav,abnormal,-0.586818834927664,0.38073901974425856,0.06949306428432464
fan,id_00,00000121.wav,abnormal,-0.4150127802267054,0.4327505563556819,0.13460226356983185
fan,id_00,00000122.wav,abnormal,-0.917495621038162,0.3862864935277194,0.11250490993261338
fan,id_00,00000123.wav,abnormal,-0.6995658132724785,0.3810311249974143,0.08258612304925919
fan,id_00,00000124.wav,abnormal,-0.3719271208534014,0.4924218903229653,0.17980899065732955
fan,id_00,00000125.wav,abnormal,-0.3384341746181594,0.5191852614925052,0.22899530529975892
fan,id_00,00000126.wav,abnormal,-0.37239884140911883,0.3823577819825011,0.08673492819070816
fan,id_00,00000127.wav,abnormal,-0.6352700247805902,0.3581535389008115,0.04971234649419785
fan,id_00,00000128.wav,abnormal,-0.6955631921534167,0.3641426042935141,0.08067888021469116
fan,id_00,00000129.wav,abnormal,0.6470175101388129,0.5266422222762599,0.2580159425735474
fan,id_00,00000130.wav,abnormal,-0.029588763523243244,0.4422051684438137,0.13136204332113266
fan,id_00,00000131.wav,abnormal,-0.02730659142400249,0.42641035178525705,0.1315750539302826
fan,id_00,00000132.wav,abnormal,0.03319489326401914,0.505290152755656,0.20869114696979524
fan,id_00,00000133.wav,abnormal,-0.42365556771781776,0.39849178199059415,0.08116081655025482
fan,id_00,00000134.wav,abnormal,-0.31110574382713985,0.3827528758828033,0.10733329802751541
fan,id_00,00000135.wav,abnormal,-1.029960042254002,0.4006301220289082,0.1369573876261711
fan,id_00,00000136.wav,abnormal,0.9855567286332292,0.5819202097621615,0.28431618511676787
fan,id_00,00000137.wav,abnormal,-0.31943474493145985,0.42131839239465985,0.11363406628370284
fan,id_00,00000138.wav,abnormal,-0.8331595223656745,0.37439141107039636,0.09125357866287231
fan,id_00,00000139.wav,abnormal,-0.2939832604536008,0.43602818151745315,0.12586980313062668
fan,id_00,00000140.wav,abnormal,0.10943042086959842,0.5023317465667302,0.2132495492696762
fan,id_00,00000141.wav,abnormal,-0.5242373646845699,0.41774245778909985,0.11041393429040909
fan,id_00,00000142.wav,abnormal,-0.9244408043372552,0.4353000493501278,0.16375397145748138
fan,id_00,00000143.wav,abnormal,-0.3231260249391994,0.427798661693371,0.12293123602867126
fan,id_00,00000144.wav,abnormal,-0.3410768778341886,0.4341885226451257,0.11322800368070603
fan,id_00,00000145.wav,abnormal,-0.674508059689586,0.3582131459283911,0.06830911487340927
fan,id_00,00000146.wav,abnormal,-0.17764421917945938,0.41624362573681,0.10533725470304489
fan,id_00,00000147.wav,abnormal,0.23828828061501817,0.5372432070275012,0.22726639211177826
fan,id_00,00000148.wav,abnormal,-0.41288086887188413,0.455160703360264,0.17050666511058807
fan,id_00,00000149.wav,abnormal,-0.41432083293835653,0.3736058757836129,0.08033192604780197
fan,id_00,00000150.wav,abnormal,-0.12288768206462741,0.423258043694972,0.11474368125200271
fan,id_00,00000151.wav,abnormal,0.4691741314342366,0.548243450531505,0.2640249729156494
fan,id_00,00000152.wav,abnormal,-0.054861005448680444,0.43492193854546524,0.0965193271636963
fan,id_00,00000153.wav,abnormal,-0.6526831914596425,0.3870040332466517,0.1056750625371933
fan,id_00,00000154.wav,abnormal,1.4770955434135935,0.6702591701259139,0.3874672889709473
fan,id_00,00000155.wav,abnormal,-0.10033443687967214,0.503696145657848,0.24392065703868865
fan,id_00,00000156.wav,abnormal,-0.6107724515690673,0.37654216470484053,0.07994646057486535
fan,id_00,00000157.wav,abnormal,-0.8101208186857072,0.35296451274406365,0.06750992462038993
fan,id_00,00000158.wav,abnormal,-0.7126472575763252,0.40853520761499085,0.09767847359180451
fan,id_00,00000159.wav,abnormal,1.6234757735146133,0.6681669135579938,0.39507911205291746
fan,id_00,00000160.wav,abnormal,-1.0708660012553697,0.38110714087823294,0.10874111354351043
fan,id_00,00000161.wav,abnormal,-0.8969896261012327,0.35952039228047517,0.08847222179174423
fan,id_00,00000162.wav,abnormal,-0.960963338585481,0.38616629050630036,0.08821061849594117
fan,id_00,00000163.wav,abnormal,-0.8033825557588319,0.43988119756099797,0.13877799808979036
fan,id_00,00000164.wav,abnormal,-0.3454380126874632,0.5088611766535125,0.2272706836462021
fan,id_00,00000165.wav,abnormal,-0.42204538554836013,0.4687817500606476,0.18306380808353423
fan,id_00,00000166.wav,abnormal,0.9490020738761036,0.5894285813580594,0.37175371646881106
fan,id_00,00000167.wav,abnormal,-0.3039755986384538,0.413182029999372,0.0931775838136673
fan,id_00,00000168.wav,abnormal,-0.7216080066917367,0.45614016295598064,0.13121284693479537
fan,id_00,00000169.wav,abnormal,-0.4059085721414206,0.4372087112433795,0.08395169973373413
fan,id_00,00000170.wav,abnormal,-0.45756935502152807,0.3886004862364612,0.08102366924285889
fan,id_00,00000171.wav,abnormal,-0.7879209846117838,0.4374181529930084,0.16131791919469834
fan,id_00,00000172.wav,abnormal,0.4589271005807358,0.49515490759312436,0.17388033270835876
fan,id_00,00000173.wav,abnormal,-0.3419301978674323,0.5149412203617783,0.21624343991279601
fan,id_00,00000174.wav,abnormal,-0.8917342023144368,0.37171129211563764,0.0975364699959755
fan,id_00,00000175.wav,abnormal,-0.5603914934730483,0.4133863436455851,0.117966690659523
fan,id_00,00000176.wav,abnormal,0.6486571588792245,0.5391671778269904,0.19817375838756562
fan,id_00,00000177.wav,abnormal,-0.03815609549733878,0.47695302030445325,0.18947503864765167
fan,id_00,00000178.wav,abnormal,-0.8420409124807602,0.48353097447412313,0.21732667088508606
fan,id_00,00000179.wav,abnormal,-0.4323312840734328,0.3681966995016527,0.07652385830879212
fan,id_00,00000180.wav,abnormal,-0.6948696756470554,0.405689503878635,0.10237574130296707
fan,id_00,00000181.wav,abnormal,-0.27207241776067015,0.5528566300863823,0.2546546429395676
fan,id_00,00000182.wav,abnormal,0.19234677596823246,0.5619553275915523,0.23145155161619185
fan,id_00,00000183.wav,abnormal,0.0630476312712851,0.5365974002375214,0.26020177006721495
fan,id_00,00000184.wav,abnormal,-0.7664193074632948,0.43717810429999826,0.11427919566631317
fan,id_00,00000185.wav,abnormal,-1.2602773549467141,0.38171466815473964,0.1272239550948143
fan,id_00,00000186.wav,abnormal,-1.0117565837409774,0.4103130594605139,0.1261957734823227
fan,id_00,00000187.wav,abnormal,-0.6274759792798559,0.37953965057503586,0.1110312968492508
fan,id_00,00000188.wav,abnormal,-0.7939741442391846,0.3977598702660566,0.1246461108326912
fan,id_00,00000189.wav,abnormal,-1.0337814134213748,0.35694013436048694,0.09591786712408065
fan,id_00,00000190.wav,abnormal,0.3482904002922904,0.5368846526547654,0.2702279329299927
fan,id_00,00000191.wav,abnormal,-0.6860328721309372,0.3840539759476443,0.0759748138487339
fan,id_00,00000192.wav,abnormal,-0.9893753661793259,0.39555233403669043,0.1351918861269951
fan,id_00,00000193.wav,abnormal,-0.6635899552642979,0.46809286976075704,0.16564447581768035
fan,id_00,00000194.wav,abnormal,-0.3886040746503667,0.4016722682196395,0.09849187731742859
fan,id_00,00000195.wav,abnormal,1.20151376005402,0.5719066762092989,0.346328341960907
fan,id_00,00000196.wav,abnormal,-0.10876847004686496,0.5059505817639536,0.24463030695915222
fan,id_00,00000197.wav,abnormal,-0.911104196852552,0.35975596931875703,0.06586554199457169
fan,id_00,00000198.wav,abnormal,-0.0010440521100605338,0.5174023695724141,0.2341792404651642
fan,id_00,00000199.wav,abnormal,-0.6480114198954787,0.3624654284044306,0.056550943106412885
fan,id_00,00000200.wav,abnormal,-0.6700330492668201,0.3769883553307529,0.07853755652904511
fan,id_00,00000201.wav,abnormal,0.6279602479639532,0.5287023445531592,0.2152128130197525
fan,id_00,00000202.wav,abnormal,-0.8951866077368784,0.35760116281033905,0.07352852672338486
fan,id_00,00000203.wav,abnormal,-0.5349140151560441,0.4186101202476772,0.11846542209386826
fan,id_00,00000204.wav,abnormal,-0.76565855352111,0.37642581345049275,0.07954923659563065
fan,id_00,00000205.wav,abnormal,-0.7969086506575564,0.3619436597510295,0.07355460450053215
fan,id_00,00000206.wav,abnormal,-0.818171573680635,0.3532969388566726,0.0659518301486969
fan,id_00,00000207.wav,abnormal,-0.9362412675526315,0.37329014117600884,0.09693321138620377
fan,id_00,00000208.wav,abnormal,-0.7167545043906731,0.41217623250062774,0.11503954976797104
fan,id_00,00000209.wav,abnormal,-0.5600625202462108,0.44642640903065406,0.12490476369857788
fan,id_00,00000210.wav,abnormal,0.026918930102787897,0.482918094911335,0.13717650324106218
fan,id_00,00000211.wav,abnormal,-0.15306452350531252,0.5162312482772842,0.2205507278442383
fan,id_00,00000212.wav,abnormal,0.4434447444691223,0.5106249203297077,0.1816999703645706
fan,id_00,00000213.wav,abnormal,0.16218136274542339,0.5591981689517722,0.2382921278476715
fan,id_00,00000214.wav,abnormal,0.6049100842705073,0.5558124778947061,0.23982592523097992
fan,id_00,00000215.wav,abnormal,-0.6839023540662428,0.5113159697212826,0.21622896790504456
fan,id_00,00000216.wav,abnormal,-0.7535340632346461,0.3572349882177474,0.08509411215782166
fan,id_00,00000217.wav,abnormal,-0.710533406541126,0.3756360883424386,0.08667028844356536
fan,id_00,00000218.wav,abnormal,-0.9349242275782768,0.35104891671273464,0.06804430782794953
fan,id_00,00000219.wav,abnormal,-0.5644300491901753,0.43043566545372214,0.13550564795732498
fan,id_00,00000220.wav,abnormal,0.27380626921243767,0.5998567214510234,0.25158658921718596
fan,id_00,00000221.wav,abnormal,-0.7253695000125973,0.3622896401449384,0.089809450507164
fan,id_00,00000222.wav,abnormal,-1.0095909349035175,0.36702963311071113,0.08248268067836761
fan,id_00,00000223.wav,abnormal,-0.5477521292920571,0.365792048592906,0.06700360625982285
fan,id_00,00000224.wav,abnormal,-0.8601822514519526,0.47693246553317625,0.1931447431445122
fan,id_00,00000225.wav,abnormal,0.3991339312410265,0.5068231687364693,0.18219720721244811
fan,id_00,00000226.wav,abnormal,-0.8332395896549709,0.3858170127063465,0.09434428215026855
fan,id_00,00000227.wav,abnormal,-0.5531695943002735,0.39671609520277423,0.09082086086273193
fan,id_00,00000228.wav,abnormal,-0.2603329986766312,0.4589830075397893,0.16901342272758485
fan,id_00,00000229.wav,abnormal,-0.8639088444077725,0.35140478119285573,0.07148676663637162
fan,id_00,00000230.wav,abnormal,-0.6813201935255275,0.3564628694825355,0.07314144223928451
fan,id_00,00000231.wav,abnormal,-0.9358314312243685,0.3976746099416773,0.1177798867225647
fan,id_00,00000232.wav,abnormal,0.13531185966911963,0.5804914971492058,0.285710534453392
fan,id_00,00000233.wav,abnormal,-0.6611951699813758,0.3870196502816112,0.11552317887544632
fan,id_00,00000234.wav,abnormal,0.3538141061105069,0.5193002915819384,0.2123420864343643
fan,id_00,00000235.wav,abnormal,-0.9842107473200805,0.37347653965132627,0.0990174025297165
fan,id_00,00000236.wav,abnormal,-0.5613994050352495,0.43575954282616675,0.1332514375448227
fan,id_00,00000237.wav,abnormal,-0.7395380550638233,0.3612902988027955,0.05857554748654366
fan,id_00,00000238.wav,abnormal,-0.4814470646203102,0.38416139113054887,0.09505532532930375
fan,id_00,00000239.wav,abnormal,0.26038238656692414,0.536084249856333,0.2668715238571167
fan,id_00,00000240.wav,abnormal,-0.35845412940462573,0.46229358031986345,0.16375893950462342
fan,id_00,00000241.wav,abnormal,-0.5557377919507864,0.4620396574705213,0.1904156446456909
fan,id_00,00000242.wav,abnormal,-0.57538999993365,0.3827781253682595,0.08824997395277023
fan,id_00,00000243.wav,abnormal,-0.7068644958096968,0.405703782544643,0.09065725207328797
fan,id_00,00000244.wav,abnormal,-0.7678637160925419,0.34793097699837916,0.06237856969237328
fan,id_00,00000245.wav,abnormal,-0.07244328298973102,0.5248046801287299,0.23526151180267335
fan,id_00,00000246.wav,abnormal,0.2079445251877523,0.5112475090037794,0.1791515439748764
fan,id_00,00000247.wav,abnormal,-0.8041317791937601,0.4488107301162482,0.1852330058813095
fan,id_00,00000248.wav,abnormal,-0.17635975392791003,0.4944636608954069,0.20659834742546082
fan,id_00,00000249.wav,abnormal,-0.7113338308061561,0.3622505238566268,0.058106467872858045
fan,id_00,00000250.wav,abnormal,-0.6591033313617363,0.36092002467328377,0.06742374300956726
fan,id_00,00000251.wav,abnormal,0.27038874534461144,0.584305137541691,0.2956104874610901
fan,id_00,00000252.wav,abnormal,-0.8193145718753172,0.40343132856031233,0.11486882865428924
fan,id_00,00000253.wav,abnormal,-0.3556634476032112,0.4559183580929407,0.14081886708736419
fan,id_00,00000254.wav,abnormal,-0.8271829645857789,0.46855942464879974,0.1955959677696228
fan,id_00,00000255.wav,abnormal,-0.7434869648928188,0.3834076420936521,0.08664789348840714
fan,id_00,00000256.wav,abnormal,0.47901830647110444,0.500252312025507,0.18701916337013244
fan,id_00,00000257.wav,abnormal,-0.6908550960698019,0.37557417792938586,0.09344377219676972
fan,id_00,00000258.wav,abnormal,-0.5904797071187069,0.4877880394233695,0.21058518588542938
fan,id_00,00000259.wav,abnormal,-0.7469658732249922,0.39652294197535976,0.08000764846801758
fan,id_00,00000260.wav,abnormal,0.14572178381889067,0.5236033939335918,0.278264531493187
fan,id_00,00000261.wav,abnormal,-0.2704959292932738,0.4213800246568704,0.0972425878047943
fan,id_00,00000262.wav,abnormal,0.8043862631740648,0.5613657923306025,0.26595131754875184
fan,id_00,00000263.wav,abnormal,-0.5797521642223096,0.45960598285026116,0.12819524854421616
fan,id_00,00000264.wav,abnormal,-0.7932540286060377,0.35967058574491495,0.06229502335190773
fan,id_00,00000265.wav,abnormal,-0.6708670579554727,0.5022585765271936,0.1808231443166733
fan,id_00,00000266.wav,abnormal,-0.6904978910203337,0.39780538024203865,0.10276359021663665
fan,id_00,00000267.wav,abnormal,-0.5622104904961507,0.46590688245014505,0.17804668247699737
fan,id_00,00000268.wav,abnormal,-0.21615055938663907,0.3996248248741375,0.0909255474805832
fan,id_00,00000269.wav,abnormal,-0.6829086919593319,0.3869145082731127,0.0887064017355442
fan,id_00,00000270.wav,abnormal,-0.9250585343771487,0.41079840002734863,0.137301105260849
fan,id_00,00000271.wav,abnormal,-0.311577379676633,0.4377040715321389,0.14331913590431214
fan,id_00,00000272.wav,abnormal,-0.5859291355467011,0.45895518707844285,0.16165442317724227
fan,id_00,00000273.wav,abnormal,-0.8508066444052691,0.38755907281032587,0.09105389341711997
fan,id_00,00000274.wav,abnormal,-0.7080891635818087,0.3524633859457511,0.0654417671263218
fan,id_00,00000275.wav,abnormal,-0.6915523513323407,0.39437509636726287,0.1030475988984108
fan,id_00,00000276.wav,abnormal,0.08681790287665159,0.5012205202447314,0.1994491770863533
fan,id_00,00000277.wav,abnormal,-0.9382748802726724,0.4180656863064644,0.14863467514514922
fan,id_00,00000278.wav,abnormal,-0.595142668346611,0.5153846016043455,0.17558287978172302
fan,id_00,00000279.wav,abnormal,-0.9830301339796073,0.406362500963098,0.11393382549285888
fan,id_00,00000280.wav,abnormal,-0.6416195961793001,0.4482888730441683,0.1422924131155014
fan,id_00,00000281.wav,abnormal,-0.7607622697173593,0.4564927567863697,0.13740634322166442
fan,id_00,00000282.wav,abnormal,-0.7046921920536882,0.36788590668453713,0.09014767110347748
fan,id_00,00000283.wav,abnormal,-0.7618067474484871,0.3785341772028818,0.08524588495492935
fan,id_00,00000284.wav,abnormal,-0.6400032610019668,0.48999180192924824,0.2136518254876137
fan,id_00,00000285.wav,abnormal,-0.7352649050774236,0.38736201782639257,0.10020620450377464
fan,id_00,00000286.wav,abnormal,-0.026938848468494925,0.45251119429634495,0.12316853404045106
fan,id_00,00000287.wav,abnormal,-0.5966161035714652,0.4236733745131041,0.11442532688379288
fan,id_00,00000288.wav,abnormal,0.25660023113058195,0.5343827916629409,0.2775194883346558
fan,id_00,00000289.wav,abnormal,-0.8746005457672776,0.42297745957752814,0.12583230882883073
fan,id_00,00000290.wav,abnormal,-0.6166089465061901,0.4127333214926128,0.13825653195381166
fan,id_00,00000291.wav,abnormal,-1.1310386074809617,0.3677617420742876,0.09602228850126267
fan,id_00,00000292.wav,abnormal,-0.64413061686985,0.4541232794039782,0.19115042239427565
fan,id_00,00000293.wav,abnormal,-0.8817547074662961,0.40960919650108774,0.13387115746736528
fan,id_00,00000294.wav,abnormal,-1.02229694219535,0.36170857268988804,0.10329241752624511
fan,id_00,00000295.wav,abnormal,-0.5257804820668319,0.3745356349053561,0.06978414058685303
fan,id_00,00000296.wav,abnormal,-0.5759575171373363,0.40104345769665084,0.0962582677602768
fan,id_00,00000297.wav,abnormal,-0.7988249318180447,0.42054641608896404,0.11669818609952927
fan,id_00,00000298.wav,abnormal,-0.6256445585858241,0.4709498246908108,0.1709109991788864
fan,id_00,00000299.wav,abnormal,0.057292249215665336,0.4593346878969796,0.1290416419506073
fan,id_00,00000300.wav,abnormal,-1.1174224502620227,0.3606658205656199,0.09212826341390609
fan,id_00,00000301.wav,abnormal,-0.5319937721084393,0.40384162177717153,0.09724308252334594
fan,id_00,00000302.wav,abnormal,-0.8752278947582095,0.39933779504927697,0.10071753412485122
fan,id_00,00000303.wav,abnormal,-0.9326881676973553,0.37040714502079475,0.09510463625192642
fan,id_00,00000304.wav,abnormal,-0.8575416737597532,0.41873233347176003,0.11731095314025879
fan,id_00,00000305.wav,abnormal,-0.6695210142205017,0.3807260520659691,0.10434128195047379
fan,id_00,00000306.wav,abnormal,-0.5529599889600227,0.4026509242090349,0.11174778044223785
fan,id_00,00000307.wav,abnormal,-0.7948154294791578,0.3764137192131243,0.07676957845687866
fan,id_00,00000308.wav,abnormal,0.8587580376465578,0.5632695517145462,0.2960857093334198
fan,id_00,00000309.wav,abnormal,1.3913784621991052,0.6176116315979825,0.409993577003479
fan,id_00,00000310.wav,abnormal,-1.124713545629838,0.37210280939729606,0.08688828647136689
fan,id_00,00000311.wav,abnormal,-0.45411185847652824,0.43416367085566593,0.11623263508081436
fan,id_00,00000312.wav,abnormal,0.736015112728067,0.6139068833063037,0.3121399223804474
fan,id_00,00000313.wav,abnormal,-0.3837377972139997,0.4186069363931665,0.10488450676202773
fan,id_00,00000314.wav,abnormal,-0.9391312784911072,0.40966714756979156,0.16311233639717101
fan,id_00,00000315.wav,abnormal,-0.7684765071372137,0.3487752659556846,0.056899508088827135
fan,id_00,00000316.wav,abnormal,-0.9459395834553064,0.4030389172116069,0.125258007645607
fan,id_00,00000317.wav,abnormal,-0.1732060053179616,0.49700954139661796,0.2356014996767044
fan,id_00,00000318.wav,abnormal,-0.04252947514341443,0.4390316785335554,0.1374692440032959
fan,id_00,00000319.wav,abnormal,-0.7895573158568272,0.3528635665152866,0.06270859986543656
fan,id_00,00000320.wav,abnormal,-0.7074768994577809,0.38704689957373206,0.11280473470687866
fan,id_00,00000321.wav,abnormal,0.09773270282964397,0.4875975013706433,0.17054837942123413
fan,id_00,00000322.wav,abnormal,-0.5804754077458334,0.41440613050910236,0.10640946328639984
fan,id_00,00000323.wav,abnormal,0.17334430099034037,0.4973757618821069,0.16224159598350524
fan,id_00,00000324.wav,abnormal,-0.7005845670980921,0.41601737201937905,0.1069983497262001
fan,id_00,00000325.wav,abnormal,-0.9182283121891164,0.3808341315972835,0.1063488781452179
fan,id_00,00000326.wav,abnormal,-0.7182654653664731,0.37926307235464485,0.09424781948328018
fan,id_00,00000327.wav,abnormal,-0.7334362832317645,0.3831071710748688,0.08168888688087464
fan,id_00,00000328.wav,abnormal,-1.04984417065279,0.46262117191953606,0.18537863194942475
fan,id_00,00000329.wav,abnormal,-0.41861546947539274,0.44521072789014066,0.13493188470602036
fan,id_00,00000330.wav,abnormal,-0.873342172255354,0.37875264039367607,0.09965881705284119
fan,id_00,00000331.wav,abnormal,-0.8265138683383668,0.47246983194206704,0.1952340930700302
fan,id_00,00000332.wav,abnormal,-0.6397857770035191,0.3792500009887598,0.09601575136184692
fan,id_00,00000333.wav,abnormal,-0.6928185330550711,0.35860194194385386,0.07850970029830932
fan,id_00,00000334.wav,abnormal,1.9586837389786087,0.6329318428821143,0.38664335012435913
fan,id_00,00000335.wav,abnormal,-0.5823714586750199,0.4167122044565621,0.10377587229013444
fan,id_00,00000336.wav,abnormal,-0.44814506423784195,0.4581892890479714,0.12032054513692855
fan,id_00,00000337.wav,abnormal,-0.5042907691243226,0.4222017795427133,0.13979204446077348
fan,id_00,00000338.wav,abnormal,0.0836184789708927,0.5192716143970132,0.24088692367076875
fan,id_00,00000339.wav,abnormal,-0.3486567509609131,0.4368385325370442,0.11868506371974945
fan,id_00,00000340.wav,abnormal,-0.9184547576099416,0.4752750367519463,0.19506391882896423
fan,id_00,00000341.wav,abnormal,-1.1518819081768275,0.375621831057554,0.09990147650241851
fan,id_00,00000342.wav,abnormal,-0.6617751800819782,0.356254327393598,0.06772808209061623
fan,id_00,00000343.wav,abnormal,-0.7829731350250171,0.36995876162692165,0.09768738746643066
fan,id_00,00000344.wav,abnormal,-1.1715172723720357,0.36576454760361615,0.09871476888656616
fan,id_00,00000345.wav,abnormal,-0.9154609014334927,0.3880456406752441,0.10336722284555436
fan,id_00,00000346.wav,abnormal,-1.005138515296224,0.36910821839082986,0.08433287888765335
fan,id_00,00000347.wav,abnormal,-0.8326048574345535,0.37246161955205986,0.09125441163778306
fan,id_00,00000348.wav,abnormal,-0.3570246504959762,0.3850232147183253,0.1028772160410881
fan,id_00,00000349.wav,abnormal,-0.3165402411868836,0.49564166900231205,0.24281650483608247
fan,id_00,00000350.wav,abnormal,-0.7934562024752765,0.35397786152681027,0.06464335545897484
fan,id_00,00000351.wav,abnormal,-0.7533182915185055,0.4503592609536898,0.13921698182821274
fan,id_00,00000352.wav,abnormal,-0.6028496094399713,0.4522580987994556,0.13052603602409363
fan,id_00,00000353.wav,abnormal,0.5748401325918113,0.5435241770636512,0.3014036685228348
fan,id_00,00000354.wav,abnormal,-0.9017636851206845,0.36144325355212464,0.07883272767066955
fan,id_00,00000355.wav,abnormal,-0.34514398612803454,0.4885707032328133,0.1639241933822632
fan,id_00,00000356.wav,abnormal,-0.34765587650147367,0.4040233297526458,0.09591289907693863
fan,id_00,00000357.wav,abnormal,0.5066265241686452,0.5694627819399,0.31594101786613465
fan,id_00,00000358.wav,abnormal,-0.7736370443921263,0.37220780805850573,0.09299223124980927
fan,id_00,00000359.wav,abnormal,-1.02254389866399,0.36654491540335854,0.07891601920127869
fan,id_00,00000360.wav,abnormal,-1.0348017250985588,0.3589000077989074,0.09370161741971969
fan,id_00,00000361.wav,abnormal,-0.20093879999732778,0.5698013011281283,0.2389841139316559
fan,id_00,00000362.wav,abnormal,-0.9002676939165966,0.36257672196977264,0.06989539191126823
fan,id_00,00000363.wav,abnormal,-0.5661558117898728,0.37791841641769774,0.07832338213920594
fan,id_00,00000364.wav,abnormal,-0.4886503021212274,0.48324573311079594,0.19782454073429107
fan,id_00,00000365.wav,abnormal,-0.5721442079534427,0.43888258990562784,0.11939549297094346
fan,id_00,00000366.wav,abnormal,-0.8929428107659394,0.4306498632413777,0.1533620461821556
fan,id_00,00000367.wav,abnormal,-1.007707187796072,0.35655769434009155,0.07999714091420174
fan,id_00,00000368.wav,abnormal,-0.6407811999888828,0.4013726528016157,0.10412158966064453
fan,id_00,00000369.wav,abnormal,-1.0044854605724982,0.4047948291502801,0.14541245400905609
fan,id_00,00000370.wav,abnormal,-0.8081903629552798,0.42269358066103857,0.12961660474538803
fan,id_00,00000371.wav,abnormal,-0.8796416070934843,0.368711541370423,0.09219446182250976
fan,id_00,00000372.wav,abnormal,-0.5615421446728135,0.3886323847556267,0.08330788016319275
fan,id_00,00000373.wav,abnormal,-0.4621860112692655,0.4992845672531473,0.2259799748659134
fan,id_00,00000374.wav,abnormal,-0.7488018309888211,0.3548941419286041,0.07825109213590623
fan,id_00,00000375.wav,abnormal,-0.8150085103851978,0.37272713471957736,0.07779316753149032
fan,id_00,00000376.wav,abnormal,-0.582656403753365,0.46004414837666346,0.18130166083574295
fan,id_00,00000377.wav,abnormal,-0.22804695569088373,0.4416507515486665,0.08346352875232696
fan,id_00,00000378.wav,abnormal,-0.5387003959212162,0.39499140976895625,0.09413551539182663
fan,id_00,00000379.wav,abnormal,-0.9868295378804,0.4615543434910382,0.17359268367290498
fan,id_00,00000380.wav,abnormal,-0.08749440324872104,0.48122739996961184,0.202019202709198
fan,id_00,00000381.wav,abnormal,-0.9558261733273046,0.385346921660703,0.09792114272713662
fan,id_00,00000382.wav,abnormal,0.8652105560974039,0.596279293777129,0.3694202184677124
fan,id_00,00000383.wav,abnormal,-0.9800437626737324,0.3523446752171511,0.08925903737545013
fan,id_00,00000384.wav,abnormal,-0.7027975129458586,0.40651217430417375,0.11176436841487884
fan,id_00,00000385.wav,abnormal,0.799586466959445,0.5937056551845405,0.29484774470329284
fan,id_00,00000386.wav,abnormal,0.41334841337726225,0.592715956847158,0.25296865999698637
fan,id_00,00000387.wav,abnormal,0.16323962921227952,0.5588125959272414,0.23264032304286958
fan,id_00,00000388.wav,abnormal,0.3849785552015277,0.5948468923018861,0.20082350373268126
fan,id_00,00000389.wav,abnormal,-1.1611024558221121,0.3880319102029476,0.12345177531242371
fan,id_00,00000390.wav,abnormal,-0.5689442251119008,0.3998013426975474,0.11073276400566101
fan,id_00,00000391.wav,abnormal,-0.981486974026275,0.3836079114519884,0.08889922797679901
fan,id_00,00000392.wav,abnormal,-0.9203156075165175,0.35934285334041566,0.07575293406844139
fan,id_00,00000393.wav,abnormal,-0.7841633226756137,0.4345213810695846,0.15344263911247252
fan,id_00,00000394.wav,abnormal,-0.6067293318817271,0.39343916090203485,0.09852484315633774
fan,id_00,00000395.wav,abnormal,-0.5758180535298401,0.367270454677504,0.07959842830896377
fan,id_00,00000396.wav,abnormal,0.2443207540636383,0.5168760774456603,0.27750433385372164
fan,id_00,00000397.wav,abnormal,0.001545300341678768,0.45571468012339456,0.10676509588956833
fan,id_00,00000398.wav,abnormal,-0.397070326335319,0.4041550024055936,0.10719438493251801
fan,id_00,00000399.wav,abnormal,0.31223211949985696,0.4836655227698193,0.18400689363479614
fan,id_00,00000400.wav,abnormal,-0.7488930112509191,0.3755184133758621,0.0929384782910347
fan,id_00,00000401.wav,abnormal,-0.8997465228383366,0.4415815010368108,0.17989410161972047
fan,id_00,00000402.wav,abnormal,-1.1729789015178138,0.4248613568407185,0.16088495552539825
fan,id_00,00000403.wav,abnormal,-1.0182515289500014,0.472307725320832,0.16971156597137452
fan,id_00,00000404.wav,abnormal,-0.9981594895511403,0.36578695589219434,0.09889111816883087
fan,id_00,00000405.wav,abnormal,-0.9341642764699163,0.4250446243136492,0.14135209023952483
fan,id_00,00000406.wav,abnormal,-0.6767550473117545,0.3467543690831396,0.06402365043759346
fan,id_02,00000417.wav,normal,-0.498742722372139,0.36943552766298376,0.05407820343971252
fan,id_02,00000565.wav,normal,-0.8088648384768398,0.3473087079612904,0.06319557651877403
fan,id_02,00000014.wav,normal,0.853181412558321,0.6097388065084631,0.23562056720256805
fan,id_02,00000564.wav,normal,0.11522880943216052,0.53848240826413,0.22579194605350494
fan,id_02,00000318.wav,normal,-0.9895035543190325,0.37223622768283854,0.07703753262758255
fan,id_02,00000162.wav,normal,-0.481858977001,0.4292405805798011,0.10295271798968315
fan,id_02,00000726.wav,normal,-0.7350577532900111,0.3466307490487027,0.056764233857393265
fan,id_02,00000245.wav,normal,0.06118281282454596,0.575974608114038,0.31926657557487487
fan,id_02,00000818.wav,normal,-0.36449168561320633,0.38508674529264025,0.07430134564638138
fan,id_02,00000623.wav,normal,-0.7033261163296931,0.3440312621859917,0.0506820797920227
fan,id_02,00000645.wav,normal,-0.812291269346888,0.3659681902094402,0.08414530009031296
fan,id_02,00000029.wav,normal,-0.7681352419831633,0.34797331204714516,0.034770023077726364
fan,id_02,00000124.wav,normal,-0.664444956711451,0.37918198126262004,0.06329273134469986
fan,id_02,00000496.wav,normal,-0.6789538374800603,0.3612946162178907,0.06656680181622505
fan,id_02,00000715.wav,normal,-0.09627279358251606,0.4154563830595983,0.06348165646195411
fan,id_02,00000972.wav,normal,-0.6173384613863284,0.3655982895974992,0.0710248440504074
fan,id_02,00000294.wav,normal,-0.7560196270286141,0.3535838353572116,0.06645304635167122
fan,id_02,00000134.wav,normal,-0.8119193461079188,0.36094277928246027,0.0493383452296257
fan,id_02,00000562.wav,normal,-0.4484289598698865,0.3771711753230651,0.05398954153060913
fan,id_02,00000273.wav,normal,-0.00925481995818167,0.45259731032246353,0.07542265206575394
fan,id_02,00000208.wav,normal,-0.26932916798909723,0.40475671542550473,0.07020989805459976
fan,id_02,00000052.wav,normal,-0.6880595370432161,0.4111427366591636,0.10748750120401382
fan,id_02,00000914.wav,normal,-0.5405571162141136,0.5295270708351719,0.24841026365756988
fan,id_02,00000941.wav,normal,-0.7571382567489398,0.43201909177749,0.13694128394126892
fan,id_02,00001011.wav,normal,-0.7734749854983445,0.3601016896895218,0.06697849258780479
fan,id_02,00000510.wav,normal,-0.8912703095637013,0.3684727155435104,0.06908877566456795
fan,id_02,00001015.wav,normal,-0.7091591034398324,0.3794258697617143,0.08048006892204285
fan,id_02,00000637.wav,normal,-0.8084181704473696,0.4490879781992647,0.13671316504478453
fan,id_02,00000370.wav,normal,-0.6302294520995257,0.4488860005447052,0.13834732174873351
fan,id_02,00000530.wav,normal,-0.9012705641204661,0.38352633077777354,0.09513102918863296
fan,id_02,00000192.wav,normal,0.01111338935399786,0.4383709678433606,0.10977482497692108
fan,id_02,00000055.wav,normal,0.8212207610520892,0.6262519853546601,0.22293673753738402
fan,id_02,00000423.wav,normal,-0.3653321485629437,0.390016919990497,0.06372725740075111
fan,id_02,00000473.wav,normal,-0.29783859999185935,0.388878496896945,0.0635146051645279
fan,id_02,00000555.wav,normal,-0.1958155043596861,0.39861378350333393,0.0605738565325737
fan,id_02,00000890.wav,normal,-0.4942016066674473,0.4975765476583543,0.13779357820749283
fan,id_02,00000673.wav,normal,-0.8494651042739161,0.3543005429326116,0.04679134786128998
fan,id_02,00000001.wav,normal,-0.3168483019639119,0.5536031769138252,0.2612923443317413
fan,id_02,00000988.wav,normal,0.27946862413521245,0.5606343119971088,0.198666550219059
fan,id_02,00000526.wav,normal,-0.45006750148142416,0.40666100252566023,0.08202220499515533
fan,id_02,00000885.wav,normal,-0.5885287683653733,0.4378077356560857,0.124017733335495
fan,id_02,00000413.wav,normal,-0.37538643482248624,0.49674716731502777,0.15859289914369584
fan,id_02,00000791.wav,normal,0.21916029282578897,0.5566190393784737,0.3021242439746857
fan,id_02,00000118.wav,normal,-0.5278545247821445,0.49599748736597354,0.1324722558259964
fan,id_02,00000331.wav,normal,-0.7892617718799446,0.35930232672717355,0.0639849379658699
fan,id_02,00000258.wav,normal,-0.8113965488685704,0.3364563368440917,0.04477862007915974
fan,id_02,00000322.wav,normal,-0.5285983428880918,0.5361282872801825,0.17079830765724183
fan,id_02,00000090.wav,normal,-0.8159159228408566,0.3746873032606935,0.07650268748402596
fan,id_02,00000465.wav,normal,-0.3325484347568217,0.460070387286201,0.12079457640647888
fan,id_02,00000037.wav,normal,-0.4409377236869645,0.382353790281526,0.056495974957942965
fan,id_02,00000563.wav,normal,-0.6571337965432384,0.433450784293089,0.10954696387052536
fan,id_02,00000778.wav,normal,-0.695562411801065,0.3475200045319725,0.05169661268591881
fan,id_02,00000934.wav,normal,-0.6024270258633546,0.381021406625953,0.08618985861539841
fan,id_02,00000410.wav,normal,-0.807115697327653,0.4001811451985242,0.08389417678117753
fan,id_02,00000678.wav,normal,-0.6394683418965865,0.3739017955789854,0.07673275470733643
fan,id_02,00000985.wav,normal,-0.817664090901788,0.3587492251652013,0.07072207778692245
fan,id_02,00000507.wav,normal,-0.9141517640357062,0.42291248460968067,0.13524257391691208
fan,id_02,00000710.wav,normal,-0.5589264739273574,0.5046398170354589,0.1636601835489273
fan,id_02,00000421.wav,normal,-0.6843416630129191,0.386228668244741,0.08297019004821778
fan,id_02,00000337.wav,normal,-0.6678188960069686,0.3458897080573958,0.060191041231155394
fan,id_02,00000164.wav,normal,-0.6624047746093034,0.36390730768391655,0.07456908226013184
fan,id_02,00000878.wav,normal,-0.6567742311617817,0.3445520587015994,0.04398639686405659
fan,id_02,00000107.wav,normal,-0.8034412582996531,0.4775606835189557,0.1528278708457947
fan,id_02,00000686.wav,normal,-0.37564484540324905,0.4004716926104999,0.07898470684885979
fan,id_02,00000328.wav,normal,-0.6831025451582651,0.3758461276146516,0.06924251094460487
fan,id_02,00000341.wav,normal,-0.8613193974290745,0.38432988558894465,0.08630534559488297
fan,id_02,00000418.wav,normal,-0.516531475627259,0.3925370803213813,0.07331188321113587
fan,id_02,00000356.wav,normal,-0.6266983784907634,0.3993997290966488,0.11961629241704941
fan,id_02,00000944.wav,normal,-0.5904574396155144,0.3949595782925717,0.08616658598184586
fan,id_02,00000961.wav,normal,-0.7983555986233775,0.4008081667286799,0.11438830494880677
fan,id_02,00000503.wav,normal,-0.6401337277630681,0.38089526749408137,0.0953595757484436
fan,id_02,00000833.wav,normal,-0.05570156775669233,0.5038253755992845,0.14279860705137254
fan,id_02,00000650.wav,normal,0.5262631740621426,0.5935884511447553,0.3632806301116943
fan,id_02,00000446.wav,normal,1.0997538473449069,0.6367460926109552,0.3493808746337891
fan,id_02,00000599.wav,normal,-0.8589702577627047,0.3592954364429816,0.0628545880317688
fan,id_02,00000185.wav,normal,-0.622702739922719,0.37007310608824395,0.060228008031845096
fan,id_02,00000284.wav,normal,-0.6105485871344722,0.35665403270434304,0.056701479107141496
fan,id_02,00000938.wav,normal,-0.2919089382494562,0.45587855490605017,0.10349808782339096
fan,id_02,00000452.wav,normal,-0.22194677848569455,0.4416439232370534,0.11968576908111572
fan,id_02,00000667.wav,normal,-0.9860980187416661,0.39660491000006753,0.12640325725078583
fan,id_02,00000531.wav,normal,-0.5782510982205249,0.45223183681246937,0.11621109247207642
fan,id_02,00000481.wav,normal,-0.9811743767380197,0.40725136177860344,0.13493964970111846
fan,id_02,00000179.wav,normal,-0.63510095037649,0.3801384418202143,0.07728075981140137
fan,id_02,00000774.wav,normal,-0.7788033386657496,0.38718436517682386,0.091275754570961
fan,id_02,00000781.wav,normal,-0.8114196929923008,0.3620049819907814,0.07905007004737855
fan,id_02,00000041.wav,normal,1.2220907638431182,0.6149809862028588,0.29143163114786147
fan,id_02,00000590.wav,normal,-0.8805036457268027,0.4029676813767073,0.13144488483667374
fan,id_02,00000275.wav,normal,-0.6916322312523882,0.38200485909897725,0.07084887027740479
fan,id_02,00000841.wav,normal,-0.7635339885592085,0.3480057390839049,0.05494062229990959
fan,id_02,00000688.wav,normal,-0.8197408993630688,0.39033275153183417,0.11221628785133361
fan,id_02,00000783.wav,normal,-0.8043675461000657,0.4574717995540763,0.1241204172372818
fan,id_02,00000021.wav,normal,-0.5931077323886846,0.3738161964517084,0.08027916699647904
fan,id_02,00000601.wav,normal,-0.3179094241982874,0.4539014608782388,0.12244382947683334
fan,id_02,00000589.wav,normal,-0.6923058963619102,0.35572115075168353,0.05173617154359818
fan,id_02,00000881.wav,normal,-0.27588148471217977,0.5609441239463124,0.2810921728610992
fan,id_02,00000856.wav,normal,-0.728970906062024,0.3612657485112596,0.04950167685747146
fan,id_02,00000690.wav,normal,-0.4422033913050374,0.4032161559104886,0.09275418370962143
fan,id_02,00000234.wav,normal,-0.5934819392060948,0.5269944798563327,0.2565267294645309
fan,id_02,00000093.wav,normal,-0.7902116784955879,0.3695037421108534,0.06153845936059952
fan,id_02,00000026.wav,normal,-1.0790103741473178,0.42043855710267747,0.11108934134244919
fan,id_02,00000256.wav,normal,-0.6017282482792137,0.3578760301646615,0.053167843446135524
fan,id_02,00000618.wav,normal,-0.18242799016318756,0.49413629195722425,0.14799105376005173
fan,id_02,00000330.wav,normal,-0.7233114365546722,0.37332066452721346,0.07139934003353118
fan,id_02,00000752.wav,normal,-0.7982921296378294,0.3595521529282373,0.06956529542803765
fan,id_02,00000442.wav,normal,-0.7667661408778077,0.35583344088774277,0.04245306774973869
fan,id_02,00000910.wav,normal,-0.5968328340488238,0.3766873251745136,0.08066873997449875
fan,id_02,00000040.wav,normal,-0.5088124814433996,0.39432201899867103,0.07913963049650193
fan,id_02,00000612.wav,normal,-0.2731898419757801,0.4067651473750482,0.07568862289190292
fan,id_02,00000082.wav,normal,-0.045914357904820235,0.47316368730995784,0.09654416292905807
fan,id_02,00000448.wav,normal,-0.7920395733936214,0.38331566307530063,0.08450691401958466
fan,id_02,00000505.wav,normal,0.054284531096877586,0.4635939961219664,0.12951436936855315
fan,id_02,00000552.wav,normal,0.5869479203100685,0.5857592256700894,0.2927789092063904
fan,id_02,00000512.wav,normal,-0.962938891987287,0.3804797342418478,0.09073729962110519
fan,id_02,00000278.wav,normal,-0.22028642428957212,0.4335164068066294,0.10867320746183395
fan,id_02,00000965.wav,normal,-0.39978350399274554,0.4462010973176364,0.10752345323562622
fan,id_02,00000412.wav,normal,-0.7363798637278016,0.35579942212186294,0.05002097710967064
fan,id_02,00000716.wav,normal,-0.6172802670092565,0.4206792448519213,0.11105269640684128
fan,id_02,00000311.wav,normal,-0.8240904552493831,0.384118643458905,0.07651608735322953
fan,id_02,00000705.wav,normal,-0.8046422575787169,0.40075442090901797,0.10416018515825272
fan,id_02,00000479.wav,normal,-0.549963426786297,0.49825532705224757,0.16049200296401978
fan,id_02,00000127.wav,normal,-0.875366461551323,0.34853484173416194,0.0523231104016304
fan,id_02,00000449.wav,normal,-0.660098206134613,0.39111127412356506,0.09875624775886535
fan,id_02,00000295.wav,normal,-0.15799949390854273,0.5122749523231329,0.25698729455471037
fan,id_02,00000943.wav,normal,-0.9522314424359575,0.3649995544027421,0.06381765082478523
fan,id_02,00000582.wav,normal,-0.5923515829239818,0.4776142671743754,0.17201666235923768
fan,id_02,00000844.wav,normal,-0.802756277451234,0.5094436388836913,0.19759773313999177
fan,id_02,00000766.wav,normal,-0.6639468337082963,0.36688687907367395,0.06765837743878364
fan,id_02,00000609.wav,normal,-0.6310353450096073,0.45374525087710565,0.14128095656633377
fan,id_02,00000314.wav,normal,-0.6446548710301201,0.35438461754829476,0.052967021614313124
fan,id_02,00000811.wav,normal,-0.9955123173676395,0.39417256509371956,0.11693925559520721
fan,id_02,00000169.wav,normal,-0.5012815262899029,0.4700023547358632,0.13189950138330458
fan,id_02,00000061.wav,normal,-0.6619842070627673,0.5133686391973923,0.1821823388338089
fan,id_02,00000073.wav,normal,-0.11625539097793514,0.4504516460449019,0.11806242018938065
fan,id_02,00000145.wav,normal,-0.20662352200477052,0.43941284586215,0.09820182025432586
fan,id_02,00000846.wav,normal,-0.39972010988357987,0.4740894318306394,0.15201279520988464
fan,id_02,00000272.wav,normal,-0.6938598973358179,0.3680418126220454,0.07969739586114884
fan,id_02,00000930.wav,normal,-0.573526549570456,0.3538937751562631,0.053615326434373854
fan,id_02,00000152.wav,normal,-0.8207287467231001,0.34388146613763587,0.06058075428009033
fan,id_02,00000663.wav,normal,-0.8661132108431193,0.3329239842828764,0.04690206348896027
fan,id_02,00000230.wav,normal,-0.5473214263835438,0.3971631272644387,0.09816122204065322
fan,id_02,00000557.wav,normal,-0.6897026464886942,0.357038159434014,0.051568347960710526
fan,id_02,00000117.wav,normal,-0.6675395381907663,0.4267615512676656,0.13318105638027192
fan,id_02,00000435.wav,normal,0.10675333279382393,0.5575609889863273,0.24548276960849763
fan,id_02,00000202.wav,normal,-0.5832454044140434,0.3947045863616849,0.07141621708869934
fan,id_02,00000956.wav,normal,-0.8626327928786921,0.34192091764686383,0.03749433867633343
fan,id_02,00000823.wav,normal,-0.6727322994320115,0.3539753622228559,0.05612820312380791
fan,id_02,00000677.wav,normal,-0.6180253358821943,0.38749518072220734,0.08896022289991379
fan,id_02,00000603.wav,normal,-0.7795674731314186,0.3947051798247616,0.10843229740858078
fan,id_02,00000640.wav,normal,-0.5099935719851043,0.5403366602806097,0.23030376434326172
fan,id_02,00000810.wav,normal,-0.6141878104308436,0.4127533192438602,0.10799043029546737
fan,id_02,00000806.wav,normal,-0.45947918971870116,0.36984890396366243,0.04487048089504242
fan,id_02,00000270.wav,normal,-0.8186222577891815,0.4636735757209243,0.12172582000494003
fan,id_02,00000946.wav,normal,-0.1460972789745405,0.4599461501387541,0.09780198186635972
fan,id_02,00000000.wav,abnormal,-0.05178728348998085,0.5650843534175612,0.2867130249738693
fan,id_02,00000001.wav,abnormal,0.12377183108589485,0.5844064769466182,0.3355232834815979
fan,id_02,00000002.wav,abnormal,0.8252362795078287,0.636701995609797,0.36513882875442505
fan,id_02,00000003.wav,abnormal,0.972116921862126,0.6152429497139038,0.39811980724334717
fan,id_02,00000004.wav,abnormal,0.6457671731553987,0.6194330156136965,0.29208171367645264
fan,id_02,00000005.wav,abnormal,0.9532271583187271,0.6436356787222518,0.36229931712150576
fan,id_02,00000006.wav,abnormal,0.6463234789104124,0.6240135436959781,0.31385578513145446
fan,id_02,00000007.wav,abnormal,0.04626841001369719,0.5635943772777782,0.3079037606716156
fan,id_02,00000008.wav,abnormal,0.23061205578482635,0.5930760869749019,0.33121954202651976
fan,id_02,00000009.wav,abnormal,-0.07734452367739841,0.5923989305267666,0.2782763600349426
fan,id_02,00000010.wav,abnormal,2.2916311256045603,0.6436851000187674,0.47827285528182983
fan,id_02,00000011.wav,abnormal,0.9239604206957139,0.6346126670753077,0.38260631561279296
fan,id_02,00000012.wav,abnormal,0.9100216653465267,0.6464287663963738,0.3671182781457901
fan,id_02,00000013.wav,abnormal,0.8770502320727651,0.619497700328903,0.38983487486839297
fan,id_02,00000014.wav,abnormal,0.02583896473442593,0.575839543376214,0.2699761867523193
fan,id_02,00000015.wav,abnormal,0.17641162509610275,0.5827191902285492,0.2917122542858124
fan,id_02,00000016.wav,abnormal,0.10676944312501746,0.5631752338650412,0.23813501596450806
fan,id_02,00000017.wav,abnormal,0.7703991769911713,0.60410943225211,0.3551180839538574
fan,id_02,00000018.wav,abnormal,1.9241138977840464,0.6398631291487379,0.48446246385574343
fan,id_02,00000019.wav,abnormal,0.5773102811347854,0.6164768927982638,0.34215704202651975
fan,id_02,00000020.wav,abnormal,-0.4152071166555569,0.5171061875578452,0.23641562461853027
fan,id_02,00000021.wav,abnormal,0.2530215563001619,0.5917506970046302,0.3349109649658203
fan,id_02,00000022.wav,abnormal,-0.08380929966611994,0.5755069580872598,0.2843361794948578
fan,id_02,00000023.wav,abnormal,0.28224918293422263,0.5483228258986743,0.27658150494098666
fan,id_02,00000024.wav,abnormal,-0.6232473487333952,0.5057578224953634,0.21365442276000976
fan,id_02,00000025.wav,abnormal,3.062076620610174,0.6723242083132122,0.541255897283554
fan,id_02,00000026.wav,abnormal,1.4689597118641977,0.6539465921060268,0.41030125617980956
fan,id_02,00000027.wav,abnormal,0.48478404686647814,0.6093431152556696,0.333038866519928
fan,id_02,00000028.wav,abnormal,0.371477093761154,0.5838277095162208,0.348034131526947
fan,id_02,00000029.wav,abnormal,1.9099519805603808,0.6337922514458267,0.35445866286754607
fan,id_02,00000030.wav,abnormal,0.07173898384893285,0.5827482116140978,0.2916003167629242
fan,id_02,00000031.wav,abnormal,2.4424318096102358,0.6606424140746081,0.46851620078086853
fan,id_02,00000032.wav,abnormal,0.11851639740310738,0.5811019818855695,0.31932389736175537
fan,id_02,00000033.wav,abnormal,0.02125557916258991,0.5555381710426193,0.23425513207912446
fan,id_02,00000034.wav,abnormal,0.4753918990401065,0.5787590708424208,0.20618744939565659
fan,id_02,00000035.wav,abnormal,-0.5593695482184362,0.5275432231713254,0.23916869461536408
fan,id_02,00000036.wav,abnormal,3.7753794677761583,0.6977365656470267,0.6055669546127319
fan,id_02,00000037.wav,abnormal,2.0682362953429614,0.6362831466550409,0.3661913096904755
fan,id_02,00000038.wav,abnormal,0.5277161275042701,0.5972509082751606,0.36283392906188966
fan,id_02,00000039.wav,abnormal,-0.46782814205333345,0.525992741404247,0.1470446079969406
fan,id_02,00000040.wav,abnormal,0.5379670430383996,0.6359342455660564,0.34344583451747895
fan,id_02,00000041.wav,abnormal,3.3263590297677945,0.685714704276099,0.5704725325107575
fan,id_02,00000042.wav,abnormal,0.8221702048945385,0.6151611367534662,0.3550447463989258
fan,id_02,00000043.wav,abnormal,4.997827059424131,0.7059294435635028,0.7358383655548095
fan,id_02,00000044.wav,abnormal,0.10708048520190871,0.5752056521001426,0.3003608167171478
fan,id_02,00000045.wav,abnormal,-0.34017426345232415,0.5462373008799591,0.28278922140598295
fan,id_02,00000046.wav,abnormal,1.6630855271512957,0.6628647095016279,0.38304937481880186
fan,id_02,00000047.wav,abnormal,-0.12114125899543815,0.564860752970117,0.29709007740020754
fan,id_02,00000048.wav,abnormal,1.1739425562245938,0.6387762396410401,0.3861686050891876
fan,id_02,00000049.wav,abnormal,0.5191508487733323,0.5983855707470894,0.30920093059539794
fan,id_02,00000050.wav,abnormal,0.2003153676957279,0.5836087996079815,0.3273485600948334
fan,id_02,00000051.wav,abnormal,-0.20398824297918594,0.5433548244243096,0.2713752657175064
fan,id_02,00000052.wav,abnormal,0.21770539495906505,0.601618343058719,0.31429293751716614
fan,id_02,00000053.wav,abnormal,0.7461519845430828,0.6254047827094773,0.35492886900901793
fan,id_02,00000054.wav,abnormal,-0.22086257766314787,0.5508141871866743,0.2898078799247742
fan,id_02,00000055.wav,abnormal,-0.6864311611237959,0.5058427211236072,0.2090073198080063
fan,id_02,00000056.wav,abnormal,0.7178529699642677,0.6285555330582462,0.3533331274986267
fan,id_02,00000057.wav,abnormal,0.9909012603996636,0.6366172858787675,0.3763291597366333
fan,id_02,00000058.wav,abnormal,-0.4380981333787659,0.5224002995040152,0.23641461730003357
fan,id_02,00000059.wav,abnormal,1.2979686680317748,0.6391719119397027,0.3918217092752457
fan,id_02,00000060.wav,abnormal,1.2894080700143764,0.6259200597616248,0.41759809851646423
fan,id_02,00000061.wav,abnormal,1.1052181901207678,0.6268103723558203,0.40749605298042296
fan,id_02,00000062.wav,abnormal,0.7333205617268828,0.6153534008371082,0.3359146535396576
fan,id_02,00000063.wav,abnormal,-0.3165638528009733,0.5437543732476934,0.23318442106246948
fan,id_02,00000064.wav,abnormal,0.3066855426725965,0.5760754413759253,0.305822616815567
fan,id_02,00000065.wav,abnormal,0.26099871476036896,0.5997238529582808,0.29286121726036074
fan,id_02,00000066.wav,abnormal,1.7827572596661607,0.6524732275084673,0.4447227716445923
fan,id_02,00000067.wav,abnormal,0.9130334438442613,0.6198971127797412,0.3797364830970764
fan,id_02,00000068.wav,abnormal,0.6491970198710373,0.5821521125822346,0.2728078305721283
fan,id_02,00000069.wav,abnormal,0.6027606378122581,0.6153270053229601,0.3155100613832474
fan,id_02,00000070.wav,abnormal,0.5101417090941212,0.5982018571177802,0.3451640009880066
fan,id_02,00000071.wav,abnormal,0.0160218680987807,0.5962853966907401,0.29995313882827757
fan,id_02,00000072.wav,abnormal,0.496663006301997,0.6201026567162602,0.33644300103187563
fan,id_02,00000073.wav,abnormal,1.586704124285264,0.6365436337245787,0.43301920890808104
fan,id_02,00000074.wav,abnormal,0.11973789477108987,0.5610239002087793,0.258916962146759
fan,id_02,00000075.wav,abnormal,2.3852310208526895,0.6527971011159817,0.3946163594722748
fan,id_02,00000076.wav,abnormal,1.7578494484106049,0.6549825122315256,0.3660024881362915
fan,id_02,00000077.wav,abnormal,0.022755915396842852,0.5942156448896516,0.3087296485900879
fan,id_02,00000078.wav,abnormal,2.2639968687696292,0.6592746478784152,0.48011040687561035
fan,id_02,00000079.wav,abnormal,-0.47266890000554795,0.5346648813221176,0.23845098912715912
fan,id_02,00000080.wav,abnormal,0.6578637795100928,0.5898901778355498,0.33054972887039186
fan,id_02,00000081.wav,abnormal,2.907954006678475,0.6539273639160783,0.5189130783081055
fan,id_02,00000082.wav,abnormal,1.5648124216584343,0.6473267057794468,0.42867807745933534
fan,id_02,00000083.wav,abnormal,0.5020169838146362,0.6185167334681162,0.32348243296146395
fan,id_02,00000084.wav,abnormal,-0.0020319942674955627,0.5859174920002296,0.3150761127471924
fan,id_02,00000085.wav,abnormal,2.187733294027403,0.6634606121279133,0.4803173243999481
fan,id_02,00000086.wav,abnormal,-0.8497041414132394,0.4863204899000496,0.1936812937259674
fan,id_02,00000087.wav,abnormal,1.6235225211447233,0.6239644502262591,0.4239264965057373
fan,id_02,00000088.wav,abnormal,-0.32440109891479274,0.5350544785763689,0.26836269795894624
fan,id_02,00000089.wav,abnormal,-0.4601019399458277,0.5429711772918886,0.2571712970733643
fan,id_02,00000090.wav,abnormal,1.8160376646261245,0.6317960946301129,0.4053613007068634
fan,id_02,00000091.wav,abnormal,0.3101298211721826,0.5983275779636393,0.3421897828578949
fan,id_02,00000092.wav,abnormal,-0.5941056977622452,0.5292419030778864,0.22991345524787904
fan,id_02,00000093.wav,abnormal,0.3650324911729399,0.591723604067131,0.3384276866912842
fan,id_02,00000094.wav,abnormal,0.202794144011051,0.6026411609132469,0.30636008381843566
fan,id_02,00000095.wav,abnormal,1.7383924908140038,0.6655563242518646,0.3728198826313019
fan,id_02,00000096.wav,abnormal,1.223407385188132,0.6272034281187293,0.4022845566272736
fan,id_02,00000097.wav,abnormal,4.827566387667495,0.6861290141021326,0.5889692664146423
fan,id_02,00000098.wav,abnormal,-0.20041904251877618,0.5790724260305525,0.28126600086688996
fan,id_02,00000099.wav,abnormal,1.9612240994109822,0.6500211864552685,0.37770596146583557
fan,id_02,00000100.wav,abnormal,1.2120523103152614,0.6147807355833981,0.33297523856163025
fan,id_02,00000101.wav,abnormal,0.5623739517154949,0.603635369198307,0.37670066952705383
fan,id_02,00000102.wav,abnormal,-0.1122765251979061,0.5782311637799822,0.2937700092792511
fan,id_02,00000103.wav,abnormal,0.5026126635769224,0.6109473705738964,0.3463956356048584
fan,id_02,00000104.wav,abnormal,0.8572783925630851,0.6282600913840778,0.3706404626369476
fan,id_02,00000105.wav,abnormal,0.12477398170553577,0.5620951323754299,0.2945747673511505
fan,id_02,00000106.wav,abnormal,0.2806550711199822,0.5788390607805793,0.32125321626663206
fan,id_02,00000107.wav,abnormal,-0.21538011880860175,0.5521378275327764,0.27801079750061036
fan,id_02,00000108.wav,abnormal,1.5495847088110661,0.654364756440643,0.4083737850189209
fan,id_02,00000109.wav,abnormal,-0.09097938620566737,0.5702954616695709,0.2883132427930832
fan,id_02,00000110.wav,abnormal,0.6574727803995231,0.5854309805629471,0.2995630770921707
fan,id_02,00000111.wav,abnormal,0.7129946221141683,0.6182552233970514,0.3409626632928848
fan,id_02,00000112.wav,abnormal,1.5711521679104479,0.6518783669734457,0.4424778461456299
fan,id_02,00000113.wav,abnormal,0.2380325105507115,0.5915159207664876,0.2993086099624634
fan,id_02,00000114.wav,abnormal,0.6088819777757184,0.6196796327947444,0.3479950249195099
fan,id_02,00000115.wav,abnormal,2.4108650218795535,0.6622137887297502,0.5131131827831268
fan,id_02,00000116.wav,abnormal,-0.030797160882668706,0.5773835196556094,0.28687872886657717
fan,id_02,00000117.wav,abnormal,1.8890349148538323,0.6459429585670861,0.39926403760910034
fan,id_02,00000118.wav,abnormal,-0.17675071533507847,0.5142421472464378,0.20279361307621002
fan,id_02,00000119.wav,abnormal,-0.0941270005883883,0.5830318310607987,0.29927760660648345
fan,id_02,00000120.wav,abnormal,0.773035358584325,0.6205111442724767,0.33292112648487093
fan,id_02,00000121.wav,abnormal,0.08393306771879416,0.5491278434252534,0.29567505717277526
fan,id_02,00000122.wav,abnormal,0.04500110815810565,0.5707904788221617,0.3127856731414795
fan,id_02,00000123.wav,abnormal,-0.02592121047510787,0.5752405979434799,0.30322428345680236
fan,id_02,00000124.wav,abnormal,1.1496847296423933,0.646626540914952,0.3996718108654022
fan,id_02,00000125.wav,abnormal,1.223477263383975,0.6339734437076253,0.34440537095069884
fan,id_02,00000126.wav,abnormal,1.230167656503946,0.6326881237565996,0.2579849183559418
fan,id_02,00000127.wav,abnormal,0.8470113026912376,0.6231379180276349,0.36508754789829256
fan,id_02,00000128.wav,abnormal,-0.030946324188880325,0.5571760817596061,0.28511367440223695
fan,id_02,00000129.wav,abnormal,2.3120770466611233,0.663826749807802,0.5085552394390106
fan,id_02,00000130.wav,abnormal,0.4103821544215869,0.6059694361849722,0.3136442303657532
fan,id_02,00000131.wav,abnormal,-0.8308710746676322,0.35732361513701727,0.06248630657792091
fan,id_02,00000132.wav,abnormal,0.7035631162161735,0.5723530052319843,0.30390292704105376
fan,id_02,00000133.wav,abnormal,-0.10386204383845232,0.4993365513706186,0.15367139577865602
fan,id_02,00000134.wav,abnormal,0.48904832621866845,0.6124216567977969,0.3212324619293213
fan,id_02,00000135.wav,abnormal,-0.5499113844637051,0.4300637624886371,0.09774912744760514
fan,id_02,00000136.wav,abnormal,0.04983158221407713,0.4395519947992093,0.07143090888857842
fan,id_02,00000137.wav,abnormal,0.054603523850657254,0.42747349914699867,0.07307835295796394
fan,id_02,00000138.wav,abnormal,-0.5638580857162108,0.42653616133397854,0.08725205063819885
fan,id_02,00000139.wav,abnormal,-0.499021633860103,0.3809173646696003,0.08738818168640136
fan,id_02,00000140.wav,abnormal,-0.6664767904276641,0.5231787852936995,0.2037607640028
fan,id_02,00000141.wav,abnormal,-0.6285130268494079,0.43394692071620405,0.10889334976673126
fan,id_02,00000142.wav,abnormal,-0.7943102334436478,0.4012539600039063,0.09237539321184159
fan,id_02,00000143.wav,abnormal,0.9524478386324642,0.5890393666899498,0.25788323283195497
fan,id_02,00000144.wav,abnormal,-0.5020453614182312,0.43351682503015027,0.15376035273075103
fan,id_02,00000145.wav,abnormal,-0.21593127922984934,0.5489959480869521,0.21701968610286712
fan,id_02,00000146.wav,abnormal,-0.6264748185029383,0.36376017470921207,0.047979914397001264
fan,id_02,00000147.wav,abnormal,-0.6305585210369138,0.3955432251953458,0.07293742522597313
fan,id_02,00000148.wav,abnormal,-0.9077521787267084,0.358953576239833,0.06622997969388962
fan,id_02,00000149.wav,abnormal,0.09510768011834614,0.5736214886946546,0.21842567324638368
fan,id_02,00000150.wav,abnormal,-0.5753446146791532,0.3629279986999117,0.047299152612686156
fan,id_02,00000151.wav,abnormal,-0.617949834086664,0.38931135397031913,0.07482582703232765
fan,id_02,00000152.wav,abnormal,-0.40551903654247035,0.4625198297280314,0.1506585642695427
fan,id_02,00000153.wav,abnormal,0.041454889366852044,0.5379007060311064,0.22106842398643495
fan,id_02,00000154.wav,abnormal,-0.7006969072496982,0.35632961977087096,0.06640410348773003
fan,id_02,00000155.wav,abnormal,-0.7361667180960616,0.34785734403087665,0.04537070170044899
fan,id_02,00000156.wav,abnormal,-0.6438347976524437,0.3748151600885693,0.06544270366430283
fan,id_02,00000157.wav,abnormal,0.030450977807715773,0.5656707622244148,0.19690214693546296
fan,id_02,00000158.wav,abnormal,-0.7316849041384401,0.4028396620098739,0.08172353729605675
fan,id_02,00000159.wav,abnormal,-0.5388262285260907,0.3760489417039229,0.07099521383643151
fan,id_02,00000160.wav,abnormal,-0.3688688153906252,0.5170005888280652,0.15899713337421417
fan,id_02,00000161.wav,abnormal,-0.6238979420492718,0.40605841064301196,0.08846249505877495
fan,id_02,00000162.wav,abnormal,-0.1396659385947352,0.43857183578815767,0.08797756284475326
fan,id_02,00000163.wav,abnormal,-0.46471803172974013,0.3621325676820832,0.04911980628967285
fan,id_02,00000164.wav,abnormal,-0.45251506550324905,0.4128643028925043,0.09717187285423279
fan,id_02,00000165.wav,abnormal,-0.7221464114545864,0.3670110464251779,0.0849468745291233
fan,id_02,00000166.wav,abnormal,-0.7648880196967145,0.347282316264501,0.06428699046373368
fan,id_02,00000167.wav,abnormal,-0.7909358967163644,0.3637170792513906,0.04953527897596359
fan,id_02,00000168.wav,abnormal,-0.4942111154155544,0.39176383025144496,0.06509575247764587
fan,id_02,00000169.wav,abnormal,0.5536676798439668,0.5276108867206153,0.1951887845993042
fan,id_02,00000170.wav,abnormal,-0.763652783039614,0.3417961797327976,0.05671159699559212
fan,id_02,00000171.wav,abnormal,-0.16256396230153136,0.5463290901372275,0.20150847733020782
fan,id_02,00000172.wav,abnormal,-1.1098081551831243,0.4097042532885567,0.11008221805095672
fan,id_02,00000173.wav,abnormal,-0.7105347459829243,0.3434229473650315,0.058988132327795026
fan,id_02,00000174.wav,abnormal,-0.16078026493651087,0.423323647306089,0.06954532787203789
fan,id_02,00000175.wav,abnormal,-0.44536956417676876,0.43275587895630857,0.09243783056735992
fan,id_02,00000176.wav,abnormal,-0.5650764154166055,0.44459057827360626,0.11924310624599457
fan,id_02,00000177.wav,abnormal,-0.33729816337700136,0.49892325155974127,0.17464955449104308
fan,id_02,00000178.wav,abnormal,-0.7194336172537792,0.35514934575011303,0.05497017502784729
fan,id_02,00000179.wav,abnormal,-0.5520468427295011,0.4167540266829588,0.09660321250557899
fan,id_02,00000180.wav,abnormal,-0.9618338661802373,0.3693250587465596,0.09374516606330871
fan,id_02,00000181.wav,abnormal,-0.41785908601776,0.48007251236192716,0.1621508479118347
fan,id_02,00000182.wav,abnormal,-0.7064456693974428,0.3591379806921414,0.0835362508893013
fan,id_02,00000183.wav,abnormal,-0.7700158015221827,0.3886032733269176,0.09208325296640396
fan,id_02,00000184.wav,abnormal,-0.6866171421026372,0.33937729556903046,0.050400028377771376
fan,id_02,00000185.wav,abnormal,-0.763171369185514,0.34946643772344194,0.05477036684751511
fan,id_02,00000186.wav,abnormal,-0.9212847818156664,0.4461043250205428,0.1905683010816574
fan,id_02,00000187.wav,abnormal,-0.5292309342569634,0.4571995712981095,0.11518467739224433
fan,id_02,00000188.wav,abnormal,-0.7876492455348156,0.3713201262540573,0.05411422252655029
fan,id_02,00000189.wav,abnormal,-0.675961715511809,0.3639801767861087,0.05401408821344376
fan,id_02,00000190.wav,abnormal,-0.9569939954927236,0.3806452333347253,0.08416898846626282
fan,id_02,00000191.wav,abnormal,-0.7485217119239334,0.37703439191419735,0.05555426850914955
fan,id_02,00000192.wav,abnormal,-0.5329295885311858,0.5222353427816986,0.23583298325538635
fan,id_02,00000193.wav,abnormal,1.3769324959108786,0.6273544157740952,0.4095957040786743
fan,id_02,00000194.wav,abnormal,-0.042632286584012746,0.4617181895718373,0.09516847617924214
fan,id_02,00000195.wav,abnormal,-0.6064630601327696,0.3858944459536527,0.06362002417445183
fan,id_02,00000196.wav,abnormal,-0.7118092305273471,0.49286631231610384,0.1873627245426178
fan,id_02,00000197.wav,abnormal,-0.7268857126695316,0.4231914420867366,0.09880508184432983
fan,id_02,00000198.wav,abnormal,-0.4486005645285438,0.3935375610631888,0.08231646567583084
fan,id_02,00000199.wav,abnormal,0.1713134454279892,0.5751021164534731,0.2376006305217743
fan,id_02,00000200.wav,abnormal,-0.4082925542717497,0.3788346384333766,0.057339157164096835
fan,id_02,00000201.wav,abnormal,-0.7217129138453977,0.358890644789255,0.05479840040206909
fan,id_02,00000202.wav,abnormal,-0.6075516199564301,0.43031463582872775,0.09413500875234604
fan,id_02,00000203.wav,abnormal,-0.4592775853979969,0.3855725734377691,0.08095811605453491
fan,id_02,00000204.wav,abnormal,0.07562334603962384,0.4558372821976894,0.09691960960626603
fan,id_02,00000205.wav,abnormal,-0.5565071321896902,0.5154738945078564,0.2783194899559021
fan,id_02,00000206.wav,abnormal,-0.67272033723982,0.351180947486541,0.052124534547328946
fan,id_02,00000207.wav,abnormal,-0.5600877006707208,0.3602387962989423,0.03931725174188614
fan,id_02,00000208.wav,abnormal,-0.9240627678874827,0.4497394569849015,0.15784281343221665
fan,id_02,00000209.wav,abnormal,-0.8776282618059152,0.46292046691530797,0.12927984893321992
fan,id_02,00000210.wav,abnormal,0.10297323724587848,0.5038513878527575,0.11160412430763245
fan,id_02,00000211.wav,abnormal,-0.5926742736219364,0.4252818127188581,0.10131833776831627
fan,id_02,00000212.wav,abnormal,-0.644190251895548,0.381789819699989,0.08923905193805695
fan,id_02,00000213.wav,abnormal,-0.8432029833445913,0.35078553632415577,0.05612105429172516
fan,id_02,00000214.wav,abnormal,-0.3489483325804912,0.44844826379150593,0.11626718193292618
fan,id_02,00000215.wav,abnormal,-0.5234987183335473,0.4188863063388377,0.11337096840143204
fan,id_02,00000216.wav,abnormal,-0.4822897439907443,0.44373780133050394,0.12782793790102004
fan,id_02,00000217.wav,abnormal,-0.16764319736576994,0.4465339153131115,0.12552555799484252
fan,id_02,00000218.wav,abnormal,-0.9904906562888787,0.34946211960864415,0.07669684141874314
fan,id_02,00000219.wav,abnormal,-0.21092167157471664,0.4386646692323206,0.09142879098653793
fan,id_02,00000220.wav,abnormal,-0.5002349799675372,0.3899945058946576,0.07191040888428687
fan,id_02,00000221.wav,abnormal,-0.4594989072234412,0.5007319854214762,0.19154999852180482
fan,id_02,00000222.wav,abnormal,-0.7569135624828167,0.3512381857964013,0.0679610401391983
fan,id_02,00000223.wav,abnormal,-0.6544025411221881,0.4090764229355697,0.09039652198553086
fan,id_02,00000224.wav,abnormal,0.23551693827178077,0.5796570216967968,0.3482027411460876
fan,id_02,00000225.wav,abnormal,-0.45200240191537944,0.3746781221624269,0.06487508937716484
fan,id_02,00000226.wav,abnormal,-0.4379499288873383,0.45182265715325415,0.1434315711259842
fan,id_02,00000227.wav,abnormal,-0.7472390468219299,0.359521498779375,0.0651000127196312
fan,id_02,00000228.wav,abnormal,-0.44357935609260757,0.3868551584612513,0.07776193022727966
fan,id_02,00000229.wav,abnormal,-0.057631242841509334,0.4605179089287894,0.1493334174156189
fan,id_02,00000230.wav,abnormal,-0.5285945296873642,0.39164596293204545,0.06660940647125244
fan,id_02,00000231.wav,abnormal,-0.10449206289733581,0.4652405359021546,0.1439851388335228
fan,id_02,00000232.wav,abnormal,-0.5688814494985603,0.41311461075790135,0.12169834971427917
fan,id_02,00000233.wav,abnormal,-0.47973291218266034,0.47075204141910587,0.1565730020403862
fan,id_02,00000234.wav,abnormal,-0.010077379561128197,0.5397919480883924,0.2184090346097946
fan,id_02,00000235.wav,abnormal,-0.07579668878366164,0.47009127346294105,0.14147965162992476
fan,id_02,00000236.wav,abnormal,-0.9351164374272525,0.36982098045894013,0.09030686691403389
fan,id_02,00000237.wav,abnormal,-0.8064516959201455,0.35516554444090903,0.042284075170755386
fan,id_02,00000238.wav,abnormal,-0.619874473526405,0.4740731507709165,0.16647035181522368
fan,id_02,00000239.wav,abnormal,-0.21499193067171873,0.4124651820873856,0.0776263102889061
fan,id_02,00000240.wav,abnormal,0.0742732507418431,0.49649456098077555,0.11536984592676162
fan,id_02,00000241.wav,abnormal,-0.47259354069739956,0.38577472103395744,0.05275498330593109
fan,id_02,00000242.wav,abnormal,-0.5277290129373569,0.4090601454697044,0.08436121419072151
fan,id_02,00000243.wav,abnormal,-0.8528109565965245,0.3599115974308653,0.05716724172234535
fan,id_02,00000244.wav,abnormal,-0.8654779505856887,0.43042831804231346,0.1317734196782112
fan,id_02,00000245.wav,abnormal,0.21812700452029965,0.5194337238930127,0.18055968582630158
fan,id_02,00000246.wav,abnormal,0.00412226243678937,0.4720584647563938,0.1412839934229851
fan,id_02,00000247.wav,abnormal,-0.8531909007247744,0.39660218002501985,0.09106455445289612
fan,id_02,00000248.wav,abnormal,-0.3356682371067006,0.45512859886575546,0.10264698266983033
fan,id_02,00000249.wav,abnormal,-0.6323269384883261,0.46053903945914765,0.13516937643289567
fan,id_02,00000250.wav,abnormal,-0.6047339482414831,0.41272548542432214,0.087591153383255
fan,id_02,00000251.wav,abnormal,-0.5097873587764834,0.49267991030610914,0.15572124123573303
fan,id_02,00000252.wav,abnormal,-1.095919655401591,0.4275196919992788,0.1138666033744812
fan,id_02,00000253.wav,abnormal,-0.12303827474717544,0.5429989561369245,0.2158091425895691
fan,id_02,00000254.wav,abnormal,-1.0431864726971085,0.42667244036364876,0.12363949567079544
fan,id_02,00000255.wav,abnormal,-0.8988891348587398,0.4416162347575035,0.1550286293029785
fan,id_02,00000256.wav,abnormal,-0.24342869047963056,0.5527734197709281,0.20205779373645782
fan,id_02,00000257.wav,abnormal,1.0084256559359783,0.6134461280284784,0.2874357461929321
fan,id_02,00000258.wav,abnormal,-0.8751475772074464,0.40960577051374375,0.11257462203502655
fan,id_02,00000259.wav,abnormal,-0.7190414770306397,0.45024317058205693,0.13975178301334382
fan,id_02,00000260.wav,abnormal,2.02964385061186,0.6935268757865718,0.3719536304473877
fan,id_02,00000261.wav,abnormal,-0.7886392857780482,0.44032662011612633,0.1132030576467514
fan,id_02,00000262.wav,abnormal,-0.9439905208905621,0.4187275536183414,0.11824663877487182
fan,id_02,00000263.wav,abnormal,0.13504357998014171,0.5835294854724222,0.2788073062896729
fan,id_02,00000264.wav,abnormal,-0.879436249392711,0.48501639094366816,0.21609290540218354
fan,id_02,00000265.wav,abnormal,-0.7690559935778492,0.4493480659216688,0.12597500681877136
fan,id_02,00000266.wav,abnormal,-0.5074951101902254,0.4496327852422983,0.16980907320976257
fan,id_02,00000267.wav,abnormal,-1.023036175635072,0.39933937132259184,0.10009086579084396
fan,id_02,00000268.wav,abnormal,0.7516296317351845,0.6003343092277083,0.2684656858444214
fan,id_02,00000269.wav,abnormal,-1.0193209324526684,0.36974752840241626,0.10223117619752883
fan,id_02,00000270.wav,abnormal,-0.7676556874043214,0.5030017974609358,0.15185433030128478
fan,id_02,00000271.wav,abnormal,-0.36785021875297197,0.4704535531776928,0.1262075647711754
fan,id_02,00000272.wav,abnormal,-0.5963840528993405,0.3791498687036365,0.06002351343631744
fan,id_02,00000273.wav,abnormal,-0.7619740931665859,0.4301281471577871,0.1430324986577034
fan,id_02,00000274.wav,abnormal,-0.8402943714948208,0.4248960520039336,0.10949045792222023
fan,id_02,00000275.wav,abnormal,-0.7531998150503405,0.43143607969239156,0.10553722083568573
fan,id_02,00000276.wav,abnormal,-0.727977112002197,0.42535788050861106,0.12128348499536515
fan,id_02,00000277.wav,abnormal,-1.0423214714552653,0.3788917892313062,0.09698174446821213
fan,id_02,00000278.wav,abnormal,-0.7912896569541044,0.42847061337165115,0.11533719897270203
fan,id_02,00000279.wav,abnormal,-0.82926329726671,0.40584418969193153,0.09878331199288368
fan,id_02,00000280.wav,abnormal,-0.7551263292224597,0.5074138088426565,0.20777370929718017
fan,id_02,00000281.wav,abnormal,2.174977731825889,0.6521619839957788,0.39594991207122804
fan,id_02,00000282.wav,abnormal,-0.8561899372480894,0.46220472748321206,0.18261425495147704
fan,id_02,00000283.wav,abnormal,-0.7649480738898369,0.37745395771489276,0.06424573883414268
fan,id_02,00000284.wav,abnormal,-1.0093345023862117,0.40621467486879353,0.13766380697488784
fan,id_02,00000285.wav,abnormal,-0.9522788468069479,0.39803796439210876,0.12799689620733262
fan,id_02,00000286.wav,abnormal,-0.6512764863779186,0.4534089087547599,0.1265378087759018
fan,id_02,00000287.wav,abnormal,-0.8578578694343886,0.4255534006382444,0.12068321853876114
fan,id_02,00000288.wav,abnormal,-0.8177457051174084,0.49559796398603767,0.22084470987319946
fan,id_02,00000289.wav,abnormal,-0.8385840864194378,0.3414837161577229,0.03742741905152798
fan,id_02,00000290.wav,abnormal,-0.9890787639655354,0.3985357781520224,0.13523021340370178
fan,id_02,00000291.wav,abnormal,-0.8821422967609429,0.3499129681956782,0.05800957679748535
fan,id_02,00000292.wav,abnormal,0.25251286962509134,0.5994072112676959,0.3198061645030975
fan,id_02,00000293.wav,abnormal,-0.8271433567403736,0.47702977876119673,0.1754775494337082
fan,id_02,00000294.wav,abnormal,0.7095902895584096,0.6268287076860033,0.32045278549194334
fan,id_02,00000295.wav,abnormal,-0.9213168032308214,0.3930983346259282,0.13383442759513856
fan,id_02,00000296.wav,abnormal,-0.764437551884086,0.46468230513726966,0.13383157998323442
fan,id_02,00000297.wav,abnormal,-0.6763985601821805,0.4453687089904591,0.11864747405052185
fan,id_02,00000298.wav,abnormal,-0.6547662756238122,0.4586318268989733,0.1466824010014534
fan,id_02,00000299.wav,abnormal,2.099812631834279,0.6573892016468323,0.32641770541667936
fan,id_02,00000300.wav,abnormal,-0.2543439257296942,0.5261271979225843,0.2137766659259796
fan,id_02,00000301.wav,abnormal,-0.15968857507870382,0.5640659855577103,0.2968958616256714
fan,id_02,00000302.wav,abnormal,-0.5096338223939867,0.5141997311797859,0.18153623640537261
fan,id_02,00000303.wav,abnormal,-0.5226392755484017,0.5202675424526634,0.2072553277015686
fan,id_02,00000304.wav,abnormal,-0.6980428828134251,0.5264761632943975,0.21615969240665436
fan,id_02,00000305.wav,abnormal,-0.7684426124027581,0.3905541181203797,0.07755307033658028
fan,id_02,00000306.wav,abnormal,-0.7561825138112557,0.44184658726220705,0.11858740150928497
fan,id_02,00000307.wav,abnormal,-0.27482205293993545,0.5066376962254906,0.20026440918445587
fan,id_02,00000308.wav,abnormal,-0.6879302110512899,0.41697250558858123,0.08340144678950309
fan,id_02,00000309.wav,abnormal,-0.5953331019608363,0.435777651732554,0.13662048578262329
fan,id_02,00000310.wav,abnormal,-1.0050099492033144,0.4244229432885748,0.13704917281866075
fan,id_02,00000311.wav,abnormal,-0.8982985849981198,0.38838736171089727,0.09817553609609604
fan,id_02,00000312.wav,abnormal,0.18066429690945185,0.5451352160297259,0.27086020112037656
fan,id_02,00000313.wav,abnormal,-1.1030562754785649,0.37635159965613657,0.10340750515460968
fan,id_02,00000314.wav,abnormal,-0.725708559536919,0.45098721048476387,0.12965547740459443
fan,id_02,00000315.wav,abnormal,-0.5509416108774836,0.4891198232837441,0.15622975677251816
fan,id_02,00000316.wav,abnormal,-0.8604497089439569,0.42917532265992386,0.11975234448909759
fan,id_02,00000317.wav,abnormal,-0.39013291618773493,0.5180422717622518,0.17844958007335662
fan,id_02,00000318.wav,abnormal,-0.964846531898031,0.43756211196297107,0.1349172458052635
fan,id_02,00000319.wav,abnormal,0.643477426392586,0.5751998036104102,0.20854421257972716
fan,id_02,00000320.wav,abnormal,-0.41809675261891677,0.5372892720323559,0.22749334275722505
fan,id_02,00000321.wav,abnormal,0.5487163679223581,0.5872695060846587,0.19641865491867067
fan,id_02,00000322.wav,abnormal,-0.929123228148443,0.42728929112127,0.11177777796983719
fan,id_02,00000323.wav,abnormal,-1.0161271138398469,0.40067576501644825,0.08884572088718415
fan,id_02,00000324.wav,abnormal,-0.90526821573558,0.4618853659682857,0.1408580020070076
fan,id_02,00000325.wav,abnormal,-0.47816570669290215,0.5330024188231391,0.2163339614868164
fan,id_02,00000326.wav,abnormal,-0.44428155879536746,0.5044384726952208,0.1792224735021591
fan,id_02,00000327.wav,abnormal,2.7872885868697423,0.6788933975142734,0.5357224464416503
fan,id_02,00000328.wav,abnormal,0.125863409094654,0.5268991009224434,0.16088786274194716
fan,id_02,00000329.wav,abnormal,0.1108292919097309,0.5885894252801441,0.273790580034256
fan,id_02,00000330.wav,abnormal,3.4931116616315983,0.6925497356394048,0.5762442767620086
fan,id_02,00000331.wav,abnormal,0.31057450557164223,0.588656308756583,0.3521454930305481
fan,id_02,00000332.wav,abnormal,-0.5685510459384364,0.358445437056916,0.03966277875006199
fan,id_02,00000333.wav,abnormal,-0.9573545288198897,0.38980406171187904,0.10408349335193634
fan,id_02,00000334.wav,abnormal,-0.9082699428437326,0.37640509621719653,0.10680873095989227
fan,id_02,00000335.wav,abnormal,-0.2404371212771359,0.5334427031521207,0.23969610929489135
fan,id_02,00000336.wav,abnormal,-0.5417260861279747,0.4542740445495314,0.1494033694267273
fan,id_02,00000337.wav,abnormal,-0.6931208052310822,0.43228019198082374,0.10898863524198532
fan,id_02,00000338.wav,abnormal,1.1525791124544291,0.65369438874129,0.3272957444190979
fan,id_02,00000339.wav,abnormal,-0.7403505782846782,0.4261601594059695,0.13161627799272538
fan,id_02,00000340.wav,abnormal,-0.8503370679971969,0.46052351166638184,0.12226424664258957
fan,id_02,00000341.wav,abnormal,-0.782307910075934,0.43658712838720176,0.12058095037937164
fan,id_02,00000342.wav,abnormal,-0.7336591033301119,0.4484595247955497,0.1635289192199707
fan,id_02,00000343.wav,abnormal,-0.7436637320054338,0.35694571295384236,0.06073456779122353
fan,id_02,00000344.wav,abnormal,-0.7317401803341284,0.4687927675693578,0.185291850566864
fan,id_02,00000345.wav,abnormal,-0.15069531724707375,0.5664966343185266,0.289622363448143
fan,id_02,00000346.wav,abnormal,-0.9999675313492151,0.3807986146775191,0.09376257359981537
fan,id_02,00000347.wav,abnormal,-0.7009463489146945,0.394501701659355,0.06531816646456719
fan,id_02,00000348.wav,abnormal,-0.8488596830661699,0.38038294521149185,0.0706496313214302
fan,id_02,00000349.wav,abnormal,2.569241998178761,0.652177048235779,0.4636444807052612
fan,id_02,00000350.wav,abnormal,-0.5033231888307643,0.5394173240955541,0.242340287566185
fan,id_02,00000351.wav,abnormal,-0.7393640897050275,0.40421146737173796,0.10907289981842042
fan,id_02,00000352.wav,abnormal,-0.6341137280272946,0.39473088283212704,0.10661809593439102
fan,id_02,00000353.wav,abnormal,-0.6617973652200355,0.44570362708071776,0.1289854407310486
fan,id_02,00000354.wav,abnormal,-0.615165769439951,0.4395838964580175,0.13284341096878052
fan,id_02,00000355.wav,abnormal,-0.14474974210975766,0.4992192732201169,0.1572590008378029
fan,id_02,00000356.wav,abnormal,-0.9583230575117909,0.3991170201181198,0.09669556319713593
fan,id_02,00000357.wav,abnormal,-0.9468587680432226,0.3743880158215811,0.09407265484333038
fan,id_02,00000358.wav,abnormal,-1.0522054650136905,0.35394182437131116,0.08477750569581985
fan,id_04,00000903.wav,normal,3.0324810337421617,0.6659166918107678,0.4481783270835876
fan,id_04,00000043.wav,normal,-0.6717453734993128,0.4073022005097754,0.10310598015785218
fan,id_04,00000457.wav,normal,-0.3911685843563575,0.4000243042028625,0.07214114144444465
fan,id_04,00000359.wav,normal,-0.2681650432472509,0.47195446614212755,0.1498742938041687
fan,id_04,00000454.wav,normal,-0.6623691511535377,0.3833351124136726,0.07208468317985535
fan,id_04,00000706.wav,normal,-0.2593287990811959,0.514567292057335,0.18258537948131562
fan,id_04,00000170.wav,normal,-0.18844622081271645,0.42339146945827294,0.07694373056292533
fan,id_04,00000436.wav,normal,-0.6459472364628063,0.3782630194656935,0.0632157064974308
fan,id_04,00000734.wav,normal,-0.8033383191991472,0.37260291734596884,0.07124670818448067
fan,id_04,00000617.wav,normal,-0.17560184818720792,0.49704840791441934,0.15792638659477234
fan,id_04,00000456.wav,normal,-0.797858666048219,0.383223633304029,0.08552269637584686
fan,id_04,00000313.wav,normal,-0.7286695097956635,0.39922111497467105,0.09582961201667786
fan,id_04,00000302.wav,normal,-0.31713082403921256,0.40136666557018186,0.06485584899783134
fan,id_04,00000676.wav,normal,-0.8212719402975033,0.43321318810028087,0.14540776908397673
fan,id_04,00000335.wav,normal,-0.680963420152537,0.3996590944232695,0.09315563887357711
fan,id_04,00000081.wav,normal,-0.13001317369534782,0.4866401769048735,0.15227225720882415
fan,id_04,00000105.wav,normal,-0.8504033591516222,0.3658731000298771,0.07766239643096924
fan,id_04,00000328.wav,normal,-0.18371005629201775,0.4828202156426588,0.1436902403831482
fan,id_04,00000952.wav,normal,-0.6330640447530609,0.3879606759930154,0.07588863223791123
fan,id_04,00000558.wav,normal,-0.8441076172455126,0.40768518604522613,0.10018104016780853
fan,id_04,00000184.wav,normal,-0.820058564184599,0.40971064860081047,0.09663898944854736
fan,id_04,00000842.wav,normal,0.08275659107690458,0.5319505425172902,0.20991491973400117
fan,id_04,00000616.wav,normal,-0.5775842633341615,0.4418543088164419,0.11000700294971466
fan,id_04,00000440.wav,normal,0.17113040442357885,0.4612840538089072,0.08410334959626198
fan,id_04,00000080.wav,normal,-0.6124132988301358,0.38929469348003115,0.058984602242708205
fan,id_04,00000434.wav,normal,-0.6080326478270006,0.43686045802033985,0.13224901556968688
fan,id_04,00000744.wav,normal,-0.021462617120953098,0.5029750594414152,0.2047820895910263
fan,id_04,00000084.wav,normal,-0.5077061321276553,0.47410856285955066,0.1507595643401146
fan,id_04,00000820.wav,normal,-0.5821683938710862,0.42282811974098167,0.10915494114160537
fan,id_04,00000273.wav,normal,-0.5731714919564208,0.4055715701627594,0.0777502864599228
fan,id_04,00000531.wav,normal,-0.7599512827853925,0.3819055610958871,0.08297141045331954
fan,id_04,00000816.wav,normal,-0.2648497362178315,0.48512998025692633,0.1542832925915718
fan,id_04,00000922.wav,normal,-0.9402050703303573,0.3714037805831468,0.09398462772369384
fan,id_04,00000509.wav,normal,0.11898279791913424,0.5295349793523606,0.1564849704504013
fan,id_04,00000708.wav,normal,-0.6171592180161429,0.4547634935964858,0.11575543731451035
fan,id_04,00000508.wav,normal,-0.7848942185288372,0.36744415499179145,0.07400833815336227
fan,id_04,00001015.wav,normal,-0.8403143728736353,0.3717306359673461,0.07289605587720871
fan,id_04,00000347.wav,normal,-0.592571894778553,0.38609505181547477,0.062993985414505
fan,id_04,00000395.wav,normal,-0.49946310645603376,0.42326815101444104,0.09099042862653732
fan,id_04,00000916.wav,normal,-0.7639125954649639,0.40997188574057514,0.0946699172258377
fan,id_04,00000450.wav,normal,-0.17800592115727376,0.46926785085711736,0.10424147918820381
fan,id_04,00000761.wav,normal,-0.7403110361874443,0.45222517920091587,0.13655140101909638
fan,id_04,00000409.wav,normal,-0.1640237929218955,0.46511748856687823,0.11674925982952118
fan,id_04,00000910.wav,normal,-0.564339334227677,0.38975959422048356,0.06694184392690658
fan,id_04,00000447.wav,normal,-0.10393289928021332,0.4409992535810367,0.08846709430217743
fan,id_04,00000376.wav,normal,-0.2876038694665315,0.4445377789473642,0.10730872601270676
fan,id_04,00000818.wav,normal,-0.4543690036041905,0.5054876326228002,0.1961602658033371
fan,id_04,00000127.wav,normal,-0.8404933021997838,0.3779849891256836,0.07337097674608231
fan,id_04,00000279.wav,normal,-0.6863615151581595,0.4067647239487942,0.09512179866433143
fan,id_04,00000339.wav,normal,-0.6729811795746041,0.384850616783002,0.07028883546590806
fan,id_04,00000671.wav,normal,-0.12278409310920146,0.4316498436580935,0.08405121490359306
fan,id_04,00000886.wav,normal,-0.6245806421602822,0.4895798449436674,0.17508613616228103
fan,id_04,00000048.wav,normal,-0.11675089883933865,0.41699262625546385,0.0819110095500946
fan,id_04,00000799.wav,normal,-0.8922513272736499,0.3732652098567081,0.07081514969468117
fan,id_04,00000882.wav,normal,-0.9212113877662595,0.41888396154953894,0.13351703584194183
fan,id_04,00000989.wav,normal,-0.5180455849903485,0.4134723365337486,0.09565801918506622
fan,id_04,00000292.wav,normal,-0.6335681401165676,0.3719378626359294,0.06851496323943138
fan,id_04,00000195.wav,normal,-0.31151409340853853,0.40904987681365135,0.06813271902501583
fan,id_04,00000662.wav,normal,-0.771578423375054,0.39009141846993767,0.08565467447042466
fan,id_04,00000771.wav,normal,-0.7094911588135506,0.3722625951192497,0.06921442747116088
fan,id_04,00000953.wav,normal,-0.33841353346447356,0.4153688736149119,0.08231422901153565
fan,id_04,00000992.wav,normal,-0.67140505770959,0.382597442632912,0.08634319454431534
fan,id_04,00000484.wav,normal,-0.6204927061021408,0.44133897001738415,0.13095125555992126
fan,id_04,00000556.wav,normal,0.09555503246752295,0.5200456948526377,0.1695443570613861
fan,id_04,00000834.wav,normal,-0.5763896647471185,0.499185759464379,0.17978239357471465
fan,id_04,00000407.wav,normal,-0.45511504816512094,0.3815436413883435,0.060034122318029404
fan,id_04,00000527.wav,normal,-0.6141058877261969,0.40193139088640917,0.0740778811275959
fan,id_04,00000317.wav,normal,0.12573468750144023,0.44601641360192723,0.08930216059088707
fan,id_04,00000323.wav,normal,-0.19986186914788817,0.4399834170659113,0.09988099709153175
fan,id_04,00000042.wav,normal,-0.766385123812082,0.4165186770268341,0.10239852815866471
fan,id_04,00000907.wav,normal,-0.404782644610469,0.4852701263447299,0.16491696536540984
fan,id_04,00000204.wav,normal,-0.39266962338448863,0.3919312552301498,0.06383192688226699
fan,id_04,00000810.wav,normal,-0.9737813467548175,0.4500320219214827,0.16775316894054412
fan,id_04,00000996.wav,normal,-0.8420095341794998,0.37715742996055196,0.06217685490846634
fan,id_04,00000206.wav,normal,-0.5319982315763863,0.39471171216973777,0.059079230204224585
fan,id_04,00000300.wav,normal,-0.7552114040348137,0.40239656634093085,0.11865055114030838
fan,id_04,00000037.wav,normal,-0.3683885608293167,0.4605427871637291,0.12819041758775712
fan,id_04,00000468.wav,normal,-0.6150255849133632,0.38015259690766867,0.07158541902899743
fan,id_04,00000794.wav,normal,-0.5730536905248211,0.4130900109944875,0.09558303505182267
fan,id_04,00000733.wav,normal,-0.6055460935843389,0.3959620268155341,0.06311352476477623
fan,id_04,00000064.wav,normal,0.5894094849258913,0.5723057883739556,0.2465895652770996
fan,id_04,00000138.wav,normal,0.01899909865485938,0.5200178359199866,0.2254146307706833
fan,id_04,00000830.wav,normal,-1.0031542062436944,0.3864009871188175,0.10768526494503021
fan,id_04,00000186.wav,normal,-0.19704482447200533,0.5231016089969311,0.19284795224666595
fan,id_04,00000646.wav,normal,-0.7429967019100676,0.4033754567463118,0.09829696267843246
fan,id_04,00000490.wav,normal,-0.5491772625096374,0.44361961172515696,0.14591884166002272
fan,id_04,00000712.wav,normal,0.09018974687319847,0.502393919014822,0.16674136817455293
fan,id_04,00000475.wav,normal,-0.3584997883965997,0.44297972374848704,0.11919268667697906
fan,id_04,00000701.wav,normal,-0.5481571658552493,0.49248195287038216,0.2279934376478195
fan,id_04,00000797.wav,normal,-0.5004194910647239,0.42463585175395663,0.11391770392656327
fan,id_04,00000850.wav,normal,-0.7070341545885892,0.43538278366025474,0.1517685204744339
fan,id_04,00000179.wav,normal,-0.012843880953127496,0.5405512611317875,0.27855384051799775
fan,id_04,00000658.wav,normal,-0.5577249454625566,0.44288563482686444,0.13855024427175522
fan,id_04,00000833.wav,normal,-0.7911868261052959,0.395421706537528,0.09339122772216797
fan,id_04,00000346.wav,normal,-0.6011230168944834,0.38262125764281785,0.05748718306422233
fan,id_04,00000559.wav,normal,-0.5755095742465777,0.42711414252514357,0.09814338535070419
fan,id_04,00000360.wav,normal,-0.3109533278801102,0.48570226484925483,0.15252137780189515
fan,id_04,00000045.wav,normal,2.384808009862235,0.6235000484998083,0.4677465558052063
fan,id_04,00000136.wav,normal,-0.8068982189510194,0.39674902307975635,0.1080047532916069
fan,id_04,00000340.wav,normal,-0.5556110704844599,0.4172431051585866,0.09243405163288117
fan,id_04,00000774.wav,normal,-0.35033939011715454,0.4214383267011356,0.09769579321146012
fan,id_04,00000752.wav,normal,-0.2007155175376436,0.5070547830694512,0.19544050097465515
fan,id_04,00000595.wav,normal,-0.8755960809608698,0.41338552778473325,0.13370891213417052
fan,id_04,00000790.wav,normal,-0.6869609017073763,0.4133512453673515,0.09617085456848144
fan,id_04,00000106.wav,normal,-0.563836452030241,0.39287775143815523,0.06591639295220375
fan,id_04,00000643.wav,normal,-0.8070360708639885,0.3996885975742511,0.08836877048015594
fan,id_04,00000672.wav,normal,-0.739060364833831,0.4084883645926521,0.10726526975631714
fan,id_04,00000750.wav,normal,-0.5672927994859531,0.4298385198946803,0.13207858055830002
fan,id_04,00001018.wav,normal,-0.23506118653232377,0.402053276827079,0.08469456285238267
fan,id_04,00000353.wav,normal,-0.7675921020086847,0.46628112644519104,0.14901108294725418
fan,id_04,00001008.wav,normal,-0.30831288675897817,0.5163278155142406,0.19271799325942993
fan,id_04,00000807.wav,normal,-0.32935619680613826,0.42834778639189763,0.10140775144100189
fan,id_04,00000365.wav,normal,-0.5925495622258303,0.39073920500763654,0.07928862795233727
fan,id_04,00000016.wav,normal,-0.11029814493132584,0.48411795794652024,0.10971131771802903
fan,id_04,00000765.wav,normal,-0.46874920732913417,0.4043923169303625,0.07467643171548843
fan,id_04,00000259.wav,normal,-0.27700863263390474,0.47931763328597227,0.19646930694580078
fan,id_04,00000382.wav,normal,-0.03673012373665152,0.4988749352674967,0.23602499365806578
fan,id_04,00000396.wav,normal,-0.5338504247339966,0.46877217273122973,0.09362196773290635
fan,id_04,00000650.wav,normal,-0.7443544898693766,0.40316225287133733,0.09312735199928283
fan,id_04,00000044.wav,normal,-0.4307824303815089,0.428842449446929,0.11509037166833877
fan,id_04,00000481.wav,normal,-0.22455843978233325,0.4304761746048131,0.09008337706327438
fan,id_04,00000894.wav,normal,-0.6088560220629073,0.4095813771964014,0.06899533793330193
fan,id_04,00000399.wav,normal,-0.101797287090859,0.5069032022055905,0.19077261984348298
fan,id_04,00000020.wav,normal,-0.7942333925878042,0.3929121938753731,0.08169098198413849
fan,id_04,00000567.wav,normal,-0.7284727179493977,0.43633835230376933,0.11267615705728531
fan,id_04,00001004.wav,normal,-0.7239413338968959,0.4002677339130068,0.09756332933902741
fan,id_04,00000805.wav,normal,-1.0072246305429413,0.3694684148322195,0.08693668097257615
fan,id_04,00000519.wav,normal,-0.7662236822031758,0.40966977174177505,0.10258696004748344
fan,id_04,00000557.wav,normal,-0.1570622338810903,0.47790892335575835,0.1679619461297989
fan,id_04,00000538.wav,normal,-0.5682634844309042,0.3975445024317613,0.06866245716810226
fan,id_04,00000976.wav,normal,-0.9804228231469683,0.3750166449267195,0.10541977137327194
fan,id_04,00000069.wav,normal,-0.3945911784895486,0.4574215618467129,0.1410192146897316
fan,id_04,00000369.wav,normal,-0.5459593036962644,0.4426653178473123,0.0983830913901329
fan,id_04,00000998.wav,normal,-0.6820638220726689,0.40975562285550265,0.09907255321741104
fan,id_04,00000536.wav,normal,-0.9208219179164843,0.3852740868360108,0.08347044885158539
fan,id_04,00000087.wav,normal,0.35101445686093413,0.536109635039247,0.24399462938308716
fan,id_04,00000684.wav,normal,-0.8242545688232212,0.364889037225733,0.06568450033664704
fan,id_04,00000680.wav,normal,-0.6635777267799927,0.4715353115524089,0.16460923552513124
fan,id_04,00000191.wav,normal,-0.4178461968303111,0.411280637594218,0.07293351888656616
fan,id_04,00000426.wav,normal,-0.8900187719953045,0.3900746820324507,0.10658299773931504
fan,id_04,00000584.wav,normal,0.546576837877943,0.5873311269927801,0.2512889504432678
fan,id_04,00000246.wav,normal,-0.705636563561324,0.38683889166108576,0.08694525063037872
fan,id_04,00000361.wav,normal,-0.7532835979998893,0.4284601547857349,0.12768500298261642
fan,id_04,00000629.wav,normal,-0.33096961350235254,0.515416018536099,0.21175335049629213
fan,id_04,00000001.wav,normal,-0.7970247457664765,0.3739800836788243,0.05944937467575073
fan,id_04,00000439.wav,normal,-0.5256770521418037,0.4315159157735491,0.13506256192922592
fan,id_04,00000596.wav,normal,-0.5686454978928754,0.40234564007285883,0.09314369410276413
fan,id_04,00000294.wav,normal,-0.8537615490219412,0.39084552183662147,0.10321544110774994
fan,id_04,00000495.wav,normal,0.1027148386458876,0.4952205254769988,0.13245003372430803
fan,id_04,00000033.wav,normal,-0.6506913907338063,0.48297342006047417,0.15901509970426558
fan,id_04,00001023.wav,normal,-0.9489263096628768,0.3648103421788885,0.08742078244686127
fan,id_04,00000227.wav,normal,-0.6821918242740441,0.4298726582691186,0.08988290578126908
fan,id_04,00000128.wav,normal,-0.5332135766945836,0.41021078922833965,0.09231496155261994
fan,id_04,00000936.wav,normal,-0.7343634327911879,0.4355357077123697,0.13421306163072586
fan,id_04,00000859.wav,normal,-0.7787745737337008,0.39461915087266364,0.09305716007947921
fan,id_04,00000488.wav,normal,-0.37900281662364144,0.5137759037681415,0.18040747046470643
fan,id_04,00000000.wav,abnormal,-0.8118123910798065,0.43014065804686524,0.10666303485631942
fan,id_04,00000001.wav,abnormal,0.9765272710366659,0.5983198767524361,0.2735648453235626
fan,id_04,00000002.wav,abnormal,0.5918392682036409,0.569217090493462,0.25325189530849457
fan,id_04,00000003.wav,abnormal,0.0450941448830644,0.5137974126148119,0.17816695868968963
fan,id_04,00000004.wav,abnormal,-1.0763913132168241,0.41850455793688807,0.14158507585525512
fan,id_04,00000005.wav,abnormal,-0.24672359887135364,0.4932358512530011,0.11663075089454651
fan,id_04,00000006.wav,abnormal,-0.1266856551496982,0.5284512721925172,0.18038873076438905
fan,id_04,00000007.wav,abnormal,-0.6531284167915334,0.4713209566767237,0.15690849721431732
fan,id_04,00000008.wav,abnormal,0.6396076268898394,0.5823692910181537,0.24402122795581818
fan,id_04,00000009.wav,abnormal,-0.49497553563622,0.4739206047556098,0.1433733031153679
fan,id_04,00000010.wav,abnormal,-0.5733283596268333,0.46061513046876595,0.13198652416467666
fan,id_04,00000011.wav,abnormal,0.09057074989221192,0.5308757175744097,0.19198513627052308
fan,id_04,00000012.wav,abnormal,-0.21088128037099274,0.5177928215024964,0.1768879383802414
fan,id_04,00000013.wav,abnormal,-0.15768712298755538,0.5236626045620502,0.19210695922374726
fan,id_04,00000014.wav,abnormal,-0.25954440054025696,0.5299107256309252,0.1915407359600067
fan,id_04,00000015.wav,abnormal,-0.5935251291854016,0.4822479940999899,0.13682509064674378
fan,id_04,00000016.wav,abnormal,0.5505193313180339,0.5887025151012819,0.250763812661171
fan,id_04,00000017.wav,abnormal,0.4321212634023901,0.5702654626772279,0.2320938676595688
fan,id_04,00000018.wav,abnormal,0.3054882352678554,0.5283856252816252,0.19494127929210664
fan,id_04,00000019.wav,abnormal,-0.48303575730374426,0.4879883963011693,0.15102707743644714
fan,id_04,00000020.wav,abnormal,-0.8276206734193678,0.42613827922028064,0.10765152275562287
fan,id_04,00000021.wav,abnormal,-1.0234444284562016,0.41335789836868125,0.13229625821113586
fan,id_04,00000022.wav,abnormal,-0.03608344519111206,0.5157957051730099,0.17556495368480682
fan,id_04,00000023.wav,abnormal,-0.33314694877637585,0.47652873016289593,0.13694821894168854
fan,id_04,00000024.wav,abnormal,0.5970895940684446,0.5712587896057147,0.2967674553394318
fan,id_04,00000025.wav,abnormal,-0.09904617883412925,0.5178439763455377,0.16371380984783174
fan,id_04,00000026.wav,abnormal,0.8324857059234851,0.6059530724082771,0.2761040419340134
fan,id_04,00000027.wav,abnormal,-0.15576694697512572,0.49448503453024817,0.15993308871984482
fan,id_04,00000028.wav,abnormal,0.433005027923711,0.5711401623083714,0.22498708665370942
fan,id_04,00000029.wav,abnormal,-0.006357189966736954,0.5302617338934238,0.18039452731609346
fan,id_04,00000030.wav,abnormal,0.2024752641362184,0.5366421500057519,0.21667984127998352
fan,id_04,00000031.wav,abnormal,-0.03571734396525983,0.5011577457778897,0.17421600222587585
fan,id_04,00000032.wav,abnormal,0.16766435842285965,0.5553437861808241,0.22677921652793884
fan,id_04,00000033.wav,abnormal,-0.4504816399524465,0.4779876834596701,0.13446197807788848
fan,id_04,00000034.wav,abnormal,-0.4179798620722668,0.4741137575611545,0.14908105581998826
fan,id_04,00000035.wav,abnormal,0.4729688780013017,0.5640351199257779,0.22717826068401337
fan,id_04,00000036.wav,abnormal,0.39046220068032156,0.5583341847127156,0.2281181037425995
fan,id_04,00000037.wav,abnormal,0.6512433881542954,0.5803887685148721,0.23685311675071716
fan,id_04,00000038.wav,abnormal,0.40498802376193765,0.5686072958732945,0.26620263159275054
fan,id_04,00000039.wav,abnormal,0.6626209463515984,0.5575688718831004,0.2548656791448593
fan,id_04,00000040.wav,abnormal,0.551331107374649,0.5854010852687954,0.3070982038974762
fan,id_04,00000041.wav,abnormal,0.326357942030306,0.5497632400442192,0.22150041162967682
fan,id_04,00000042.wav,abnormal,-0.13543454422123347,0.5405358584739004,0.22497546076774597
fan,id_04,00000043.wav,abnormal,-0.48692833252217227,0.4817013466848848,0.16757147312164306
fan,id_04,00000044.wav,abnormal,-0.6607623699439529,0.46502891641959143,0.14282850921154022
fan,id_04,00000045.wav,abnormal,0.25508646864285645,0.545980028689436,0.21549589931964874
fan,id_04,00000046.wav,abnormal,-0.11160506577628837,0.5155773975803973,0.16188776940107347
fan,id_04,00000047.wav,abnormal,0.05633507189097564,0.5390478373981754,0.20388390719890595
fan,id_04,00000048.wav,abnormal,0.0028309751796218308,0.5193201455883194,0.17254628539085387
fan,id_04,00000049.wav,abnormal,-0.3603341168932417,0.4937158895368558,0.15128158330917357
fan,id_04,00000050.wav,abnormal,0.9756553260260272,0.6024439093216323,0.2969094514846802
fan,id_04,00000051.wav,abnormal,-0.03194581916852535,0.5225037441416222,0.1802554816007614
fan,id_04,00000052.wav,abnormal,0.3426135668274899,0.5561025596856862,0.22421301007270814
fan,id_04,00000053.wav,abnormal,0.5608093123643219,0.5728236557387618,0.23251794874668122
fan,id_04,00000054.wav,abnormal,1.0487520843453755,0.6125419489952558,0.34017263650894164
fan,id_04,00000055.wav,abnormal,-0.9162307215137204,0.4140042212632358,0.10506450831890106
fan,id_04,00000056.wav,abnormal,-0.12729875429700854,0.5282087374445493,0.22334671020507812
fan,id_04,00000057.wav,abnormal,-0.3762915908147786,0.49252527079967284,0.13783830851316453
fan,id_04,00000058.wav,abnormal,0.6780964663150666,0.5801839995316724,0.25213612914085387
fan,id_04,00000059.wav,abnormal,-0.18770269014683016,0.49824829872876647,0.15434574484825134
fan,id_04,00000060.wav,abnormal,-0.031283492046842554,0.5496041390812534,0.2266974478960037
fan,id_04,00000061.wav,abnormal,-0.5791572041481068,0.47290704260943706,0.13292832672595978
fan,id_04,00000062.wav,abnormal,-0.6229091210156206,0.4964514527959815,0.1767360746860504
fan,id_04,00000063.wav,abnormal,0.06068979733566238,0.5177108789736612,0.18339399099349976
fan,id_04,00000064.wav,abnormal,-0.6687690443209053,0.41850958465898447,0.10963460206985473
fan,id_04,00000065.wav,abnormal,1.1827811145023883,0.6020517050081653,0.3649114966392517
fan,id_04,00000066.wav,abnormal,-0.6808741131153404,0.42843495524443065,0.11566266715526581
fan,id_04,00000067.wav,abnormal,0.7774641596126415,0.5744670174048429,0.28997465372085574
fan,id_04,00000068.wav,abnormal,0.08292338008564215,0.5539297434601899,0.24732039868831635
fan,id_04,00000069.wav,abnormal,0.7392461319724557,0.5803962369874887,0.2562888264656067
fan,id_04,00000070.wav,abnormal,0.41806470298225484,0.556945952123151,0.21004118621349335
fan,id_04,00000071.wav,abnormal,-0.09086052503277742,0.5216915220097902,0.2074570506811142
fan,id_04,00000072.wav,abnormal,0.21056938633224753,0.5540778206572466,0.21124559938907622
fan,id_04,00000073.wav,abnormal,-0.1000817879405389,0.48215448814432454,0.14777220487594606
fan,id_04,00000074.wav,abnormal,-0.27792302658790113,0.5038144078965157,0.15896093845367432
fan,id_04,00000075.wav,abnormal,-0.5835276112232162,0.485988164102343,0.1917004644870758
fan,id_04,00000076.wav,abnormal,0.557665832605986,0.5728231735913407,0.235716512799263
fan,id_04,00000077.wav,abnormal,0.26803479586868484,0.5456178807606128,0.20941989123821259
fan,id_04,00000078.wav,abnormal,-0.6807110556119724,0.444411585293889,0.11469276547431946
fan,id_04,00000079.wav,abnormal,-0.02014358751258527,0.5189405438058388,0.17003639340400695
fan,id_04,00000080.wav,abnormal,-0.480711983484424,0.4879327312904972,0.13268587440252305
fan,id_04,00000081.wav,abnormal,1.3989738380239594,0.5943056968515551,0.3251684784889221
fan,id_04,00000082.wav,abnormal,-0.12432073190298709,0.5404328198265793,0.19191287755966185
fan,id_04,00000083.wav,abnormal,-0.49865547694459167,0.49480775314654885,0.12198876887559891
fan,id_04,00000084.wav,abnormal,0.2566220142708566,0.5531241653796087,0.2201342076063156
fan,id_04,00000085.wav,abnormal,-0.4308632442619089,0.4745531539829434,0.13942526280879974
fan,id_04,00000086.wav,abnormal,-0.2847326923950906,0.47385997413982706,0.1461752325296402
fan,id_04,00000087.wav,abnormal,0.09759137780839922,0.5116171430258039,0.17991605997085572
fan,id_04,00000088.wav,abnormal,-0.1051812943635575,0.5222621546130823,0.17365769445896148
fan,id_04,00000089.wav,abnormal,0.9202867136740682,0.5726416936684562,0.2712663054466248
fan,id_04,00000090.wav,abnormal,-0.2581741916406308,0.5041296465146995,0.16011766195297242
fan,id_04,00000091.wav,abnormal,0.6414209967487032,0.5842962874007233,0.2589608162641525
fan,id_04,00000092.wav,abnormal,-0.2715776985271603,0.49885697843961424,0.15719358026981353
fan,id_04,00000093.wav,abnormal,-0.1532024572574855,0.5077451389297455,0.17701678574085236
fan,id_04,00000094.wav,abnormal,0.10375393914356756,0.5409509322732289,0.1857792466878891
fan,id_04,00000095.wav,abnormal,-0.06449001204428306,0.5139628621459122,0.16120536923408507
fan,id_04,00000096.wav,abnormal,-0.2968936593261233,0.5025573908106894,0.1680478721857071
fan,id_04,00000097.wav,abnormal,-0.33974238170675264,0.5204301869716363,0.18417611122131347
fan,id_04,00000098.wav,abnormal,0.26827133881762855,0.5364088886560294,0.20728641450405122
fan,id_04,00000099.wav,abnormal,-0.6052813519409277,0.4528736803375712,0.163239087164402
fan,id_04,00000100.wav,abnormal,0.004371348373648942,0.5462051995281446,0.20371013879776
fan,id_04,00000101.wav,abnormal,0.4371990333501685,0.5542155116821901,0.2240559458732605
fan,id_04,00000102.wav,abnormal,0.5279434905832687,0.5592400376971546,0.24201551973819732
fan,id_04,00000103.wav,abnormal,-0.18771358117757408,0.4957775339196822,0.15739145874977112
fan,id_04,00000104.wav,abnormal,0.16588826621483221,0.5268746137553737,0.19302028715610503
fan,id_04,00000105.wav,abnormal,-0.4499088754927101,0.4713547229057237,0.13851237446069717
fan,id_04,00000106.wav,abnormal,-0.20188851332078706,0.48549659442559145,0.1571885511279106
fan,id_04,00000107.wav,abnormal,-0.5908721674470048,0.4585340766502467,0.12240812927484512
fan,id_04,00000108.wav,abnormal,1.0522722735645171,0.6057867765610812,0.3127975702285767
fan,id_04,00000109.wav,abnormal,0.0034596807182758482,0.5448984707276665,0.18775414526462555
fan,id_04,00000110.wav,abnormal,-0.04818309733661508,0.549659246014405,0.21827379763126373
fan,id_04,00000111.wav,abnormal,-0.7220897416386656,0.38397112488807617,0.09437394142150879
fan,id_04,00000112.wav,abnormal,-0.032884419631917794,0.4554211819783734,0.1178843230009079
fan,id_04,00000113.wav,abnormal,0.409118106638255,0.5629212068621876,0.22760654389858245
fan,id_04,00000114.wav,abnormal,-0.8712408605348845,0.39982105114192795,0.12068960815668106
fan,id_04,00000115.wav,abnormal,-0.3189980067558569,0.4966413453305467,0.2006462424993515
fan,id_04,00000116.wav,abnormal,-0.8295749366836116,0.408123251787449,0.09091303646564483
fan,id_04,00000117.wav,abnormal,-0.6818628781522023,0.47345113344078193,0.13270608335733414
fan,id_04,00000118.wav,abnormal,-0.7221172613383526,0.4709375124531761,0.17540667355060577
fan,id_04,00000119.wav,abnormal,-1.073967477235355,0.38283123335267133,0.08014424592256546
fan,id_04,00000120.wav,abnormal,-0.9947809335492774,0.39190960709280126,0.08093715161085129
fan,id_04,00000121.wav,abnormal,-0.5526419784059282,0.4562804574562438,0.12434562593698502
fan,id_04,00000122.wav,abnormal,-0.643010291686565,0.4071957149031306,0.10468868166208267
fan,id_04,00000123.wav,abnormal,-0.8785225030811148,0.42191219485672976,0.13250658959150313
fan,id_04,00000124.wav,abnormal,-1.0295227650203582,0.3679142582654508,0.09368854463100433
fan,id_04,00000125.wav,abnormal,-0.4612482918547638,0.40775416941688825,0.07369961142539978
fan,id_04,00000126.wav,abnormal,-0.5919211260693942,0.4011528099322559,0.10535220354795456
fan,id_04,00000127.wav,abnormal,-0.8319916871757442,0.3824497089540865,0.09230306148529052
fan,id_04,00000128.wav,abnormal,-0.6552617936149421,0.4005086983691072,0.09371019601821899
fan,id_04,00000129.wav,abnormal,-0.11393771517358964,0.5385019278769683,0.25076712667942047
fan,id_04,00000130.wav,abnormal,-0.44384859884209327,0.4261143296667386,0.09905403554439544
fan,id_04,00000131.wav,abnormal,-1.0403866648292688,0.378750201179444,0.09505630880594254
fan,id_04,00000132.wav,abnormal,-0.7272095802448515,0.38829999200046056,0.07895648330450059
fan,id_04,00000133.wav,abnormal,-0.5686814541608918,0.43400907385061327,0.11098214238882065
fan,id_04,00000134.wav,abnormal,-0.752345050116336,0.3817583546008676,0.08848403543233871
fan,id_04,00000135.wav,abnormal,-0.8212220505009356,0.4019792035882949,0.10699783861637116
fan,id_04,00000136.wav,abnormal,-0.022787295568637234,0.5503611663856601,0.2329520106315613
fan,id_04,00000137.wav,abnormal,0.5219037886552034,0.5599184498116482,0.21203228533267976
fan,id_04,00000138.wav,abnormal,-0.06629342081098066,0.4872435497743978,0.1777365267276764
fan,id_04,00000139.wav,abnormal,-0.2082694827048197,0.46690933040646104,0.1086455225944519
fan,id_04,00000140.wav,abnormal,-1.034726065214075,0.39619598500345465,0.09006059020757676
fan,id_04,00000141.wav,abnormal,-0.7857878549382153,0.3857119524880549,0.08223250806331635
fan,id_04,00000142.wav,abnormal,-0.4476666970076657,0.430687302921115,0.11081292182207107
fan,id_04,00000143.wav,abnormal,-0.8032640255535899,0.38525897117957575,0.07995924800634384
fan,id_04,00000144.wav,abnormal,-0.27088904824561233,0.4112062392945814,0.08915635645389557
fan,id_04,00000145.wav,abnormal,0.4274332424676821,0.588757785426304,0.29315409660339353
fan,id_04,00000146.wav,abnormal,-0.9798800957662586,0.39488134271865966,0.08422214165329933
fan,id_04,00000147.wav,abnormal,-0.3902194611779404,0.4717421343028615,0.17026682645082475
fan,id_04,00000148.wav,abnormal,-0.5953642686133716,0.39934820102571833,0.09621955901384353
fan,id_04,00000149.wav,abnormal,-0.719247815552734,0.4836849419486244,0.1603503257036209
fan,id_04,00000150.wav,abnormal,0.394171689213346,0.5566606557912731,0.23599453568458556
fan,id_04,00000151.wav,abnormal,-0.8540396840518198,0.3912751897134353,0.08632274717092514
fan,id_04,00000152.wav,abnormal,-0.6974646981954269,0.5109059059145133,0.18088247179985045
fan,id_04,00000153.wav,abnormal,-0.8524137058443344,0.4440963020922572,0.19618866443634034
fan,id_04,00000154.wav,abnormal,-0.3701317178481798,0.4154551149299879,0.09642072767019272
fan,id_04,00000155.wav,abnormal,-0.8277231201816075,0.39766304719282175,0.10150793492794037
fan,id_04,00000156.wav,abnormal,-0.40009474462267924,0.42499751145879155,0.11490999907255173
fan,id_04,00000157.wav,abnormal,-0.9762349387917748,0.3777738999240613,0.07804959714412689
fan,id_04,00000158.wav,abnormal,-0.7340212667214221,0.3824529996356875,0.08396840319037438
fan,id_04,00000159.wav,abnormal,-0.34218054248088237,0.43897039646606756,0.11872321665287018
fan,id_04,00000160.wav,abnormal,0.32099800908732057,0.48987594026003084,0.10137239918112755
fan,id_04,00000161.wav,abnormal,0.5122499767888158,0.517092399556647,0.23185232579708098
fan,id_04,00000162.wav,abnormal,0.05089378585877746,0.5783192478926392,0.20171582996845244
fan,id_04,00000163.wav,abnormal,-0.1620601203423444,0.4459963474609024,0.11035329550504684
fan,id_04,00000164.wav,abnormal,-0.46191078269808017,0.43691199556171467,0.11868510097265243
fan,id_04,00000165.wav,abnormal,-0.969970414287852,0.3717078260591244,0.07821470201015472
fan,id_04,00000166.wav,abnormal,-0.47683060217656603,0.4786777600870922,0.22184014320373535
fan,id_04,00000167.wav,abnormal,-0.456452079339595,0.4044408400351088,0.09127560555934906
fan,id_04,00000168.wav,abnormal,-0.04075526321889633,0.47231151175781133,0.12461259216070175
fan,id_04,00000169.wav,abnormal,-0.054609516941308556,0.45642664207608186,0.11124584525823593
fan,id_04,00000170.wav,abnormal,-0.006112374068473869,0.45098944603410973,0.0987821340560913
fan,id_04,00000171.wav,abnormal,-0.39320019958631214,0.4315265540337951,0.11131704747676849
fan,id_04,00000172.wav,abnormal,-0.4870075375291112,0.4000057690859595,0.07683901339769364
fan,id_04,00000173.wav,abnormal,-0.8303553031870852,0.3732829252362348,0.0685346819460392
fan,id_04,00000174.wav,abnormal,-0.6540362244334919,0.4561824792339616,0.13951404243707657
fan,id_04,00000175.wav,abnormal,-0.7035871460125911,0.3825335380019797,0.09998737573623658
fan,id_04,00000176.wav,abnormal,-0.8781396798665906,0.3923476726965219,0.11341997981071472
fan,id_04,00000177.wav,abnormal,-0.8952662137132101,0.3711187264425656,0.08981507420539855
fan,id_04,00000178.wav,abnormal,-0.5632328678829808,0.43562378446732736,0.13339295238256454
fan,id_04,00000179.wav,abnormal,-0.08764503099499521,0.46381630599509116,0.12883319407701493
fan,id_04,00000180.wav,abnormal,-0.667118018452376,0.3763241549700902,0.07344467341899871
fan,id_04,00000181.wav,abnormal,1.2384034888647477,0.5819982114352952,0.33744696378707884
fan,id_04,00000182.wav,abnormal,-0.038418591534588487,0.4766640809023507,0.13117931485176088
fan,id_04,00000183.wav,abnormal,-1.0172361417735285,0.3794204416093745,0.10274436324834824
fan,id_04,00000184.wav,abnormal,-0.7442135779958416,0.37744851492653775,0.07878007739782333
fan,id_04,00000185.wav,abnormal,-0.7343397702401742,0.38019157170365275,0.08828058987855911
fan,id_04,00000186.wav,abnormal,-0.6041768596983488,0.4033622069549578,0.11458532363176346
fan,id_04,00000187.wav,abnormal,-0.8010025419008713,0.41146105442734277,0.13747795522212983
fan,id_04,00000188.wav,abnormal,-0.7262658021171902,0.37435980157341636,0.07822073400020599
fan,id_04,00000189.wav,abnormal,-0.45977115732972074,0.4565544463512408,0.1666324883699417
fan,id_04,00000190.wav,abnormal,-0.6544095932853828,0.39994012187599126,0.09231363236904144
fan,id_04,00000191.wav,abnormal,-0.04791213544410944,0.4888329111511068,0.16421407759189605
fan,id_04,00000192.wav,abnormal,-1.1342192210437876,0.40342172132199916,0.12549345195293427
fan,id_04,00000193.wav,abnormal,-0.4241784912175639,0.5075019966683217,0.19580383896827697
fan,id_04,00000194.wav,abnormal,-1.034044003836529,0.4366382150791707,0.15811361819505693
fan,id_04,00000195.wav,abnormal,-0.15686391018521384,0.4715597066840642,0.1681885689496994
fan,id_04,00000196.wav,abnormal,0.7034992795688737,0.6071601404832939,0.2995526283979416
fan,id_04,00000197.wav,abnormal,1.688867711954833,0.6386444612159244,0.4197993755340576
fan,id_04,00000198.wav,abnormal,-0.6062870585459716,0.38189522631694256,0.0714602954685688
fan,id_04,00000199.wav,abnormal,-0.8854961248209055,0.39673764398575917,0.11560836434364319
fan,id_04,00000200.wav,abnormal,-0.6054542306872843,0.4483597415997733,0.14323104172945023
fan,id_04,00000201.wav,abnormal,-0.7754033897108901,0.4169185483856184,0.11474947482347489
fan,id_04,00000202.wav,abnormal,1.2563150526470146,0.6236790964004317,0.24336352944374084
fan,id_04,00000203.wav,abnormal,0.46970370095255376,0.5370939949810465,0.16782079339027406
fan,id_04,00000204.wav,abnormal,-0.713709731024144,0.4147807454637322,0.12834200412034988
fan,id_04,00000205.wav,abnormal,0.5900439916402753,0.5165378107391867,0.2196371525526047
fan,id_04,00000206.wav,abnormal,0.2663686690135929,0.5480401001705253,0.23474424481391906
fan,id_04,00000207.wav,abnormal,-0.9724660974341468,0.43615585649575794,0.17503251731395722
fan,id_04,00000208.wav,abnormal,-0.6475539570913202,0.3927378894171734,0.10571339279413224
fan,id_04,00000209.wav,abnormal,-0.5589637763632247,0.4114766888605956,0.09177048206329345
fan,id_04,00000210.wav,abnormal,-0.8474814319736748,0.390223812732,0.09218490868806839
fan,id_04,00000211.wav,abnormal,-0.4591320576248208,0.48595325091767094,0.18689953088760375
fan,id_04,00000212.wav,abnormal,-0.808235179176851,0.3915648928531906,0.0758188396692276
fan,id_04,00000213.wav,abnormal,0.8029637847615536,0.5723719947346564,0.1827175423502922
fan,id_04,00000214.wav,abnormal,2.1559586143886076,0.661498907357849,0.4014658212661743
fan,id_04,00000215.wav,abnormal,-0.18362532812499666,0.467202439740734,0.14330283552408218
fan,id_04,00000216.wav,abnormal,-0.18637269947852886,0.493279782908441,0.13226503878831863
fan,id_04,00000217.wav,abnormal,-0.03915032848827593,0.5081712868024615,0.16506749987602234
fan,id_04,00000218.wav,abnormal,-0.5023646548434151,0.4037845759907264,0.08676873445510865
fan,id_04,00000219.wav,abnormal,-0.02436647333096076,0.4598393781927438,0.1053597867488861
fan,id_04,00000220.wav,abnormal,-0.32642517409170146,0.45279647206374357,0.1385811984539032
fan,id_04,00000221.wav,abnormal,-0.5777589611787306,0.3842810505462223,0.06245400980114937
fan,id_04,00000222.wav,abnormal,0.6529901784499135,0.600222750319093,0.25934332609176636
fan,id_04,00000223.wav,abnormal,-0.5346061103344812,0.4451152463889869,0.1199096143245697
fan,id_04,00000224.wav,abnormal,-0.12051978422898912,0.5026006403474645,0.16677800714969634
fan,id_04,00000225.wav,abnormal,-0.1473258979410339,0.544934845217319,0.2301459401845932
fan,id_04,00000226.wav,abnormal,-0.4620068482490023,0.413341630789455,0.08867833018302917
fan,id_04,00000227.wav,abnormal,-0.018061357828141666,0.541689679784996,0.20009577572345733
fan,id_04,00000228.wav,abnormal,-0.5449832264958658,0.44125212347434867,0.13179052174091338
fan,id_04,00000229.wav,abnormal,-1.0805186372855307,0.3780530662860582,0.08234158307313919
fan,id_04,00000230.wav,abnormal,0.4389832845875308,0.5509292386685178,0.20116154849529266
fan,id_04,00000231.wav,abnormal,0.5534185433184575,0.5856791055262781,0.26081271171569825
fan,id_04,00000232.wav,abnormal,-0.2734530871169447,0.4369015541108807,0.0947522133588791
fan,id_04,00000233.wav,abnormal,-0.6223123491011382,0.3761601908655832,0.07560494095087052
fan,id_04,00000234.wav,abnormal,-0.1438579574381933,0.4663367201703798,0.11251668184995652
fan,id_04,00000235.wav,abnormal,0.00399074768792218,0.5438925703020719,0.22408839464187622
fan,id_04,00000236.wav,abnormal,-0.3486020089987516,0.44821549264513366,0.09669234380125999
fan,id_04,00000237.wav,abnormal,-0.4402434349383242,0.400517534944101,0.07923752367496491
fan,id_04,00000238.wav,abnormal,0.7347465712208869,0.5309418749658289,0.25968472957611083
fan,id_04,00000239.wav,abnormal,-1.0286837587062774,0.41850449985588845,0.14445874989032745
fan,id_04,00000240.wav,abnormal,-0.059843080695598516,0.5257746095890008,0.168872432410717
fan,id_04,00000241.wav,abnormal,-0.4668485427787097,0.4272363804603495,0.07901829332113267
fan,id_04,00000242.wav,abnormal,-0.5349759111993606,0.4565207967985485,0.1539417952299118
fan,id_04,00000243.wav,abnormal,-0.33578807231243424,0.4212637377544325,0.08015405014157295
fan,id_04,00000244.wav,abnormal,-0.7856206658181524,0.4659179753679025,0.1479041025042534
fan,id_04,00000245.wav,abnormal,-0.2398161121568272,0.45318954528006855,0.10975127816200256
fan,id_04,00000246.wav,abnormal,0.6547254953062218,0.5803682143234933,0.15542189925909042
fan,id_04,00000247.wav,abnormal,-0.43183090638624044,0.5216907969628986,0.18662759512662888
fan,id_04,00000248.wav,abnormal,-0.33610387386712226,0.44121237679453107,0.0882358968257904
fan,id_04,00000249.wav,abnormal,2.1065039707853614,0.6095854339468638,0.45617278218269347
fan,id_04,00000250.wav,abnormal,-0.4017417361102691,0.5037074538187325,0.16445355117321014
fan,id_04,00000251.wav,abnormal,-0.6188244803178531,0.3865463267472852,0.060696950554847716
fan,id_04,00000252.wav,abnormal,-0.6260968964973088,0.4219053826692865,0.11664572358131409
fan,id_04,00000253.wav,abnormal,0.32511263379515754,0.4998833701531767,0.16575697660446168
fan,id_04,00000254.wav,abnormal,0.7973956675208846,0.5375905556687964,0.25561792552471163
fan,id_04,00000255.wav,abnormal,-0.12457460711617152,0.4957593744574124,0.14563231766223908
fan,id_04,00000256.wav,abnormal,-0.27751497929655855,0.44688274847728443,0.08896843120455741
fan,id_04,00000257.wav,abnormal,-0.5822028865181199,0.5040002733438294,0.17344800755381584
fan,id_04,00000258.wav,abnormal,-0.284399014689777,0.43252485639433336,0.10837264657020569
fan,id_04,00000259.wav,abnormal,0.22989657249879691,0.5114779339449749,0.19601009786128998
fan,id_04,00000260.wav,abnormal,-0.361212003248891,0.39132807938718656,0.06253780052065849
fan,id_04,00000261.wav,abnormal,0.014400167625007398,0.4710317052991727,0.1213134229183197
fan,id_04,00000262.wav,abnormal,-0.8267786554476828,0.3869166764831807,0.09822466373443603
fan,id_04,00000263.wav,abnormal,-0.2857802749091931,0.47944465406055037,0.15800812244415283
fan,id_04,00000264.wav,abnormal,0.9398245822469597,0.6182111385875184,0.2905928581953049
fan,id_04,00000265.wav,abnormal,-0.4943293040497938,0.5033581672822538,0.1918894350528717
fan,id_04,00000266.wav,abnormal,-0.9471813596117986,0.38294001155964363,0.09986276924610138
fan,id_04,00000267.wav,abnormal,-0.3709612418260271,0.44073930959209684,0.10789318084716797
fan,id_04,00000268.wav,abnormal,-0.33076926398577733,0.45034187968561074,0.11023970544338227
fan,id_04,00000269.wav,abnormal,0.10738610977606555,0.49577992795318665,0.18108831942081452
fan,id_04,00000270.wav,abnormal,-0.028629875742762323,0.5251736830739582,0.155701644718647
fan,id_04,00000271.wav,abnormal,0.2909837503939201,0.5337580698804798,0.12382688149809837
fan,id_04,00000272.wav,abnormal,0.07143131544718884,0.518140438089121,0.15928754955530167
fan,id_04,00000273.wav,abnormal,-0.5021940221169707,0.5227395906025438,0.18145397901535035
fan,id_04,00000274.wav,abnormal,-0.8734336284134212,0.46377499863839133,0.1689383029937744
fan,id_04,00000275.wav,abnormal,-0.37409432309257795,0.4141476889639178,0.0738376334309578
fan,id_04,00000276.wav,abnormal,-0.8181654575835697,0.4328946323554773,0.12716008126735687
fan,id_04,00000277.wav,abnormal,-0.3341886164608585,0.4630175596670285,0.12541033402085305
fan,id_04,00000278.wav,abnormal,-0.31621424030493017,0.5233071899408105,0.1783096820116043
fan,id_04,00000279.wav,abnormal,-0.6129680279389014,0.4809224756704098,0.13737488090991973
fan,id_04,00000280.wav,abnormal,-0.5215509963624125,0.40234755449899057,0.087528994679451
fan,id_04,00000281.wav,abnormal,-0.8145455015749157,0.4387906366618332,0.13520581424236297
fan,id_04,00000282.wav,abnormal,0.037325649101040526,0.5159178583477743,0.12404635399580002
fan,id_04,00000283.wav,abnormal,-0.008011499343744788,0.4714613791329651,0.12292316257953644
fan,id_04,00000284.wav,abnormal,-0.7199037554159702,0.40933095397858776,0.11140097677707672
fan,id_04,00000285.wav,abnormal,-0.38533900382533304,0.4632535145160138,0.1532016932964325
fan,id_04,00000286.wav,abnormal,-0.43003567212312,0.4232902158557341,0.08779006153345108
fan,id_04,00000287.wav,abnormal,-0.43898745507416237,0.5191076791460182,0.19869847893714904
fan,id_04,00000288.wav,abnormal,-0.4845737528539207,0.4673878358126379,0.13143482506275178
fan,id_04,00000289.wav,abnormal,-0.45959718084906065,0.4724948861130981,0.13083842545747756
fan,id_04,00000290.wav,abnormal,0.5433271749260644,0.5710680605828281,0.18951279520988465
fan,id_04,00000291.wav,abnormal,-0.24654363112377098,0.43171412811783755,0.09767677932977677
fan,id_04,00000292.wav,abnormal,-0.32326538964049156,0.4333442804162921,0.11724422425031662
fan,id_04,00000293.wav,abnormal,-0.4345198776995378,0.4390056855201951,0.11790537983179092
fan,id_04,00000294.wav,abnormal,-0.2058316152236408,0.438160678263782,0.08919348418712617
fan,id_04,00000295.wav,abnormal,-0.35984796686807563,0.4007636240888625,0.06728136092424393
fan,id_04,00000296.wav,abnormal,-0.21467187789411035,0.41735040690862046,0.08121546506881713
fan,id_04,00000297.wav,abnormal,-0.6952814739062791,0.3906058876812149,0.08882637470960617
fan,id_04,00000298.wav,abnormal,-0.5447066344551619,0.46156032845502704,0.1470357745885849
fan,id_04,00000299.wav,abnormal,-0.1575058420917479,0.4409498200305125,0.09836974665522576
fan,id_04,00000300.wav,abnormal,0.8097915204035306,0.5298424491788991,0.22725900113582612
fan,id_04,00000301.wav,abnormal,-0.43799641940361767,0.5129503723019723,0.21939557194709777
fan,id_04,00000302.wav,abnormal,-0.5281523296521105,0.4087603615296324,0.09290364533662795
fan,id_04,00000303.wav,abnormal,1.7920297637868483,0.6122563672011989,0.39080519676208497
fan,id_04,00000304.wav,abnormal,-0.7043214997697742,0.4184265332384975,0.11178850382566452
fan,id_04,00000305.wav,abnormal,0.10790565631888605,0.48191260846339845,0.1263268083333969
fan,id_04,00000306.wav,abnormal,-1.072001824213583,0.4139995831346178,0.163909387588501
fan,id_04,00000307.wav,abnormal,-0.5697114665932901,0.4585699661394275,0.1378146454691887
fan,id_04,00000308.wav,abnormal,0.14226616626862665,0.4892152195081982,0.1413724109530449
fan,id_04,00000309.wav,abnormal,-0.38408970043746926,0.49950716165347403,0.17929777801036834
fan,id_04,00000310.wav,abnormal,-0.07243257143110071,0.45844170115561333,0.11446793973445893
fan,id_04,00000311.wav,abnormal,-0.1642848963446859,0.4343198367408634,0.08596013337373734
fan,id_04,00000312.wav,abnormal,-0.5819550659337107,0.415671941806905,0.09206959456205369
fan,id_04,00000313.wav,abnormal,-0.4207599435149749,0.4751768260995792,0.14109989106655121
fan,id_04,00000314.wav,abnormal,-0.11474997927211916,0.4386856659639198,0.08949165940284728
fan,id_04,00000315.wav,abnormal,2.698370290040298,0.6323783853474757,0.5195963740348816
fan,id_04,00000316.wav,abnormal,-0.6091849278708725,0.44689178240511784,0.1292728841304779
fan,id_04,00000317.wav,abnormal,-0.8933858186441022,0.47158333142760606,0.17600777000188828
fan,id_04,00000318.wav,abnormal,0.522489290584069,0.535755926329855,0.1910824418067932
fan,id_04,00000319.wav,abnormal,-0.7926104912918586,0.4798638902375986,0.17453185319900513
fan,id_04,00000320.wav,abnormal,-0.18671243941699878,0.4364283631520224,0.10449105352163315
fan,id_04,00000321.wav,abnormal,2.0493537032727644,0.6590477720325547,0.37291048765182494
fan,id_04,00000322.wav,abnormal,-0.011250868440118467,0.5367354759639076,0.18873593509197234
fan,id_04,00000323.wav,abnormal,-0.5879303668506388,0.45050787590977964,0.12973811775445937
fan,id_04,00000324.wav,abnormal,-0.548430026570971,0.463210577577882,0.14094441533088684
fan,id_04,00000325.wav,abnormal,0.6672671203025651,0.5240819461293801,0.2263944149017334
fan,id_04,00000326.wav,abnormal,-0.419114909061733,0.5211379108957668,0.1489742547273636
fan,id_04,00000327.wav,abnormal,-0.9538103543145535,0.4155546588790488,0.1150111511349678
fan,id_04,00000328.wav,abnormal,0.1953923084299536,0.5177826762358878,0.1803069829940796
fan,id_04,00000329.wav,abnormal,-0.4405162511761329,0.4344022888144436,0.12023570388555527
fan,id_04,00000330.wav,abnormal,0.018803808952426948,0.4708046393496297,0.13329336792230606
fan,id_04,00000331.wav,abnormal,-0.7636724334875993,0.4205519137247269,0.0919763796031475
fan,id_04,00000332.wav,abnormal,-0.8979663110901708,0.4093410097702032,0.09074723422527313
fan,id_04,00000333.wav,abnormal,-0.787653090597372,0.4424110089934456,0.14170093536376954
fan,id_04,00000334.wav,abnormal,0.48566985591401846,0.5517430387730632,0.3005556046962738
fan,id_04,00000335.wav,abnormal,-0.1447720522882836,0.45543468513720103,0.10184396803379059
fan,id_04,00000336.wav,abnormal,-1.018329025480261,0.4265705099927908,0.16086825728416443
fan,id_04,00000337.wav,abnormal,-0.5827147896348279,0.4997706375715018,0.19032884538173675
fan,id_04,00000338.wav,abnormal,-0.35974747067713864,0.5171119232547289,0.18563833832740784
fan,id_04,00000339.wav,abnormal,-0.9416836342582329,0.40083816994470506,0.10796741992235184
fan,id_04,00000340.wav,abnormal,-0.7796806181479958,0.42097567240713063,0.13524917662143707
fan,id_04,00000341.wav,abnormal,-0.2560969694959958,0.4555152814899511,0.11069841533899308
fan,id_04,00000342.wav,abnormal,0.5116127581369359,0.6017410801216762,0.2564931631088257
fan,id_04,00000343.wav,abnormal,-0.4371897499540083,0.45054572539256343,0.12272213101387024
fan,id_04,00000344.wav,abnormal,-0.39117219024143424,0.44174359464715857,0.11325205713510514
fan,id_04,00000345.wav,abnormal,-0.34440670737284407,0.467328896166225,0.1387178510427475
fan,id_04,00000346.wav,abnormal,0.09740670548822195,0.5056989721810953,0.14616182148456575
fan,id_04,00000347.wav,abnormal,-0.17310512020279134,0.44788480743138676,0.10095254629850388
fan,id_06,00000792.wav,normal,-0.8873940326073377,0.4297787142813437,0.18124016374349594
fan,id_06,00000969.wav,normal,-0.41390548353066237,0.4579286023682347,0.1582769423723221
fan,id_06,00000609.wav,normal,-0.7826678255345705,0.45088103091342946,0.1301266744732857
fan,id_06,00000628.wav,normal,-0.6398800321932683,0.38869724696699864,0.06285742968320847
fan,id_06,00000787.wav,normal,-0.4344795559766723,0.41414912275602545,0.0675474964082241
fan,id_06,00000619.wav,normal,0.49566460685026215,0.5514481485393858,0.23779482245445252
fan,id_06,00000348.wav,normal,-0.8653195407035561,0.46848789410311964,0.1779804289340973
fan,id_06,00000077.wav,normal,0.002073474597285241,0.4970222324914482,0.1781851828098297
fan,id_06,00000858.wav,normal,-0.826395387470777,0.4119686310611446,0.10168145149946213
fan,id_06,00000237.wav,normal,-0.9563471113778377,0.3887717836643549,0.10081338733434678
fan,id_06,00000447.wav,normal,2.0984479939974072,0.6645682662616647,0.4556248873472214
fan,id_06,00000100.wav,normal,-0.7423398559279839,0.3922867349814309,0.09367215186357498
fan,id_06,00000054.wav,normal,-0.22097136643582083,0.5194348422180607,0.19594461023807525
fan,id_06,00000354.wav,normal,-0.659105666094149,0.4294005047332858,0.14696465507149697
fan,id_06,00000763.wav,normal,-0.32573942663566413,0.4999799112052513,0.20146359503269196
fan,id_06,00000512.wav,normal,-0.4044858425456592,0.5277556004762507,0.2425144761800766
fan,id_06,00000968.wav,normal,-0.7450961096681166,0.437874786152388,0.12885570526123047
fan,id_06,00000741.wav,normal,-0.6628498247831835,0.44823844154097986,0.12959063202142715
fan,id_06,00000705.wav,normal,-0.451963415237266,0.4609879777779332,0.1130647137761116
fan,id_06,00000809.wav,normal,0.32705712195325454,0.5531582689796487,0.2733195751905441
fan,id_06,00000143.wav,normal,-0.47739161618227044,0.4063490431768517,0.0933905452489853
fan,id_06,00000757.wav,normal,-1.0873852202126546,0.4554203761164598,0.18906952142715455
fan,id_06,00000773.wav,normal,0.754099196292648,0.5564037901371852,0.307284414768219
fan,id_06,00000393.wav,normal,-0.024661568092213315,0.47142103586785605,0.16610561609268187
fan,id_06,00000933.wav,normal,-0.2693395764145645,0.4437640171314027,0.11436408162117004
fan,id_06,00000553.wav,normal,-0.8383865096924161,0.36666598099050207,0.06893690899014474
fan,id_06,00000693.wav,normal,-0.9753146859066621,0.3717870484154386,0.08001734763383865
fan,id_06,00000398.wav,normal,-1.137185796183788,0.45700685428887916,0.14653633683919906
fan,id_06,00000869.wav,normal,-0.2663144157922268,0.44704424302395585,0.1244909018278122
fan,id_06,00000854.wav,normal,-0.31335176926243413,0.5127918524336552,0.18564877659082413
fan,id_06,00000920.wav,normal,-0.45884867922659467,0.46748094402314233,0.2003311723470688
fan,id_06,00000978.wav,normal,-0.817086418424056,0.43156623026983754,0.164143306016922
fan,id_06,00000912.wav,normal,-1.1373994450924414,0.3820179605554096,0.09329301714897156
fan,id_06,00000166.wav,normal,-1.2214242506918698,0.4210764428604651,0.14725497663021087
fan,id_06,00000306.wav,normal,-0.44314135779605834,0.4132729719593961,0.09924230724573135
fan,id_06,00000078.wav,normal,1.2484829345614354,0.5700589558865131,0.26354534924030304
fan,id_06,00000407.wav,normal,-0.8022490515280953,0.3613870496135119,0.04034072868525982
fan,id_06,00000901.wav,normal,-0.00745516141734015,0.523000430203261,0.19212039709091186
fan,id_06,00000729.wav,normal,-0.5884258183263125,0.4559727724447598,0.1769535392522812
fan,id_06,00000840.wav,normal,-0.6035004795847847,0.5159108287725233,0.17761969268321992
fan,id_06,00000770.wav,normal,-0.17853908210557812,0.5285927229414539,0.23268631994724273
fan,id_06,00000147.wav,normal,-0.8781976027704719,0.37574317734363155,0.08266964405775071
fan,id_06,00000601.wav,normal,-0.24943572618316523,0.45621453919907307,0.12779274880886077
fan,id_06,00000212.wav,normal,-1.1355272230843365,0.37779395016095224,0.10187571197748184
fan,id_06,00001005.wav,normal,-0.7369258788777184,0.44291160566863924,0.19574677646160127
fan,id_06,00000322.wav,normal,-0.11633353731693674,0.5024891554065885,0.18289958983659743
fan,id_06,00000870.wav,normal,-0.540984250085863,0.4396647332658649,0.09960361719131469
fan,id_06,00000984.wav,normal,-0.48410276716493605,0.4303036159312333,0.11598310917615891
fan,id_06,00000033.wav,normal,-0.5795865664754789,0.4694240237783443,0.1270245611667633
fan,id_06,00000673.wav,normal,-1.0667752940594148,0.4221845235872876,0.09263547211885452
fan,id_06,00000577.wav,normal,-1.0356276132667226,0.41826150829877745,0.12584766000509262
fan,id_06,00000556.wav,normal,-0.4573801887118769,0.392439144845166,0.06628397107124329
fan,id_06,00000287.wav,normal,-0.7133029745221435,0.4451023844067755,0.10836694091558456
fan,id_06,00000959.wav,normal,-0.3731224907438655,0.43116367306157183,0.08718331009149552
fan,id_06,00000076.wav,normal,0.00781343502497478,0.44802253402257886,0.10114129781723022
fan,id_06,00000047.wav,normal,0.21390373261127138,0.47265367911239753,0.11158450692892075
fan,id_06,00000277.wav,normal,-0.3054923313526441,0.4103036733266848,0.08569483906030655
fan,id_06,00000486.wav,normal,-0.5375377699978188,0.5282021027962173,0.22351134419441224
fan,id_06,00000580.wav,normal,-0.8817918370616962,0.39276107602891364,0.08698723912239074
fan,id_06,00000908.wav,normal,-0.573928668354931,0.38695752606452816,0.06328046470880508
fan,id_06,00000708.wav,normal,0.5770642812243931,0.5111746779098258,0.19707719087600709
fan,id_06,00000888.wav,normal,-0.8479032198273959,0.3691779525658315,0.06665421426296234
fan,id_06,00000922.wav,normal,-0.43881455339374753,0.4377600407100323,0.13949879854917527
fan,id_06,00000216.wav,normal,-0.9977928176416029,0.44442430652194026,0.12971928715705872
fan,id_06,00000235.wav,normal,-1.1015052829163299,0.4078046995431515,0.13785645514726638
fan,id_06,00000043.wav,normal,-0.40285970415614614,0.41032074030816157,0.07580749094486236
fan,id_06,00000540.wav,normal,-0.7429023334397922,0.36247707183651157,0.03880054131150246
fan,id_06,00000916.wav,normal,-0.6953536752946192,0.39275216448180605,0.10941431075334548
fan,id_06,00000097.wav,normal,0.6356437465387099,0.5376478782598756,0.2513843297958374
fan,id_06,00000954.wav,normal,-0.5847598566235419,0.392124736275452,0.08311456590890884
fan,id_06,00000579.wav,normal,-0.2487413921049555,0.4153500039664377,0.08365263640880585
fan,id_06,00000339.wav,normal,-0.9705462349425336,0.4426194775749905,0.12714285403490067
fan,id_06,00000803.wav,normal,-0.40430013635954154,0.4453141962735628,0.1132294699549675
fan,id_06,00000660.wav,normal,-0.6700312693465484,0.3721604854146564,0.05259858518838882
fan,id_06,00000444.wav,normal,-0.6873078054782695,0.4239593367550041,0.10498962253332138
fan,id_06,00000865.wav,normal,0.8157987413121255,0.6316386571662881,0.3461709558963776
fan,id_06,00000511.wav,normal,-0.7106623718543048,0.45462510085263175,0.16533130407333374
fan,id_06,00000084.wav,normal,0.3348459181828307,0.541385734077393,0.1844765156507492
fan,id_06,00000175.wav,normal,-0.5920906271602036,0.43035634131288913,0.10862504988908768
fan,id_06,00000719.wav,normal,-0.3150280523736786,0.46582120660333465,0.12112680524587631
fan,id_06,00000009.wav,normal,-0.8923668387096875,0.4336259795713262,0.11588290333747864
fan,id_06,00000652.wav,normal,-0.08716227755138028,0.4921066045299492,0.1437954992055893
fan,id_06,00000057.wav,normal,0.5403312745692617,0.5242218352040212,0.2080884486436844
fan,id_06,00000487.wav,normal,-0.4897244824096294,0.42252458476258026,0.10067931562662125
fan,id_06,00000565.wav,normal,-0.42446513966178223,0.3872972410719757,0.0749853454530239
fan,id_06,00000386.wav,normal,-0.46701492943776657,0.39620737335521206,0.06761839836835862
fan,id_06,00000388.wav,normal,-0.18120210878403675,0.48264101685410127,0.22231686115264893
fan,id_06,00000966.wav,normal,1.0960654213755543,0.6320859783874628,0.3139504730701447
fan,id_06,00000095.wav,normal,-0.45427275167647707,0.48996274407127577,0.19128333181142806
fan,id_06,00000032.wav,normal,0.2602893231183643,0.5449042726912805,0.23090817630290986
fan,id_06,00000777.wav,normal,-0.058411630280525983,0.4595879590403491,0.1514170438051224
fan,id_06,00000665.wav,normal,-1.0615296629695088,0.4152456714571909,0.16662878692150115
fan,id_06,00000878.wav,normal,-0.6480561239228741,0.4459488292855933,0.17354996502399445
fan,id_06,00000669.wav,normal,1.0660802904151332,0.6057425129573382,0.31204894185066223
fan,id_06,00000082.wav,normal,-0.5134707494319244,0.4424607609139038,0.13676682487130165
fan,id_06,00000868.wav,normal,-0.821453774582988,0.38598652821475027,0.09619219899177552
fan,id_06,00000847.wav,normal,-0.5646747590907726,0.43228379220286867,0.12384869456291199
fan,id_06,00000700.wav,normal,-0.6628781600222471,0.4639130043378094,0.1535982996225357
fan,id_06,00000307.wav,normal,-0.1625823151295105,0.42664500407179573,0.0716198891401291
fan,id_06,00000231.wav,normal,-0.3496635384394171,0.532448424055377,0.21014054417610167
fan,id_06,00000713.wav,normal,0.947261880164632,0.5497181276737335,0.19718892276287078
fan,id_06,00000249.wav,normal,-0.6612119792202584,0.4708060824696284,0.12238015681505203
fan,id_06,00000578.wav,normal,-0.5695196463561771,0.42360351305016897,0.10628583580255509
fan,id_06,00000470.wav,normal,-0.055889817379993545,0.5191028565397157,0.20149116218090057
fan,id_06,00000415.wav,normal,-0.5968131519435307,0.42424730412827405,0.15182097852230073
fan,id_06,00000382.wav,normal,-0.8969056734810952,0.4382415139143435,0.15821312218904496
fan,id_06,00000080.wav,normal,-0.4215927551067242,0.38748455115788616,0.06499210074543953
fan,id_06,00000406.wav,normal,-0.955019647360233,0.364669986457639,0.06232133805751801
fan,id_06,00000814.wav,normal,-0.6822763702694452,0.46566658450170567,0.14260318726301194
fan,id_06,00000273.wav,normal,0.7004092380748688,0.5261579697614852,0.2077010989189148
fan,id_06,00000362.wav,normal,-1.016739850118059,0.38420136182544895,0.10501402467489243
fan,id_06,00000834.wav,normal,-0.419467599364177,0.46294510113380066,0.11488772332668304
fan,id_06,00000258.wav,normal,-0.9148091304545538,0.3772221803799015,0.09087601602077484
fan,id_06,00000539.wav,normal,-0.6856756889611848,0.3708801467128754,0.052973737567663194
fan,id_06,00000634.wav,normal,-0.6392048947796329,0.5185357456194872,0.20847724974155427
fan,id_06,00000196.wav,normal,-0.4557738137441891,0.4469038516174931,0.12113460004329682
fan,id_06,00000246.wav,normal,-0.9406255845766935,0.4088984979267676,0.12657751590013505
fan,id_06,00000152.wav,normal,-0.9848236177767475,0.4192582411550962,0.11065261363983155
fan,id_06,00000536.wav,normal,-0.6921925501770456,0.44074086107957716,0.13852629363536834
fan,id_06,00000098.wav,normal,-0.7088121825633742,0.37235722932844867,0.06465336307883263
fan,id_06,00000940.wav,normal,-1.223393707827615,0.38875983131803815,0.1181822769343853
fan,id_06,00000109.wav,normal,-0.9765220919675119,0.42665518404225455,0.12942454665899278
fan,id_06,00000183.wav,normal,-0.7444486467776166,0.3821866198919956,0.07638006657361984
fan,id_06,00000931.wav,normal,-0.3981952583365356,0.39247271696050284,0.06487796753644944
fan,id_06,00000962.wav,normal,-0.1613470163094508,0.43211786952074854,0.10832930952310563
fan,id_06,00000825.wav,normal,-0.19735500932096173,0.41629257684138704,0.07592471837997436
fan,id_06,00000440.wav,normal,-0.40206591915410783,0.4722631603604549,0.1679466262459755
fan,id_06,00000690.wav,normal,-0.33818986296195774,0.39103464635869895,0.07081015333533287
fan,id_06,00000714.wav,normal,-1.3091376785191162,0.3944262724286324,0.11906842589378357
fan,id_06,00000832.wav,normal,-0.4553303964308011,0.44580043663661845,0.12319756746292114
fan,id_06,00000514.wav,normal,-0.2208278844477718,0.4187508504057019,0.0800158865749836
fan,id_06,00000999.wav,normal,0.09616512775402697,0.538959864321368,0.21946390867233276
fan,id_06,00000293.wav,normal,-0.12067409021172892,0.5582661647491342,0.1924994021654129
fan,id_06,00000548.wav,normal,-0.5074954664726583,0.39095904155720945,0.07635357454419137
fan,id_06,00000281.wav,normal,-0.2826646870133711,0.5092461393336785,0.1688490554690361
fan,id_06,00000739.wav,normal,-0.48994415475278963,0.4074599633728657,0.10285147577524185
fan,id_06,00000542.wav,normal,-1.0845780868333126,0.42855370506616985,0.11987462490797043
fan,id_06,00000017.wav,normal,-0.6283497744443718,0.467768702034531,0.16132864207029343
fan,id_06,00000012.wav,normal,-0.37036415591762406,0.48318857611879723,0.17672104090452195
fan,id_06,00000421.wav,normal,-0.7343871748260611,0.43836255396635654,0.13103512525558472
fan,id_06,00000564.wav,normal,-0.7164707812889386,0.42337203273445506,0.12417589724063874
fan,id_06,00000544.wav,normal,-0.5345247128892332,0.42817585402643416,0.11426929086446762
fan,id_06,00000006.wav,normal,-0.8656043946413625,0.41738342951308594,0.12378226369619369
fan,id_06,00000016.wav,normal,-0.4527359976385483,0.40579668101927746,0.07604772374033927
fan,id_06,00000499.wav,normal,-0.7908973645542883,0.40933877699993426,0.09594239294528961
fan,id_06,00000675.wav,normal,-0.34063002212161386,0.41017543970955167,0.07951551973819733
fan,id_06,00000494.wav,normal,0.6225795866987909,0.5185623625487417,0.20091548562049866
fan,id_06,00000934.wav,normal,-0.4419534010655788,0.5260714025264646,0.21414410173892975
fan,id_06,00000631.wav,normal,-0.5332695515306991,0.4744184558011342,0.16407411098480223
fan,id_06,00000956.wav,normal,-1.191275215068977,0.44437725912015696,0.1826610416173935
fan,id_06,00000682.wav,normal,0.6041296654049262,0.5970069864755831,0.31407893896102906
fan,id_06,00000653.wav,normal,-1.0808453339578286,0.38588287500146196,0.09476836025714874
fan,id_06,00000632.wav,normal,-0.8430859378622237,0.3740678836607331,0.06900827065110207
fan,id_06,00000000.wav,abnormal,5.825042953495424,0.6983088870036036,0.787224018573761
fan,id_06,00000001.wav,abnormal,4.995287918705434,0.6715412076700142,0.6945080041885376
fan,id_06,00000002.wav,abnormal,6.365014234431228,0.7036986444983059,0.8524790525436401
fan,id_06,00000003.wav,abnormal,5.077584626439161,0.6798843714130508,0.7049350738525391
fan,id_06,00000004.wav,abnormal,5.658837122513034,0.680715224692517,0.780914056301117
fan,id_06,00000005.wav,abnormal,5.853817237985214,0.702299882934704,0.7954342603683472
fan,id_06,00000006.wav,abnormal,6.025439264009346,0.6954958624105261,0.8142967581748962
fan,id_06,00000007.wav,abnormal,5.748038272556988,0.6978921017036095,0.7817006945610047
fan,id_06,00000008.wav,abnormal,4.269891071219924,0.6454725825121577,0.6005688071250915
fan,id_06,00000009.wav,abnormal,4.935500486810057,0.66883668262585,0.69277583360672
fan,id_06,00000010.wav,abnormal,7.619891325185182,0.7071042725131353,1.0036791443824769
fan,id_06,00000011.wav,abnormal,5.715915859003341,0.6967326757427267,0.7786575555801392
fan,id_06,00000012.wav,abnormal,6.315511376819222,0.7067757674168081,0.842287003993988
fan,id_06,00000013.wav,abnormal,4.799954709540071,0.6798159309124352,0.6739825129508972
fan,id_06,00000014.wav,abnormal,5.449436840678477,0.6921867507103007,0.7471351623535156
fan,id_06,00000015.wav,abnormal,5.06985511038702,0.6810961389069485,0.7364905953407288
fan,id_06,00000016.wav,abnormal,6.59271933664423,0.7081795174973938,0.9243476033210755
fan,id_06,00000017.wav,abnormal,2.4217321033662422,0.608835391289383,0.4086947500705719
fan,id_06,00000018.wav,abnormal,5.247031509196799,0.6864223581721687,0.7267184138298035
fan,id_06,00000019.wav,abnormal,6.823346316183183,0.7011227484152553,0.8868721008300782
fan,id_06,00000020.wav,abnormal,5.719108356795721,0.6934965860026567,0.7751851797103881
fan,id_06,00000021.wav,abnormal,6.0386002047594545,0.6768334776764343,0.7920716643333435
fan,id_06,00000022.wav,abnormal,4.645312645824563,0.6805441504019535,0.6646111488342286
fan,id_06,00000023.wav,abnormal,6.497962949299408,0.6944816028088535,0.8720759272575378
fan,id_06,00000024.wav,abnormal,2.829766952828864,0.6112722187607644,0.44310593605041504
fan,id_06,00000025.wav,abnormal,3.6539247887897597,0.6492714725053311,0.5500668346881866
fan,id_06,00000026.wav,abnormal,5.927265160635898,0.6977830874426293,0.8057858347892761
fan,id_06,00000027.wav,abnormal,5.839722277920555,0.6851749426913709,0.7824546217918396
fan,id_06,00000028.wav,abnormal,5.088638330842168,0.6604704642134586,0.6917789340019226
fan,id_06,00000029.wav,abnormal,3.7148588333377717,0.663777877491058,0.5788002252578736
fan,id_06,00000030.wav,abnormal,5.394993098035657,0.6784986816121007,0.7476498126983643
fan,id_06,00000031.wav,abnormal,5.293805902014914,0.6733397934445059,0.7304217576980591
fan,id_06,00000032.wav,abnormal,5.990553518573195,0.696208063007818,0.809705650806427
fan,id_06,00000033.wav,abnormal,2.847789269003627,0.6358957407525199,0.4962054491043091
fan,id_06,00000034.wav,abnormal,5.119756488676559,0.669904833025271,0.6965481877326966
fan,id_06,00000035.wav,abnormal,4.353682566241332,0.6225935709030793,0.5950796246528626
fan,id_06,00000036.wav,abnormal,5.417015052699018,0.6763302685359527,0.7363878130912781
fan,id_06,00000037.wav,abnormal,3.562016247366219,0.6333636175260121,0.5393033385276794
fan,id_06,00000038.wav,abnormal,4.753841404771328,0.6722272936071777,0.6765523076057434
fan,id_06,00000039.wav,abnormal,4.41695462296078,0.6491266037208505,0.623671042919159
fan,id_06,00000040.wav,abnormal,4.419559927224979,0.6645591409463294,0.6433043241500854
fan,id_06,00000041.wav,abnormal,4.82233569915032,0.6711493131266627,0.6773797154426575
fan,id_06,00000042.wav,abnormal,4.746124723784661,0.6653771628864701,0.6503694653511047
fan,id_06,00000043.wav,abnormal,4.570338024305583,0.6688220002449337,0.6660135626792908
fan,id_06,00000044.wav,abnormal,5.242517073172394,0.6779547491118241,0.7253623366355896
fan,id_06,00000045.wav,abnormal,5.68282126702576,0.6816118050174876,0.7587838530540466
fan,id_06,00000046.wav,abnormal,1.7786348010042374,0.6012719975063472,0.412954843044281
fan,id_06,00000047.wav,abnormal,5.427237525096313,0.6737424855580184,0.7392433524131775
fan,id_06,00000048.wav,abnormal,5.1007119714502975,0.6437742516976241,0.6806932687759399
fan,id_06,00000049.wav,abnormal,5.08077488218498,0.6710289090035825,0.6949453830718995
fan,id_06,00000050.wav,abnormal,6.460380089593992,0.6984179834099548,0.8724419236183166
fan,id_06,00000051.wav,abnormal,6.20368701199262,0.6886932391996938,0.8195464611053467
fan,id_06,00000052.wav,abnormal,5.090215899053397,0.6821155280828135,0.7401538968086243
fan,id_06,00000053.wav,abnormal,6.421745496920398,0.7089084797060256,0.8595140814781189
fan,id_06,00000054.wav,abnormal,4.359576786496873,0.6444756362310123,0.614026689529419
fan,id_06,00000055.wav,abnormal,5.202440094439816,0.6724312147370747,0.7227325081825257
fan,id_06,00000056.wav,abnormal,4.672007584428586,0.6758300161631191,0.665265703201294
fan,id_06,00000057.wav,abnormal,5.266150608035728,0.6744602915411149,0.726134431362152
fan,id_06,00000058.wav,abnormal,5.191487772979529,0.6743894949141365,0.7148277044296265
fan,id_06,00000059.wav,abnormal,6.16281356199861,0.7024096028521144,0.8290298342704773
fan,id_06,00000060.wav,abnormal,6.293698312680157,0.6869439133868832,0.8142593383789063
fan,id_06,00000061.wav,abnormal,6.278411940692088,0.6995287002855628,0.8671916007995606
fan,id_06,00000062.wav,abnormal,6.476188642664453,0.6858486827799676,0.8718364596366882
fan,id_06,00000063.wav,abnormal,5.569653028957136,0.68048579435548,0.7521080493927002
fan,id_06,00000064.wav,abnormal,5.7526994781895615,0.6768757265557777,0.7594706416130066
fan,id_06,00000065.wav,abnormal,5.506600617618222,0.6811005688990013,0.751480495929718
fan,id_06,00000066.wav,abnormal,6.941851868076463,0.706241150009399,0.8963595151901245
fan,id_06,00000067.wav,abnormal,5.322851980805991,0.6716506233730141,0.7211891889572144
fan,id_06,00000068.wav,abnormal,6.002259843855098,0.6794704876020087,0.8487641334533691
fan,id_06,00000069.wav,abnormal,4.035081627409258,0.6500495670518458,0.5955581545829773
fan,id_06,00000070.wav,abnormal,4.275718397024431,0.6560424974526298,0.6243554353713989
fan,id_06,00000071.wav,abnormal,5.8177963445103575,0.6901082122372177,0.8183338522911072
fan,id_06,00000072.wav,abnormal,6.511988306942712,0.7119980139902164,0.8729040503501893
fan,id_06,00000073.wav,abnormal,5.553750652698441,0.6849976234183766,0.7552218794822693
fan,id_06,00000074.wav,abnormal,3.3506822465125934,0.6275903325996031,0.5231053113937378
fan,id_06,00000075.wav,abnormal,4.750003362918251,0.6505824184172251,0.6457208395004272
fan,id_06,00000076.wav,abnormal,4.13950265985065,0.6684340526898511,0.5785094857215881
fan,id_06,00000077.wav,abnormal,4.429296373814206,0.6592673869827664,0.6243016242980957
fan,id_06,00000078.wav,abnormal,5.3344985536458704,0.6924370505803911,0.7372113227844238
fan,id_06,00000079.wav,abnormal,5.210360442267229,0.6896410246437857,0.7218143224716187
fan,id_06,00000080.wav,abnormal,5.0574789976290635,0.6681294855039062,0.7063292741775513
fan,id_06,00000081.wav,abnormal,5.915253124328914,0.6765426722903501,0.7911370992660522
fan,id_06,00000082.wav,abnormal,5.438053689984844,0.6907491923911852,0.7388344049453736
fan,id_06,00000083.wav,abnormal,5.3665563442345805,0.6799569519099106,0.7174748301506042
fan,id_06,00000084.wav,abnormal,5.248233950657678,0.6722669847723528,0.7158271431922912
fan,id_06,00000085.wav,abnormal,4.368939491398221,0.6532531449673717,0.6390825152397156
fan,id_06,00000086.wav,abnormal,3.539850313567527,0.6154718175905586,0.49178929924964904
fan,id_06,00000087.wav,abnormal,5.656289401690245,0.6645981210962031,0.7481197953224182
fan,id_06,00000088.wav,abnormal,2.103041393838179,0.6122534600083165,0.41826403737068174
fan,id_06,00000089.wav,abnormal,4.927462922730402,0.6765627838900341,0.6913751363754272
fan,id_06,00000090.wav,abnormal,4.459730529165714,0.6579482581223477,0.6392988443374634
fan,id_06,00000091.wav,abnormal,5.96375330640921,0.7021102675660267,0.8076617360115051
fan,id_06,00000092.wav,abnormal,5.80354625765049,0.6867250070100703,0.7754336953163147
fan,id_06,00000093.wav,abnormal,4.830128146045073,0.6650845661141158,0.6826479434967041
fan,id_06,00000094.wav,abnormal,5.7538042699688905,0.6825313801611099,0.7721394777297974
fan,id_06,00000095.wav,abnormal,3.661969690935134,0.6491090201824824,0.566404402256012
fan,id_06,00000096.wav,abnormal,4.833227945161166,0.6811330650998594,0.6847455859184265
fan,id_06,00000097.wav,abnormal,5.9142847756156085,0.6984179834099548,0.7980748414993286
fan,id_06,00000098.wav,abnormal,5.621300172763514,0.6879068166336402,0.7647632360458374
fan,id_06,00000099.wav,abnormal,4.290306436148156,0.6648321658458128,0.6472023487091064
fan,id_06,00000100.wav,abnormal,4.237350009957487,0.6408122448666982,0.5924563050270081
fan,id_06,00000101.wav,abnormal,5.305846910587786,0.685166377055936,0.7358879804611206
fan,id_06,00000102.wav,abnormal,5.818681685791134,0.6861396775716185,0.7810267806053162
fan,id_06,00000103.wav,abnormal,4.408248255974288,0.6466315377744476,0.6032419919967651
fan,id_06,00000104.wav,abnormal,5.173028576101722,0.684100555770527,0.7169908881187439
fan,id_06,00000105.wav,abnormal,4.9501771025112395,0.690055561621472,0.6648543119430542
fan,id_06,00000106.wav,abnormal,5.901189593706701,0.6851359030372974,0.7883432626724243
fan,id_06,00000107.wav,abnormal,5.612954828250123,0.7009149434309646,0.7658663630485535
fan,id_06,00000108.wav,abnormal,6.239073543647363,0.6995902484459701,0.836587643623352
fan,id_06,00000109.wav,abnormal,5.413178987774386,0.6882000964691176,0.7512904167175293
fan,id_06,00000110.wav,abnormal,5.410685480997553,0.6906120478232239,0.7413158059120178
fan,id_06,00000111.wav,abnormal,5.4598610179956335,0.6728404797465528,0.7345807909965515
fan,id_06,00000112.wav,abnormal,5.135557035609972,0.6668126727374775,0.7122707962989807
fan,id_06,00000113.wav,abnormal,5.728790975000335,0.69703827221949,0.7751067638397217
fan,id_06,00000114.wav,abnormal,5.34115653876073,0.6863151355428916,0.7318887710571289
fan,id_06,00000115.wav,abnormal,5.446484344529761,0.6763302685359527,0.7372600555419921
fan,id_06,00000116.wav,abnormal,4.988070062156007,0.6628759161702523,0.6951145648956298
fan,id_06,00000117.wav,abnormal,5.162755274636521,0.6808694707588814,0.7171896696090698
fan,id_06,00000118.wav,abnormal,5.473382090176567,0.694676015155796,0.7590030312538147
fan,id_06,00000119.wav,abnormal,4.231004601754313,0.6725060464268472,0.6250397086143493
fan,id_06,00000120.wav,abnormal,6.289963343073224,0.701053341921159,0.8457916855812073
fan,id_06,00000121.wav,abnormal,6.45135379018237,0.7021431821790263,0.8628835320472718
fan,id_06,00000122.wav,abnormal,5.707373116948951,0.6736973886874709,0.769038987159729
fan,id_06,00000123.wav,abnormal,5.967964053853901,0.6873864460705268,0.8020561218261719
fan,id_06,00000124.wav,abnormal,7.477298682314318,0.7054769429070044,1.0074261784553529
fan,id_06,00000125.wav,abnormal,5.652353415921233,0.6809854708647652,0.7679906606674194
fan,id_06,00000126.wav,abnormal,5.571635956836931,0.6863540847538204,0.7608687400817871
fan,id_06,00000127.wav,abnormal,4.404537199199126,0.6682183800844955,0.6495929002761841
fan,id_06,00000128.wav,abnormal,5.962342723049625,0.6950413116308766,0.8266629934310913
fan,id_06,00000129.wav,abnormal,6.012023060641927,0.6851339092468205,0.8412418961524963
fan,id_06,00000130.wav,abnormal,6.449516152431438,0.7061229892615267,0.8664596438407898
fan,id_06,00000131.wav,abnormal,-0.1953506232770721,0.496161828577067,0.1941474825143814
fan,id_06,00000132.wav,abnormal,-0.14328911084360207,0.46968740770497497,0.14560254514217377
fan,id_06,00000133.wav,abnormal,0.1483978891796056,0.4777469566476154,0.15286392271518706
fan,id_06,00000134.wav,abnormal,-0.1993264356423854,0.44167946618403664,0.11422372907400132
fan,id_06,00000135.wav,abnormal,-0.4314088797666038,0.44749638967488464,0.11851541399955749
fan,id_06,00000136.wav,abnormal,-0.5961530045030816,0.4446609375439993,0.15520200729370118
fan,id_06,00000137.wav,abnormal,-0.008528137387930457,0.4678300729935973,0.13720262348651885
fan,id_06,00000138.wav,abnormal,-0.4230347668069889,0.4954096624655097,0.17330134510993958
fan,id_06,00000139.wav,abnormal,-0.04869038152338945,0.46764572980537433,0.13127628862857818
fan,id_06,00000140.wav,abnormal,-0.6466857925678173,0.4587299425321025,0.16589754521846772
fan,id_06,00000141.wav,abnormal,0.20743750703762665,0.5023338155640555,0.2059725910425186
fan,id_06,00000142.wav,abnormal,-0.5258439241863542,0.48457355557947057,0.18084827810525894
fan,id_06,00000143.wav,abnormal,-0.5816745509302823,0.4231732351901016,0.13207463026046753
fan,id_06,00000144.wav,abnormal,-0.33373763446828164,0.4966502851114532,0.19396794438362122
fan,id_06,00000145.wav,abnormal,-0.2666534226449464,0.45656279915632997,0.1386628121137619
fan,id_06,00000146.wav,abnormal,-0.8651991998016282,0.3920785358890344,0.09118867665529251
fan,id_06,00000147.wav,abnormal,-0.04734899142630411,0.5193858028255919,0.23408015668392182
fan,id_06,00000148.wav,abnormal,-0.1171898225723833,0.45467323203555665,0.12484689503908157
fan,id_06,00000149.wav,abnormal,-0.6164550122947787,0.45234867617326413,0.1609676867723465
fan,id_06,00000150.wav,abnormal,-0.4479618537364818,0.4374982728602427,0.11890096068382264
fan,id_06,00000151.wav,abnormal,-0.41158135321277634,0.4977224975914474,0.21790754199028015
fan,id_06,00000152.wav,abnormal,-0.13458462584365627,0.4632797360387172,0.14398179799318314
fan,id_06,00000153.wav,abnormal,-0.02388511141030314,0.46410909912207515,0.12121273279190063
fan,id_06,00000154.wav,abnormal,-0.2289826757372495,0.46353939867408034,0.16099149882793426
fan,id_06,00000155.wav,abnormal,-0.3352355869789143,0.44121053412656164,0.10886783748865128
fan,id_06,00000156.wav,abnormal,-0.2897331928032383,0.4600871723135461,0.1534410983324051
fan,id_06,00000157.wav,abnormal,-0.7962756608680781,0.44561791159060726,0.12494330406188965
fan,id_06,00000158.wav,abnormal,-0.24588309156872157,0.47332847430176245,0.13888848349452018
fan,id_06,00000159.wav,abnormal,-0.09174310145173692,0.4708205342958451,0.1480897158384323
fan,id_06,00000160.wav,abnormal,-0.4522554764291229,0.4803306231458463,0.13551985770463942
fan,id_06,00000161.wav,abnormal,0.06532840621068736,0.47527586251326154,0.15199089348316192
fan,id_06,00000162.wav,abnormal,-0.8836203984791151,0.4262134234558959,0.12247929871082305
fan,id_06,00000163.wav,abnormal,-0.663470358293468,0.4230709363940793,0.12011435627937317
fan,id_06,00000164.wav,abnormal,-0.17526063183484908,0.44260079301558336,0.11580373197793961
fan,id_06,00000165.wav,abnormal,-0.11473609637582527,0.47064866320061516,0.14771901369094848
fan,id_06,00000166.wav,abnormal,0.1699514089357521,0.47208921654976077,0.10276643335819244
fan,id_06,00000167.wav,abnormal,-0.5655062408469362,0.41008767174625377,0.08387705683708191
fan,id_06,00000168.wav,abnormal,-0.20533370003948548,0.44270598206625944,0.11306218951940536
fan,id_06,00000169.wav,abnormal,-0.44759869640673067,0.4996771922816375,0.16415358185768128
fan,id_06,00000170.wav,abnormal,-0.1602770226482697,0.45076706569217867,0.11828461438417434
fan,id_06,00000171.wav,abnormal,0.04016347663126396,0.4753197824259155,0.13511479794979095
fan,id_06,00000172.wav,abnormal,-0.3254815797857553,0.47062466184705753,0.1598873943090439
fan,id_06,00000173.wav,abnormal,-0.28656056695527354,0.4179412946012956,0.09213013052940369
fan,id_06,00000174.wav,abnormal,-0.9921412276110875,0.3827896742159043,0.10822696536779404
fan,id_06,00000175.wav,abnormal,-0.5416015163117773,0.4679471142617149,0.1720845878124237
fan,id_06,00000176.wav,abnormal,-0.20239822080803727,0.4453297455234936,0.11154679954051971
fan,id_06,00000177.wav,abnormal,-0.8154876740360901,0.41080754253061574,0.11646222621202469
fan,id_06,00000178.wav,abnormal,-0.6058050941602122,0.4624264209009355,0.16946802735328675
fan,id_06,00000179.wav,abnormal,-0.03474859598413005,0.4514951135814668,0.12001499235630035
fan,id_06,00000180.wav,abnormal,-0.34135537245134984,0.49838704075540124,0.2012553334236145
fan,id_06,00000181.wav,abnormal,-0.2073937425260315,0.4523426787642703,0.11375542134046554
fan,id_06,00000182.wav,abnormal,0.3194070362144892,0.5513148757297498,0.23884961307048796
fan,id_06,00000183.wav,abnormal,-0.40593261828369087,0.4754126063822927,0.16731287837028502
fan,id_06,00000184.wav,abnormal,0.01368980975209233,0.45251695784927126,0.12516360133886337
fan,id_06,00000185.wav,abnormal,-0.3603492903636418,0.5327228158289778,0.2131132125854492
fan,id_06,00000186.wav,abnormal,-0.1849672926366388,0.44597924264370853,0.11601453572511673
fan,id_06,00000187.wav,abnormal,-0.5731069386131793,0.48180293229581467,0.17653194665908814
fan,id_06,00000188.wav,abnormal,-0.5459502324647456,0.49279419629807375,0.21018873155117035
fan,id_06,00000189.wav,abnormal,-0.07728240151431542,0.4741052711693081,0.1338159143924713
fan,id_06,00000190.wav,abnormal,-0.5900450087896676,0.47087398711952666,0.1407446503639221
fan,id_06,00000191.wav,abnormal,-0.33465617044318385,0.4290200200306627,0.11325933635234833
fan,id_06,00000192.wav,abnormal,-0.48787103227152784,0.43728155191928525,0.12645655125379562
fan,id_06,00000193.wav,abnormal,-0.2538221531092386,0.46277523538864596,0.17073407173156738
fan,id_06,00000194.wav,abnormal,-0.37984670193164405,0.4910892426439531,0.17046796679496765
fan,id_06,00000195.wav,abnormal,-0.5726734441062806,0.4888049071550083,0.14750518053770065
fan,id_06,00000196.wav,abnormal,0.15660857939117,0.45862514952447325,0.10509039461612701
fan,id_06,00000197.wav,abnormal,-0.8281906395892769,0.4390746803885394,0.14665350019931794
fan,id_06,00000198.wav,abnormal,-0.416513206116246,0.41134008556104384,0.10506309419870377
fan,id_06,00000199.wav,abnormal,0.14655486848097965,0.4882427195238243,0.14399478137493132
fan,id_06,00000200.wav,abnormal,-0.03424685656043813,0.4552722030402822,0.11582944840192795
fan,id_06,00000201.wav,abnormal,-0.21798978630681098,0.43438998616768015,0.11356516480445862
fan,id_06,00000202.wav,abnormal,-0.5521022046583308,0.4548549100865021,0.16084213256835939
fan,id_06,00000203.wav,abnormal,-0.6360654497213041,0.4788008047854182,0.14462683945894242
fan,id_06,00000204.wav,abnormal,-0.7164713444585722,0.44808262783594416,0.14544429183006286
fan,id_06,00000205.wav,abnormal,-0.43002759684579495,0.4620146827680323,0.1575707495212555
fan,id_06,00000206.wav,abnormal,-0.5604020989902274,0.46779470462261463,0.15070686638355255
fan,id_06,00000207.wav,abnormal,-0.3966676095331465,0.4873252354980563,0.16422748565673828
fan,id_06,00000208.wav,abnormal,0.0713645991319325,0.5003991546341376,0.18338049054145814
fan,id_06,00000209.wav,abnormal,-0.6024700767083697,0.44521467952516475,0.14355005621910094
fan,id_06,00000210.wav,abnormal,0.031109441963616646,0.4925847622321338,0.16751215755939483
fan,id_06,00000211.wav,abnormal,-0.7207132775008436,0.45465104077944385,0.17862536013126373
fan,id_06,00000212.wav,abnormal,-0.14977907761126907,0.5228709020127319,0.18110759556293488
fan,id_06,00000213.wav,abnormal,-0.5762462920899267,0.45910163645501056,0.16831331849098205
fan,id_06,00000214.wav,abnormal,-0.33438989859397594,0.4556751577023187,0.15548953413963318
fan,id_06,00000215.wav,abnormal,-0.3159602891721196,0.4398549698737892,0.10085710883140564
fan,id_06,00000216.wav,abnormal,-0.30920181485695153,0.4907342140128138,0.19016559422016144
fan,id_06,00000217.wav,abnormal,-0.29935107959434326,0.4499373201888739,0.1224072054028511
fan,id_06,00000218.wav,abnormal,0.09408470210430586,0.5221531791001728,0.23232584297657013
fan,id_06,00000219.wav,abnormal,-0.1481303223479955,0.450041886971302,0.11757643669843673
fan,id_06,00000220.wav,abnormal,-0.31871207324823025,0.47357735925045086,0.15288552045822143
fan,id_06,00000221.wav,abnormal,-1.229850845505343,0.3914654993405145,0.14413532316684724
fan,id_06,00000222.wav,abnormal,-0.4221839945282486,0.5340232921990453,0.22698770761489867
fan,id_06,00000223.wav,abnormal,-0.07623199657231794,0.47502829036382216,0.13875274062156678
fan,id_06,00000224.wav,abnormal,-0.3731966633392254,0.47113073766382935,0.16449489891529084
fan,id_06,00000225.wav,abnormal,-0.5020959307976067,0.4316153346370843,0.09539144039154053
fan,id_06,00000226.wav,abnormal,-0.9543917973433906,0.45818019153436074,0.1638752579689026
fan,id_06,00000227.wav,abnormal,-0.2727276933558702,0.4419584027815985,0.13097875714302062
fan,id_06,00000228.wav,abnormal,-0.5479521370233993,0.4633535450136716,0.14589263796806334
fan,id_06,00000229.wav,abnormal,-0.29802950683801477,0.42820415125133815,0.08167976140975952
fan,id_06,00000230.wav,abnormal,-0.31331059343129297,0.44705326586162786,0.13927834182977678
fan,id_06,00000231.wav,abnormal,-0.5065760582326355,0.45479369906659334,0.17409866452217101
fan,id_06,00000232.wav,abnormal,-0.210433935407492,0.461957326459523,0.1253077507019043
fan,id_06,00000233.wav,abnormal,0.2255469934630483,0.5434993157596392,0.239197239279747
fan,id_06,00000234.wav,abnormal,-0.17116033249581086,0.44012412934851836,0.10571068525314331
fan,id_06,00000235.wav,abnormal,-0.15602474671529976,0.44505098325370945,0.12227342575788498
fan,id_06,00000236.wav,abnormal,-0.3633884497207571,0.4378479477176615,0.10650625824928284
fan,id_06,00000237.wav,abnormal,5.813882871318641,0.699446619945975,0.7904532074928283
fan,id_06,00000238.wav,abnormal,5.908947694168221,0.7054810890685662,0.8008394479751587
fan,id_06,00000239.wav,abnormal,4.595926649434435,0.6759576971186975,0.6441688418388367
fan,id_06,00000240.wav,abnormal,3.4439710142748368,0.6412691102334089,0.5675698161125183
fan,id_06,00000241.wav,abnormal,4.177188537762877,0.6374252123587862,0.5840337753295899
fan,id_06,00000242.wav,abnormal,6.06231739817416,0.7056038834056569,0.8189735770225525
fan,id_06,00000243.wav,abnormal,5.484449511416021,0.6866818899643677,0.7542186141014099
fan,id_06,00000244.wav,abnormal,4.231442318388534,0.6940445002746586,0.6378803133964539
fan,id_06,00000245.wav,abnormal,2.437100571967459,0.6140008158419666,0.4397950768470764
fan,id_06,00000246.wav,abnormal,2.1627394370917727,0.6101263901641246,0.4156166076660156
fan,id_06,00000247.wav,abnormal,5.408648883784474,0.6781493639502094,0.7366729378700256
fan,id_06,00000248.wav,abnormal,5.5266584791495,0.682240782812424,0.7492165684700012
fan,id_06,00000249.wav,abnormal,3.2206545330560123,0.6481002966189595,0.5585061073303222
fan,id_06,00000250.wav,abnormal,3.7024813483895924,0.6445724374637626,0.5398999154567719
fan,id_06,00000251.wav,abnormal,5.463916303811602,0.6809907816275182,0.7461045145988464
fan,id_06,00000252.wav,abnormal,3.530210961080094,0.6282497799617601,0.5363511741161346
fan,id_06,00000253.wav,abnormal,5.866740463234704,0.6831136314468677,0.7848708748817443
fan,id_06,00000254.wav,abnormal,5.78417327634166,0.6960891733877183,0.7943659663200379
fan,id_06,00000255.wav,abnormal,5.058379635718758,0.6707302874720159,0.7034162998199462
fan,id_06,00000256.wav,abnormal,5.062303899366442,0.6585414542281538,0.6976432919502258
fan,id_06,00000257.wav,abnormal,2.6249533191575036,0.6182632872742966,0.4815081775188446
fan,id_06,00000258.wav,abnormal,4.763482225559376,0.6785368319839568,0.6812816023826599
fan,id_06,00000259.wav,abnormal,5.816935336050754,0.6845204946806437,0.7804567456245423
fan,id_06,00000260.wav,abnormal,4.923211626192492,0.6776228673240499,0.6940579056739807
fan,id_06,00000261.wav,abnormal,5.504569356267101,0.6858011280120871,0.751223337650299
fan,id_06,00000262.wav,abnormal,5.681068154451477,0.6895316439193236,0.7727177262306213
fan,id_06,00000263.wav,abnormal,1.170333268305992,0.5840997922773915,0.33989809155464173
fan,id_06,00000264.wav,abnormal,5.044753590037344,0.6869034724493778,0.7074579954147339
fan,id_06,00000265.wav,abnormal,5.970129356100633,0.6886427971834338,0.8049089789390564
fan,id_06,00000266.wav,abnormal,4.682443479029022,0.6714266355748533,0.670267391204834
fan,id_06,00000267.wav,abnormal,5.375947983166561,0.6799057829042896,0.732848298549652
fan,id_06,00000268.wav,abnormal,4.776122945148104,0.6738489452851896,0.6542791962623596
fan,id_06,00000269.wav,abnormal,4.4449848208265115,0.6742601905886006,0.6508324623107911
fan,id_06,00000270.wav,abnormal,3.8215527661375788,0.6356535517779546,0.5638075232505798
fan,id_06,00000271.wav,abnormal,5.664306466882607,0.7028290860305727,0.7744886398315429
fan,id_06,00000272.wav,abnormal,4.986214517508142,0.691091564358993,0.7054987072944641
fan,id_06,00000273.wav,abnormal,3.1095630549326394,0.6494072458137788,0.4940627634525299
fan,id_06,00000274.wav,abnormal,3.0727010482143893,0.625760984888568,0.4974804162979126
fan,id_06,00000275.wav,abnormal,3.816008396712961,0.6673521902667194,0.5951474070549011
fan,id_06,00000276.wav,abnormal,5.258576595422797,0.6788852818933876,0.7191502690315247
fan,id_06,00000277.wav,abnormal,5.291063230152609,0.6766554537917076,0.7479970932006836
fan,id_06,00000278.wav,abnormal,3.251482763024538,0.6330770785112663,0.48918713331222535
fan,id_06,00000279.wav,abnormal,5.382954136820171,0.6692355500695821,0.73035808801651
fan,id_06,00000280.wav,abnormal,1.5435729087301375,0.623262085961743,0.3852876305580139
fan,id_06,00000281.wav,abnormal,4.590584806039784,0.6695275443476283,0.6432370781898499
fan,id_06,00000282.wav,abnormal,5.24266014740604,0.6942220001984699,0.7297426462173462
fan,id_06,00000283.wav,abnormal,3.7381726862796283,0.6477534199469644,0.5607919454574585
fan,id_06,00000284.wav,abnormal,3.9013424605601426,0.6558359557273399,0.5948399782180787
fan,id_06,00000285.wav,abnormal,3.9170223245176103,0.6615593517864382,0.6176247715950012
fan,id_06,00000286.wav,abnormal,4.086650827209041,0.6653491026470324,0.606858241558075
fan,id_06,00000287.wav,abnormal,5.578232528096908,0.6984179834099548,0.760034155845642
fan,id_06,00000288.wav,abnormal,4.590049315055579,0.6669994889916638,0.6650599956512451
fan,id_06,00000289.wav,abnormal,5.8003042327022705,0.6908974763075924,0.7780598282814026
fan,id_06,00000290.wav,abnormal,4.723790890971592,0.6581345088210985,0.6523201823234558
fan,id_06,00000291.wav,abnormal,5.67613821482187,0.6845776988393809,0.80372713804245
fan,id_06,00000292.wav,abnormal,4.778704239602221,0.6701300505196434,0.6805590987205505
fan,id_06,00000293.wav,abnormal,3.864688461887437,0.6482997402778208,0.5880845427513123
fan,id_06,00000294.wav,abnormal,2.880248547211754,0.6258154304117601,0.4781818091869354
fan,id_06,00000295.wav,abnormal,4.87337328803257,0.670079427968765,0.6833539724349975
fan,id_06,00000296.wav,abnormal,4.604014017305116,0.6611926881000081,0.6572099924087524
fan,id_06,00000297.wav,abnormal,5.201759294997774,0.6776212405934722,0.7204045295715332
fan,id_06,00000298.wav,abnormal,5.4220781763148285,0.6712549838812862,0.7280298829078674
fan,id_06,00000299.wav,abnormal,5.263595586140115,0.694072578221921,0.7327498197555542
fan,id_06,00000300.wav,abnormal,3.616321959937636,0.6620472084579246,0.5658176898956299
fan,id_06,00000301.wav,abnormal,5.3485945562606,0.6938401795449868,0.7427029252052307
fan,id_06,00000302.wav,abnormal,5.46783627576032,0.6799057829042896,0.7308946847915649
fan,id_06,00000303.wav,abnormal,4.987223180714338,0.6813565183316405,0.7047524452209473
fan,id_06,00000304.wav,abnormal,3.8429628024346476,0.6618037695935346,0.6061854720115661
fan,id_06,00000305.wav,abnormal,4.412964942000261,0.6635099452306853,0.6669853091239929
fan,id_06,00000306.wav,abnormal,2.7457238450479,0.6340943948193508,0.49336758255958557
fan,id_06,00000307.wav,abnormal,4.374441575906613,0.6732705113424796,0.63683922290802
fan,id_06,00000308.wav,abnormal,3.183924454725271,0.6375842362459447,0.52267125248909
fan,id_06,00000309.wav,abnormal,5.40102762180978,0.6766810305505039,0.7404795527458191
fan,id_06,00000310.wav,abnormal,4.3879536760655276,0.6578948805837401,0.6499329924583435
fan,id_06,00000311.wav,abnormal,5.567792465953001,0.6721767300932073,0.7503914952278137
fan,id_06,00000312.wav,abnormal,5.31963570747618,0.6826538799366898,0.7453761219978332
fan,id_06,00000313.wav,abnormal,2.8564982870002504,0.6156023581045941,0.4850293338298798
fan,id_06,00000314.wav,abnormal,5.5512916479218335,0.681503927704646,0.7578431606292725
fan,id_06,00000315.wav,abnormal,4.011274075863615,0.6497510135215467,0.5952134132385254
fan,id_06,00000316.wav,abnormal,5.053064746932664,0.6867700905664167,0.7127926468849182
fan,id_06,00000317.wav,abnormal,6.410978852751052,0.7018582399642372,0.8619314074516297
fan,id_06,00000318.wav,abnormal,5.285358866070241,0.6677249626635917,0.729740846157074
fan,id_06,00000319.wav,abnormal,4.965442994189204,0.6519625858101906,0.6834720492362976
fan,id_06,00000320.wav,abnormal,2.3071822033465192,0.6133140660121706,0.42778568863868716
fan,id_06,00000321.wav,abnormal,3.7459597317115216,0.6491317255271154,0.5751251101493835
fan,id_06,00000322.wav,abnormal,4.68234652596191,0.6687316416059151,0.6659494161605835
fan,id_06,00000323.wav,abnormal,3.709110572536896,0.6425910955962597,0.5636755347251892
fan,id_06,00000324.wav,abnormal,5.312356602543111,0.6768908079543158,0.7217208027839661
fan,id_06,00000325.wav,abnormal,4.3300159321035405,0.6607543728015266,0.6175606608390808
fan,id_06,00000326.wav,abnormal,4.063328452825433,0.660934936493411,0.6226813077926636
fan,id_06,00000327.wav,abnormal,4.204085815227428,0.6504138385290136,0.618977403640747
fan,id_06,00000328.wav,abnormal,5.388874963764693,0.6571437823322851,0.7238712430000305
fan,id_06,00000329.wav,abnormal,6.1909614575593075,0.7047595582678498,0.8469379544258118
fan,id_06,00000330.wav,abnormal,4.170318285917485,0.6554461228661776,0.6020781517028808
fan,id_06,00000331.wav,abnormal,4.731969345856619,0.6666075782379378,0.6844512224197388
fan,id_06,00000332.wav,abnormal,4.988284741548115,0.6683554698480444,0.6938783168792725
fan,id_06,00000333.wav,abnormal,2.7411664528469686,0.6372974750147099,0.4942829072475433
fan,id_06,00000334.wav,abnormal,6.495422028420383,0.6751087810416599,0.8641657710075379
fan,id_06,00000335.wav,abnormal,4.455422953697474,0.6669462065052622,0.628078305721283
fan,id_06,00000336.wav,abnormal,5.174739942729168,0.6823547889614902,0.7349887251853943
fan,id_06,00000337.wav,abnormal,5.640152416816327,0.701087618404249,0.7773655176162719
fan,id_06,00000338.wav,abnormal,3.0531115655397443,0.6283499523959802,0.48159433603286744
fan,id_06,00000339.wav,abnormal,4.634547268350138,0.6748693990897906,0.6594255447387696
fan,id_06,00000340.wav,abnormal,5.124596196524718,0.6817168862924889,0.7177692294120789
fan,id_06,00000341.wav,abnormal,5.901694274675809,0.6934307531983649,0.7980839729309082
fan,id_06,00000342.wav,abnormal,3.8414399367611303,0.6538705617187824,0.5889120221138
fan,id_06,00000343.wav,abnormal,5.873331757179333,0.689203230013624,0.7865936875343322
fan,id_06,00000344.wav,abnormal,4.169754643965653,0.6275291614868741,0.5778260707855225
fan,id_06,00000345.wav,abnormal,3.8963594706668783,0.6405560579905445,0.5772715449333191
fan,id_06,00000346.wav,abnormal,4.4409392529333465,0.661500287464024,0.6484080195426941
fan,id_06,00000347.wav,abnormal,4.640479454746565,0.6846490606908124,0.6732324481010437
fan,id_06,00000348.wav,abnormal,3.1407383161562263,0.6255167698507094,0.495290732383728
fan,id_06,00000349.wav,abnormal,6.098188825461438,0.6845366149787474,0.8475229382514954
fan,id_06,00000350.wav,abnormal,6.88357230357839,0.6944644160471254,0.9043506979942322
fan,id_06,00000351.wav,abnormal,3.383037463089555,0.6287877441101152,0.5047654747962952
fan,id_06,00000352.wav,abnormal,4.408020969295924,0.6864584440372486,0.6147960186004638
fan,id_06,00000353.wav,abnormal,6.687980370556938,0.6838226988645321,0.8795672297477722
fan,id_06,00000354.wav,abnormal,4.938290027221167,0.6729455972379008,0.6896344065666199
fan,id_06,00000355.wav,abnormal,4.048955676093428,0.6483273100114257,0.5881419539451599
fan,id_06,00000356.wav,abnormal,5.305478038306888,0.6963168312036128,0.734815263748169
fan,id_06,00000357.wav,abnormal,2.3805165467060707,0.6196664170912486,0.45093647837638856
fan,id_06,00000358.wav,abnormal,5.937833599448398,0.7100881673019674,0.8075074672698974
fan,id_06,00000359.wav,abnormal,6.789776149466981,0.7109388762887119,0.9063662528991699
fan,id_06,00000360.wav,abnormal,1.385787004873027,0.5840162501135903,0.34278118014335635
pump,id_00,00000764.wav,normal,-0.85307527835017,0.40471892140676247,0.07544232979416847
pump,id_00,00000269.wav,normal,-0.6488660589398307,0.3811077697104222,0.08192151933908462
pump,id_00,00000551.wav,normal,-0.5765995317414596,0.5223963064633473,0.2522398442029953
pump,id_00,00000980.wav,normal,-0.709900351019666,0.40672771487743903,0.09122920632362366
pump,id_00,00000762.wav,normal,-0.9346665811620429,0.39986427343071707,0.08186817392706872
pump,id_00,00000252.wav,normal,-0.5947085347428107,0.44662298594168326,0.13181461840867997
pump,id_00,00000998.wav,normal,-0.9243274517304823,0.40359075532553806,0.09875250458717347
pump,id_00,00000271.wav,normal,3.07057604775508,0.6867915317828917,0.4730502486228943
pump,id_00,00000146.wav,normal,-0.1598055622691259,0.5182942454231674,0.19537729620933533
pump,id_00,00000469.wav,normal,-0.9591892002813811,0.38731710328039143,0.07878822237253189
pump,id_00,00000658.wav,normal,-0.3619709582089836,0.44236006785531284,0.11813697218894958
pump,id_00,00000405.wav,normal,-0.87662809113775,0.3901424546412655,0.07250376343727112
pump,id_00,00000511.wav,normal,0.9143219537221725,0.6272344506907032,0.31485807001590727
pump,id_00,00000671.wav,normal,-0.9992864549606324,0.38541550634270316,0.07068363502621651
pump,id_00,00000217.wav,normal,-0.5993781117196431,0.4860144185514796,0.13208385482430457
pump,id_00,00000322.wav,normal,-0.9394803361031236,0.37423618431266414,0.06959690973162651
pump,id_00,00000735.wav,normal,-0.09253809322533435,0.48033227864381955,0.14184384196996688
pump,id_00,00000580.wav,normal,-0.8630591796404818,0.396222869559958,0.08650667667388916
pump,id_00,00000216.wav,normal,-1.0242306193613793,0.4147007214496432,0.10081906616687775
pump,id_00,00000067.wav,normal,-0.5592086154278118,0.4013729169210459,0.0757085032761097
pump,id_00,00000274.wav,normal,-0.6694547633609993,0.4200640595642366,0.11194329410791397
pump,id_00,00000410.wav,normal,-0.763997909164905,0.37418088031917573,0.08198520988225937
pump,id_00,00000323.wav,normal,-0.7439429727356561,0.40218915619151485,0.10264162719249725
pump,id_00,00000824.wav,normal,-0.6333205712804979,0.3911459531238645,0.09382625222206116
pump,id_00,00000988.wav,normal,-0.9925674193147085,0.4202183031229092,0.1131180003285408
pump,id_00,00000841.wav,normal,-0.5770762155295799,0.39331558399730376,0.07291314601898194
pump,id_00,00000234.wav,normal,-1.1109887826368858,0.360145268843883,0.0709260880947113
pump,id_00,00000057.wav,normal,-0.48579502565119803,0.3982713422280011,0.05605153851211071
pump,id_00,00000794.wav,normal,-0.7484884125009739,0.3902486799031547,0.08647573143243789
pump,id_00,00000786.wav,normal,-0.07784693461836056,0.5353700536111563,0.18957096338272095
pump,id_00,00000863.wav,normal,-0.9440233608787292,0.3776634078317284,0.06604685857892037
pump,id_00,00000332.wav,normal,-0.5373280544058492,0.45201037451537385,0.10765716284513474
pump,id_00,00000701.wav,normal,-0.10028226823238917,0.5048210862035167,0.1272778905928135
pump,id_00,00000224.wav,normal,-1.0554837545362528,0.3651785889863166,0.07796372473239899
pump,id_00,00000570.wav,normal,-0.8814404805546356,0.5100307302220534,0.24082257151603698
pump,id_00,00000704.wav,normal,-0.4359502154638282,0.41370393910980136,0.11142799854278565
pump,id_00,00000655.wav,normal,-0.6847863675021522,0.41622230368305513,0.09311528652906417
pump,id_00,00000276.wav,normal,0.408927884149092,0.5793109383970569,0.2664227068424225
pump,id_00,00000388.wav,normal,-0.6950218424689751,0.47492589888405246,0.14554671347141265
pump,id_00,00000473.wav,normal,-0.903323108921084,0.40030820739887774,0.08399621844291687
pump,id_00,00000167.wav,normal,-0.8476065135896373,0.3620856166548009,0.07701833248138427
pump,id_00,00001000.wav,normal,-1.115428543287786,0.3692284765209021,0.0836997777223587
pump,id_00,00000746.wav,normal,0.2903272353336206,0.5979869859162741,0.2444290727376938
pump,id_00,00000546.wav,normal,-0.6633893046522363,0.4303548509927401,0.08806466907262803
pump,id_00,00000175.wav,normal,-0.20011888331782934,0.4616916368714445,0.09328823983669281
pump,id_00,00000993.wav,normal,-0.7296610845706883,0.37940780897902593,0.05972786620259285
pump,id_00,00000623.wav,normal,-0.8928400339428233,0.3738737977804907,0.07335970848798752
pump,id_00,00000073.wav,normal,-0.5328160459407592,0.4042612193452796,0.05464456677436828
pump,id_00,00000663.wav,normal,-0.8534151346186931,0.413768196787278,0.1030897080898285
pump,id_00,00000699.wav,normal,-0.7217215177709289,0.4102963846699909,0.09351474046707153
pump,id_00,00000976.wav,normal,-0.5266489945456208,0.4401936170504454,0.12891107350587844
pump,id_00,00000273.wav,normal,-0.4033279316092795,0.4955240342028067,0.16956465542316437
pump,id_00,00000686.wav,normal,-0.7354259850817311,0.4058663441965931,0.08489443510770797
pump,id_00,00000214.wav,normal,-0.9810479140275792,0.3850741621933199,0.09854671359062195
pump,id_00,00000363.wav,normal,-0.7538810765968673,0.4261928575378529,0.1095308244228363
pump,id_00,00000379.wav,normal,-0.9273744355256159,0.4164821187636015,0.11391047686338425
pump,id_00,00000166.wav,normal,-0.1521462944341856,0.49342838443274717,0.13148093223571777
pump,id_00,00000373.wav,normal,-0.7509138741270576,0.4130937723090489,0.09878448992967606
pump,id_00,00000854.wav,normal,-0.14894825638222464,0.5199987226045955,0.19362562149763107
pump,id_00,00000650.wav,normal,0.23623983989620356,0.5833009916550036,0.20775535702705383
pump,id_00,00000464.wav,normal,-1.1094393244098892,0.4543107928022663,0.15477457046508789
pump,id_00,00000960.wav,normal,-0.9699013396800176,0.47767968153221363,0.22514572441577912
pump,id_00,00000953.wav,normal,-0.9452245733299058,0.38071321502511807,0.07989031970500945
pump,id_00,00000103.wav,normal,-0.07095007379014717,0.4722549357275181,0.10678889602422714
pump,id_00,00000887.wav,normal,-0.9594373722528733,0.3703356004677866,0.057812024652957913
pump,id_00,00000984.wav,normal,-1.0912347001965799,0.3766935354684918,0.09418468177318573
pump,id_00,00000875.wav,normal,-0.5667901135740614,0.41362407872304907,0.08928460776805877
pump,id_00,00000081.wav,normal,-0.5523751997932056,0.4001215370570792,0.07097311466932296
pump,id_00,00000296.wav,normal,-0.8828430405183667,0.48290150068377213,0.20749690532684326
pump,id_00,00000791.wav,normal,-1.0725041457386677,0.4060442901398169,0.12802505791187285
pump,id_00,00000233.wav,normal,-0.500119844818677,0.4672446735634638,0.11770704090595245
pump,id_00,00000677.wav,normal,-0.9978525508564395,0.3571806486899669,0.07735785096883774
pump,id_00,00000046.wav,normal,0.03895842702458552,0.5291257003624067,0.22760982513427735
pump,id_00,00000071.wav,normal,-0.330733473981768,0.42763732910284397,0.08335122466087341
pump,id_00,00000721.wav,normal,-0.19528144430300998,0.4871774332764269,0.11286644041538238
pump,id_00,00000196.wav,normal,0.2905602014360209,0.5368250258379296,0.15209662467241286
pump,id_00,00000591.wav,normal,-0.6057680428464121,0.4442850663928994,0.0994106188416481
pump,id_00,00000370.wav,normal,-1.0770445436357345,0.37919268531169803,0.07289894297719002
pump,id_00,00000882.wav,normal,-0.6618741395068639,0.5241690051577829,0.2334078371524811
pump,id_00,00000906.wav,normal,-1.13279927204964,0.3894198154245017,0.08731403946876526
pump,id_00,00000633.wav,normal,-0.6944292503614395,0.4171620311310506,0.10693785846233368
pump,id_00,00000643.wav,normal,-0.7528569728865158,0.4020814192384876,0.08277242332696914
pump,id_00,00000849.wav,normal,-0.5338182683569848,0.5399690247992112,0.24272520542144777
pump,id_00,00000300.wav,normal,-0.4286820127281423,0.477382209877153,0.14832632541656493
pump,id_00,00000565.wav,normal,-0.3086393800935703,0.4455098727076433,0.11017520725727081
pump,id_00,00000080.wav,normal,-0.43926044090666316,0.4234008684613746,0.10581412613391876
pump,id_00,00000387.wav,normal,-0.9325951058570627,0.38422588659118234,0.07459195777773857
pump,id_00,00000127.wav,normal,-0.6008778973789237,0.39801026598907113,0.07341631725430489
pump,id_00,00000549.wav,normal,-0.7864983748438306,0.40328997715577825,0.08195601850748062
pump,id_00,00000470.wav,normal,-0.6530475310065853,0.4245625718488936,0.09255269914865494
pump,id_00,00000747.wav,normal,-1.0300002546452163,0.36006415123641927,0.056424634903669356
pump,id_00,00000044.wav,normal,-0.11748063534646924,0.45426195896068766,0.09135648757219314
pump,id_00,00000826.wav,normal,-0.05845311464730507,0.5607646842252305,0.33603007197380064
pump,id_00,00000270.wav,normal,-1.0578730760044337,0.4013403130743032,0.09524782299995423
pump,id_00,00000618.wav,normal,-1.142343051483552,0.38315419949535334,0.09790299236774444
pump,id_00,00000352.wav,normal,-1.0159294819727247,0.3795844392153528,0.08133102804422379
pump,id_00,00000867.wav,normal,-0.6732586790962944,0.40029216945959845,0.08414857983589172
pump,id_00,00000367.wav,normal,-1.0055398909256823,0.4149018159570495,0.10481669157743453
pump,id_00,00000099.wav,normal,0.11885333947529553,0.4787312547551726,0.08432672023773194
pump,id_00,00000389.wav,normal,-0.7775994773647383,0.4013462825285842,0.07877388000488281
pump,id_00,00000094.wav,normal,-0.32809072768543857,0.46154460042793743,0.1009841576218605
pump,id_00,00000996.wav,normal,-1.0134201514862031,0.36364276579361976,0.05638834238052368
pump,id_00,00000344.wav,normal,-1.0995020512210303,0.4195862869735879,0.10459345877170563
pump,id_00,00000781.wav,normal,-0.8742723402114034,0.3745660982816599,0.07352079749107361
pump,id_00,00000220.wav,normal,-0.8862730876037848,0.387257817325333,0.09297805428504943
pump,id_00,00000159.wav,normal,-0.2462918765049693,0.4602717090707129,0.09192025437951087
pump,id_00,00000970.wav,normal,-0.6631387487810585,0.3945053672167835,0.09000348299741745
pump,id_00,00000348.wav,normal,-1.2763531363251026,0.4180540034586895,0.11091053038835526
pump,id_00,00000989.wav,normal,-0.9463932226760683,0.3699020464377051,0.07837557047605515
pump,id_00,00000714.wav,normal,-0.4371744358378127,0.43368561834746056,0.11345496624708176
pump,id_00,00000163.wav,normal,-0.33671900900188056,0.4445859711783075,0.09865932613611221
pump,id_00,00000825.wav,normal,-0.767190066078987,0.4259868769886711,0.12233876436948776
pump,id_00,00000777.wav,normal,-0.6577904993185015,0.4003942383592166,0.09107900857925415
pump,id_00,00000006.wav,normal,-0.5100100924105622,0.4732222627095808,0.1208332508802414
pump,id_00,00000890.wav,normal,-1.190467934955187,0.39104136134503076,0.10790955424308776
pump,id_00,00000828.wav,normal,-1.2775848067604212,0.43839890927924086,0.1341828227043152
pump,id_00,00000284.wav,normal,-0.8870177085700295,0.39661217623591644,0.08860726803541183
pump,id_00,00000603.wav,normal,-1.060631331107702,0.4016235764014826,0.11382874995470046
pump,id_00,00000459.wav,normal,-0.648110790794588,0.4160569430607165,0.09429565519094467
pump,id_00,00000225.wav,normal,-1.244459029536852,0.3756108793446725,0.06521164849400521
pump,id_00,00000429.wav,normal,-0.4982347137847434,0.5133681530797504,0.14872580468654634
pump,id_00,00000992.wav,normal,-0.902846069707099,0.3956596849123229,0.08345029577612877
pump,id_00,00000718.wav,normal,-0.8147519757091466,0.4029456005476864,0.09416410624980927
pump,id_00,00000665.wav,normal,-0.32892534353878666,0.44473666994474953,0.11351564452052117
pump,id_00,00000733.wav,normal,2.847655731504993,0.6512804643058145,0.4784943342208862
pump,id_00,00000203.wav,normal,-0.3797586317437336,0.4807543707839675,0.1749756157398224
pump,id_00,00000574.wav,normal,-1.147541204124284,0.3921623705533599,0.07687644511461258
pump,id_00,00000027.wav,normal,-0.1007813324234288,0.5175118376009059,0.19414462447166442
pump,id_00,00000616.wav,normal,-0.8342216860135192,0.4593457407132972,0.14126742929220198
pump,id_00,00000517.wav,normal,-0.14075370326332504,0.491072474380784,0.13154536336660386
pump,id_00,00000238.wav,normal,-1.1766838366771442,0.40440745479241075,0.09700427949428558
pump,id_00,00000223.wav,normal,-0.9357638900926339,0.41396409054198097,0.10786926001310349
pump,id_00,00000095.wav,normal,-0.33242441941732004,0.44374703940655386,0.11942635476589203
pump,id_00,00000030.wav,normal,-0.2715804762158722,0.42053226940112015,0.07296431362628937
pump,id_00,00000032.wav,normal,0.6118381607232379,0.5688937253866211,0.1591227099299431
pump,id_00,00000432.wav,normal,-0.8187259335115282,0.39916405666078386,0.08041640371084213
pump,id_00,00000604.wav,normal,-0.9394630645581117,0.3784074761644541,0.06424964740872383
pump,id_00,00000089.wav,normal,-0.6247937369374412,0.40398487552458645,0.07079909443855285
pump,id_00,00000558.wav,normal,-0.7582160186698719,0.38406920625296576,0.06448313146829605
pump,id_00,00000913.wav,normal,-0.9719069600162857,0.38608455313950785,0.08537489622831344
pump,id_00,00000758.wav,normal,-0.6599588974923147,0.417147148172328,0.0839383065700531
pump,id_00,00000692.wav,normal,-0.9032156405794982,0.3779848333784563,0.07341044619679452
pump,id_00,00000104.wav,normal,-0.45205629981757056,0.4086837955437703,0.06901354044675827
pump,id_00,00000754.wav,normal,-0.7735132150073412,0.40337176498099553,0.07897889912128449
pump,id_00,00000142.wav,normal,-0.5318730486069079,0.42295726686822344,0.10895285159349441
pump,id_00,00000228.wav,normal,-0.7240877386601863,0.4437673233662497,0.11901139467954636
pump,id_00,00000250.wav,normal,-0.8347501086037212,0.37778885855573197,0.06192572489380836
pump,id_00,00000281.wav,normal,-0.8448992186730724,0.42154952351942077,0.1137395292520523
pump,id_00,00000759.wav,normal,-0.8986869247150757,0.37730713364676,0.06218905746936798
pump,id_00,00000025.wav,normal,-0.6183183142111215,0.41611622584053354,0.08112850561738014
pump,id_00,00000114.wav,normal,-0.6166735108960335,0.3948185889756199,0.07084565833210946
pump,id_00,00000654.wav,normal,-0.20551015636635483,0.5357690870111566,0.17424705475568772
pump,id_00,00000000.wav,abnormal,-0.34624131048942886,0.4754650294683319,0.1075402930378914
pump,id_00,00000001.wav,abnormal,0.4368103085154065,0.5951511490065068,0.25761917531490325
pump,id_00,00000002.wav,abnormal,-0.2940861757634323,0.45883935225708533,0.08466482609510421
pump,id_00,00000003.wav,abnormal,2.139151684555795,0.6357858358421988,0.4544855833053589
pump,id_00,00000004.wav,abnormal,-0.7519331001454539,0.433568096700545,0.09903683513402939
pump,id_00,00000005.wav,abnormal,1.9176634483076729,0.6306155715650189,0.4553413391113281
pump,id_00,00000006.wav,abnormal,-0.7395054105826162,0.48844323058455014,0.16490569412708284
pump,id_00,00000007.wav,abnormal,0.8892132943200455,0.6312567756278369,0.34382584095001223
pump,id_00,00000008.wav,abnormal,-0.3461915506890634,0.4426961725081237,0.12155698835849763
pump,id_00,00000009.wav,abnormal,1.5331260271005611,0.6186452341525819,0.36255872845649717
pump,id_00,00000010.wav,abnormal,-0.25063450334095627,0.49725287043710364,0.15251029282808304
pump,id_00,00000011.wav,abnormal,0.7616099280643542,0.5795519885763529,0.23274627327919006
pump,id_00,00000012.wav,abnormal,-0.39084930909276316,0.4770462740080743,0.11868967711925507
pump,id_00,00000013.wav,abnormal,-0.6943387439109152,0.4882169394525212,0.14261571168899537
pump,id_00,00000014.wav,abnormal,-1.000961252462302,0.3981042543774205,0.07745005860924721
pump,id_00,00000015.wav,abnormal,-0.2072544357197419,0.5368535957787683,0.23179714977741242
pump,id_00,00000016.wav,abnormal,0.029120993509488713,0.530076947661126,0.16842114925384521
pump,id_00,00000017.wav,abnormal,-0.30423965480510695,0.5100079633252931,0.15419166088104247
pump,id_00,00000018.wav,abnormal,-0.5563911261839021,0.48161441363280544,0.1392109751701355
pump,id_00,00000019.wav,abnormal,-0.5365010095981457,0.5179799418149759,0.15448467880487443
pump,id_00,00000020.wav,abnormal,-0.5858224897697735,0.4497680114555462,0.12040621638298035
pump,id_00,00000021.wav,abnormal,0.16583859971360226,0.6026767923247819,0.27389228641986846
pump,id_00,00000022.wav,abnormal,-0.3547979338276743,0.5230335328403573,0.1923268586397171
pump,id_00,00000023.wav,abnormal,-0.447950984600066,0.5351158760542121,0.22999462783336638
pump,id_00,00000024.wav,abnormal,-0.9584156327070286,0.39935336134359817,0.10526090562343597
pump,id_00,00000025.wav,abnormal,-0.18463624531984557,0.5441423155683002,0.20842720568180084
pump,id_00,00000026.wav,abnormal,-0.42393334156039764,0.4755623453159321,0.1347750648856163
pump,id_00,00000027.wav,abnormal,-0.62688845562068,0.48645710745381543,0.13968584686517715
pump,id_00,00000028.wav,abnormal,-0.539829260399058,0.4443120396237843,0.12163511961698532
pump,id_00,00000029.wav,abnormal,-0.43609605207261204,0.5047569865026419,0.1343753904104233
pump,id_00,00000030.wav,abnormal,0.4973402749360716,0.5377930127991483,0.14764814227819442
pump,id_00,00000031.wav,abnormal,-0.7487190378505879,0.4617853264882767,0.14992159754037857
pump,id_00,00000032.wav,abnormal,-0.46004414256093185,0.41728638841810367,0.08387742936611176
pump,id_00,00000033.wav,abnormal,-0.4510467964911413,0.47801459665114177,0.14204950183629989
pump,id_00,00000034.wav,abnormal,-0.06114242251507562,0.4626768453078634,0.1013408586382866
pump,id_00,00000035.wav,abnormal,2.025112569864463,0.6608831003103774,0.4640792489051819
pump,id_00,00000036.wav,abnormal,-0.34642528648222104,0.4204478631996766,0.08909977078437806
pump,id_00,00000037.wav,abnormal,0.6839144403733268,0.596312583835244,0.27809191346168516
pump,id_00,00000038.wav,abnormal,-0.25356046142621125,0.45339362597107397,0.0885981187224388
pump,id_00,00000039.wav,abnormal,-0.40313765037628,0.5593707639272647,0.2553939551115036
pump,id_00,00000040.wav,abnormal,-0.40859058935253145,0.42479616590247243,0.06475022584199905
pump,id_00,00000041.wav,abnormal,-0.7577099232473916,0.4770540607233645,0.1438322588801384
pump,id_00,00000042.wav,abnormal,-0.4737590892312529,0.4079167865493759,0.07032271772623062
pump,id_00,00000043.wav,abnormal,0.265482856194156,0.5839534377745148,0.20889148712158204
pump,id_00,00000044.wav,abnormal,4.350097951482141,0.6731712254399232,0.6433583498001099
pump,id_00,00000045.wav,abnormal,-0.5328077793025727,0.4878437432716265,0.17406493425369263
pump,id_00,00000046.wav,abnormal,5.081116773206185,0.6568010599052202,0.7451989531517029
pump,id_00,00000047.wav,abnormal,-0.36012676716705627,0.5307061298705408,0.16423622518777847
pump,id_00,00000048.wav,abnormal,3.9836201480678985,0.656816897466191,0.6256579399108887
pump,id_00,00000049.wav,abnormal,-0.7090161597274989,0.4790857973292771,0.15842037945985793
pump,id_00,00000050.wav,abnormal,5.736930419773066,0.6913765170131688,0.8137600779533386
pump,id_00,00000051.wav,abnormal,-0.392378347567357,0.5399602626796328,0.18781760036945344
pump,id_00,00000052.wav,abnormal,3.4683045394458683,0.677086036313411,0.6056075930595398
pump,id_00,00000053.wav,abnormal,-0.7175631500244641,0.40667247857248795,0.09843235164880752
pump,id_00,00000054.wav,abnormal,3.861045566083792,0.6346762099508241,0.6041284561157226
pump,id_00,00000055.wav,abnormal,-0.48438837273870305,0.4561066237671275,0.11379657983779908
pump,id_00,00000056.wav,abnormal,4.899093842373783,0.6475227770763077,0.7158075094223022
pump,id_00,00000057.wav,abnormal,-0.9649621330687967,0.41843909702712084,0.13981934785842895
pump,id_00,00000058.wav,abnormal,5.085570263624643,0.6654147513333073,0.7495036602020264
pump,id_00,00000059.wav,abnormal,0.17332530531859724,0.5110628122116585,0.1017341062426567
pump,id_00,00000060.wav,abnormal,4.2947371206666825,0.6663541728479162,0.6443883419036865
pump,id_00,00000061.wav,abnormal,-0.10549676517522677,0.4950188472148123,0.1268998146057129
pump,id_00,00000062.wav,abnormal,4.749386009001127,0.669534659625306,0.6837552309036254
pump,id_00,00000063.wav,abnormal,0.09099682145905419,0.49670953025704,0.1365283116698265
pump,id_00,00000064.wav,abnormal,2.914529946853392,0.6674056375850018,0.5045190334320069
pump,id_00,00000065.wav,abnormal,-0.20831468408666431,0.46275888574896656,0.11158453673124313
pump,id_00,00000066.wav,abnormal,4.868039330904582,0.6775956805646653,0.7283191561698914
pump,id_00,00000067.wav,abnormal,-0.6557615480362617,0.4114853168135706,0.08262833207845688
pump,id_00,00000068.wav,abnormal,3.7735009054055126,0.6657315951310572,0.6114690780639649
pump,id_00,00000069.wav,abnormal,-0.38503395679610186,0.4554139026027281,0.08149291276931762
pump,id_00,00000070.wav,abnormal,3.7447131099017916,0.660917539155343,0.5943423271179199
pump,id_00,00000071.wav,abnormal,-0.36075004563598334,0.44841598395150994,0.08809704184532166
pump,id_00,00000072.wav,abnormal,2.4768102313725713,0.6768819864393832,0.4152695298194885
pump,id_00,00000073.wav,abnormal,0.18476407310753196,0.5002375543499824,0.16036686003208162
pump,id_00,00000074.wav,abnormal,3.4167453789310986,0.6877859017145403,0.5425301432609558
pump,id_00,00000075.wav,abnormal,0.05627929326452552,0.4659088321799786,0.07619432061910629
pump,id_00,00000076.wav,abnormal,4.0167113023329595,0.6795600343403473,0.6198515295982361
pump,id_00,00000077.wav,abnormal,-0.627357909179139,0.4275558669500944,0.1085344523191452
pump,id_00,00000078.wav,abnormal,2.8095165389587233,0.6814996354134357,0.45499945878982545
pump,id_00,00000079.wav,abnormal,-0.06412924074355786,0.4728493762384958,0.09494714587926864
pump,id_00,00000080.wav,abnormal,3.900920824334011,0.6901550211337891,0.5771590948104859
pump,id_00,00000081.wav,abnormal,-0.1917998412833093,0.46546452716611986,0.10925911515951156
pump,id_00,00000082.wav,abnormal,5.706815903257363,0.6919050362691682,0.7514843702316284
pump,id_00,00000083.wav,abnormal,0.054278883964398617,0.483216053653636,0.12298053205013275
pump,id_00,00000084.wav,abnormal,4.702221360485839,0.7003203997959137,0.6427746891975403
pump,id_00,00000085.wav,abnormal,-0.14818826554248155,0.46943025049570414,0.09759968519210815
pump,id_00,00000086.wav,abnormal,2.5694008260103764,0.6851129078849862,0.45412433743476865
pump,id_00,00000087.wav,abnormal,-0.3460164406159869,0.44446304112994867,0.11640354543924332
pump,id_00,00000088.wav,abnormal,2.1721648998428638,0.6569800808403758,0.4001276969909668
pump,id_00,00000089.wav,abnormal,-0.280804185947515,0.4831674773261574,0.1081732913851738
pump,id_00,00000090.wav,abnormal,5.331890198724846,0.6914159339636714,0.7193200469017029
pump,id_00,00000091.wav,abnormal,-0.6808880956044305,0.38210997906144506,0.07534560412168503
pump,id_00,00000092.wav,abnormal,5.212086944229097,0.6843060962054252,0.736380136013031
pump,id_00,00000093.wav,abnormal,-0.42542334634469015,0.431449355635335,0.07605024129152298
pump,id_00,00000094.wav,abnormal,-0.8111706781554631,0.41791714813735403,0.11078068763017654
pump,id_00,00000095.wav,abnormal,0.017132862811754634,0.4765411252222496,0.10848231017589569
pump,id_00,00000096.wav,abnormal,-0.9784392164470717,0.373353941988114,0.0576794907450676
pump,id_00,00000097.wav,abnormal,0.11682165449501802,0.510214234314917,0.14300613552331926
pump,id_00,00000098.wav,abnormal,1.2670604484310477,0.6503408351558103,0.3951405882835388
pump,id_00,00000099.wav,abnormal,-0.055334380198836186,0.49678059986383194,0.11337437331676484
pump,id_00,00000100.wav,abnormal,-0.8299781538248716,0.3879333050523053,0.10802035927772521
pump,id_00,00000101.wav,abnormal,-1.2459374092589162,0.400467545965717,0.09796097725629807
pump,id_00,00000102.wav,abnormal,-0.8288622706816007,0.3971287770765397,0.10400754064321518
pump,id_00,00000103.wav,abnormal,-0.9821702919838273,0.4084910820796247,0.10074264258146286
pump,id_00,00000104.wav,abnormal,-0.9854414128061482,0.3694410806355206,0.08108440637588502
pump,id_00,00000105.wav,abnormal,-0.8670381797253928,0.41704348338809444,0.09783746600151062
pump,id_00,00000106.wav,abnormal,-0.5058321866694531,0.432717682735214,0.11090218126773835
pump,id_00,00000107.wav,abnormal,-0.4665426903342418,0.5358964676988581,0.24461142718791962
pump,id_00,00000108.wav,abnormal,0.06050980685327012,0.5290929911302797,0.14927017986774443
pump,id_00,00000109.wav,abnormal,-0.7100716827781799,0.4171926787088722,0.1218551978468895
pump,id_00,00000110.wav,abnormal,-0.061411898282432986,0.5342226033181413,0.15502723604440688
pump,id_00,00000111.wav,abnormal,-0.7193938426295912,0.4507140631991871,0.15450482070446014
pump,id_00,00000112.wav,abnormal,-0.767133190168158,0.47544458470818457,0.16945499777793885
pump,id_00,00000113.wav,abnormal,-1.2020671830137477,0.41370629061720454,0.129636487364769
pump,id_00,00000114.wav,abnormal,-0.650379218559884,0.4322164084152099,0.10444033443927765
pump,id_00,00000115.wav,abnormal,-0.7498909981765465,0.4998588554020965,0.23944259583950042
pump,id_00,00000116.wav,abnormal,0.7108905502963232,0.590406094690118,0.2853593617677689
pump,id_00,00000117.wav,abnormal,-0.35343093910821466,0.5445425088333556,0.24546633362770082
pump,id_00,00000118.wav,abnormal,-0.9375721470701297,0.4501932652484209,0.14157262295484543
pump,id_00,00000119.wav,abnormal,-0.5950709167856498,0.453346486445501,0.15850317627191543
pump,id_00,00000120.wav,abnormal,-0.42580005307053703,0.5136857526837323,0.2023692786693573
pump,id_00,00000121.wav,abnormal,-0.5738067076181412,0.4727193025589199,0.15465332567691803
pump,id_00,00000122.wav,abnormal,3.4782920214144495,0.6864391801567716,0.5131608963012695
pump,id_00,00000123.wav,abnormal,3.686037175224837,0.6952944756755361,0.5267257809638977
pump,id_00,00000124.wav,abnormal,4.784051071496598,0.7063971265540425,0.6332473754882812
pump,id_00,00000125.wav,abnormal,3.0847910960600604,0.6756501231433424,0.5112045586109162
pump,id_00,00000126.wav,abnormal,3.862322252834976,0.6911985225455431,0.5512070834636689
pump,id_00,00000127.wav,abnormal,3.9993913056611516,0.6903405116253393,0.5821844100952148
pump,id_00,00000128.wav,abnormal,5.887726117902911,0.7066185012550258,0.77268488407135
pump,id_00,00000129.wav,abnormal,2.84733635639156,0.6843366372382963,0.44709903597831724
pump,id_00,00000130.wav,abnormal,2.087176656168026,0.6646603365495917,0.40195090770721437
pump,id_00,00000131.wav,abnormal,4.186220947151525,0.6959138380842066,0.5957112789154053
pump,id_00,00000132.wav,abnormal,4.567808355753936,0.7066185012550258,0.6337455034255981
pump,id_00,00000133.wav,abnormal,0.944609564897279,0.6139292133029655,0.30256991386413573
pump,id_00,00000134.wav,abnormal,0.8417883507280344,0.6054451035196904,0.2958044528961182
pump,id_00,00000135.wav,abnormal,3.907889290419819,0.6824906714127724,0.6076287627220154
pump,id_00,00000136.wav,abnormal,0.9019879990771766,0.6357606551950203,0.30983738601207733
pump,id_00,00000137.wav,abnormal,1.9523086086060797,0.6381626089882955,0.40591293573379517
pump,id_00,00000138.wav,abnormal,0.44406595280244154,0.5924569075901599,0.3790083944797516
pump,id_00,00000139.wav,abnormal,0.9728751694467661,0.6191184421609707,0.36630456149578094
pump,id_00,00000140.wav,abnormal,4.307995361253438,0.6813982817628785,0.6109888076782226
pump,id_00,00000141.wav,abnormal,-0.1322778614709872,0.581573453011923,0.27091806530952456
pump,id_00,00000142.wav,abnormal,1.9222689041631167,0.6750470340419521,0.3885462939739227
pump,id_02,00000095.wav,normal,-0.4969011607502605,0.3877342126913958,0.07713796943426132
pump,id_02,00000417.wav,normal,1.5904684405428515,0.6410542019529898,0.4108155369758606
pump,id_02,00000565.wav,normal,0.04803166304186135,0.5676159088407602,0.2625158429145813
pump,id_02,00000014.wav,normal,-0.20021142080361187,0.4695562103791373,0.1386208713054657
pump,id_02,00000564.wav,normal,-0.547283513893511,0.4152150618430141,0.10518555194139481
pump,id_02,00000318.wav,normal,-0.5668506739085988,0.42695306139854106,0.11291067004203796
pump,id_02,00000162.wav,normal,-0.7136486590980518,0.3607902973403869,0.0604018971323967
pump,id_02,00000726.wav,normal,-0.7502812180453446,0.4121500382413362,0.10756202489137649
pump,id_02,00000245.wav,normal,0.7736745622946088,0.6050823799323987,0.2362275630235672
pump,id_02,00000818.wav,normal,-0.3960590101064909,0.5289358059843923,0.19293713569641113
pump,id_02,00000623.wav,normal,0.7369044532289202,0.5988680802907406,0.2616934388875961
pump,id_02,00000645.wav,normal,-0.5378558761275549,0.4060412010367745,0.09036055356264114
pump,id_02,00000029.wav,normal,-0.3702832305802577,0.44587658754283926,0.10159929543733597
pump,id_02,00000124.wav,normal,-0.2199631224518832,0.44501563542243083,0.0896279975771904
pump,id_02,00000496.wav,normal,-0.530577706972295,0.5014457552058962,0.17924736738204955
pump,id_02,00000715.wav,normal,-0.018175670789915443,0.5506883493033898,0.20641421377658845
pump,id_02,00000961.wav,normal,-0.34319884096213293,0.4605914901296902,0.08974366039037704
pump,id_02,00000294.wav,normal,-0.5449122113333313,0.39944720552839713,0.07896558195352554
pump,id_02,00000134.wav,normal,-0.6491221556651912,0.3750123590295092,0.08240497559309005
pump,id_02,00000562.wav,normal,-0.221898709036223,0.4164886330290013,0.10980335175991059
pump,id_02,00000273.wav,normal,-0.028436959191278532,0.4893006523090111,0.13874816596508027
pump,id_02,00000208.wav,normal,-0.6884951982109797,0.3835552149728345,0.07476214617490769
pump,id_02,00000052.wav,normal,-0.30795386704366656,0.4497116959511524,0.10573009997606278
pump,id_02,00000904.wav,normal,-0.6189276244755764,0.4451727278982513,0.14405001997947692
pump,id_02,00000988.wav,normal,-0.3473292634052001,0.4327259457086467,0.08116488009691239
pump,id_02,00001000.wav,normal,-0.600089486051985,0.44880298757159864,0.1175907626748085
pump,id_02,00000510.wav,normal,-0.4294482809846123,0.4313115103174652,0.10726443976163864
pump,id_02,00000935.wav,normal,-0.353254895762916,0.41324650942355173,0.07821513712406158
pump,id_02,00000637.wav,normal,-0.7128654368834475,0.4078317076731927,0.11146318167448044
pump,id_02,00000370.wav,normal,-0.38068223524194345,0.42532994280246916,0.10927970111370086
pump,id_02,00000530.wav,normal,-0.6285810002429244,0.46642850578552875,0.11485102623701096
pump,id_02,00000192.wav,normal,-0.5650453958691628,0.4468980734419267,0.12855849415063858
pump,id_02,00000055.wav,normal,-0.49975294372487333,0.4215159619798536,0.10328151136636735
pump,id_02,00000423.wav,normal,-0.7230615996069609,0.37803056384111494,0.07948658838868142
pump,id_02,00000473.wav,normal,0.10688683476437433,0.4821007939132058,0.14539716839790345
pump,id_02,00000555.wav,normal,-0.7067871700750601,0.39889862787495395,0.10584662705659867
pump,id_02,00000673.wav,normal,-0.7676159663957787,0.3728988675523203,0.07235302552580833
pump,id_02,00000001.wav,normal,-0.24051869499050582,0.4331686701471608,0.08096154779195786
pump,id_02,00000977.wav,normal,-0.42333807978515026,0.4044821053386025,0.06690581738948823
pump,id_02,00000526.wav,normal,-0.44956260243132284,0.40995589096808116,0.09681689739227295
pump,id_02,00000885.wav,normal,-0.26212506081418674,0.49546168995350615,0.10175208151340484
pump,id_02,00000413.wav,normal,-0.7657384088573149,0.37550894506943827,0.08699627220630646
pump,id_02,00000791.wav,normal,-0.6354755638287362,0.3971656621768384,0.08141493946313857
pump,id_02,00000118.wav,normal,-0.4616841106444678,0.3887054409025854,0.07466182857751846
pump,id_02,00000331.wav,normal,3.167252229965367,0.690927964579503,0.5594942569732666
pump,id_02,00000258.wav,normal,0.5125725352204746,0.6299369865362494,0.2833194941282272
pump,id_02,00000322.wav,normal,0.7683494306405265,0.5865823915557623,0.24435893595218658
pump,id_02,00000090.wav,normal,0.1866430919916322,0.5663081119840037,0.22515768110752105
pump,id_02,00000465.wav,normal,-0.5055094316637039,0.4013453456197014,0.10862329304218292
pump,id_02,00000037.wav,normal,-0.27927138769120674,0.4210886158324672,0.0907423436641693
pump,id_02,00000563.wav,normal,-0.37797171086566905,0.403732514041359,0.09887628555297852
pump,id_02,00000778.wav,normal,0.03685635845639723,0.507639604662558,0.13537495881319045
pump,id_02,00000924.wav,normal,-0.33148151814751436,0.443483885405044,0.08434327691793442
pump,id_02,00000410.wav,normal,-0.07648621681061307,0.5433025466169882,0.2110163003206253
pump,id_02,00000678.wav,normal,-0.45576620371390497,0.41462839081921604,0.11192533075809478
pump,id_02,00000974.wav,normal,-0.4834659269396351,0.413979418875204,0.06717360243201256
pump,id_02,00000507.wav,normal,-0.4561192653361772,0.4267242160005391,0.11988795846700669
pump,id_02,00000710.wav,normal,-0.48205373875775415,0.4388295218541226,0.14154291450977324
pump,id_02,00000421.wav,normal,-0.5482527639349257,0.40036516315196946,0.07928489819169045
pump,id_02,00000337.wav,normal,-0.20186325619312484,0.4609970435277262,0.1066530779004097
pump,id_02,00000164.wav,normal,-0.598635305223377,0.40256858074518737,0.07755253463983536
pump,id_02,00000878.wav,normal,0.001598916676652351,0.47863034987537223,0.1426795929670334
pump,id_02,00000107.wav,normal,-0.7891451652791446,0.4279730830552825,0.10657477527856826
pump,id_02,00000686.wav,normal,-0.8921974960532708,0.37667481922193846,0.07766607701778412
pump,id_02,00000328.wav,normal,-0.9221490074144221,0.37285990497730676,0.08692776411771774
pump,id_02,00000341.wav,normal,-0.5878635268113435,0.3896129395974816,0.08762148320674897
pump,id_02,00000418.wav,normal,0.06287103660763549,0.5145551903037328,0.15254574045538902
pump,id_02,00000356.wav,normal,-0.5604298636440959,0.4189393458950628,0.09886660724878311
pump,id_02,00000933.wav,normal,-0.41125211207958046,0.46384289133881684,0.11264403909444809
pump,id_02,00000950.wav,normal,-0.6844686744467232,0.3985079820736322,0.1025146096944809
pump,id_02,00000503.wav,normal,-0.10622227711304966,0.5402758625748397,0.2148670494556427
pump,id_02,00000833.wav,normal,-0.46696477269491865,0.40389609641495683,0.09020452350378036
pump,id_02,00000650.wav,normal,-0.5109908843942002,0.44501887717178057,0.1340103939175606
pump,id_02,00000446.wav,normal,-0.9541207814796806,0.43921630227742314,0.14280384927988052
pump,id_02,00000599.wav,normal,-0.33816392317912936,0.44707604903109904,0.11072596684098243
pump,id_02,00000185.wav,normal,-0.19546683121533803,0.460332406642266,0.1236743837594986
pump,id_02,00000284.wav,normal,-0.40476433295794223,0.44852769282419114,0.11438683867454529
pump,id_02,00000452.wav,normal,-0.5688357038071707,0.44719964869707346,0.12645490914583207
pump,id_02,00000667.wav,normal,-0.6690460377894123,0.423838339378626,0.10366642475128174
pump,id_02,00000531.wav,normal,-0.8476643488874913,0.3840994282082439,0.10156267285346984
pump,id_02,00000481.wav,normal,-0.535317642296727,0.4177913980715805,0.08089668080210685
pump,id_02,00000179.wav,normal,-0.3899861047575133,0.38263726000347853,0.06662361919879914
pump,id_02,00000774.wav,normal,-0.8973444330984872,0.38476212504816665,0.0789829060435295
pump,id_02,00000781.wav,normal,-0.27775367359673453,0.46787445415842127,0.10308270752429963
pump,id_02,00000041.wav,normal,-0.45801794952617136,0.37949154282210484,0.06746441647410392
pump,id_02,00000590.wav,normal,-0.14058581775027257,0.5379909046457795,0.22567582428455352
pump,id_02,00000275.wav,normal,-0.22723376034626241,0.45749653461165607,0.10806262791156769
pump,id_02,00000841.wav,normal,-0.7276491413504029,0.38813795592413336,0.08930345177650452
pump,id_02,00000688.wav,normal,-0.7723081215104362,0.35487525462412545,0.06426842287182807
pump,id_02,00000783.wav,normal,-0.40245025818159696,0.43119802580133804,0.09475419968366623
pump,id_02,00000021.wav,normal,-0.7168947985819223,0.3784707229071237,0.0875018835067749
pump,id_02,00000601.wav,normal,-0.18652551900980185,0.48790516081449975,0.15268403589725493
pump,id_02,00000589.wav,normal,-0.7018747425045007,0.4202254155947871,0.12105942964553833
pump,id_02,00000881.wav,normal,-0.546350009895237,0.39228083632541927,0.06853926628828048
pump,id_02,00000856.wav,normal,-0.268734669262491,0.49793455061269004,0.15405817329883575
pump,id_02,00000690.wav,normal,-0.9065559676553363,0.36356844606653815,0.08022015690803527
pump,id_02,00000234.wav,normal,1.0437131097306693,0.6045833391887591,0.3732745945453644
pump,id_02,00000093.wav,normal,-0.6563701245328666,0.422342291746197,0.08887438476085663
pump,id_02,00000026.wav,normal,-0.31825822210874755,0.45676094465088324,0.1090008184313774
pump,id_02,00000256.wav,normal,-0.7016009828865197,0.3663154920620693,0.0709021832793951
pump,id_02,00000618.wav,normal,-0.6284104662777104,0.42959866234849187,0.11475616544485093
pump,id_02,00000330.wav,normal,0.4485332122158674,0.5862793597372785,0.26698470711708067
pump,id_02,00000752.wav,normal,-0.4892901667975753,0.3980021395053237,0.08255105316638947
pump,id_02,00000442.wav,normal,-0.691306125805232,0.36895520845624263,0.06295831203460693
pump,id_02,00000910.wav,normal,-0.38278307824766244,0.40910591596314433,0.07591877207159996
pump,id_02,00000040.wav,normal,-0.6137077711250853,0.39280107109303264,0.061673452705144884
pump,id_02,00000612.wav,normal,-0.8950915895567633,0.38301125895469046,0.09033974707126617
pump,id_02,00000082.wav,normal,-0.6020016892396871,0.41764597908214607,0.08801803067326545
pump,id_02,00000448.wav,normal,-0.09350312098875158,0.48032496655453427,0.13719238340854645
pump,id_02,00000505.wav,normal,-0.756217956036803,0.3899292797873786,0.08039753511548042
pump,id_02,00000552.wav,normal,-0.8386806593329101,0.42625831829095784,0.12520518004894257
pump,id_02,00000512.wav,normal,-0.6429317745405552,0.38366097387890113,0.0752033568918705
pump,id_02,00000278.wav,normal,-0.8977105894316537,0.37738319285014954,0.09233739674091339
pump,id_02,00000965.wav,normal,-0.020663228092040242,0.5268609123420694,0.17260066121816636
pump,id_02,00000412.wav,normal,-0.2937992337251085,0.4200565630550062,0.10094239115715027
pump,id_02,00000716.wav,normal,0.33272201196273166,0.490994598156933,0.14663318991661073
pump,id_02,00000311.wav,normal,-0.09235029793291538,0.5697271735477983,0.2412263423204422
pump,id_02,00000705.wav,normal,0.5015197172184358,0.535702571698056,0.18820441961288453
pump,id_02,00000479.wav,normal,-0.5946007673828824,0.4220328402390525,0.0897667407989502
pump,id_02,00000127.wav,normal,-0.8399165298315268,0.35595271244223786,0.05645110607147217
pump,id_02,00000449.wav,normal,-0.42491711522770714,0.41233359819630366,0.07821222767233849
pump,id_02,00000295.wav,normal,-0.7080350899957235,0.38192692225493646,0.07891493439674377
pump,id_02,00000943.wav,normal,-0.42298545526376685,0.4499276937182413,0.09922292828559875
pump,id_02,00000582.wav,normal,-0.7463576729743302,0.36438264040551144,0.07198029309511185
pump,id_02,00000844.wav,normal,-0.42172461125399074,0.4390653450679794,0.11639842689037323
pump,id_02,00000766.wav,normal,0.10253097410698686,0.5305237941718215,0.20000753402709961
pump,id_02,00000609.wav,normal,-0.7476361578437061,0.37211397489720405,0.07842187434434891
pump,id_02,00000314.wav,normal,-0.8876653487592101,0.36363165846691453,0.07299135327339172
pump,id_02,00000811.wav,normal,-0.39054043834599916,0.40110199535395713,0.09690496772527694
pump,id_02,00000169.wav,normal,-0.7687532418053262,0.37186924509071884,0.08267167508602143
pump,id_02,00000061.wav,normal,-0.330836181693833,0.4510878445371643,0.10637538731098176
pump,id_02,00000073.wav,normal,-0.08209374604220443,0.5000627286920393,0.175001260638237
pump,id_02,00000145.wav,normal,-0.6311279777824392,0.4734218030540598,0.1471462607383728
pump,id_02,00000846.wav,normal,-0.3489681324768963,0.46396713835668874,0.12549186646938323
pump,id_02,00000272.wav,normal,-0.2871350628939098,0.43012623957688534,0.09922991096973419
pump,id_02,00000930.wav,normal,-0.24273047677144355,0.45982094321902256,0.10696698278188706
pump,id_02,00000152.wav,normal,-0.7497853238937608,0.43983308093880424,0.12679945677518845
pump,id_02,00000663.wav,normal,-0.851547926351298,0.40926745783864943,0.09716213047504425
pump,id_02,00000230.wav,normal,-0.6981864089638758,0.40441430194178835,0.09005357474088668
pump,id_02,00000557.wav,normal,-0.8440321007418881,0.3600420057488445,0.06977881863713264
pump,id_02,00000117.wav,normal,-0.27406610160790734,0.4315582667145943,0.0806635558605194
pump,id_02,00000435.wav,normal,-0.41029849626135295,0.4234416464702526,0.10879441350698471
pump,id_02,00000202.wav,normal,-0.7823030696558089,0.4031357749928444,0.11829875856637954
pump,id_02,00000956.wav,normal,0.6435065920677694,0.5940862858504937,0.29149057269096373
pump,id_02,00000823.wav,normal,-0.6620275330351397,0.37276423489768784,0.05893014669418335
pump,id_02,00000677.wav,normal,0.0428442057191063,0.5542750978702976,0.18094529658555986
pump,id_02,00000603.wav,normal,-0.8117341843590218,0.4518441013582146,0.18545030951499938
pump,id_02,00000640.wav,normal,-0.6624921799868595,0.3655499707012052,0.06869916692376137
pump,id_02,00000810.wav,normal,-0.6571929461462673,0.43691626457477795,0.09954124391078949
pump,id_02,00000806.wav,normal,-0.7632723184471253,0.4247430488396779,0.08572859540581704
pump,id_02,00000270.wav,normal,-0.7551067739621331,0.363290285524794,0.08000669479370118
pump,id_02,00000946.wav,normal,-0.2141915904524172,0.5235047504099571,0.17762901186943053
pump,id_02,00000000.wav,abnormal,-0.3101901852892759,0.471757938149946,0.13793611526489258
pump,id_02,00000001.wav,abnormal,-0.4601214355905192,0.4590929735527058,0.10517109334468841
pump,id_02,00000002.wav,abnormal,-0.007418160786999195,0.5265767520791349,0.15941113829612732
pump,id_02,00000003.wav,abnormal,-0.7232971611610459,0.4184168631152774,0.09508018791675568
pump,id_02,00000004.wav,abnormal,0.05286497594916284,0.5192801975225892,0.14653027951717376
pump,id_02,00000005.wav,abnormal,-0.2528262651322528,0.49720453648304996,0.1457243636250496
pump,id_02,00000006.wav,abnormal,1.0337000499381936,0.634397347015142,0.3748139262199402
pump,id_02,00000007.wav,abnormal,-0.43439109042149937,0.4423170807158126,0.11353121548891068
pump,id_02,00000008.wav,abnormal,0.09109119472565297,0.5286681039048284,0.17655918300151824
pump,id_02,00000009.wav,abnormal,2.583222541214111,0.6265430063758755,0.4109711587429047
pump,id_02,00000010.wav,abnormal,0.8152603584266664,0.580063000837481,0.25766476392745974
pump,id_02,00000011.wav,abnormal,-0.13230487439040317,0.5406009760658793,0.22689820528030397
pump,id_02,00000012.wav,abnormal,0.3319691475550304,0.5214568971598598,0.17207807898521424
pump,id_02,00000013.wav,abnormal,0.124530832623579,0.5553493517237398,0.19965138733386995
pump,id_02,00000014.wav,abnormal,0.5585887658509794,0.5946793369629452,0.25647529661655427
pump,id_02,00000015.wav,abnormal,-0.7923868413855413,0.48768291050991947,0.14887968003749846
pump,id_02,00000016.wav,abnormal,0.8505944346239751,0.5585361194927521,0.2352079451084137
pump,id_02,00000017.wav,abnormal,-0.5718742597953579,0.45395000670309327,0.14109010398387908
pump,id_02,00000018.wav,abnormal,-0.6316001461323424,0.44363083876073284,0.11416796743869781
pump,id_02,00000019.wav,abnormal,-0.7192320036422295,0.40535157097444185,0.11706527322530746
pump,id_02,00000020.wav,abnormal,1.3142038887714165,0.6027345430344727,0.3079009294509888
pump,id_02,00000021.wav,abnormal,0.24575779417904187,0.5452609448760042,0.18976002633571626
pump,id_02,00000022.wav,abnormal,0.6327915654266487,0.5635071808234424,0.2143174648284912
pump,id_02,00000023.wav,abnormal,0.18790268060044824,0.5571377558037368,0.20288092494010926
pump,id_02,00000024.wav,abnormal,0.5270828870170092,0.5613645981010748,0.180473393201828
pump,id_02,00000025.wav,abnormal,0.5536457585287327,0.590900741569821,0.28391262888908386
pump,id_02,00000026.wav,abnormal,0.5549720840716024,0.5421628183538553,0.22262904345989226
pump,id_02,00000027.wav,abnormal,-0.667868992426893,0.45395253004982067,0.09522326439619064
pump,id_02,00000028.wav,abnormal,-0.3566973351794278,0.48894754686179215,0.12764184027910233
pump,id_02,00000029.wav,abnormal,-0.28613219266080847,0.47572974609567975,0.13844725489616394
pump,id_02,00000030.wav,abnormal,-0.42870443180813744,0.5127293556821074,0.15388740599155426
pump,id_02,00000031.wav,abnormal,0.5655743432888887,0.547411206683253,0.1753457471728325
pump,id_02,00000032.wav,abnormal,0.6167009630661546,0.5567654471551503,0.23030661046504974
pump,id_02,00000033.wav,abnormal,0.6243068822358531,0.5505636211447201,0.2341326504945755
pump,id_02,00000034.wav,abnormal,0.2566617523739634,0.5580632051923892,0.19292547404766083
pump,id_02,00000035.wav,abnormal,0.1281337992950089,0.5293358851336737,0.17913681268692017
pump,id_02,00000036.wav,abnormal,1.162552494227251,0.6172491968815419,0.2985485255718231
pump,id_02,00000037.wav,abnormal,-0.21700185981829812,0.5034843504232128,0.15097602009773253
pump,id_02,00000038.wav,abnormal,-0.3943398865735155,0.4826655044584104,0.13203674256801606
pump,id_02,00000039.wav,abnormal,-0.7094350083632399,0.422936340779594,0.06961013078689575
pump,id_02,00000040.wav,abnormal,-0.39120491025428983,0.48768797046232804,0.12244142144918442
pump,id_02,00000041.wav,abnormal,0.2733698169490584,0.5336380436604393,0.14898427426815034
pump,id_02,00000042.wav,abnormal,-0.9579307999256095,0.4094408330949805,0.09881266504526139
pump,id_02,00000043.wav,abnormal,-0.5716571435619038,0.46510668411641554,0.13408784717321395
pump,id_02,00000044.wav,abnormal,-0.570692408444831,0.4567902993998428,0.12957865744829178
pump,id_02,00000045.wav,abnormal,-0.5627964859254178,0.4643791601410593,0.11841302067041397
pump,id_02,00000046.wav,abnormal,-0.9530882068592881,0.4030607254187571,0.10279840677976608
pump,id_02,00000047.wav,abnormal,-0.4198400442573824,0.5011710082787557,0.1723981738090515
pump,id_02,00000048.wav,abnormal,0.8338663277873675,0.6066068949999515,0.28936375975608825
pump,id_02,00000049.wav,abnormal,0.4465024615715052,0.5595755764545344,0.19727163910865783
pump,id_02,00000050.wav,abnormal,0.17171065878448744,0.5519573024771148,0.20788334012031556
pump,id_02,00000051.wav,abnormal,-0.3826522469941729,0.4867036247578729,0.16138039529323578
pump,id_02,00000052.wav,abnormal,-0.41032691580113223,0.4537720096374648,0.09583510458469391
pump,id_02,00000053.wav,abnormal,0.3729697808122854,0.5808101955816071,0.2193168967962265
pump,id_02,00000054.wav,abnormal,-0.78876549454864,0.4446162207533359,0.15628261119127274
pump,id_02,00000055.wav,abnormal,-0.282914165077198,0.4661365866505335,0.1120235413312912
pump,id_02,00000056.wav,abnormal,-0.9446411599544149,0.4148856576180636,0.15473066866397858
pump,id_02,00000057.wav,abnormal,-0.231976486484486,0.49133208636299475,0.13585611283779145
pump,id_02,00000058.wav,abnormal,-0.866125682384796,0.41232599913094414,0.13067352920770645
pump,id_02,00000059.wav,abnormal,-0.08236792468508725,0.5091692989405815,0.1478117361664772
pump,id_02,00000060.wav,abnormal,0.10098012918282784,0.5589052719359506,0.2114603966474533
pump,id_02,00000061.wav,abnormal,0.11334909276226135,0.5352302872873823,0.15531198382377626
pump,id_02,00000062.wav,abnormal,-0.27947101735583146,0.5154805932138431,0.16300022304058076
pump,id_02,00000063.wav,abnormal,-0.062219643345825304,0.5007763542827418,0.15009570717811585
pump,id_02,00000064.wav,abnormal,-0.9953329786738347,0.3948454756157658,0.120212022960186
pump,id_02,00000065.wav,abnormal,-0.35353892819091826,0.4961627179303146,0.12989068776369095
pump,id_02,00000066.wav,abnormal,-0.1356360729760855,0.48777469849882094,0.16943794786930083
pump,id_02,00000067.wav,abnormal,0.35808847168707736,0.5535535770257637,0.1892207533121109
pump,id_02,00000068.wav,abnormal,-0.6575376724384174,0.44188730994856257,0.12986774146556854
pump,id_02,00000069.wav,abnormal,-0.44695355269252346,0.4964636282544086,0.19071077108383178
pump,id_02,00000070.wav,abnormal,-0.03023559024690492,0.5414525539552784,0.18270007222890855
pump,id_02,00000071.wav,abnormal,-0.322031836534725,0.49083342233428956,0.13531311154365538
pump,id_02,00000072.wav,abnormal,-0.5575707815017417,0.4609021715958509,0.14656160175800323
pump,id_02,00000073.wav,abnormal,-0.29946386784544643,0.47540124936312134,0.14141952395439147
pump,id_02,00000074.wav,abnormal,-0.46036290948292447,0.5033375551197651,0.1841213434934616
pump,id_02,00000075.wav,abnormal,0.65237835240214,0.5587845644902405,0.23314163386821746
pump,id_02,00000076.wav,abnormal,-0.5637803791354372,0.48698561603047746,0.185918590426445
pump,id_02,00000077.wav,abnormal,-0.27861285386935464,0.49405780496896334,0.13332950919866562
pump,id_02,00000078.wav,abnormal,-0.4812175336059781,0.48365293447536395,0.14892547726631164
pump,id_02,00000079.wav,abnormal,-0.13335267238479886,0.5063868673899541,0.1525428906083107
pump,id_02,00000080.wav,abnormal,-0.9011549664526228,0.45162737443865536,0.14098798632621765
pump,id_02,00000081.wav,abnormal,-0.41885325447707267,0.47028605620536623,0.15885070562362671
pump,id_02,00000082.wav,abnormal,-0.8844682073494763,0.4316645139185597,0.11960451006889343
pump,id_02,00000083.wav,abnormal,-0.2364844918858644,0.5130698876359084,0.17302128672599792
pump,id_02,00000084.wav,abnormal,-1.0491989392277148,0.39136158574348767,0.09632735848426818
pump,id_02,00000085.wav,abnormal,-0.32304555555997716,0.4755640580629835,0.16068429350852967
pump,id_02,00000086.wav,abnormal,-0.8409798850264139,0.4323531089516902,0.1356775164604187
pump,id_02,00000087.wav,abnormal,-0.11363691362879003,0.4894761540162245,0.12175816744565963
pump,id_02,00000088.wav,abnormal,-0.9093797350113952,0.4008792863234712,0.1063984677195549
pump,id_02,00000089.wav,abnormal,0.8589454250267288,0.5722021473253946,0.2488279312849045
pump,id_02,00000090.wav,abnormal,3.7358295983884586,0.6627919936828186,0.5697973966598511
pump,id_02,00000091.wav,abnormal,0.017864995273850326,0.49192013117634753,0.12273894995450974
pump,id_02,00000092.wav,abnormal,2.8676657994474386,0.6553950022141792,0.4885192930698395
pump,id_02,00000093.wav,abnormal,-0.5509016842180454,0.5041391468901796,0.1789748787879944
pump,id_02,00000094.wav,abnormal,3.4263089366555484,0.6664472902167076,0.557854163646698
pump,id_02,00000095.wav,abnormal,-0.2595263164797412,0.5258575606866633,0.19800782203674316
pump,id_02,00000096.wav,abnormal,4.575313607220532,0.6559303996270519,0.6346675634384156
pump,id_02,00000097.wav,abnormal,-0.13850229034957273,0.5135244480112509,0.16893051266670228
pump,id_02,00000098.wav,abnormal,3.7532036377816897,0.6549273595242274,0.5622058629989624
pump,id_02,00000099.wav,abnormal,-0.1763301765543197,0.5193660795707981,0.18043840825557708
pump,id_02,00000100.wav,abnormal,0.2331865925856551,0.5506649216136366,0.18524626195430755
pump,id_02,00000101.wav,abnormal,3.2562674536683414,0.6564906011061479,0.5009141862392426
pump,id_02,00000102.wav,abnormal,0.7438299102498025,0.5951236921908815,0.22114470303058625
pump,id_02,00000103.wav,abnormal,3.4761728473239257,0.6408909748499306,0.528010368347168
pump,id_02,00000104.wav,abnormal,0.2331665343738667,0.5662246806323529,0.20249171257019044
pump,id_02,00000105.wav,abnormal,3.197450293353972,0.6415464139522385,0.5000982582569122
pump,id_02,00000106.wav,abnormal,0.6123004244523553,0.5526281279382969,0.21399181783199311
pump,id_02,00000107.wav,abnormal,4.105932363869773,0.6471314514635687,0.5878246784210205
pump,id_02,00000108.wav,abnormal,0.4232511192789481,0.5548060640945521,0.19041128903627397
pump,id_02,00000109.wav,abnormal,3.99686593637961,0.6583882277206236,0.5949919939041137
pump,id_02,00000110.wav,abnormal,3.3903695530963223,0.6577462442431702,0.49405527114868164
pump,id_04,00000081.wav,normal,-0.2350617517610658,0.4879674764280162,0.07115659527480603
pump,id_04,00000105.wav,normal,-0.3938113905709866,0.4456311574017122,0.1021255150437355
pump,id_04,00000328.wav,normal,-0.10697530713924586,0.45399036412653876,0.07995430603623391
pump,id_04,00000698.wav,normal,-0.3746074587392769,0.3680255804731671,0.05349391400814056
pump,id_04,00000558.wav,normal,-0.2456850011174403,0.43981835772012196,0.08427112102508545
pump,id_04,00000184.wav,normal,-0.5952136388449905,0.42344081980713566,0.12035833746194839
pump,id_04,00000440.wav,normal,-0.35005005329148986,0.43976369329508497,0.0887520119547844
pump,id_04,00000080.wav,normal,-0.3824378300740783,0.42772589645080616,0.07275458574295043
pump,id_04,00000434.wav,normal,-0.3638904190579044,0.4161938953389528,0.0678350143134594
pump,id_04,00000084.wav,normal,-0.4295295845769438,0.4401100203827562,0.102879336476326
pump,id_04,00000273.wav,normal,-0.30306213356443124,0.46855992118867557,0.09851591736078262
pump,id_04,00000531.wav,normal,-0.32420730158430544,0.42776251761728845,0.078104517608881
pump,id_04,00000617.wav,normal,-0.4597828386568832,0.37127102517954114,0.06115742027759552
pump,id_04,00000509.wav,normal,-0.38212741383574134,0.4329651046980073,0.07809138149023057
pump,id_04,00000508.wav,normal,-0.43898520370857064,0.40887918984359617,0.06376249492168426
pump,id_04,00000677.wav,normal,-0.3863625243025659,0.37807676155423875,0.05333971902728081
pump,id_04,00000347.wav,normal,-0.2555668283523289,0.508859930602124,0.15739490389823912
pump,id_04,00000395.wav,normal,-0.08616490620826411,0.44993947387755306,0.08228586763143539
pump,id_04,00000450.wav,normal,-0.48302034079890177,0.49092206978712855,0.16351783871650696
pump,id_04,00000409.wav,normal,-0.3483536565565615,0.41807463547279944,0.09038063734769822
pump,id_04,00000447.wav,normal,-0.3309896159090915,0.5058318788515214,0.18858035802841186
pump,id_04,00000376.wav,normal,-0.37041278539727074,0.38355415936637455,0.056068504601716994
pump,id_04,00000127.wav,normal,-0.43206015486947713,0.47084089832161,0.12872019410133362
pump,id_04,00000279.wav,normal,-0.30058465481661933,0.4156115301491662,0.06446432098746299
pump,id_04,00000339.wav,normal,-0.21882205838152124,0.43340556490210497,0.07605449706315995
pump,id_04,00000048.wav,normal,-0.3778185211638263,0.46108703791341965,0.1125752255320549
pump,id_04,00000658.wav,normal,-0.4199849400917497,0.37897311002137907,0.0572147823870182
pump,id_04,00000292.wav,normal,-0.44572879120757847,0.36780077772984676,0.0588328592479229
pump,id_04,00000195.wav,normal,-0.44828260945862297,0.40845194910358634,0.07470533959567546
pump,id_04,00000638.wav,normal,-0.35097998528065943,0.40333174192180615,0.06568630412220955
pump,id_04,00000660.wav,normal,-0.3831170126632859,0.40082098782896797,0.06715292632579803
pump,id_04,00000484.wav,normal,-0.3362633993693773,0.47687268988297304,0.13475491404533385
pump,id_04,00000556.wav,normal,-0.33233200006687014,0.38107158358530524,0.056036369502544404
pump,id_04,00000407.wav,normal,-0.41979462826561686,0.3895215285473728,0.061291929334402084
pump,id_04,00000689.wav,normal,-0.4348219874433781,0.4308081097880955,0.08773238807916642
pump,id_04,00000317.wav,normal,-0.003727324196820092,0.4993102481344926,0.11164491921663285
pump,id_04,00000323.wav,normal,-0.07528903936095865,0.5115163291842246,0.13358988463878632
pump,id_04,00000042.wav,normal,-0.4479680778811428,0.41576824414376884,0.08640620708465577
pump,id_04,00000204.wav,normal,-0.33623998579197334,0.4018970345890483,0.07122509852051735
pump,id_04,00000664.wav,normal,-0.4322767444046569,0.37237128338818715,0.049434468150138855
pump,id_04,00000206.wav,normal,-0.3908264219735482,0.395337227701795,0.0714869424700737
pump,id_04,00000300.wav,normal,-0.24806197317474776,0.47144503319073666,0.0817649431526661
pump,id_04,00000037.wav,normal,-0.15561444787952539,0.4796895788377117,0.10543365776538849
pump,id_04,00000697.wav,normal,-0.4280858511705361,0.41960176735130517,0.07522334232926368
pump,id_04,00000696.wav,normal,-0.3118265380969678,0.39513538599512665,0.04551829621195793
pump,id_04,00000138.wav,normal,-0.5547416968006296,0.44388899519982694,0.12762112766504288
pump,id_04,00000186.wav,normal,-0.5091262612331189,0.3942564998441497,0.07581529617309571
pump,id_04,00000490.wav,normal,-0.42475971687496994,0.39101595847479814,0.0585969515144825
pump,id_04,00000475.wav,normal,-0.40551459747227625,0.4301738599402437,0.08047599941492081
pump,id_04,00000179.wav,normal,-0.3923863639083951,0.4446246315392635,0.09699424505233764
pump,id_04,00000346.wav,normal,-0.2129509085060839,0.4079953187465806,0.04550045654177666
pump,id_04,00000559.wav,normal,-0.4881735887862497,0.4003861921497469,0.08063393533229828
pump,id_04,00000360.wav,normal,-0.23734433696854573,0.4226484923539656,0.052908698469400404
pump,id_04,00000045.wav,normal,0.08075710097662636,0.49735964296924096,0.10544798374176026
pump,id_04,00000136.wav,normal,-0.23593239527423115,0.527662079100656,0.19059942662715912
pump,id_04,00000340.wav,normal,-0.20209539429516,0.40682912342480493,0.04397505149245262
pump,id_04,00000595.wav,normal,-0.2705178693352952,0.49381596039997017,0.1511958956718445
pump,id_04,00000106.wav,normal,-0.42334351912573,0.4108242180136161,0.061190415173769
pump,id_04,00000643.wav,normal,-0.09866777559964923,0.45655704250561147,0.0919004037976265
pump,id_04,00000680.wav,normal,-0.40464939443097236,0.3737205869386744,0.054131218791008
pump,id_04,00000353.wav,normal,-0.07584366281427712,0.4850910181573746,0.0941653624176979
pump,id_04,00000673.wav,normal,-0.36598385593796223,0.37330021865857393,0.045635197311639786
pump,id_04,00000365.wav,normal,0.02089139055310696,0.5054730075530628,0.12555487751960753
pump,id_04,00000691.wav,normal,-0.4004967646173796,0.40991503724638634,0.06072142012417316
pump,id_04,00000259.wav,normal,-0.46773595659842293,0.4431876169907538,0.12005944103002548
pump,id_04,00000382.wav,normal,-0.18067057449260737,0.4119968317720969,0.05049498453736305
pump,id_04,00000396.wav,normal,-0.2758805597864509,0.3866996907673344,0.03521608337759972
pump,id_04,00000650.wav,normal,-0.37877952231170653,0.3746055371998288,0.047237877547740934
pump,id_04,00000044.wav,normal,-0.15711768094796597,0.5404080472675125,0.17406848669052125
pump,id_04,00000481.wav,normal,-0.1780637875081741,0.47244083277164745,0.0954692006111145
pump,id_04,00000399.wav,normal,-0.081015437574953,0.44659065678148224,0.060779834538698195
pump,id_04,00000020.wav,normal,-0.38541016328691313,0.43049709024578603,0.08863597512245178
pump,id_04,00000567.wav,normal,-0.4043497725131644,0.4638623552567004,0.10530395060777664
pump,id_04,00000670.wav,normal,-0.3715087308127263,0.375740641162113,0.05113156586885452
pump,id_04,00000519.wav,normal,-0.4976358693051708,0.39043711473590265,0.07502293139696121
pump,id_04,00000557.wav,normal,2.197182012418409,0.6820051784755636,0.4732139766216278
pump,id_04,00000538.wav,normal,-0.4657236802024727,0.4026340182212898,0.07145383581519127
pump,id_04,00000069.wav,normal,-0.29332612940526737,0.4447169336845709,0.09365242570638657
pump,id_04,00000369.wav,normal,-0.3677993224928837,0.4313688107443151,0.08866680711507798
pump,id_04,00000536.wav,normal,-0.18645966174718254,0.523613658889781,0.16345561742782594
pump,id_04,00000087.wav,normal,-0.30792542884331553,0.48021169435672156,0.09385373890399933
pump,id_04,00000191.wav,normal,-0.4757510745297022,0.38531034503492373,0.07297151014208794
pump,id_04,00000426.wav,normal,0.05378851885225977,0.5575173360853318,0.2072648823261261
pump,id_04,00000584.wav,normal,-0.33348525971943666,0.47423655551109367,0.12414225190877914
pump,id_04,00000246.wav,normal,-0.1962879835751945,0.4760324199429465,0.1099044069647789
pump,id_04,00000361.wav,normal,-0.22394400930129166,0.5187136560112127,0.1738747239112854
pump,id_04,00000629.wav,normal,-0.32255867456337484,0.40364043560361423,0.0588606134057045
pump,id_04,00000001.wav,normal,0.45487828721694434,0.5892962890607714,0.2509105533361435
pump,id_04,00000439.wav,normal,-0.45676082253458006,0.4185614161844097,0.06845809146761894
pump,id_04,00000298.wav,normal,-0.23483381969948702,0.4519150827332919,0.08143244683742523
pump,id_04,00000147.wav,normal,-0.4181387343120946,0.43245584617595384,0.07950421571731567
pump,id_04,00000247.wav,normal,-0.337255780938964,0.3796367076552834,0.04014594629406929
pump,id_04,00000588.wav,normal,-0.4613678541169559,0.3875915756354902,0.060381174087524414
pump,id_04,00000527.wav,normal,-0.21745009416287076,0.4956165333306929,0.13310093879699708
pump,id_04,00000647.wav,normal,-0.3376432833803733,0.3869256251397966,0.0400405365973711
pump,id_04,00000016.wav,normal,-0.08725600100557429,0.5288218686006824,0.1641894042491913
pump,id_04,00000548.wav,normal,-0.5270873492875605,0.3856935575999718,0.07388708591461182
pump,id_04,00000611.wav,normal,-0.4059125415096929,0.38116496567568975,0.04495130330324173
pump,id_04,00000511.wav,normal,-0.515619505590184,0.3904020468879182,0.08139108568429947
pump,id_04,00000113.wav,normal,0.2673760480974501,0.5946018291204892,0.25517344772815703
pump,id_04,00000064.wav,normal,0.8181816342249482,0.6155076728583154,0.34980464577674864
pump,id_04,00000468.wav,normal,-0.41799006909877257,0.40427562761917796,0.06280044317245484
pump,id_04,00000637.wav,normal,-0.4118246836466355,0.37077960653432995,0.05462485477328301
pump,id_04,00000654.wav,normal,-0.4215604730031046,0.3817099740967622,0.0588444821536541
pump,id_04,00000429.wav,normal,-0.10275920495100266,0.5106959625649802,0.1484489142894745
pump,id_04,00000244.wav,normal,-0.3921355306172334,0.3831005454529358,0.05282716304063797
pump,id_04,00000000.wav,abnormal,1.4380914019587596,0.6787201534617248,0.41102086901664736
pump,id_04,00000001.wav,abnormal,-0.22136779989424582,0.4725617124515389,0.11521244794130325
pump,id_04,00000002.wav,abnormal,3.503923769837183,0.724083808302916,0.6530186414718628
pump,id_04,00000003.wav,abnormal,-0.048679186737169644,0.5501988519106171,0.22492235004901887
pump,id_04,00000004.wav,abnormal,2.6907775989775917,0.7170696013144064,0.5776472210884094
pump,id_04,00000005.wav,abnormal,-0.5106760305714779,0.40414866326075644,0.08436494171619416
pump,id_04,00000006.wav,abnormal,4.928490174502796,0.7358999301236171,0.8402236580848694
pump,id_04,00000007.wav,abnormal,-0.1833378845301663,0.5521343936298518,0.20968203544616698
pump,id_04,00000008.wav,abnormal,3.0140040838961015,0.7344134866595342,0.5937027931213379
pump,id_04,00000009.wav,abnormal,-0.17668341125994758,0.49404990321163367,0.17229417264461516
pump,id_04,00000010.wav,abnormal,3.3924068999121095,0.7330001389141886,0.6382534205913544
pump,id_04,00000011.wav,abnormal,-0.426474384260386,0.3979491439480964,0.07367534041404725
pump,id_04,00000012.wav,abnormal,1.8560956724294737,0.7041051499472635,0.44378196001052855
pump,id_04,00000013.wav,abnormal,-0.4483087914117032,0.41961845642898504,0.0872035302221775
pump,id_04,00000014.wav,abnormal,4.3654420902448505,0.7389390360649281,0.780654788017273
pump,id_04,00000015.wav,abnormal,-0.341159299830597,0.4749491347012687,0.14127540588378906
pump,id_04,00000016.wav,abnormal,2.989354001470483,0.728176730368542,0.6041165947914123
pump,id_04,00000017.wav,abnormal,-0.49243462713343433,0.37794164787368617,0.07199580371379852
pump,id_04,00000018.wav,abnormal,2.8632171978807017,0.6977451803590745,0.6075676321983338
pump,id_04,00000019.wav,abnormal,-0.0876501262516598,0.5687566681501166,0.22137110382318498
pump,id_04,00000020.wav,abnormal,5.2758637380282565,0.7360970772131785,0.9053404092788696
pump,id_04,00000021.wav,abnormal,1.4172022781405742,0.659176500745844,0.39625513553619385
pump,id_04,00000022.wav,abnormal,3.9158677801864705,0.7354056910020328,0.7173926115036011
pump,id_04,00000023.wav,abnormal,0.7170927844165558,0.6329846196334624,0.3272372841835022
pump,id_04,00000024.wav,abnormal,3.233793175588424,0.7099980725679349,0.6455391108989715
pump,id_04,00000025.wav,abnormal,2.4883162920114437,0.7042765512640203,0.5018232345581055
pump,id_04,00000026.wav,abnormal,4.249876503095759,0.7269769436872056,0.7689347267150879
pump,id_04,00000027.wav,abnormal,1.3714694083752947,0.6647702130386149,0.39269534349441526
pump,id_04,00000028.wav,abnormal,1.6799380863467972,0.6771554657601997,0.4210214614868164
pump,id_04,00000029.wav,abnormal,1.5584921268199832,0.6701137122834497,0.418082183599472
pump,id_04,00000030.wav,abnormal,1.1727113562177287,0.6856329257299296,0.3558672934770584
pump,id_04,00000031.wav,abnormal,0.5836353947911892,0.6511855929747596,0.3207848370075226
pump,id_04,00000032.wav,abnormal,1.3173934456118657,0.6784828201655024,0.36504015028476716
pump,id_04,00000033.wav,abnormal,0.9847304398076622,0.661481455477134,0.3497141540050507
pump,id_04,00000034.wav,abnormal,2.067470848678477,0.6937681429811224,0.4510166883468628
pump,id_04,00000035.wav,abnormal,0.42312958831344716,0.619971610258451,0.23004284650087356
pump,id_04,00000036.wav,abnormal,1.339605187607245,0.6908496375604991,0.3825405418872833
pump,id_04,00000037.wav,abnormal,2.1954049276179735,0.6682388561242302,0.48286073207855223
pump,id_04,00000038.wav,abnormal,1.8346738572247308,0.6869960764017136,0.4429784119129181
pump,id_04,00000039.wav,abnormal,0.9390896442434746,0.6522588741058252,0.3503844439983368
pump,id_04,00000040.wav,abnormal,2.220304169938437,0.7030953939229619,0.48398575782775877
pump,id_04,00000041.wav,abnormal,4.574558239081061,0.7348386970930507,0.8037965536117554
pump,id_04,00000042.wav,abnormal,2.7914367991596976,0.7291738961433695,0.5593308925628662
pump,id_04,00000043.wav,abnormal,2.716917549769896,0.6872105097951937,0.5245899438858033
pump,id_04,00000044.wav,abnormal,3.2797921078247434,0.7241043835982869,0.6139172315597534
pump,id_04,00000045.wav,abnormal,1.9792251925241828,0.6832642502324385,0.48408390283584596
pump,id_04,00000046.wav,abnormal,1.4303661842135789,0.6830768023237236,0.38645238876342775
pump,id_04,00000047.wav,abnormal,2.375018882316776,0.6882246071356136,0.4995181322097778
pump,id_04,00000048.wav,abnormal,1.0093101960135016,0.634442245214112,0.3401388704776764
pump,id_04,00000049.wav,abnormal,0.681566353695187,0.6391865790054676,0.2843391180038452
pump,id_04,00000050.wav,abnormal,1.6377884935668927,0.6782098070134076,0.40645686686038973
pump,id_04,00000051.wav,abnormal,0.7890823945855701,0.6404539313532708,0.2763019621372223
pump,id_04,00000052.wav,abnormal,1.9725511644210272,0.6837668516582558,0.45905026197433474
pump,id_04,00000053.wav,abnormal,0.20025505450750458,0.5816006643305677,0.2840495467185974
pump,id_04,00000054.wav,abnormal,1.1804008113753142,0.6612969706598991,0.3493104577064514
pump,id_04,00000055.wav,abnormal,0.9555571432735954,0.6526651204666942,0.29384070038795473
pump,id_04,00000056.wav,abnormal,1.801801251247455,0.6779622612100689,0.4231270641088486
pump,id_04,00000057.wav,abnormal,1.7957088562871117,0.6892027075213956,0.45857776403427125
pump,id_04,00000058.wav,abnormal,4.456033825927951,0.7042749899769648,0.8074953436851502
pump,id_04,00000059.wav,abnormal,0.42844960622054806,0.6302249850382152,0.27358355224132536
pump,id_04,00000060.wav,abnormal,2.5949319931634705,0.6952745403062354,0.5134223997592926
pump,id_04,00000061.wav,abnormal,0.1562053508784942,0.5868449000405395,0.27024362683296205
pump,id_04,00000062.wav,abnormal,1.8340031926451683,0.6726744056612797,0.44000203609466554
pump,id_04,00000063.wav,abnormal,1.8219977751860101,0.6913295134104692,0.4217605948448181
pump,id_04,00000064.wav,abnormal,1.6283216633985118,0.6719362886893381,0.4031796336174011
pump,id_04,00000065.wav,abnormal,0.7316763480719644,0.6268329215066031,0.3289663255214691
pump,id_04,00000066.wav,abnormal,1.6612627283710157,0.6872901230304506,0.40854892134666443
pump,id_04,00000067.wav,abnormal,0.09357602367557583,0.5991594523061744,0.25299088954925536
pump,id_04,00000068.wav,abnormal,1.9883496370243696,0.7003330158391479,0.44602573215961455
pump,id_04,00000069.wav,abnormal,0.2566766721069289,0.6151253008802986,0.27352949380874636
pump,id_04,00000070.wav,abnormal,0.8386753623231904,0.6525576381479253,0.33095671236515045
pump,id_04,00000071.wav,abnormal,-0.05439483629940156,0.5570011156900173,0.23873543441295625
pump,id_04,00000072.wav,abnormal,1.8964798189809917,0.6881475470091701,0.469512540102005
pump,id_04,00000073.wav,abnormal,0.5493526873541281,0.6291755837127925,0.3055159389972687
pump,id_04,00000074.wav,abnormal,0.33468016324326477,0.6149490451752232,0.27020194232463834
pump,id_04,00000075.wav,abnormal,1.4926207481878553,0.6990810711352182,0.409598183631897
pump,id_04,00000076.wav,abnormal,0.9396731532681848,0.6485858705659633,0.3428413450717926
pump,id_04,00000077.wav,abnormal,0.9251815481631507,0.6669982288319706,0.28533180952072146
pump,id_04,00000078.wav,abnormal,1.7599001822279927,0.6920017653318596,0.4298600792884827
pump,id_04,00000079.wav,abnormal,1.1106424858790263,0.6682654773690357,0.3848087966442108
pump,id_04,00000080.wav,abnormal,1.239157954966796,0.6995545818423786,0.39809790849685667
pump,id_04,00000081.wav,abnormal,0.5299630488115614,0.6168960512505444,0.312858384847641
pump,id_04,00000082.wav,abnormal,1.2753442952009886,0.6827553316569551,0.3724608212709427
pump,id_04,00000083.wav,abnormal,0.8785994629310157,0.6511128928659473,0.3511757433414459
pump,id_04,00000084.wav,abnormal,1.4147754824228747,0.689362712748671,0.3902481645345688
pump,id_04,00000085.wav,abnormal,1.318328016685034,0.6777915268828135,0.3900641709566116
pump,id_04,00000086.wav,abnormal,1.3243827608560075,0.6790992727900437,0.37094269394874574
pump,id_04,00000087.wav,abnormal,0.468999684027148,0.6194603481798687,0.3049156218767166
pump,id_04,00000088.wav,abnormal,2.4088356064962557,0.7157751758941024,0.5334204196929931
pump,id_04,00000089.wav,abnormal,0.5601905764381172,0.619677048088057,0.2987371623516083
pump,id_04,00000090.wav,abnormal,0.3259076584221958,0.6182051389087307,0.23489072173833847
pump,id_04,00000091.wav,abnormal,1.4949533852075332,0.6704435189327709,0.3946232795715332
pump,id_04,00000092.wav,abnormal,0.40215996908687224,0.617719615461732,0.2926000028848648
pump,id_04,00000093.wav,abnormal,0.986398931439906,0.6663780754370577,0.37179018259048463
pump,id_04,00000094.wav,abnormal,1.8208292825506076,0.6905364109812719,0.43697482347488403
pump,id_04,00000095.wav,abnormal,1.3894204138034558,0.6916452190544587,0.4056717216968536
pump,id_04,00000096.wav,abnormal,2.3013552892352065,0.7228163657620319,0.5053247511386871
pump,id_04,00000097.wav,abnormal,2.4081591764881436,0.7308497742905943,0.5330420315265656
pump,id_04,00000098.wav,abnormal,1.6018150467115726,0.6994443079205162,0.41273283362388613
pump,id_04,00000099.wav,abnormal,2.0078008203630846,0.7151386715712663,0.49214784502983094
pump,id_06,00000048.wav,normal,-1.0706863537107285,0.39385986323786376,0.09403331279754638
pump,id_06,00000507.wav,normal,-1.2866427226842934,0.3984577568308813,0.12333242744207382
pump,id_06,00000569.wav,normal,-0.9049820077372335,0.48565156664239834,0.21483453512191772
pump,id_06,00000437.wav,normal,-0.09829252746561146,0.4586393838981395,0.1406225383281708
pump,id_06,00000695.wav,normal,-0.04332952494183928,0.5523865017305852,0.23733562976121902
pump,id_06,00000641.wav,normal,-0.8276126051659407,0.4815431575209432,0.17010265588760376
pump,id_06,00000179.wav,normal,-0.6073163773649739,0.4156673475243398,0.08652673959732056
pump,id_06,00000752.wav,normal,-1.2341355251345636,0.3758019607452854,0.09867455363273621
pump,id_06,00000605.wav,normal,-1.1715220593178284,0.4052202047464529,0.10574722439050674
pump,id_06,00000570.wav,normal,-0.11452949286760017,0.5296752278902201,0.22630317211151124
pump,id_06,00000062.wav,normal,-0.9422639781187296,0.4250554004509681,0.11933649778366089
pump,id_06,00000281.wav,normal,-1.2184714103116718,0.3891562885605552,0.08086596131324768
pump,id_06,00000307.wav,normal,-1.311745788020465,0.381500376822825,0.08417230099439621
pump,id_06,00000423.wav,normal,-0.3897350160722315,0.4557357440354961,0.14880384057760238
pump,id_06,00000226.wav,normal,-0.5390026667366214,0.49327806764637727,0.18125000298023225
pump,id_06,00000533.wav,normal,-1.2021373119065402,0.3873733814725265,0.1117918536067009
pump,id_06,00000945.wav,normal,-0.9737383526522336,0.4113900598916166,0.10183916240930557
pump,id_06,00000146.wav,normal,-0.9586432682478048,0.4042705103774033,0.10865945219993592
pump,id_06,00000897.wav,normal,-0.30048928316179335,0.4535763385188774,0.10933324098587036
pump,id_06,00000309.wav,normal,-1.3125748932548102,0.3836234499325189,0.09390322118997574
pump,id_06,00000242.wav,normal,-0.0689855246545985,0.581228648176137,0.27924365401268003
pump,id_06,00000328.wav,normal,-0.5706108680350273,0.48150541218852344,0.1819896802306175
pump,id_06,00000838.wav,normal,0.4411126432662069,0.574879659507853,0.24593696594238282
pump,id_06,00000930.wav,normal,-0.24168479670377785,0.4738318805898321,0.11619282215833664
pump,id_06,00000791.wav,normal,-0.7869512074715335,0.432998782510465,0.12517648935317993
pump,id_06,00000931.wav,normal,-1.0512024316374546,0.39187846062795,0.11646509170532227
pump,id_06,00000591.wav,normal,-1.1037596863063932,0.3905455945597025,0.1040600597858429
pump,id_06,00000326.wav,normal,-1.1913330691469515,0.38901461450466646,0.10387877374887466
pump,id_06,00000589.wav,normal,-1.4454552938161207,0.3860766915953302,0.11754008680582047
pump,id_06,00000749.wav,normal,1.1658789847859925,0.5641456182922792,0.2890842527151108
pump,id_06,00000835.wav,normal,-0.9731171386339881,0.37736042478492005,0.07198700159788132
pump,id_06,00000921.wav,normal,-1.063389408002557,0.45313529325164614,0.14786726087331772
pump,id_06,00000296.wav,normal,-0.40859230333477115,0.4905257278863597,0.16200354397296907
pump,id_06,00000515.wav,normal,-1.0794991418104392,0.3986936028334147,0.11357564628124237
pump,id_06,00000143.wav,normal,-0.5254204226803623,0.4785620535136245,0.13310845121741294
pump,id_06,00000057.wav,normal,-0.7732938080276668,0.3952058756181966,0.07616377919912339
pump,id_06,00000794.wav,normal,-0.8746932505056844,0.38413846983789185,0.07545107454061509
pump,id_06,00000884.wav,normal,-0.46232244879022666,0.5031339908385776,0.17750085294246673
pump,id_06,00000772.wav,normal,-0.5274979052137816,0.44953703750278484,0.14107967168092728
pump,id_06,00000222.wav,normal,-0.8720963065040426,0.41147780560785535,0.09988508969545365
pump,id_06,00000984.wav,normal,-1.40173225927599,0.3961266382400157,0.12064308375120163
pump,id_06,00000239.wav,normal,0.0241679644929782,0.6007725503633122,0.2902285039424896
pump,id_06,00000449.wav,normal,-0.1824951938068402,0.5322524133998464,0.1941397100687027
pump,id_06,00000411.wav,normal,-0.47787209627020566,0.46988164663708787,0.13248121738433838
pump,id_06,00000045.wav,normal,-1.3304870478008013,0.4286696440915808,0.16581233739852905
pump,id_06,00000758.wav,normal,-0.9890785020187192,0.3871656924654052,0.07046901136636734
pump,id_06,00000250.wav,normal,-1.0646372366338408,0.40031449303426303,0.11653521955013275
pump,id_06,00000049.wav,normal,-1.0058354533527911,0.38348587945956214,0.07781743705272674
pump,id_06,00000893.wav,normal,-0.5228102058892077,0.4258132895777076,0.10047565102577209
pump,id_06,00000720.wav,normal,-1.1077440734557893,0.3877118150408094,0.10881795585155488
pump,id_06,00000688.wav,normal,-0.7501693689552038,0.4617806301227997,0.16635362207889556
pump,id_06,00000612.wav,normal,-0.9708541486037667,0.445153059555772,0.16374998092651366
pump,id_06,00000457.wav,normal,-0.45440759673425113,0.4959551973344727,0.11666109263896943
pump,id_06,00000034.wav,normal,-0.9729664883064775,0.3874889346724714,0.09326571822166443
pump,id_06,00000608.wav,normal,-0.08009862638663279,0.5510397897221975,0.19910851418972014
pump,id_06,00000103.wav,normal,-0.9479754798946338,0.390389846420219,0.07511518523097038
pump,id_06,00000068.wav,normal,-0.8773533122269157,0.40671325355520593,0.11946324706077575
pump,id_06,00000211.wav,normal,0.040629422641078605,0.5345934741133629,0.22857193648815155
pump,id_06,00000246.wav,normal,-0.11156592832491974,0.5101745265697393,0.18815390169620513
pump,id_06,00000016.wav,normal,-0.8426122992601126,0.4149397470185415,0.12720023542642594
pump,id_06,00000910.wav,normal,-0.05763860473547133,0.51967562969543,0.19783399850130082
pump,id_06,00000904.wav,normal,-0.7678806574800223,0.4145427890958042,0.08633389323949814
pump,id_06,00001005.wav,normal,-0.7806347328311993,0.43359317415319204,0.12970099747180938
pump,id_06,00000629.wav,normal,-0.23383577867568128,0.5173726554817333,0.20790757536888121
pump,id_06,00000429.wav,normal,-0.6018430930789513,0.4700166128025586,0.14175643771886826
pump,id_06,00000676.wav,normal,-0.28011460940025756,0.4874927097839781,0.15234358310699464
pump,id_06,00000828.wav,normal,-0.7656394478482635,0.3822257079043959,0.08219368010759354
pump,id_06,00001011.wav,normal,-1.1255666436622107,0.39339186137048443,0.1080816462635994
pump,id_06,00000115.wav,normal,-0.65832944358535,0.40767004728842315,0.09045599400997162
pump,id_06,00000783.wav,normal,-0.8146566727474998,0.4652709270197619,0.16163219958543779
pump,id_06,00000742.wav,normal,-0.46687273726329614,0.5055049797450049,0.2106526881456375
pump,id_06,00000896.wav,normal,-0.47955605584228245,0.42512537411694634,0.08160254657268524
pump,id_06,00000193.wav,normal,-1.2301394437984907,0.41428373566713317,0.11675983369350433
pump,id_06,00000282.wav,normal,-1.2457196865274405,0.38657430576879526,0.09933754354715348
pump,id_06,00000158.wav,normal,-0.9718448519295322,0.37157785264087706,0.05565736666321754
pump,id_06,00000354.wav,normal,-0.6359020948035923,0.4488069984197615,0.12587055265903474
pump,id_06,00000471.wav,normal,-1.3833003894128009,0.44414155211838563,0.1747328072786331
pump,id_06,00000253.wav,normal,-1.0520397320373203,0.4317147700652562,0.12464718669652938
pump,id_06,00000235.wav,normal,-1.4887270599996683,0.3787314278200526,0.10763885825872421
pump,id_06,00000843.wav,normal,-1.2913574127098482,0.41590882827656783,0.1464981108903885
pump,id_06,00000388.wav,normal,-0.629861562603999,0.43699910101662515,0.10630692541599274
pump,id_06,00000544.wav,normal,-1.0160173229187066,0.43440745256579383,0.14050621390342713
pump,id_06,00000434.wav,normal,-0.9516327126144244,0.37739869713168,0.08050292879343032
pump,id_06,00000557.wav,normal,-0.4426290918632514,0.5010274460874821,0.1697552263736725
pump,id_06,00000736.wav,normal,-1.3451637911130856,0.44579920718361915,0.1581886053085327
pump,id_06,00000689.wav,normal,0.736821943174581,0.5858104005939339,0.35169750452041626
pump,id_06,00000474.wav,normal,-1.2171781942264595,0.47659286514747273,0.17679954767227174
pump,id_06,00000305.wav,normal,-0.6722428786506836,0.4342402773718641,0.1277642711997032
pump,id_06,00000023.wav,normal,-0.7419546174999052,0.3860025058588497,0.10051548928022384
pump,id_06,00000774.wav,normal,-0.5520428353232365,0.4450906585769365,0.14336875975131988
pump,id_06,00000003.wav,normal,0.05982322099020898,0.5130434429147329,0.09991334825754165
pump,id_06,00000854.wav,normal,-0.2583172331537291,0.5378314641258352,0.26962419152259826
pump,id_06,00000228.wav,normal,-0.799448910105113,0.4311179369947747,0.1152491107583046
pump,id_06,00000745.wav,normal,-0.8418192823109418,0.4009091742038369,0.088296078145504
pump,id_06,00000130.wav,normal,-0.9497110688714443,0.37663306599900637,0.0698242336511612
pump,id_06,00000541.wav,normal,-0.998259109079406,0.42274421356621683,0.12384773790836334
pump,id_06,00000402.wav,normal,-1.3754631086543085,0.4038316502573801,0.11924882531166077
pump,id_06,00000550.wav,normal,-1.2270626247330068,0.402123566093437,0.1157516747713089
pump,id_06,00000182.wav,normal,-1.2204870844860114,0.38789360963622177,0.10208777040243149
pump,id_06,00000121.wav,normal,-0.7868863902785463,0.44139391582973814,0.1713681012392044
pump,id_06,00000356.wav,normal,-0.4789498903055769,0.5480382886548,0.2346196234226227
pump,id_06,00000880.wav,normal,-1.4618314942216344,0.3984404164985406,0.11884609460830689
pump,id_06,00000669.wav,normal,-1.3051861853041444,0.39275387671276896,0.12107655555009841
pump,id_06,00000136.wav,normal,-0.43614341731702666,0.44757150765381976,0.09214544147253037
pump,id_06,00000552.wav,normal,-1.5382641374632655,0.3995444712250513,0.1265853837132454
pump,id_06,00000895.wav,normal,-1.393769980426244,0.41697578261644924,0.15265389084815978
pump,id_06,00000677.wav,normal,-0.6891402345041548,0.42475500241898345,0.11783920228481293
pump,id_06,00000987.wav,normal,-0.137138186756129,0.4653076635097414,0.11121493130922318
pump,id_06,00000699.wav,normal,-0.7614627047395057,0.4257180222777033,0.09430690258741378
pump,id_06,00000082.wav,normal,-1.1913837035291621,0.39189409773052664,0.09108551070094109
pump,id_06,00000384.wav,normal,-0.01773939861663365,0.5469503635414931,0.2647734731435776
pump,id_06,00000386.wav,normal,0.06379335242327322,0.5463911386028326,0.2334334969520569
pump,id_06,00000928.wav,normal,-0.8718702539766294,0.48195466558678707,0.17405919432640077
pump,id_06,00000939.wav,normal,-0.5211360349033107,0.430076277453984,0.08344392850995064
pump,id_06,00000890.wav,normal,-0.08030161616428089,0.5076239187692718,0.1255428358912468
pump,id_06,00000459.wav,normal,-0.5034029289155679,0.44953286473348186,0.07818823903799058
pump,id_06,00000391.wav,normal,-0.9639890122181463,0.4317545339587072,0.1259577140212059
pump,id_06,00000912.wav,normal,-0.3253539560377021,0.479830890145112,0.14883073121309282
pump,id_06,00000383.wav,normal,-0.6630956145963989,0.4431777523832243,0.1426026627421379
pump,id_06,00000430.wav,normal,-1.3239627246998769,0.42723763130512266,0.16974610686302186
pump,id_06,00000986.wav,normal,-0.4970399451133396,0.43069089023543883,0.09018549621105194
pump,id_06,00000661.wav,normal,-0.9387314908517013,0.3869600385381755,0.07411280423402786
pump,id_06,00000746.wav,normal,-0.7823918999870116,0.43735060404764914,0.1287119746208191
pump,id_06,00001001.wav,normal,0.12974060946882382,0.5739292080482462,0.30106664896011354
pump,id_06,00000656.wav,normal,-0.7174857938477182,0.45708023451828006,0.15503616482019425
pump,id_06,00000784.wav,normal,-0.03971547976965972,0.5589748004027567,0.28141386806964874
pump,id_06,00000138.wav,normal,0.04958429774644024,0.5035757653190278,0.1878396213054657
pump,id_06,00000787.wav,normal,0.7478113786112441,0.5891460242284963,0.30613401234149934
pump,id_06,00000184.wav,normal,-0.4691296703578054,0.4688515797526367,0.1335141032934189
pump,id_06,00000418.wav,normal,-1.0807897025912485,0.42809518052956835,0.1414354234933853
pump,id_06,00000293.wav,normal,-0.8718233683017704,0.48039886513779784,0.1578471004962921
pump,id_06,00000032.wav,normal,-0.9628631299017449,0.3859711504297682,0.07925706654787064
pump,id_06,00000483.wav,normal,-0.5754674799561563,0.42457071601540086,0.08268146067857743
pump,id_06,00000956.wav,normal,-0.49265370249281837,0.4588103503334487,0.10823440402746201
pump,id_06,00001009.wav,normal,-0.8698302187604305,0.4378533649694473,0.13781748414039613
pump,id_06,00000070.wav,normal,-1.5634906432605131,0.39646979634276414,0.11355743855237961
pump,id_06,00000915.wav,normal,-0.8218736783971643,0.4853134185947757,0.2173788607120514
pump,id_06,00000957.wav,normal,-1.174379116279427,0.4044336249221669,0.14186857491731644
pump,id_06,00000061.wav,normal,-0.5660025939489266,0.4346801122749433,0.1113540142774582
pump,id_06,00001017.wav,normal,0.278215364792894,0.537527812802715,0.1418285384774208
pump,id_06,00000554.wav,normal,-0.8559864584290864,0.4469574190898451,0.13784851878881454
pump,id_06,00000065.wav,normal,-1.1614952741283613,0.3876433692540856,0.10545889586210251
pump,id_06,00000717.wav,normal,-1.068484476169294,0.4599695677184342,0.15749775767326354
pump,id_06,00000705.wav,normal,-0.8317201711078415,0.4202578286514463,0.12286549359560013
pump,id_06,00000867.wav,normal,0.2978965403671836,0.5456981566031479,0.2000044882297516
pump,id_06,00000092.wav,normal,-0.8925077645596406,0.38236893665504434,0.06806042045354843
pump,id_06,00000149.wav,normal,-1.027676349063043,0.38495067944664135,0.09731092154979706
pump,id_06,00000446.wav,normal,0.5008092516110683,0.6174935921874197,0.319398495554924
pump,id_06,00000006.wav,normal,-0.6694601523718493,0.41523109515180384,0.0964858129620552
pump,id_06,00000521.wav,normal,-0.2133211674382256,0.520013302053883,0.1705133408308029
pump,id_06,00000810.wav,normal,-0.9855454241347541,0.47585338272907507,0.1774722784757614
pump,id_06,00000044.wav,normal,0.42802719987473914,0.5994088953869118,0.27919241786003113
pump,id_06,00000631.wav,normal,-1.0146602307035,0.41357856716912156,0.13247871547937393
pump,id_06,00000946.wav,normal,-0.8621592367929338,0.5034930266075996,0.20525985360145568
pump,id_06,00000118.wav,normal,-0.7416719191862988,0.42220463088648014,0.11923103928565978
pump,id_06,00000935.wav,normal,-0.06605410506107567,0.5050626395207812,0.1385778471827507
pump,id_06,00000000.wav,abnormal,1.2827974055783304,0.6150511380596047,0.38078264594078065
pump,id_06,00000001.wav,abnormal,-1.0178056019667157,0.48178754748839064,0.16571934521198273
pump,id_06,00000002.wav,abnormal,2.066999757095118,0.6366692552084935,0.5371604263782501
pump,id_06,00000003.wav,abnormal,-0.27715078977562335,0.5643867317892546,0.24323676228523256
pump,id_06,00000004.wav,abnormal,1.5559408688992349,0.6281558866512406,0.48885480761528016
pump,id_06,00000005.wav,abnormal,0.08431690745645781,0.5794775092074613,0.23483220040798186
pump,id_06,00000006.wav,abnormal,2.3919390425587483,0.6324310704773302,0.5430980563163758
pump,id_06,00000007.wav,abnormal,-1.2923326802832964,0.38765610555668395,0.09353223443031311
pump,id_06,00000008.wav,abnormal,1.2746005989884281,0.6177407616934023,0.44305100440979006
pump,id_06,00000009.wav,abnormal,1.5359153014844331,0.5991293650613034,0.37229928374290466
pump,id_06,00000010.wav,abnormal,3.348492423864027,0.6508330294795097,0.6400453686714173
pump,id_06,00000011.wav,abnormal,1.1454170696027663,0.609262255711479,0.3264650136232376
pump,id_06,00000012.wav,abnormal,0.618011648237756,0.5899616555407229,0.31030323505401614
pump,id_06,00000013.wav,abnormal,-0.1691010103673367,0.5327364234256269,0.20034677684307098
pump,id_06,00000014.wav,abnormal,1.3976482480391894,0.6271901476282499,0.4755321562290192
pump,id_06,00000015.wav,abnormal,-0.7001182356746689,0.5025747148219425,0.17771250009536743
pump,id_06,00000016.wav,abnormal,2.4132609689114854,0.646110974716975,0.5408186256885529
pump,id_06,00000017.wav,abnormal,0.11448291346999362,0.608513507726203,0.25058440268039706
pump,id_06,00000018.wav,abnormal,0.3740041454902894,0.5323680814487579,0.23844211995601655
pump,id_06,00000019.wav,abnormal,-0.28278609628220863,0.5736279222487961,0.24515153765678405
pump,id_06,00000020.wav,abnormal,1.0242626627770228,0.57275950124914,0.2920256912708282
pump,id_06,00000021.wav,abnormal,0.7645440780063062,0.6109209824511118,0.3196322202682495
pump,id_06,00000022.wav,abnormal,-1.0499943160676022,0.423704142485208,0.14207242131233216
pump,id_06,00000023.wav,abnormal,0.24310176697553132,0.5994124777936378,0.2800590440630913
pump,id_06,00000024.wav,abnormal,-1.0137485625877183,0.4739547430532949,0.1594521015882492
pump,id_06,00000025.wav,abnormal,1.5469971037041184,0.6158331285346217,0.38357473611831666
pump,id_06,00000026.wav,abnormal,-0.04320052400066032,0.4989229907892018,0.18557836711406708
pump,id_06,00000027.wav,abnormal,0.6979844016435042,0.5936319898682576,0.27952193319797514
pump,id_06,00000028.wav,abnormal,-0.4443196402999785,0.4926530719356032,0.18335800170898436
pump,id_06,00000029.wav,abnormal,1.400911502222618,0.6136414528927459,0.3659718334674835
pump,id_06,00000030.wav,abnormal,0.07432423620571882,0.5636087770190115,0.2142883211374283
pump,id_06,00000031.wav,abnormal,0.018088240555108825,0.5976695444480824,0.25397467613220215
pump,id_06,00000032.wav,abnormal,0.7665219366478926,0.6056455658761312,0.3319173038005829
pump,id_06,00000033.wav,abnormal,0.29687972157496745,0.5962771357775815,0.2690341234207153
pump,id_06,00000034.wav,abnormal,-1.0356991790128038,0.4564330148745673,0.18974390327930452
pump,id_06,00000035.wav,abnormal,0.4355300055239475,0.6057007306186905,0.2747660130262375
pump,id_06,00000036.wav,abnormal,0.7603363182082337,0.5823578164747235,0.2700783759355545
pump,id_06,00000037.wav,abnormal,-0.8522486139772649,0.4985297045768903,0.2318217784166336
pump,id_06,00000038.wav,abnormal,-0.48037884376739015,0.4997548581188864,0.18232091665267944
pump,id_06,00000039.wav,abnormal,-0.23645010530348287,0.49963743147212175,0.20933322310447694
pump,id_06,00000040.wav,abnormal,0.7093876557838499,0.5898232978157997,0.29237242639064787
pump,id_06,00000041.wav,abnormal,1.6313242067438178,0.6278795317345877,0.3895879864692688
pump,id_06,00000042.wav,abnormal,1.0466203219419672,0.6089040774373132,0.30755544304847715
pump,id_06,00000043.wav,abnormal,-0.5551970366596866,0.5539306336386899,0.22290698885917665
pump,id_06,00000044.wav,abnormal,1.7177767897470826,0.623709804844064,0.4410664439201355
pump,id_06,00000045.wav,abnormal,0.7617854974017959,0.5790856798872976,0.2864964962005615
pump,id_06,00000046.wav,abnormal,-0.49258308118282734,0.5378108417243764,0.24857533872127532
pump,id_06,00000047.wav,abnormal,-0.6965970342178576,0.5079546252736852,0.2138590544462204
pump,id_06,00000048.wav,abnormal,-0.1189355560435903,0.5800619150224738,0.24715080261230468
pump,id_06,00000049.wav,abnormal,-0.10821855495898092,0.5802524572810173,0.2301553636789322
pump,id_06,00000050.wav,abnormal,0.19245017235367,0.5724522978085139,0.2350071907043457
pump,id_06,00000051.wav,abnormal,0.023829847002124538,0.5944042940506086,0.26254587471485136
pump,id_06,00000052.wav,abnormal,0.03710636677153367,0.5674838248634307,0.2464746952056885
pump,id_06,00000053.wav,abnormal,1.5873830063591363,0.6247059506267608,0.3797494173049927
pump,id_06,00000054.wav,abnormal,1.0295991300254848,0.6107847816937892,0.44204225540161135
pump,id_06,00000055.wav,abnormal,0.2583256623018908,0.6015761133581998,0.26832479536533355
pump,id_06,00000056.wav,abnormal,-0.5261199176169526,0.4557025797180124,0.13287412375211716
pump,id_06,00000057.wav,abnormal,-0.4441255763350842,0.5523591948282215,0.20250202417373658
pump,id_06,00000058.wav,abnormal,1.1014105183783975,0.6130168149749389,0.3261705875396729
pump,id_06,00000059.wav,abnormal,0.17305976664942335,0.5878650965190572,0.26885905861854553
pump,id_06,00000060.wav,abnormal,0.2974120561848306,0.5605847311122394,0.2463385432958603
pump,id_06,00000061.wav,abnormal,0.059038480170279684,0.5666872160402034,0.2597713589668274
pump,id_06,00000062.wav,abnormal,-0.018379887436958953,0.539742572923163,0.22169311046600343
pump,id_06,00000063.wav,abnormal,-0.23802969164240118,0.560039153536909,0.22292207479476928
pump,id_06,00000064.wav,abnormal,0.05742691692944746,0.5833051682869573,0.2637477248907089
pump,id_06,00000065.wav,abnormal,0.14960792347605967,0.6015986134711071,0.26748349368572233
pump,id_06,00000066.wav,abnormal,0.19703369745896104,0.583781602493643,0.25242604613304137
pump,id_06,00000067.wav,abnormal,0.3465069703349055,0.5719067149693916,0.2508738249540329
pump,id_06,00000068.wav,abnormal,0.750815308838213,0.6011119846907166,0.28740593791007996
pump,id_06,00000069.wav,abnormal,2.1071301994883544,0.6354039467483519,0.5329318046569824
pump,id_06,00000070.wav,abnormal,-0.025187782659127578,0.5509538370471595,0.2247610569000244
pump,id_06,00000071.wav,abnormal,1.6251774785594773,0.6259428846634238,0.4960226774215698
pump,id_06,00000072.wav,abnormal,0.9028040976650935,0.6191092044045915,0.3381676584482193
pump,id_06,00000073.wav,abnormal,1.3317634524063564,0.6215476925864293,0.4497564733028412
pump,id_06,00000074.wav,abnormal,-0.9912007734033779,0.4864612047653815,0.21542660593986512
pump,id_06,00000075.wav,abnormal,1.5813101031601615,0.6314626362392336,0.4902063846588135
pump,id_06,00000076.wav,abnormal,1.2895885812467878,0.6334003283581439,0.35531532764434814
pump,id_06,00000077.wav,abnormal,1.5961666484644574,0.6271822814364316,0.4913592875003815
pump,id_06,00000078.wav,abnormal,-0.026332781819355944,0.5279943050680324,0.23908426463603974
pump,id_06,00000079.wav,abnormal,1.0047720778638745,0.6160605871564058,0.44435004591941835
pump,id_06,00000080.wav,abnormal,1.7263900628827749,0.6259235052718813,0.4077498197555542
pump,id_06,00000081.wav,abnormal,1.8122171163302685,0.6360129624844432,0.5104739725589752
pump,id_06,00000082.wav,abnormal,-0.20197106952615762,0.5431015113340238,0.21439601480960846
pump,id_06,00000083.wav,abnormal,1.2121522220547618,0.6240557338829099,0.39399429559707644
pump,id_06,00000084.wav,abnormal,0.4886074649730503,0.5861175536533163,0.2613443464040756
pump,id_06,00000085.wav,abnormal,0.9615223045513464,0.6171575066263653,0.4302164793014526
pump,id_06,00000086.wav,abnormal,0.06814352456359529,0.5648801861926503,0.22418969869613647
pump,id_06,00000087.wav,abnormal,2.0183346683631207,0.6349212051528631,0.4861861288547516
pump,id_06,00000088.wav,abnormal,-1.2673643894791642,0.42249379216020044,0.12855484038591386
pump,id_06,00000089.wav,abnormal,0.8771006907046637,0.6120253139631076,0.4236948490142822
pump,id_06,00000090.wav,abnormal,0.42735862394811797,0.5637341024183907,0.2581936150789261
pump,id_06,00000091.wav,abnormal,0.6532845272107721,0.5972997439853087,0.40393648147583006
pump,id_06,00000092.wav,abnormal,1.895480564820172,0.6346765715474935,0.5128693044185638
pump,id_06,00000093.wav,abnormal,1.5202013051908505,0.6248742905039681,0.4819244682788849
pump,id_06,00000094.wav,abnormal,1.6917706599942086,0.6226652621905105,0.4993293106555939
pump,id_06,00000095.wav,abnormal,1.8466316341814384,0.6223020084471355,0.47369741201400756
pump,id_06,00000096.wav,abnormal,1.7037862190047743,0.6204037922309085,0.4863966703414917
pump,id_06,00000097.wav,abnormal,2.0926150642257557,0.6340946355332117,0.4945371925830841
pump,id_06,00000098.wav,abnormal,2.139441000763293,0.6347051599667971,0.48034581542015076
pump,id_06,00000099.wav,abnormal,1.050353488434288,0.6126451754204998,0.4459745943546295
pump,id_06,00000100.wav,abnormal,1.9977331268537757,0.6204401358437955,0.5087575078010559
pump,id_06,00000101.wav,abnormal,2.368580693753289,0.6340629686371894,0.5551102042198182
slider,id_00,00000698.wav,normal,-1.016504597960397,0.39268909302290755,0.10224626958370209
slider,id_00,00000117.wav,normal,-1.0792423029894245,0.39211562158969193,0.10554121509194374
slider,id_00,00000738.wav,normal,1.0317215679917755,0.5716550491397213,0.340765106678009
slider,id_00,00000923.wav,normal,-1.11039657514889,0.38411703598849073,0.11873587220907211
slider,id_00,00000011.wav,normal,-0.9084400865798052,0.39906202897530285,0.11566579788923263
slider,id_00,00000929.wav,normal,-0.3649107319404816,0.44484696896288217,0.14164180755615235
slider,id_00,00000566.wav,normal,-0.666901572018892,0.42397820189837254,0.1328991711139679
slider,id_00,00000257.wav,normal,-1.243970122256524,0.37276932522025713,0.0961501032114029
slider,id_00,00001032.wav,normal,-0.8897734071602539,0.4030808322026272,0.09577955156564713
slider,id_00,00000479.wav,normal,-1.0968528136965432,0.40949709918791477,0.12841593325138093
slider,id_00,00000921.wav,normal,-0.6710396619988757,0.42404613983120354,0.12318679094314575
slider,id_00,00000390.wav,normal,0.26260848249223123,0.48566392525986,0.15206168591976166
slider,id_00,00000394.wav,normal,-0.25565273498634333,0.43357926373075517,0.0984959751367569
slider,id_00,00001058.wav,normal,-1.143544721694468,0.37377241506875053,0.11057090014219284
slider,id_00,00000610.wav,normal,0.34804098753618185,0.5063737165473516,0.16186920553445816
slider,id_00,00000432.wav,normal,-0.5598961235970688,0.4156845494594601,0.0987300306558609
slider,id_00,00001043.wav,normal,-0.8964825732626913,0.4018514736466231,0.12176637351512909
slider,id_00,00000811.wav,normal,2.0973677064287113,0.6698716547368471,0.3989271104335785
slider,id_00,00000163.wav,normal,0.08187998883168568,0.5239881485211563,0.21744622588157653
slider,id_00,00000642.wav,normal,0.5134001478983112,0.5218431732150088,0.17882929742336273
slider,id_00,00000156.wav,normal,-0.9024049813678747,0.384880825759927,0.09902572482824326
slider,id_00,00000112.wav,normal,-0.7975188310940506,0.41203463562248926,0.12098798304796218
slider,id_00,00000881.wav,normal,-0.858544897829745,0.4206082697528185,0.12538335472345352
slider,id_00,00000048.wav,normal,-0.54316470093835,0.415615563490922,0.1121861383318901
slider,id_00,00000773.wav,normal,0.45569742231400134,0.528400261471559,0.25210069715976713
slider,id_00,00000093.wav,normal,-0.9529654345022198,0.3960892970392445,0.0988737776875496
slider,id_00,00000505.wav,normal,-0.6979223792775429,0.4444446478040627,0.17736668288707733
slider,id_00,00000521.wav,normal,0.15133096895755926,0.5366739825637366,0.22186759412288665
slider,id_00,00000141.wav,normal,-0.9375491703940853,0.4105293366487917,0.12347761541604996
slider,id_00,00000980.wav,normal,-0.6146610259280827,0.44115726987042947,0.13252599835395812
slider,id_00,00000370.wav,normal,-0.9155528958155603,0.41488802126760677,0.1235473856329918
slider,id_00,00000408.wav,normal,-0.5534434711912155,0.4733691225729821,0.17262446880340576
slider,id_00,00000597.wav,normal,-0.569552757077922,0.46735156515647736,0.191815385222435
slider,id_00,00001048.wav,normal,0.25439476284548945,0.5172704572678996,0.20746322572231293
slider,id_00,00000438.wav,normal,-1.0310122630933272,0.3813762103670096,0.08566217720508576
slider,id_00,00000598.wav,normal,-0.6840552508580213,0.3799464277598789,0.0902433693408966
slider,id_00,00000764.wav,normal,-0.40132268756005196,0.47518451449952637,0.14236606508493424
slider,id_00,00000269.wav,normal,-1.0770496327280963,0.39385895785303604,0.12108276635408402
slider,id_00,00000551.wav,normal,-0.39268849478544077,0.4831399919227159,0.1482734352350235
slider,id_00,00000574.wav,normal,0.09801940229550965,0.5441936999349479,0.2024179846048355
slider,id_00,00000762.wav,normal,-0.8679559412314379,0.4111212394967458,0.1063457503914833
slider,id_00,00000252.wav,normal,-1.1805107388070368,0.38242757856675785,0.10730321258306504
slider,id_00,00001023.wav,normal,-1.1510578443831054,0.364486564275621,0.08400385081768036
slider,id_00,00000271.wav,normal,0.9914926223048557,0.5912343142611772,0.3211453497409821
slider,id_00,00000146.wav,normal,-0.7195041420802006,0.447009779245237,0.14371020197868348
slider,id_00,00000469.wav,normal,-1.2659215073380459,0.36486539852215344,0.12826065123081207
slider,id_00,00000658.wav,normal,-0.9689768433667947,0.4054829040046652,0.13739157617092132
slider,id_00,00000936.wav,normal,-0.9364533194616698,0.39535750666879865,0.10487864166498184
slider,id_00,00000905.wav,normal,-0.6809160280632618,0.4428679280547056,0.13393694013357163
slider,id_00,00000405.wav,normal,-0.7842121924031513,0.43866973019890565,0.12324856370687484
slider,id_00,00000511.wav,normal,-0.972669725785785,0.4123679265760891,0.1236956998705864
slider,id_00,00000671.wav,normal,-0.7043973701712911,0.4017856050240789,0.09626839607954026
slider,id_00,00000217.wav,normal,-0.808781286123736,0.4162362268020381,0.13304153829813004
slider,id_00,00000322.wav,normal,-0.8649611302873854,0.41739114933223714,0.13305529206991196
slider,id_00,00001053.wav,normal,1.120395350308744,0.5884623373647863,0.30852667689323426
slider,id_00,00000897.wav,normal,-0.9880595475041041,0.3963179840394396,0.11357981264591217
slider,id_00,00000580.wav,normal,-0.5750626361669298,0.44698228777137067,0.1340415045619011
slider,id_00,00000935.wav,normal,-0.10398528319920963,0.48504837752071,0.1729259341955185
slider,id_00,00000216.wav,normal,-0.7089135660159567,0.46012532246943827,0.18271426260471343
slider,id_00,00000067.wav,normal,-0.0853717352087422,0.5221975435373891,0.21232766807079315
slider,id_00,00000274.wav,normal,-0.4646457025561155,0.43744342729577507,0.1384922221302986
slider,id_00,00000410.wav,normal,-1.106547800708661,0.38871008839690663,0.1206103354692459
slider,id_00,00000323.wav,normal,-0.40484962177876227,0.4451315537588883,0.12758556604385377
slider,id_00,00000824.wav,normal,-0.8072518905727168,0.39497923211120045,0.10459993332624436
slider,id_00,00000032.wav,normal,-0.918375385110302,0.41078355555574064,0.1221686065196991
slider,id_00,00000841.wav,normal,-0.0607487836349101,0.49388358385324455,0.14967623949050904
slider,id_00,00000234.wav,normal,-0.8603307159065352,0.41560536225678774,0.10855221301317215
slider,id_00,00000057.wav,normal,-0.12395617521212188,0.4796131181757229,0.18153510689735414
slider,id_00,00000794.wav,normal,1.102324677888678,0.6308671889916992,0.29489822685718536
slider,id_00,00000786.wav,normal,-0.9370004746610494,0.3981119466290837,0.1196158766746521
slider,id_00,00000863.wav,normal,-0.09020478904000484,0.47630792535358046,0.1694744884967804
slider,id_00,00000332.wav,normal,0.508515983384962,0.5896962196719956,0.24439174234867095
slider,id_00,00000701.wav,normal,-0.7583525640263602,0.3940821350319752,0.10254519581794738
slider,id_00,00000224.wav,normal,-0.8688990822257985,0.4238062226824029,0.1366244688630104
slider,id_00,00000570.wav,normal,-0.7129196568966965,0.4207716643331908,0.13130873292684556
slider,id_00,00001033.wav,normal,-0.8675767764501039,0.42377739350797283,0.14540510177612304
slider,id_00,00000655.wav,normal,-0.6574696484029392,0.38913994998887297,0.09702506065368652
slider,id_00,00000947.wav,normal,-0.847831718374124,0.3951973828140645,0.10873740017414094
slider,id_00,00000276.wav,normal,0.011339101128756468,0.5185308597431624,0.2244418293237686
slider,id_00,00000388.wav,normal,-0.9008777195543942,0.37272099948904497,0.08795994222164154
slider,id_00,00000473.wav,normal,-0.5857546225511925,0.44635099891858754,0.1746137708425522
slider,id_00,00000167.wav,normal,-0.7692632248569211,0.45253080654673256,0.17013827562332154
slider,id_00,00000250.wav,normal,-1.0331816003262553,0.40863094258668103,0.1395212158560753
slider,id_00,00000746.wav,normal,-0.6917071666395564,0.3992353484487818,0.11965599358081817
slider,id_00,00000546.wav,normal,0.022950571266006747,0.5167521029399891,0.2547862946987152
slider,id_00,00000175.wav,normal,2.3577707174596974,0.6091215765063678,0.4546533524990082
slider,id_00,00001017.wav,normal,-0.6673579781610535,0.46451662683482164,0.1991645634174347
slider,id_00,00000623.wav,normal,-0.2534105190326361,0.5095681078199482,0.18927733600139618
slider,id_00,00000073.wav,normal,-0.38102689303325477,0.4846242107664887,0.22751667499542236
slider,id_00,00000663.wav,normal,-0.3748152710914372,0.474811401479783,0.15902348905801772
slider,id_00,00000699.wav,normal,-0.5907873959526206,0.41290593572919043,0.11432211846113205
slider,id_00,00000959.wav,normal,-1.2493051736445135,0.3743614770384861,0.11245717704296113
slider,id_00,00000718.wav,normal,-0.9795898265818561,0.40442712684772697,0.11612395346164703
slider,id_00,00000273.wav,normal,-0.8199846679777512,0.38754770173446934,0.09767214953899384
slider,id_00,00000686.wav,normal,-0.594613608159829,0.4059042496919946,0.10543569922447205
slider,id_00,00000214.wav,normal,-0.8139336853739323,0.4047934026571478,0.11881020665168762
slider,id_00,00000363.wav,normal,-1.091246903934639,0.3773004891367201,0.09260020107030868
slider,id_00,00000379.wav,normal,-1.1950810281245534,0.3666247023776331,0.08574942350387574
slider,id_00,00000166.wav,normal,-0.9844792055412022,0.4266223749032148,0.15829168558120726
slider,id_00,00000373.wav,normal,-0.6184609882187395,0.4061916269690178,0.10403630286455154
slider,id_00,00000854.wav,normal,-0.11319042033524873,0.4438179279979984,0.14232077598571777
slider,id_00,00000650.wav,normal,-0.12437728768517786,0.4506648276569954,0.11905070841312408
slider,id_00,00000464.wav,normal,-0.5319695693062059,0.42384558411122464,0.137404602766037
slider,id_00,00000284.wav,normal,-0.05258496141278002,0.5239809669418962,0.18417078033089637
slider,id_00,00000389.wav,normal,-1.1475224245409006,0.39298068604476494,0.12422456592321396
slider,id_00,00000103.wav,normal,-0.9607079289549603,0.3841815916490257,0.08367231041193009
slider,id_00,00000887.wav,normal,-0.6152825494033465,0.4357378556653853,0.12506884709000587
slider,id_00,00000238.wav,normal,1.1224932371126002,0.5777331299518111,0.3484570324420929
slider,id_00,00000875.wav,normal,1.1075962170375195,0.6241553764394745,0.28924780488014223
slider,id_00,00000081.wav,normal,-1.1958231611785681,0.3664322511073137,0.09788749217987061
slider,id_00,00001008.wav,normal,-0.685222129068304,0.4569416907490648,0.18492844104766845
slider,id_00,00000296.wav,normal,-0.9253884725817478,0.3991835487493634,0.10953724533319473
slider,id_00,00000791.wav,normal,-0.6123831606705643,0.4421367484666571,0.1397104322910309
slider,id_00,00000233.wav,normal,-1.0894729095950648,0.40054297023522084,0.12061786949634552
slider,id_00,00000677.wav,normal,-0.7730119984304071,0.3801754617005696,0.0749027281999588
slider,id_00,00000046.wav,normal,-1.050639946303372,0.3932752542460413,0.12227951288223267
slider,id_00,00000142.wav,normal,-0.2033209144462802,0.5007452366001208,0.19754407703876495
slider,id_00,00000393.wav,normal,-1.0313992147538364,0.37452200452713413,0.09333961009979248
slider,id_00,00000740.wav,normal,-0.6548073726604571,0.44033459087257104,0.16758419573307037
slider,id_00,00000600.wav,normal,-0.974434975951068,0.41675551682989564,0.149141326546669
slider,id_00,00000161.wav,normal,-0.544546381172264,0.4345239258133423,0.1341271311044693
slider,id_00,00000775.wav,normal,0.3398661099978604,0.5616116806326318,0.2862980604171753
slider,id_00,00000255.wav,normal,0.24891349436772714,0.5523313778925741,0.2019813612103462
slider,id_00,00000940.wav,normal,-0.2856637929098671,0.49752785668988875,0.21280126869678498
slider,id_00,00000088.wav,normal,-0.8138103021062335,0.4322640754031833,0.14204677939414978
slider,id_00,00000541.wav,normal,-0.18928416094169798,0.4487158516370638,0.11378003507852555
slider,id_00,00000704.wav,normal,0.5006279112295839,0.5024735403350887,0.20552984178066253
slider,id_00,00000735.wav,normal,-0.6485549177192222,0.39953593982582875,0.0869849406182766
slider,id_00,00000198.wav,normal,-0.8635113219901616,0.41140900706611533,0.14863000214099883
slider,id_00,00000778.wav,normal,-0.9482468102562098,0.4046505198934992,0.10808614790439605
slider,id_00,00000189.wav,normal,-1.1738958426961652,0.389961930252544,0.12888290137052535
slider,id_00,00001061.wav,normal,-0.8922395996370831,0.4150791132213329,0.12885688245296478
slider,id_00,00000689.wav,normal,-0.5721353227461918,0.4408940933957138,0.1342920571565628
slider,id_00,00000440.wav,normal,-0.3706633698611128,0.47056424757747134,0.18515471816062928
slider,id_00,00000318.wav,normal,-0.4552181704100722,0.47079305527309945,0.17480549216270447
slider,id_00,00001047.wav,normal,-0.4995776432836081,0.44884069173953295,0.1129756286740303
slider,id_00,00000696.wav,normal,-0.589291145820928,0.412278142521668,0.10672212392091751
slider,id_00,00000865.wav,normal,-0.7165282180391674,0.4024917316735408,0.08854165375232696
slider,id_00,00000326.wav,normal,-0.7215430417019135,0.4391943959155452,0.16847003996372223
slider,id_00,00000013.wav,normal,-0.5699652959323842,0.444049210934526,0.13508600145578384
slider,id_00,00000569.wav,normal,0.8839944321001436,0.5412824193970371,0.277218696475029
slider,id_00,00000919.wav,normal,-0.7753827673888161,0.44552914226266094,0.17335377484560013
slider,id_00,00000451.wav,normal,-0.1990990808623323,0.5089339807131475,0.19477298557758332
slider,id_00,00000859.wav,normal,-0.662712736807654,0.3836070299742211,0.07927304655313491
slider,id_00,00000407.wav,normal,-0.48463529278105,0.46788779844234796,0.2350076287984848
slider,id_00,00000054.wav,normal,-0.5641933112163127,0.4590421021285014,0.17940621376037597
slider,id_00,00001034.wav,normal,-1.1167433658782073,0.38589119845018394,0.11953630298376083
slider,id_00,00000476.wav,normal,-0.5980507529860937,0.41730271137254443,0.11281545460224152
slider,id_00,00000447.wav,normal,0.02179107625700638,0.5188041015460239,0.12925162836909293
slider,id_00,00000191.wav,normal,-1.000128196645374,0.39815826326504283,0.151043838262558
slider,id_00,00000061.wav,normal,1.2077018792587388,0.6201598332596616,0.25470735430717467
slider,id_00,00000065.wav,normal,-0.7012221427075715,0.44358055987844147,0.16762087047100066
slider,id_00,00000864.wav,normal,-0.6357012900507364,0.4177586478371058,0.1274550661444664
slider,id_00,00000178.wav,normal,-0.6916825573665832,0.3799617663666848,0.07914936318993568
slider,id_00,00000209.wav,normal,-0.5976540264380574,0.4239156048763672,0.1413436785340309
slider,id_00,00000285.wav,normal,-0.2792830077914381,0.49758302448325914,0.20795460045337677
slider,id_00,00000457.wav,normal,0.15512048515967614,0.5343435575086681,0.21974143385887146
slider,id_00,00000501.wav,normal,0.3224169109546615,0.5733076636751894,0.24730135202407838
slider,id_00,00000563.wav,normal,-0.24427081779814053,0.49594252287003526,0.19366491436958314
slider,id_00,00000051.wav,normal,-0.7442586729209442,0.4117266595338654,0.1196257159113884
slider,id_00,00000228.wav,normal,-1.2540063948021825,0.3884455501084555,0.11780281215906144
slider,id_00,00000000.wav,abnormal,5.631360342350492,0.7055322116225902,0.7336874127388
slider,id_00,00000001.wav,abnormal,4.790164379841146,0.6970531316567536,0.6844409942626953
slider,id_00,00000002.wav,abnormal,5.265811101996314,0.7035920052478147,0.7116382479667663
slider,id_00,00000003.wav,abnormal,5.1028537002187395,0.7099902701757198,0.6678918123245239
slider,id_00,00000004.wav,abnormal,5.499689813453205,0.7084098572349117,0.7160091757774353
slider,id_00,00000005.wav,abnormal,5.1331840061612315,0.6900526047304283,0.7111629366874694
slider,id_00,00000006.wav,abnormal,5.421457974441868,0.6887817352201121,0.7334091782569885
slider,id_00,00000007.wav,abnormal,5.193280363414175,0.6961755820709526,0.691319739818573
slider,id_00,00000008.wav,abnormal,4.894076306754764,0.6910064574348195,0.6969274997711181
slider,id_00,00000009.wav,abnormal,5.178053879500306,0.70084138691282,0.7265325069427491
slider,id_00,00000010.wav,abnormal,5.568119277307735,0.6987129323002044,0.7465490460395813
slider,id_00,00000011.wav,abnormal,4.663484922966817,0.7201600215678085,0.5829048454761505
slider,id_00,00000012.wav,abnormal,5.50176615004544,0.6895772205340588,0.7569767713546753
slider,id_00,00000013.wav,abnormal,5.0776602529699915,0.708181573309113,0.657286536693573
slider,id_00,00000014.wav,abnormal,4.86898193082456,0.6940565133644148,0.7066445231437684
slider,id_00,00000015.wav,abnormal,4.881960142972003,0.7168691251114421,0.6209727644920349
slider,id_00,00000016.wav,abnormal,5.3977054850825645,0.6883215222157468,0.737225604057312
slider,id_00,00000017.wav,abnormal,4.656216750478914,0.6987320902380776,0.6438217997550965
slider,id_00,00000018.wav,abnormal,4.332314183702481,0.6787307226086268,0.6467510461807251
slider,id_00,00000019.wav,abnormal,5.304319169892642,0.7038970060026952,0.734407389163971
slider,id_00,00000020.wav,abnormal,5.503608443843957,0.6967184117174996,0.7406173348426819
slider,id_00,00000021.wav,abnormal,5.863176797357465,0.7054985302224178,0.7796754240989685
slider,id_00,00000022.wav,abnormal,5.625890665116182,0.7028657265268721,0.7647205829620362
slider,id_00,00000023.wav,abnormal,5.19587896718113,0.6970024759439204,0.7007019996643067
slider,id_00,00000024.wav,abnormal,4.709060334819301,0.6893117661487103,0.6733560204505921
slider,id_00,00000025.wav,abnormal,5.015563857769969,0.708454533445032,0.6777584314346313
slider,id_00,00000026.wav,abnormal,5.771403769508732,0.7052440952377952,0.759355652332306
slider,id_00,00000027.wav,abnormal,5.264905380523521,0.692231529586834,0.7196124076843262
slider,id_00,00000028.wav,abnormal,4.761042950772044,0.7170273481701385,0.6163375914096832
slider,id_00,00000029.wav,abnormal,5.01918856739495,0.7023324979631574,0.6680931568145752
slider,id_00,00000030.wav,abnormal,5.27551590574817,0.6804433619526841,0.7251513361930847
slider,id_00,00000031.wav,abnormal,5.427564595959782,0.6976230070560938,0.756411075592041
slider,id_00,00000032.wav,abnormal,5.692221184043229,0.7094767440091316,0.7344479203224182
slider,id_00,00000033.wav,abnormal,5.042286050420037,0.7158018715324452,0.6458071410655976
slider,id_00,00000034.wav,abnormal,5.15974972166986,0.7108068158976735,0.6657635807991028
slider,id_00,00000035.wav,abnormal,5.197498221530526,0.6924833686430084,0.6906163096427917
slider,id_00,00000036.wav,abnormal,5.442389576129227,0.7142493828692011,0.6918343067169189
slider,id_00,00000037.wav,abnormal,5.334709113188721,0.7072267047284992,0.6918221712112427
slider,id_00,00000038.wav,abnormal,5.572964024706624,0.7083463953848927,0.7321022868156433
slider,id_00,00000039.wav,abnormal,5.752434783678223,0.7044694171370025,0.7607504487037658
slider,id_00,00000040.wav,abnormal,5.609386760988235,0.6859024637924332,0.7556046366691589
slider,id_00,00000041.wav,abnormal,5.056831350115381,0.6929946249483034,0.7007813215255737
slider,id_00,00000042.wav,abnormal,6.04550407466718,0.7017898785812945,0.8022006392478943
slider,id_00,00000043.wav,abnormal,5.555748941580078,0.6951158789923507,0.7518945693969726
slider,id_00,00000044.wav,abnormal,5.738312615158655,0.7019180255078881,0.7818464875221253
slider,id_00,00000045.wav,abnormal,5.742960293362393,0.6857732441767291,0.7721116662025451
slider,id_00,00000046.wav,abnormal,4.842185644564981,0.6808409950899886,0.6847313642501831
slider,id_00,00000047.wav,abnormal,5.200622155279543,0.6933354624263431,0.7304016709327698
slider,id_00,00000048.wav,abnormal,5.677092773706682,0.7043277117599774,0.7560238718986512
slider,id_00,00000049.wav,abnormal,6.06884182056182,0.7100451127097701,0.7967857122421265
slider,id_00,00000050.wav,abnormal,5.4332976494084715,0.6957567359211474,0.7209724187850952
slider,id_00,00000051.wav,abnormal,5.685461800150616,0.7084001595505677,0.758974838256836
slider,id_00,00000052.wav,abnormal,5.587626749787769,0.7003609940956081,0.7469145774841308
slider,id_00,00000053.wav,abnormal,5.329750061915984,0.6993878420714762,0.6990646004676819
slider,id_00,00000054.wav,abnormal,4.704643049248845,0.708358450417533,0.6116428017616272
slider,id_00,00000055.wav,abnormal,4.991579753266189,0.6854210017190052,0.6953224182128906
slider,id_00,00000056.wav,abnormal,5.375807164662834,0.69324221646709,0.7480758190155029
slider,id_00,00000057.wav,abnormal,4.749177285241274,0.6830677778986906,0.6886293053627014
slider,id_00,00000058.wav,abnormal,5.2846368779323765,0.7024698626766575,0.6875959515571595
slider,id_00,00000059.wav,abnormal,4.923892957589647,0.7065305587071556,0.6548864722251893
slider,id_00,00000060.wav,abnormal,4.4714490896081545,0.7054330074351255,0.6092516779899597
slider,id_00,00000061.wav,abnormal,4.939497490793655,0.7057885933559422,0.6347155570983887
slider,id_00,00000062.wav,abnormal,4.833475528050751,0.7184617546787966,0.5911558926105499
slider,id_00,00000063.wav,abnormal,5.918199334522839,0.703180329477043,0.790745222568512
slider,id_00,00000064.wav,abnormal,5.125040167134523,0.6980812558957146,0.7077311873435974
slider,id_00,00000065.wav,abnormal,5.799900182731037,0.6989492559679146,0.7738701105117798
slider,id_00,00000066.wav,abnormal,5.294670302585852,0.7104174516183602,0.7033921480178833
slider,id_00,00000067.wav,abnormal,5.518707471529196,0.6959453886303915,0.7389902114868164
slider,id_00,00000068.wav,abnormal,4.234631114052056,0.6912538984733891,0.5844903290271759
slider,id_00,00000069.wav,abnormal,5.1350699243486435,0.7088315694613087,0.6833119034767151
slider,id_00,00000070.wav,abnormal,4.284825141482303,0.7035865459561371,0.5596129417419433
slider,id_00,00000071.wav,abnormal,5.191717390039103,0.6975008825855573,0.688878345489502
slider,id_00,00000072.wav,abnormal,5.3873887903999265,0.7034566780086032,0.7432633757591247
slider,id_00,00000073.wav,abnormal,4.954037834293731,0.7054786968804468,0.6580005049705505
slider,id_00,00000074.wav,abnormal,5.808899211839243,0.716301687315634,0.7292871356010437
slider,id_00,00000075.wav,abnormal,5.534811922513306,0.6995823671336229,0.7345340132713318
slider,id_00,00000076.wav,abnormal,5.111482689868048,0.6945686891224987,0.6935172438621521
slider,id_00,00000077.wav,abnormal,4.7911152246548285,0.7139129037509331,0.620771074295044
slider,id_00,00000078.wav,abnormal,5.5332946212912155,0.7071991088134344,0.7227010726928711
slider,id_00,00000079.wav,abnormal,5.921220645181066,0.7048345179826372,0.7796044230461121
slider,id_00,00000080.wav,abnormal,4.943048414546411,0.6995977886412429,0.6735640883445739
slider,id_00,00000081.wav,abnormal,4.989517511173625,0.7000883115854256,0.663684892654419
slider,id_00,00000082.wav,abnormal,3.1263061359814444,0.6726524319040007,0.5042825400829315
slider,id_00,00000083.wav,abnormal,5.0535442093276925,0.7136557710709058,0.6645637035369873
slider,id_00,00000084.wav,abnormal,4.4847251110211745,0.689977707431543,0.6567788124084473
slider,id_00,00000085.wav,abnormal,5.500555343117773,0.7007630320536751,0.7405357360839844
slider,id_00,00000086.wav,abnormal,5.023497466007627,0.7075824289400239,0.6533394694328308
slider,id_00,00000087.wav,abnormal,5.723524717869701,0.691378043394177,0.7949012398719788
slider,id_00,00000088.wav,abnormal,5.244854677828777,0.6842717445762531,0.756915807723999
slider,id_00,00000089.wav,abnormal,5.069980534641707,0.6847355211050501,0.7166641116142273
slider,id_00,00000090.wav,abnormal,4.93450877676588,0.6866950066138299,0.7021144270896912
slider,id_00,00000091.wav,abnormal,4.892587368342378,0.6995261344792204,0.6595492839813233
slider,id_00,00000092.wav,abnormal,5.151365233820146,0.701053678397833,0.7033035397529602
slider,id_00,00000093.wav,abnormal,4.415519647140317,0.6729550626781541,0.6615921974182128
slider,id_00,00000094.wav,abnormal,5.187329529227109,0.6957712800799818,0.6872918725013732
slider,id_00,00000095.wav,abnormal,4.8319801494593815,0.7075381630576225,0.6371090173721313
slider,id_00,00000096.wav,abnormal,4.604741477314894,0.704245040834825,0.6394134759902954
slider,id_00,00000097.wav,abnormal,5.06482088936835,0.6995675619824053,0.6706647276878357
slider,id_00,00000098.wav,abnormal,4.84874933054648,0.6891232357214316,0.6732047319412231
slider,id_00,00000099.wav,abnormal,3.6844513525241034,0.6717755984309166,0.573118782043457
slider,id_00,00000100.wav,abnormal,4.19884620849004,0.686292962157866,0.6187161087989808
slider,id_00,00000101.wav,abnormal,3.999481078208956,0.6672262589508018,0.6306228518486023
slider,id_00,00000102.wav,abnormal,3.320817184818898,0.6998009715311089,0.43654468059539797
slider,id_00,00000103.wav,abnormal,4.662468922459281,0.693682720404651,0.6512466549873352
slider,id_00,00000104.wav,abnormal,4.52587460144327,0.6814004849063812,0.6621705651283264
slider,id_00,00000105.wav,abnormal,3.8402851042296913,0.6727212032070166,0.6043259859085083
slider,id_00,00000106.wav,abnormal,4.176415044944544,0.6782726796285389,0.6220306277275085
slider,id_00,00000107.wav,abnormal,4.12208822495283,0.6714527663625952,0.63154376745224
slider,id_00,00000108.wav,abnormal,4.79041862954042,0.687677251054229,0.6888567566871643
slider,id_00,00000109.wav,abnormal,4.31231967569678,0.671214478737284,0.658315896987915
slider,id_00,00000110.wav,abnormal,4.631193099100684,0.6977308225707873,0.6710883021354676
slider,id_00,00000111.wav,abnormal,3.41547213810704,0.7072624888581917,0.4664012998342514
slider,id_00,00000112.wav,abnormal,2.4958094862862517,0.6574336616606686,0.44264345765113833
slider,id_00,00000113.wav,abnormal,4.518848151563473,0.6944728397631613,0.6067588210105896
slider,id_00,00000114.wav,abnormal,4.183871299310613,0.6745890926231538,0.6214945197105408
slider,id_00,00000115.wav,abnormal,4.663738140371254,0.6833815349239425,0.6953123211860657
slider,id_00,00000116.wav,abnormal,4.329965562472458,0.6782853184820093,0.6453873634338378
slider,id_00,00000117.wav,abnormal,4.179142651229093,0.672568221904683,0.6142643690109253
slider,id_00,00000118.wav,abnormal,4.980076696574775,0.7003968914045666,0.7142508625984192
slider,id_00,00000119.wav,abnormal,4.621115969741465,0.6799793982736962,0.6809961438179016
slider,id_00,00000120.wav,abnormal,4.877717968572337,0.7013392821058447,0.6435265064239502
slider,id_00,00000121.wav,abnormal,3.937132373803675,0.6675908801807937,0.6051259279251099
slider,id_00,00000122.wav,abnormal,1.7264571452316204,0.6451998260604404,0.3113684833049774
slider,id_00,00000123.wav,abnormal,4.253410874093723,0.6890682657866044,0.5974754512310028
slider,id_00,00000124.wav,abnormal,4.724356736511709,0.684116317106377,0.6929585456848144
slider,id_00,00000125.wav,abnormal,4.557944103850736,0.68935438355861,0.6574907541275025
slider,id_00,00000126.wav,abnormal,4.433505420762973,0.6756466248996319,0.6352985382080079
slider,id_00,00000127.wav,abnormal,4.268090188260201,0.6755948983524863,0.6302587747573852
slider,id_00,00000128.wav,abnormal,4.377589389164849,0.676631987142132,0.6694925546646118
slider,id_00,00000129.wav,abnormal,4.081068537106851,0.6987361398869448,0.5736678063869476
slider,id_00,00000130.wav,abnormal,4.966270011960656,0.6903851939112834,0.7163857460021973
slider,id_00,00000131.wav,abnormal,3.7988748790872,0.6690455044300638,0.6012197852134704
slider,id_00,00000132.wav,abnormal,3.879720984329783,0.6848248879232696,0.5453485190868378
slider,id_00,00000133.wav,abnormal,4.065092321614343,0.6891651686203172,0.6008439302444458
slider,id_00,00000134.wav,abnormal,3.391196438623756,0.6987324422156385,0.4495889782905579
slider,id_00,00000135.wav,abnormal,4.25106740378829,0.6932845241234534,0.6192209601402283
slider,id_00,00000136.wav,abnormal,3.6176380707348663,0.6635547667731084,0.5965287327766419
slider,id_00,00000137.wav,abnormal,4.009395715660083,0.673044598415095,0.6222808241844178
slider,id_00,00000138.wav,abnormal,3.7057550915383404,0.6556326141497442,0.6040522336959839
slider,id_00,00000139.wav,abnormal,5.013480181875902,0.6862993706183056,0.6898918867111206
slider,id_00,00000140.wav,abnormal,4.096540551550837,0.699855283564539,0.5798885285854339
slider,id_00,00000141.wav,abnormal,4.2815860759766196,0.6927682611417769,0.6176797866821289
slider,id_00,00000142.wav,abnormal,4.069560314850469,0.6893280231832868,0.5771565318107605
slider,id_00,00000143.wav,abnormal,4.719078632988975,0.6727905437198035,0.6979477763175964
slider,id_00,00000144.wav,abnormal,4.459757833411464,0.7029514683697089,0.5682280838489533
slider,id_00,00000145.wav,abnormal,4.013887737768947,0.695773769871122,0.5910423874855042
slider,id_00,00000146.wav,abnormal,2.722272533485091,0.6527991346042936,0.505273950099945
slider,id_00,00000147.wav,abnormal,3.6477861672599614,0.6657727325039355,0.58876531124115
slider,id_00,00000148.wav,abnormal,4.3653794365157355,0.6873614994971953,0.635139524936676
slider,id_00,00000149.wav,abnormal,1.6958580113694914,0.6425651053751775,0.32596708834171295
slider,id_00,00000150.wav,abnormal,3.7615721092140832,0.6743855472788977,0.6041778683662414
slider,id_00,00000151.wav,abnormal,4.75541765139695,0.700454229040424,0.6534202218055725
slider,id_00,00000152.wav,abnormal,4.6607397171318725,0.6977692944271765,0.5789105236530304
slider,id_00,00000153.wav,abnormal,4.909929682907248,0.7038794554363018,0.6360326170921325
slider,id_00,00000154.wav,abnormal,3.8185908030040174,0.680593332449789,0.5612035155296325
slider,id_00,00000155.wav,abnormal,4.04949113375753,0.6811576368510692,0.6262521266937255
slider,id_00,00000156.wav,abnormal,4.589113379455008,0.6904417033723692,0.6488512992858887
slider,id_00,00000157.wav,abnormal,4.250251505811552,0.6864649838906852,0.6373222947120667
slider,id_00,00000158.wav,abnormal,4.621307391210769,0.6797848290995228,0.646163535118103
slider,id_00,00000159.wav,abnormal,4.630378979429681,0.6887639478681686,0.6818164587020874
slider,id_00,00000160.wav,abnormal,4.099505122407052,0.6800865201225358,0.5955381989479065
slider,id_00,00000161.wav,abnormal,4.236465102951738,0.6834850372629548,0.6385164737701416
slider,id_00,00000162.wav,abnormal,4.576777304087285,0.6914615256719702,0.6403018832206726
slider,id_00,00000163.wav,abnormal,4.349412372585141,0.6881887600018816,0.628724479675293
slider,id_00,00000164.wav,abnormal,4.556570884863248,0.6843983625746207,0.6756457090377808
slider,id_00,00000165.wav,abnormal,4.364688644807486,0.6968881601616468,0.6256024837493896
slider,id_00,00000166.wav,abnormal,4.505994699301002,0.683686391585428,0.6541044473648071
slider,id_00,00000167.wav,abnormal,3.9061563892402225,0.6693257749638127,0.604514765739441
slider,id_00,00000168.wav,abnormal,4.581668467424727,0.6746899073063974,0.6819648623466492
slider,id_00,00000169.wav,abnormal,4.012339239271725,0.6899488702551511,0.5633661925792695
slider,id_00,00000170.wav,abnormal,4.24872892658866,0.6870246023313101,0.6087412238121033
slider,id_00,00000171.wav,abnormal,3.9964967798838247,0.6739705160533219,0.6093732237815856
slider,id_00,00000172.wav,abnormal,4.879127850648726,0.6760179159768545,0.7189914464950562
slider,id_00,00000173.wav,abnormal,4.381680229403684,0.6813702323650221,0.6529894948005677
slider,id_00,00000174.wav,abnormal,4.812427920612752,0.709944042465724,0.629363089799881
slider,id_00,00000175.wav,abnormal,3.8797192037485146,0.6699878726158599,0.5846755981445313
slider,id_00,00000176.wav,abnormal,4.1216674329393035,0.6843602241146002,0.566641092300415
slider,id_00,00000177.wav,abnormal,3.592826383622917,0.6987889300897168,0.4928427219390869
slider,id_00,00000178.wav,abnormal,3.91510333317017,0.6852118218367751,0.5915343165397644
slider,id_00,00000179.wav,abnormal,0.3201002445015231,0.5486367443418078,0.23135790526866912
slider,id_00,00000180.wav,abnormal,3.075844136705385,0.6744426219202075,0.47057332992553713
slider,id_00,00000181.wav,abnormal,3.540602472495187,0.686027583534589,0.519959419965744
slider,id_00,00000182.wav,abnormal,3.009411468663208,0.6619136182939783,0.4942771852016449
slider,id_00,00000183.wav,abnormal,4.534950096201188,0.6893117661487103,0.6504387378692627
slider,id_00,00000184.wav,abnormal,3.5891907368344835,0.6866125374182874,0.5328420281410218
slider,id_00,00000185.wav,abnormal,3.3525295844305347,0.6739737471388074,0.5210184454917908
slider,id_00,00000186.wav,abnormal,4.391501431740482,0.697219049747901,0.5926713705062866
slider,id_00,00000187.wav,abnormal,1.9864034341934182,0.6399799897271339,0.4082430720329285
slider,id_00,00000188.wav,abnormal,2.032270401029006,0.599907087783041,0.44648699164390565
slider,id_00,00000189.wav,abnormal,3.5330305871561425,0.6497192539765064,0.5569753050804138
slider,id_00,00000190.wav,abnormal,1.3219143188693288,0.595856729932898,0.35165996551513673
slider,id_00,00000191.wav,abnormal,1.1498700197161114,0.5853221099182319,0.3604747176170349
slider,id_00,00000192.wav,abnormal,2.0771458657180446,0.6216069984130954,0.4305889427661896
slider,id_00,00000193.wav,abnormal,0.7775030914661691,0.5656891463940138,0.3462661325931549
slider,id_00,00000194.wav,abnormal,2.078134000283761,0.6333102736658489,0.41962569355964663
slider,id_00,00000195.wav,abnormal,2.346272189749465,0.6178259771780286,0.4625128388404846
slider,id_00,00000196.wav,abnormal,1.9032069875257065,0.645959908976488,0.3886671900749207
slider,id_00,00000197.wav,abnormal,2.001364384089875,0.6118663869242056,0.4301490545272827
slider,id_00,00000198.wav,abnormal,2.305622847763603,0.6468744386493378,0.44813363552093505
slider,id_00,00000199.wav,abnormal,0.5438937776574928,0.5467161694367101,0.31603582501411437
slider,id_00,00000200.wav,abnormal,0.3328766021439833,0.5513494420496842,0.28318260610103607
slider,id_00,00000201.wav,abnormal,0.6191373488969205,0.5549464137641059,0.3141992449760437
slider,id_00,00000202.wav,abnormal,2.3368273791831875,0.6243724107273011,0.4827000379562378
slider,id_00,00000203.wav,abnormal,0.4905787502758088,0.5638756575052168,0.28888598680496214
slider,id_00,00000204.wav,abnormal,1.008206491456594,0.5831152698645364,0.3215501427650452
slider,id_00,00000205.wav,abnormal,1.7394776926860178,0.6124064709631888,0.41302000284194945
slider,id_00,00000206.wav,abnormal,1.9099470101327878,0.6068133394906067,0.4470792174339294
slider,id_00,00000207.wav,abnormal,3.17417949944498,0.6472144368324944,0.5738598823547363
slider,id_00,00000208.wav,abnormal,2.3440156340206872,0.6221007682704253,0.47750515937805177
slider,id_00,00000209.wav,abnormal,2.3424984090480283,0.6366978105974167,0.4386119365692139
slider,id_00,00000210.wav,abnormal,1.4508378267631663,0.5872488475394525,0.4057768225669861
slider,id_00,00000211.wav,abnormal,0.6437647007442173,0.5541976197638696,0.29268299639225004
slider,id_00,00000212.wav,abnormal,0.517508881156715,0.5820728416863139,0.2414449393749237
slider,id_00,00000213.wav,abnormal,1.1222753180026466,0.5829783508007963,0.3676853716373444
slider,id_00,00000214.wav,abnormal,0.9557375663970049,0.5710745745533623,0.3317285358905792
slider,id_00,00000215.wav,abnormal,2.945315844106366,0.6524391532351579,0.5381699979305268
slider,id_00,00000216.wav,abnormal,0.27826533246844676,0.5365979698384388,0.2842600911855698
slider,id_00,00000217.wav,abnormal,1.7109550885636864,0.5943742403429028,0.4293414294719696
slider,id_00,00000218.wav,abnormal,0.3166050784061074,0.5586765869718329,0.2414434403181076
slider,id_00,00000219.wav,abnormal,1.087480792597093,0.583744856051271,0.3591223120689392
slider,id_00,00000220.wav,abnormal,2.812537581115574,0.626300376319628,0.5015762329101563
slider,id_00,00000221.wav,abnormal,1.417765142996526,0.5916880625171511,0.39121142625808714
slider,id_00,00000222.wav,abnormal,2.7134092569255728,0.6285025002788036,0.5168360531330108
slider,id_00,00000223.wav,abnormal,1.2931850272554755,0.5763896948320867,0.38278663754463194
slider,id_00,00000224.wav,abnormal,0.4530767537763172,0.5510630618885115,0.2939540147781372
slider,id_00,00000225.wav,abnormal,0.8772110423453672,0.5793453854165019,0.3364227831363678
slider,id_00,00000226.wav,abnormal,1.4298757669150728,0.6037641129001392,0.3617161750793457
slider,id_00,00000227.wav,abnormal,0.9069684321760594,0.6015270862178407,0.2937795728445053
slider,id_00,00000228.wav,abnormal,1.2603904656732414,0.5912829003957997,0.36234928369522096
slider,id_00,00000229.wav,abnormal,1.5879749747222043,0.5916801369539392,0.4127966701984406
slider,id_00,00000230.wav,abnormal,0.7523796979410662,0.5715420591914545,0.3283140480518341
slider,id_00,00000231.wav,abnormal,0.4835704933552094,0.5386774445402193,0.2916995733976364
slider,id_00,00000232.wav,abnormal,1.255326855343906,0.5782503215931699,0.40736843943595885
slider,id_00,00000233.wav,abnormal,1.3090890826018633,0.6031417506988331,0.3479617774486542
slider,id_00,00000234.wav,abnormal,1.3646870414552499,0.5921402579486179,0.3896853864192963
slider,id_00,00000235.wav,abnormal,1.5169135286875957,0.5951019306516266,0.3935029685497284
slider,id_00,00000236.wav,abnormal,0.725080439731725,0.5636445398729831,0.31887379586696624
slider,id_00,00000237.wav,abnormal,0.4276802631822534,0.5528915184201053,0.2929257661104202
slider,id_00,00000238.wav,abnormal,0.6179181705371573,0.5605957046603551,0.30296937823295594
slider,id_00,00000239.wav,abnormal,0.9529297916354196,0.5751814197851144,0.30190270841121675
slider,id_00,00000240.wav,abnormal,2.0107489628921265,0.6213665964186633,0.427246218919754
slider,id_00,00000241.wav,abnormal,0.6296972867328492,0.5478550519852047,0.3242516338825226
slider,id_00,00000242.wav,abnormal,0.883640218407546,0.5752215417987081,0.3171217143535614
slider,id_00,00000243.wav,abnormal,0.6619281566232704,0.562136154010433,0.3296800196170807
slider,id_00,00000244.wav,abnormal,1.4860113939131985,0.6000545229341874,0.3427014410495758
slider,id_00,00000245.wav,abnormal,1.5572086761317738,0.5977229984844364,0.3006965905427933
slider,id_00,00000246.wav,abnormal,1.1165515596331073,0.5674153116738572,0.37679295539855956
slider,id_00,00000247.wav,abnormal,0.7756489582585804,0.56826879946221,0.3343536466360092
slider,id_00,00000248.wav,abnormal,1.4625739686032926,0.5834383367112219,0.38423880338668825
slider,id_00,00000249.wav,abnormal,1.1826011265774117,0.592173523965313,0.363938695192337
slider,id_00,00000250.wav,abnormal,1.3092262793458556,0.5959746406186744,0.32112636268138883
slider,id_00,00000251.wav,abnormal,0.5409692543532749,0.5537152461843242,0.29571144878864286
slider,id_00,00000252.wav,abnormal,0.9553550374581814,0.5735669579185871,0.350016850233078
slider,id_00,00000253.wav,abnormal,0.8638484722388657,0.5787096879538145,0.31301981806755064
slider,id_00,00000254.wav,abnormal,0.362892207459911,0.5543680469702328,0.288058677315712
slider,id_00,00000255.wav,abnormal,1.9948990555425752,0.6044047753492258,0.4465341091156006
slider,id_00,00000256.wav,abnormal,1.5408083641715287,0.5985312226602785,0.3724023103713989
slider,id_00,00000257.wav,abnormal,1.0445220552052863,0.5961404875513933,0.3280490696430206
slider,id_00,00000258.wav,abnormal,2.1157174593425534,0.6192370602485169,0.4395916163921356
slider,id_00,00000259.wav,abnormal,2.0084954896570917,0.6309195253862799,0.40449320077896117
slider,id_00,00000260.wav,abnormal,2.0160187218045458,0.623873771097822,0.4379857301712036
slider,id_00,00000261.wav,abnormal,0.5101409151146399,0.5429720969825205,0.3177191555500031
slider,id_00,00000262.wav,abnormal,1.1355235003370598,0.5857134537846254,0.3476617455482483
slider,id_00,00000263.wav,abnormal,1.5481109451365374,0.6111180800509657,0.3528863966464996
slider,id_00,00000264.wav,abnormal,2.2602320199380763,0.6528475357027755,0.42428973913192747
slider,id_00,00000265.wav,abnormal,2.094339854891796,0.6247228363561461,0.4587359964847565
slider,id_00,00000266.wav,abnormal,1.2811130376298951,0.5943453809309187,0.3698716342449188
slider,id_00,00000267.wav,abnormal,3.8164702512904825,0.6546830934784145,0.5911737024784088
slider,id_00,00000268.wav,abnormal,3.3283556698188566,0.6435433025951623,0.5013551592826844
slider,id_00,00000269.wav,abnormal,3.662946478848637,0.6545819561312368,0.5795246541500092
slider,id_00,00000270.wav,abnormal,3.938403938715929,0.6699756038865176,0.5598495423793792
slider,id_00,00000271.wav,abnormal,3.215629355372972,0.6398811842849836,0.5206172466278076
slider,id_00,00000272.wav,abnormal,3.178397212044537,0.6623398929419725,0.5040671110153199
slider,id_00,00000273.wav,abnormal,2.228459831957009,0.627902361942116,0.4234696090221405
slider,id_00,00000274.wav,abnormal,3.5615658578847356,0.6586375980869559,0.5598901629447937
slider,id_00,00000275.wav,abnormal,3.122498193469875,0.6317959335009455,0.49929457902908325
slider,id_00,00000276.wav,abnormal,2.0612158490222026,0.6449190683789291,0.34285100400447843
slider,id_00,00000277.wav,abnormal,2.7008795485626678,0.6829323285707514,0.39086866974830625
slider,id_00,00000278.wav,abnormal,2.8138848538700714,0.6397694633305776,0.4656850039958954
slider,id_00,00000279.wav,abnormal,2.188207664714392,0.6151940659749182,0.4039400815963745
slider,id_00,00000280.wav,abnormal,3.1458613599087997,0.6634299238175162,0.4934490203857422
slider,id_00,00000281.wav,abnormal,2.6371507592505363,0.6176114080868633,0.43642585873603823
slider,id_00,00000282.wav,abnormal,2.7786450159696567,0.635638128145578,0.44975520968437194
slider,id_00,00000283.wav,abnormal,3.6412891963517486,0.6634553733513409,0.569788932800293
slider,id_00,00000284.wav,abnormal,2.856720445131483,0.6477230642307851,0.4663407266139984
slider,id_00,00000285.wav,abnormal,3.63569927917131,0.677963109826774,0.49227726459503174
slider,id_00,00000286.wav,abnormal,3.695448799066929,0.6777267695904471,0.5809949696063995
slider,id_00,00000287.wav,abnormal,2.4926849584515924,0.6268490008597838,0.46030149459838865
slider,id_00,00000288.wav,abnormal,3.8874983213727328,0.6880092351488459,0.5085517823696136
slider,id_00,00000289.wav,abnormal,2.6600445331269,0.6235283232452191,0.4473525881767273
slider,id_00,00000290.wav,abnormal,4.1006264169336735,0.6693521049890544,0.6192948997020722
slider,id_00,00000291.wav,abnormal,3.414911042790334,0.6456172544516366,0.5204914510250092
slider,id_00,00000292.wav,abnormal,3.652263810018237,0.6562423477854825,0.5852174520492553
slider,id_00,00000293.wav,abnormal,3.098251155654184,0.6488562314195625,0.4756510376930237
slider,id_00,00000294.wav,abnormal,3.6032244501073896,0.6523870584582263,0.5738037705421448
slider,id_00,00000295.wav,abnormal,3.963225621059543,0.6742843524400204,0.6093193411827087
slider,id_00,00000296.wav,abnormal,3.319059282992937,0.6661072405686381,0.5402252972126007
slider,id_00,00000297.wav,abnormal,3.2353676494214225,0.6483641724329904,0.5349695563316346
slider,id_00,00000298.wav,abnormal,3.814581555893785,0.6579233176265389,0.5804273009300231
slider,id_00,00000299.wav,abnormal,4.04351374400678,0.6927744331765471,0.5366050243377686
slider,id_00,00000300.wav,abnormal,3.616689639335889,0.6591671173879854,0.5857704997062683
slider,id_00,00000301.wav,abnormal,2.997422579455378,0.6655292081542372,0.44585793018341063
slider,id_00,00000302.wav,abnormal,2.812417595041598,0.6767167489228413,0.4049507796764374
slider,id_00,00000303.wav,abnormal,2.9150720903492164,0.6361777751247087,0.5025891482830047
slider,id_00,00000304.wav,abnormal,4.250299572694336,0.67329900154336,0.6204127967357635
slider,id_00,00000305.wav,abnormal,3.6054831488523194,0.6800173821470491,0.5214465379714965
slider,id_00,00000306.wav,abnormal,3.3078724198082377,0.6606341676395224,0.531614500284195
slider,id_00,00000307.wav,abnormal,3.4810936082418227,0.6545541462863111,0.5712510943412781
slider,id_00,00000308.wav,abnormal,2.688113265684189,0.6319070458753572,0.4750313997268677
slider,id_00,00000309.wav,abnormal,2.454491220896573,0.6334716468751402,0.45879535675048827
slider,id_00,00000310.wav,abnormal,2.0836515363376975,0.6122508620653049,0.43915762901306155
slider,id_00,00000311.wav,abnormal,3.5032347395708996,0.6567194709238005,0.5498162984848023
slider,id_00,00000312.wav,abnormal,4.575603856518395,0.6804840411734178,0.6887400984764099
slider,id_00,00000313.wav,abnormal,2.926127144569529,0.6419822328046938,0.4976272523403168
slider,id_00,00000314.wav,abnormal,3.8390204862751114,0.6730692607153326,0.6037984132766724
slider,id_00,00000315.wav,abnormal,3.221493751871865,0.6581255711718145,0.5022656202316285
slider,id_00,00000316.wav,abnormal,2.781127393331438,0.634973557051465,0.488276743888855
slider,id_00,00000317.wav,abnormal,4.150960451299226,0.6751306986524579,0.632895004749298
slider,id_00,00000318.wav,abnormal,3.846257392687577,0.6691811986542535,0.5951305270195008
slider,id_00,00000319.wav,abnormal,3.786022653795638,0.6776531646385656,0.5856813013553619
slider,id_00,00000320.wav,abnormal,3.5167698339762197,0.6725653498301902,0.47710084915161133
slider,id_00,00000321.wav,abnormal,2.9797611590525044,0.6351928874248116,0.5257747530937195
slider,id_00,00000322.wav,abnormal,4.23305874680999,0.6789700777769128,0.6406993985176086
slider,id_00,00000323.wav,abnormal,3.271246878373388,0.6643152058687685,0.5209124922752381
slider,id_00,00000324.wav,abnormal,4.011500372638879,0.6676796980337554,0.6230834364891052
slider,id_00,00000325.wav,abnormal,4.194908278323826,0.6702472670083373,0.6384259819984436
slider,id_00,00000326.wav,abnormal,3.140386353581878,0.670741920817845,0.5149303019046784
slider,id_00,00000327.wav,abnormal,3.2893013373954947,0.6525934990572618,0.5234890699386596
slider,id_00,00000328.wav,abnormal,3.838268950022731,0.6747285690893094,0.6040617823600769
slider,id_00,00000329.wav,abnormal,4.201679345498599,0.6723784021852947,0.6366346716880799
slider,id_00,00000330.wav,abnormal,3.734399000628274,0.6559107556537991,0.5873829066753388
slider,id_00,00000331.wav,abnormal,3.511649153703762,0.6868961443082404,0.5398545682430267
slider,id_00,00000332.wav,abnormal,3.1914971862142636,0.6420827842613068,0.5279668748378754
slider,id_00,00000333.wav,abnormal,3.6740210459397167,0.6603945489627855,0.578156340122223
slider,id_00,00000334.wav,abnormal,3.2665749691792865,0.6529735277012509,0.5492023348808288
slider,id_00,00000335.wav,abnormal,3.249777411938507,0.6547668086349576,0.5541773438453674
slider,id_00,00000336.wav,abnormal,2.548797253947056,0.6406602312181436,0.45065687894821166
slider,id_00,00000337.wav,abnormal,3.6153759689976104,0.6590057494953598,0.5752321124076843
slider,id_00,00000338.wav,abnormal,3.3618359255249155,0.6677110917212135,0.5697544038295745
slider,id_00,00000339.wav,abnormal,1.9596515812487993,0.6390350183248589,0.34622258245944976
slider,id_00,00000340.wav,abnormal,2.7883840863695077,0.6319001876261829,0.5006732046604156
slider,id_00,00000341.wav,abnormal,2.882026403467659,0.6414637557031787,0.4896765351295471
slider,id_00,00000342.wav,abnormal,3.646969934176771,0.6722425396237951,0.5706499338150024
slider,id_00,00000343.wav,abnormal,3.7734272402377806,0.6691224120663896,0.596703290939331
slider,id_00,00000344.wav,abnormal,3.2467744653548323,0.6506703017230225,0.5313914358615875
slider,id_00,00000345.wav,abnormal,2.9200743839310928,0.6326331860417882,0.5008120059967041
slider,id_00,00000346.wav,abnormal,2.883363904704572,0.6349103623591285,0.4686242938041687
slider,id_00,00000347.wav,abnormal,3.5474096006688356,0.6608183331296353,0.5835312724113464
slider,id_00,00000348.wav,abnormal,3.972568337836088,0.6679475819171069,0.6155489563941956
slider,id_00,00000349.wav,abnormal,3.127567120175275,0.6552428268489275,0.4968433678150177
slider,id_00,00000350.wav,abnormal,3.6214712808298914,0.6776727003144402,0.57177232503891
slider,id_00,00000351.wav,abnormal,2.6683110301265653,0.6395402900653728,0.504346776008606
slider,id_00,00000352.wav,abnormal,3.0299041309435744,0.6554561055980396,0.4800270080566406
slider,id_00,00000353.wav,abnormal,3.871985756024401,0.6677859521334805,0.6030138015747071
slider,id_00,00000354.wav,abnormal,4.025730956281478,0.6707462554630377,0.6235415935516357
slider,id_00,00000355.wav,abnormal,3.0146958789012626,0.6616885082087969,0.5275078415870667
slider,id_02,00000306.wav,normal,-1.343902182554558,0.3772756818854073,0.08311836943030357
slider,id_02,00000710.wav,normal,-1.1251621015590594,0.36628884146991636,0.09877908229827881
slider,id_02,00000170.wav,normal,-0.6087085955724074,0.438582566521937,0.12905343919992446
slider,id_02,00000454.wav,normal,-1.456273529918807,0.39750795340375084,0.13584682047367097
slider,id_02,00000963.wav,normal,-0.17588111624838199,0.44588874511684184,0.16791649758815766
slider,id_02,00000929.wav,normal,-0.590031360254498,0.400743216572883,0.09871891885995865
slider,id_02,00000720.wav,normal,-0.5689599661922387,0.46694085571556315,0.15199961513280869
slider,id_02,00000648.wav,normal,-0.7591531819118913,0.4052113406750918,0.09292951822280884
slider,id_02,00000778.wav,normal,-1.352905866730941,0.40407509361294375,0.13463946729898452
slider,id_02,00000100.wav,normal,-0.8876733256774347,0.42647020501623095,0.12446087896823883
slider,id_02,00000444.wav,normal,-0.9864630530769478,0.4067251476903704,0.11435850411653518
slider,id_02,00000092.wav,normal,0.1104626023079458,0.5263589570145951,0.22524392306804658
slider,id_02,00000764.wav,normal,-1.0000223433662825,0.4003581199329842,0.11111655533313751
slider,id_02,00001043.wav,normal,-1.0732442263655084,0.37944274279575746,0.078837451338768
slider,id_02,00000294.wav,normal,-1.322881949320223,0.3854626484172047,0.12049317806959152
slider,id_02,00000700.wav,normal,-0.5625983668624546,0.47456179734846365,0.19485998451709746
slider,id_02,00000646.wav,normal,-0.5929547215473008,0.47453284279482255,0.20325356125831603
slider,id_02,00001041.wav,normal,-1.0774461582841894,0.41774308847760155,0.14922050833702089
slider,id_02,00000070.wav,normal,-1.0815747474017048,0.42868688334632604,0.12494052052497864
slider,id_02,00000632.wav,normal,-0.8779220229792681,0.4682752363602565,0.1980715125799179
slider,id_02,00000036.wav,normal,-0.4095742350325917,0.4917839035305023,0.21369928419589995
slider,id_02,00000554.wav,normal,0.17896793085827412,0.5616383584459294,0.24024128019809723
slider,id_02,00000893.wav,normal,-0.1425781429930364,0.4854069425594164,0.15932503044605256
slider,id_02,00001033.wav,normal,-0.43720175075605283,0.46980267402548953,0.14190193116664887
slider,id_02,00000777.wav,normal,-0.29538001199791175,0.4737120845307146,0.15668826252222062
slider,id_02,00000908.wav,normal,-0.29040647599382297,0.4344178731432576,0.14153296798467635
slider,id_02,00000735.wav,normal,-0.4544923058839778,0.47037461315670825,0.1671135902404785
slider,id_02,00000641.wav,normal,-0.9535475417555421,0.43391554145209865,0.14813703894615174
slider,id_02,00001049.wav,normal,0.25911743797736086,0.5081877396316749,0.1566315084695816
slider,id_02,00000389.wav,normal,-1.272870035859464,0.40491757598491784,0.11566524803638459
slider,id_02,00001057.wav,normal,-0.47162341405079466,0.46574833929713044,0.1685201868414879
slider,id_02,00000879.wav,normal,-0.63134717536302,0.44317067536072713,0.1608774647116661
slider,id_02,00000690.wav,normal,-0.4379058477417246,0.4260146429534121,0.11545256823301316
slider,id_02,00000942.wav,normal,-0.8579538459566738,0.390765008705883,0.1205062910914421
slider,id_02,00000336.wav,normal,3.650200352735804,0.6804548346625844,0.5574857115745544
slider,id_02,00000872.wav,normal,-0.7959779636950799,0.44154827425709064,0.15578011870384217
slider,id_02,00000082.wav,normal,-0.9552416900961944,0.4729734733959723,0.20363377034664154
slider,id_02,00000665.wav,normal,0.8665616072377702,0.5713143724819036,0.25130157768726347
slider,id_02,00000407.wav,normal,0.08046785764868147,0.5088792875181521,0.1682094916701317
slider,id_02,00000709.wav,normal,-0.3281161238237811,0.44083622393332556,0.1385613888502121
slider,id_02,00000638.wav,normal,-1.1544103909297068,0.4035198156148674,0.1328276127576828
slider,id_02,00000346.wav,normal,2.3541986689996044,0.6453232815362875,0.4670243918895721
slider,id_02,00000271.wav,normal,-1.2969665498693317,0.39040335951149335,0.11197248697280884
slider,id_02,00000800.wav,normal,-1.2129834799643966,0.4289223189182718,0.12416661083698273
slider,id_02,00000480.wav,normal,-0.34846365062390383,0.4140949906307701,0.13001126050949097
slider,id_02,00000076.wav,normal,-0.040282100408290944,0.5027760748492063,0.18180533945560456
slider,id_02,00000158.wav,normal,-1.1316810835818476,0.401312544847801,0.12448488771915436
slider,id_02,00000670.wav,normal,-1.0289633722747151,0.4221877729914525,0.14763732701539994
slider,id_02,00000891.wav,normal,-0.1623879231023153,0.4555469117558415,0.15822189450263976
slider,id_02,00000419.wav,normal,-0.6336434054083355,0.467339813743924,0.1750179648399353
slider,id_02,00000147.wav,normal,-0.7215686067024123,0.41077535723161784,0.11791906654834747
slider,id_02,00000739.wav,normal,0.30125328526875705,0.4873463123371976,0.17439781427383422
slider,id_02,00000015.wav,normal,-1.3223292704627294,0.4113176303724444,0.1282539188861847
slider,id_02,00000467.wav,normal,-0.7920912132673887,0.3988190571880722,0.12320371568202973
slider,id_02,00000932.wav,normal,0.13137959281421274,0.4516667831919305,0.16483013033866883
slider,id_02,00000538.wav,normal,4.570052818383933,0.6463195268846093,0.5849643111228943
slider,id_02,00001034.wav,normal,-0.5529212963163967,0.4108076189935024,0.10428957045078277
slider,id_02,00000450.wav,normal,-1.3495748425976295,0.40118185240204024,0.1052639588713646
slider,id_02,00000865.wav,normal,-0.6110014703732105,0.45307833391946195,0.13252460211515427
slider,id_02,00000895.wav,normal,-0.36106975231461647,0.47427922729109206,0.16890333890914916
slider,id_02,00000102.wav,normal,-0.8974970083295339,0.46780918266501953,0.1667327478528023
slider,id_02,00000998.wav,normal,-0.6358192516039338,0.43327851418817104,0.16670238375663757
slider,id_02,00000339.wav,normal,-1.21469621361903,0.3756556813145863,0.07335743829607963
slider,id_02,00000604.wav,normal,0.8571205320466326,0.5312420669363266,0.24084114730358125
slider,id_02,00000514.wav,normal,-0.22540133584558042,0.4942636232113836,0.2220564067363739
slider,id_02,00000129.wav,normal,-1.046837199250744,0.38196798430907775,0.07957304716110229
slider,id_02,00000037.wav,normal,-0.5077257712481451,0.4536938522049496,0.192210453748703
slider,id_02,00000507.wav,normal,-0.46222355194141507,0.4629743625388319,0.13795851171016693
slider,id_02,00000155.wav,normal,-1.338382751752615,0.3748249917515238,0.093354731798172
slider,id_02,00000667.wav,normal,-0.8435062340536472,0.39729993142969194,0.09057356789708138
slider,id_02,00001022.wav,normal,0.12871985756082083,0.5334123638170992,0.21929578185081483
slider,id_02,00000811.wav,normal,-1.2106925358941432,0.3830549836502844,0.12220019847154617
slider,id_02,00000679.wav,normal,-0.697234326927072,0.4536590655303326,0.1401848554611206
slider,id_02,00000395.wav,normal,-1.2914732168611245,0.37344322041337435,0.08147909641265869
slider,id_02,00001029.wav,normal,-1.1979601572267562,0.40448838637709866,0.1288411572575569
slider,id_02,00000830.wav,normal,-1.1703739862997597,0.3811178714692031,0.09524534046649932
slider,id_02,00001032.wav,normal,-0.15415983869336713,0.4409149916988789,0.15390906780958175
slider,id_02,00000722.wav,normal,-0.4894410612033049,0.4499440570035547,0.13243688344955445
slider,id_02,00000484.wav,normal,-1.3529108608577562,0.3774404549110198,0.11045844256877899
slider,id_02,00000762.wav,normal,-0.5269975541849306,0.4801205853982946,0.16137075424194336
slider,id_02,00000325.wav,normal,-1.5087040130714353,0.3911772122872429,0.1182166188955307
slider,id_02,00000044.wav,normal,-0.8595489542339436,0.4292476031627562,0.13594649285078048
slider,id_02,00000420.wav,normal,-1.3429651169388208,0.3687905002969732,0.08177303597331047
slider,id_02,00000794.wav,normal,-0.4332548943540342,0.41671200887200804,0.1332797273993492
slider,id_02,00000876.wav,normal,-1.0762996107281353,0.376849131803554,0.09176312834024429
slider,id_02,00000239.wav,normal,-0.4182367982284134,0.44567963948893524,0.1217173770070076
slider,id_02,00000392.wav,normal,-1.4064369422731477,0.3853206255852322,0.12307202517986297
slider,id_02,00000585.wav,normal,-1.4322219090145616,0.3825581176708066,0.10736444741487502
slider,id_02,00000244.wav,normal,-1.205674234201906,0.38606588605518133,0.10630871057510376
slider,id_02,00000714.wav,normal,-0.7601549506509162,0.45877640874081105,0.15011508911848068
slider,id_02,00000193.wav,normal,-0.552918660912745,0.46263597874916185,0.1498516470193863
slider,id_02,00000890.wav,normal,-0.9867404074054082,0.41156928766372214,0.10033090114593506
slider,id_02,00000329.wav,normal,-0.7916236308706281,0.4307512988366453,0.11824247241020203
slider,id_02,00000955.wav,normal,0.6686662620988955,0.5410352717353297,0.20745919346809388
slider,id_02,00000466.wav,normal,-0.9572543095524679,0.42115171853506655,0.10790153294801712
slider,id_02,00000386.wav,normal,-1.0816512035812984,0.38392198134293465,0.1058767095208168
slider,id_02,00000556.wav,normal,1.1020132860106173,0.6006934524200015,0.3511003851890564
slider,id_02,00000781.wav,normal,-0.9968371212132627,0.37782861169701154,0.09499953091144561
slider,id_02,00001026.wav,normal,-0.6067512104510406,0.42489516615326123,0.11208544820547103
slider,id_02,00000340.wav,normal,-0.1532597157649036,0.47920477254341176,0.15803569555282593
slider,id_02,00000353.wav,normal,-1.451700190423015,0.37883946095521764,0.11084174513816833
slider,id_02,00000495.wav,normal,-0.6300359240947593,0.4351939759150573,0.13433738350868224
slider,id_02,00000551.wav,normal,1.3883389760071125,0.6061254342542672,0.29382470846176145
slider,id_02,00000457.wav,normal,-1.1253325635369258,0.4196412615824628,0.1646938294172287
slider,id_02,00000152.wav,normal,-1.4630915549973835,0.39398463159373576,0.08591005131602288
slider,id_02,00000886.wav,normal,-1.0126017733304788,0.37791276529005763,0.10847927033901214
slider,id_02,00000501.wav,normal,-1.271527168529703,0.3905122701683433,0.12567996382713317
slider,id_02,00000675.wav,normal,-1.025823802975264,0.4291143622399147,0.1593964859843254
slider,id_02,00000593.wav,normal,-0.8088542390063331,0.4460379242632591,0.18785665631294252
slider,id_02,00000601.wav,normal,0.0006686183769506471,0.5227776417586826,0.18933523297309876
slider,id_02,00000857.wav,normal,-0.8111710885850005,0.45931823475293937,0.1539852261543274
slider,id_02,00000305.wav,normal,-0.9814905225919315,0.40130099888406556,0.10282112807035446
slider,id_02,00000743.wav,normal,-0.481588969365804,0.4832095303273027,0.1776675820350647
slider,id_02,00000289.wav,normal,-0.936794197192647,0.464204196267642,0.1733395963907242
slider,id_02,00000002.wav,normal,-0.9095084017281732,0.45239097300162356,0.18268155455589294
slider,id_02,00000840.wav,normal,0.1272436706569895,0.4854176129108173,0.17821702361106873
slider,id_02,00000547.wav,normal,0.847712957121816,0.5748247672150576,0.24601167738437651
slider,id_02,00000696.wav,normal,-0.9398278035339374,0.4483468661223578,0.1769302248954773
slider,id_02,00000849.wav,normal,-0.6083377475753444,0.40038719355120994,0.11226241141557694
slider,id_02,00000565.wav,normal,0.35048632086736475,0.5362187646651074,0.21423691064119338
slider,id_02,00000142.wav,normal,-0.7868362656190211,0.4119267309889746,0.13984854221343995
slider,id_02,00000279.wav,normal,-0.6609628996469556,0.41261543288440705,0.12071528732776642
slider,id_02,00000390.wav,normal,-1.3711631442356982,0.38680844856462604,0.09662932604551315
slider,id_02,00000785.wav,normal,-0.4081315830817456,0.4806320406069979,0.2171851336956024
slider,id_02,00000296.wav,normal,-1.1618573414578304,0.3886317801735289,0.11749830842018127
slider,id_02,00000935.wav,normal,0.1349226028545285,0.4994213699959054,0.17062516883015633
slider,id_02,00000499.wav,normal,-1.096974191854036,0.3775180552992478,0.10356144309043884
slider,id_02,00000967.wav,normal,-0.7090307345520355,0.40430981561801477,0.14793517291545868
slider,id_02,00000988.wav,normal,-0.9645639708430291,0.41756553000297797,0.1503538817167282
slider,id_02,00000850.wav,normal,-1.128367896253371,0.3737098090243058,0.09773217737674714
slider,id_02,00000559.wav,normal,3.166141162088561,0.6052673043977007,0.466863089799881
slider,id_02,00000597.wav,normal,-1.3868291566071314,0.39474896079664407,0.10191307216882706
slider,id_02,00001063.wav,normal,-0.030352830410469878,0.4787100573026654,0.17194055616855622
slider,id_02,00000315.wav,normal,-1.0232195525577534,0.3743084444403724,0.0797114409506321
slider,id_02,00000240.wav,normal,-0.8453059639212341,0.40326376714246703,0.09386767894029617
slider,id_02,00000945.wav,normal,-0.516306995965321,0.403520619619866,0.11276891827583313
slider,id_02,00000232.wav,normal,-1.105839020800035,0.3759618225584755,0.08454754948616028
slider,id_02,00000460.wav,normal,-0.054890310804243114,0.46829478355623444,0.14391012191772462
slider,id_02,00000190.wav,normal,-0.9383755537156375,0.413055078598365,0.12928000837564468
slider,id_02,00000835.wav,normal,-0.8998717379661976,0.3746020349204622,0.08490526378154754
slider,id_02,00000028.wav,normal,-1.4703953697404817,0.39250424434986353,0.11235825568437577
slider,id_02,00000636.wav,normal,-1.3004294633295164,0.40363754783137257,0.14361545741558074
slider,id_02,00000324.wav,normal,-0.7469586238958161,0.4028864896002629,0.09949763491749763
slider,id_02,00000490.wav,normal,-1.5222314080111428,0.3874596288280369,0.11388490796089172
slider,id_02,00000059.wav,normal,-0.6750442389680433,0.4645086903974427,0.1640077754855156
slider,id_02,00000248.wav,normal,-0.4646673063952349,0.4418778004813906,0.10027912855148316
slider,id_02,00000992.wav,normal,0.3543513581315807,0.553415069947698,0.2684165298938751
slider,id_02,00000897.wav,normal,-0.8074631985998373,0.41327189765649974,0.09658559635281563
slider,id_02,00000589.wav,normal,-0.978103496923282,0.44286527239040024,0.15509447902441026
slider,id_02,00000268.wav,normal,-0.9429121332969181,0.4472841423869008,0.19182699918746948
slider,id_02,00000546.wav,normal,1.2841214878636542,0.5981056513200972,0.3071305751800537
slider,id_02,00000416.wav,normal,0.2514465733148086,0.5074604923652501,0.2025528907775879
slider,id_02,00000105.wav,normal,-0.9128400213685364,0.4612596312999674,0.16762696206569672
slider,id_02,00000905.wav,normal,-0.3330913435302687,0.4841210640838726,0.21552863121032714
slider,id_02,00001020.wav,normal,-0.5525817515253557,0.421005168386963,0.12692206352949142
slider,id_02,00000740.wav,normal,-1.16860294783711,0.4036802413968433,0.12174070477485657
slider,id_02,00001061.wav,normal,-0.18302571702655257,0.5095730592316992,0.1825758159160614
slider,id_02,00000384.wav,normal,-0.8827380491005936,0.3962714090400537,0.09659791514277458
slider,id_02,00000111.wav,normal,-0.8744614943961455,0.45357068620353247,0.18532947599887847
slider,id_02,00000846.wav,normal,-0.6788344204909187,0.4607027019014909,0.21372564733028412
slider,id_02,00000946.wav,normal,-0.9966696633511081,0.4404103483414449,0.1669045478105545
slider,id_02,00000000.wav,abnormal,1.8072944934105255,0.561399740655107,0.3389569580554962
slider,id_02,00000001.wav,abnormal,1.9786587771968236,0.5852657815811859,0.36883963346481324
slider,id_02,00000002.wav,abnormal,1.9587955702300732,0.5752901993646771,0.353608500957489
slider,id_02,00000003.wav,abnormal,2.0108552474182257,0.594958869093938,0.36956573724746705
slider,id_02,00000004.wav,abnormal,-0.18020618367245156,0.46397596367143623,0.19866576939821243
slider,id_02,00000005.wav,abnormal,1.765494458567586,0.5681600313570695,0.35033167600631715
slider,id_02,00000006.wav,abnormal,1.249187841459209,0.5450614758446665,0.2997839331626892
slider,id_02,00000007.wav,abnormal,1.9454538923746671,0.577656827492141,0.3639774858951569
slider,id_02,00000008.wav,abnormal,0.4660941214676786,0.5000014864882584,0.22809061110019685
slider,id_02,00000009.wav,abnormal,2.4489359442677063,0.5953301792649518,0.39398691058158875
slider,id_02,00000010.wav,abnormal,1.6047412684393425,0.5607543042066512,0.3180698871612549
slider,id_02,00000011.wav,abnormal,1.3967635847621072,0.5439027852707086,0.3187717139720917
slider,id_02,00000012.wav,abnormal,-0.6776496811682176,0.44111192693917173,0.15069103837013245
slider,id_02,00000013.wav,abnormal,2.32265846629455,0.6043587872698829,0.39684543013572693
slider,id_02,00000014.wav,abnormal,1.2962840667654252,0.5820502590835275,0.30011996626853943
slider,id_02,00000015.wav,abnormal,1.2031089193890647,0.5483278060266712,0.2993493854999542
slider,id_02,00000016.wav,abnormal,1.7292014109414868,0.5573900241990188,0.335917329788208
slider,id_02,00000017.wav,abnormal,1.068990360451993,0.5534255920797113,0.29093358516693113
slider,id_02,00000018.wav,abnormal,1.1088923079304784,0.5523488888707109,0.2852413535118103
slider,id_02,00000019.wav,abnormal,2.0415813029360503,0.5895819905708183,0.3743233621120453
slider,id_02,00000020.wav,abnormal,1.72978760792531,0.5647135998346113,0.33806122541427613
slider,id_02,00000021.wav,abnormal,2.024137288182253,0.5814940611398056,0.35847097635269165
slider,id_02,00000022.wav,abnormal,1.0886741350328482,0.5525356514722058,0.2948145866394043
slider,id_02,00000023.wav,abnormal,1.5853229462086933,0.5630939747694959,0.31422423720359804
slider,id_02,00000024.wav,abnormal,-0.1726341738995334,0.4695749810281722,0.18671331703662872
slider,id_02,00000025.wav,abnormal,1.5417162006590246,0.5623075948548343,0.32289777398109437
slider,id_02,00000026.wav,abnormal,-0.47833760635580624,0.427192832411197,0.15062558501958848
slider,id_02,00000027.wav,abnormal,1.540157632923675,0.5537019576900162,0.3271929085254669
slider,id_02,00000028.wav,abnormal,1.3259275470183205,0.5700685962088307,0.3062798619270325
slider,id_02,00000029.wav,abnormal,0.6744214115470015,0.5613895446631719,0.27653415203094484
slider,id_02,00000030.wav,abnormal,1.457478931093421,0.5801539462183793,0.3036773443222046
slider,id_02,00000031.wav,abnormal,0.6617451495634619,0.5633096575855717,0.3237143635749817
slider,id_02,00000032.wav,abnormal,1.123788825821455,0.5314771962046246,0.2673602342605591
slider,id_02,00000033.wav,abnormal,2.026375964879481,0.6166894434894794,0.38010592460632325
slider,id_02,00000034.wav,abnormal,0.8823551101658236,0.5166483659093395,0.24220089018344879
slider,id_02,00000035.wav,abnormal,1.242895494290126,0.5494044499004086,0.2328365683555603
slider,id_02,00000036.wav,abnormal,1.2641833213599956,0.5618000287518865,0.3017083048820496
slider,id_02,00000037.wav,abnormal,1.7736934588971973,0.5983065008511381,0.3540419638156891
slider,id_02,00000038.wav,abnormal,1.6077035670501658,0.5641526370605937,0.33116928935050965
slider,id_02,00000039.wav,abnormal,1.7043315824163,0.5922575509222622,0.34370745420455934
slider,id_02,00000040.wav,abnormal,2.0900069140830855,0.5807059936054277,0.3752854287624359
slider,id_02,00000041.wav,abnormal,2.2548514952456014,0.6038927073949149,0.3901065170764923
slider,id_02,00000042.wav,abnormal,1.5959414805702625,0.5684849085943722,0.32219459414482116
slider,id_02,00000043.wav,abnormal,0.9982438969266525,0.5457231283062342,0.2774509906768799
slider,id_02,00000044.wav,abnormal,1.1338804784852403,0.5507410235508612,0.29002882838249205
slider,id_02,00000045.wav,abnormal,-0.8711473150718874,0.483880902854659,0.19446158707141875
slider,id_02,00000046.wav,abnormal,2.497472246065204,0.6043891154385354,0.3957924127578735
slider,id_02,00000047.wav,abnormal,2.1060625015862673,0.6158783395731686,0.37949742674827575
slider,id_02,00000048.wav,abnormal,0.1664889845970947,0.48086778057874235,0.17989264130592347
slider,id_02,00000049.wav,abnormal,1.1368371179123749,0.5419562262258143,0.28564804792404175
slider,id_02,00000050.wav,abnormal,1.2679288170059557,0.5856902566848009,0.2997852087020874
slider,id_02,00000051.wav,abnormal,1.611895572941025,0.5539393532789407,0.3263105809688568
slider,id_02,00000052.wav,abnormal,1.4339588942043981,0.5486747101783785,0.30646358132362367
slider,id_02,00000053.wav,abnormal,1.7426708586537494,0.5904676624904784,0.3470605194568634
slider,id_02,00000054.wav,abnormal,2.364291518340748,0.5884450679582983,0.3865846455097198
slider,id_02,00000055.wav,abnormal,0.8721315811538446,0.5351406827008595,0.2847688257694244
slider,id_02,00000056.wav,abnormal,2.098735741778615,0.5735443958160121,0.3474232017993927
slider,id_02,00000057.wav,abnormal,2.281896302262199,0.6218651094028806,0.3972505748271942
slider,id_02,00000058.wav,abnormal,1.9485576737893933,0.5768618242602778,0.35194379687309263
slider,id_02,00000059.wav,abnormal,1.7937553620737017,0.588580164574897,0.35568562150001526
slider,id_02,00000060.wav,abnormal,1.1833517626332881,0.5411120085544383,0.27839524745941163
slider,id_02,00000061.wav,abnormal,1.028337654627073,0.5762658965460495,0.2866234600543976
slider,id_02,00000062.wav,abnormal,1.133568968700958,0.5402889380373893,0.27843636870384214
slider,id_02,00000063.wav,abnormal,1.4842174518391804,0.5674724565543431,0.32522451877593994
slider,id_02,00000064.wav,abnormal,1.653553141775241,0.5585947071528836,0.30988972783088686
slider,id_02,00000065.wav,abnormal,1.299161471229759,0.5690783210099696,0.3044089674949646
slider,id_02,00000066.wav,abnormal,1.8911483413799246,0.5782798130618299,0.3360286295413971
slider,id_02,00000067.wav,abnormal,1.6980947190674893,0.577250802469685,0.33964423537254335
slider,id_02,00000068.wav,abnormal,0.959831102036155,0.5212788908380439,0.26479226648807525
slider,id_02,00000069.wav,abnormal,0.7464674589668849,0.523980418108049,0.2744676560163498
slider,id_02,00000070.wav,abnormal,1.7997676071554611,0.556794123365742,0.3275082528591156
slider,id_02,00000071.wav,abnormal,1.6697445835138094,0.5621795445029204,0.3377818286418915
slider,id_02,00000072.wav,abnormal,1.0113135383919172,0.5413933233230885,0.2640323877334595
slider,id_02,00000073.wav,abnormal,1.3253232897262652,0.5695156617387345,0.31059560775756834
slider,id_02,00000074.wav,abnormal,1.5524874621020484,0.5605472903935103,0.3250459015369415
slider,id_02,00000075.wav,abnormal,2.4112173625640576,0.588434764870336,0.4016355574131012
slider,id_02,00000076.wav,abnormal,1.9644117323872035,0.5800476649205155,0.34739362001419066
slider,id_02,00000077.wav,abnormal,0.6912213328465935,0.5369518158993614,0.25379235446453097
slider,id_02,00000078.wav,abnormal,1.79915619628499,0.5533789602894885,0.3348622381687164
slider,id_02,00000079.wav,abnormal,1.1562481457591112,0.5815278937505652,0.29907620549201963
slider,id_02,00000080.wav,abnormal,1.9887771375480003,0.6039825516279289,0.352073073387146
slider,id_02,00000081.wav,abnormal,-0.11890109053721787,0.498858328017432,0.1875813215970993
slider,id_02,00000082.wav,abnormal,1.8202754053971244,0.5746332689775084,0.35160150527954104
slider,id_02,00000083.wav,abnormal,1.4039577829428023,0.5499397150573659,0.31480579972267153
slider,id_02,00000084.wav,abnormal,1.397913028150997,0.5518778343027753,0.2984303832054138
slider,id_02,00000085.wav,abnormal,0.7841613778168064,0.5146997698842062,0.2415941834449768
slider,id_02,00000086.wav,abnormal,1.2485833092855714,0.537357407151031,0.29515414834022524
slider,id_02,00000087.wav,abnormal,2.8870449432151677,0.608802538982061,0.4268150985240936
slider,id_02,00000088.wav,abnormal,1.8155128162652012,0.571675502761274,0.34835622310638426
slider,id_02,00000089.wav,abnormal,1.7236221440280666,0.5604083465466866,0.3268291711807251
slider,id_02,00000090.wav,abnormal,1.6631497660031105,0.5702057280647382,0.3314930260181427
slider,id_02,00000091.wav,abnormal,2.248355560988971,0.5802401910638714,0.3841959536075592
slider,id_02,00000092.wav,abnormal,1.359798272202685,0.5725502498925175,0.31934672594070435
slider,id_02,00000093.wav,abnormal,2.019480723730977,0.5808646872970702,0.3584511399269104
slider,id_02,00000094.wav,abnormal,1.337496403891116,0.5607054263390288,0.30311859846115113
slider,id_02,00000095.wav,abnormal,2.938620611564682,0.602749379302309,0.43242586255073545
slider,id_02,00000096.wav,abnormal,1.1021487359099353,0.5799681997586968,0.2897074282169342
slider,id_02,00000097.wav,abnormal,0.12023301159669053,0.47420597887554405,0.1776769071817398
slider,id_02,00000098.wav,abnormal,1.9093489020186105,0.5795499801877306,0.3416577517986298
slider,id_02,00000099.wav,abnormal,1.8752215860818549,0.5726806236949781,0.35249035954475405
slider,id_02,00000100.wav,abnormal,1.7834545996105025,0.5668505130554718,0.3425966680049896
slider,id_02,00000101.wav,abnormal,1.2119811134031728,0.5497779991408432,0.3042586088180542
slider,id_02,00000102.wav,abnormal,0.9039103901292957,0.5301035087973459,0.26541664600372317
slider,id_02,00000103.wav,abnormal,1.4739717576430582,0.5530895812497271,0.3182500064373016
slider,id_02,00000104.wav,abnormal,1.5693566602255746,0.550438562679745,0.3159991681575775
slider,id_02,00000105.wav,abnormal,1.4605426864858373,0.5649852234408854,0.32435559034347533
slider,id_02,00000106.wav,abnormal,1.6062614086353797,0.5552774075401979,0.2954045534133911
slider,id_02,00000107.wav,abnormal,2.051761990204465,0.5763604777377591,0.3602080285549164
slider,id_02,00000108.wav,abnormal,1.4776321184198746,0.551651247962465,0.3164291620254517
slider,id_02,00000109.wav,abnormal,1.922572460258582,0.59107356671564,0.3533664524555206
slider,id_02,00000110.wav,abnormal,1.011127591836841,0.5896828701371636,0.25073272138834
slider,id_02,00000111.wav,abnormal,2.0612078674418175,0.5643572291942098,0.35508476495742797
slider,id_02,00000112.wav,abnormal,2.386766987732546,0.5858806919212549,0.38197503089904783
slider,id_02,00000113.wav,abnormal,1.8581795452322645,0.5780373702528643,0.3576228082180023
slider,id_02,00000114.wav,abnormal,2.1308314562154838,0.5692207619150117,0.36324138641357423
slider,id_02,00000115.wav,abnormal,0.29720806760664864,0.49694689296151096,0.2106912463903427
slider,id_02,00000116.wav,abnormal,1.668150396868251,0.5668696491424478,0.33288193941116334
slider,id_02,00000117.wav,abnormal,2.233048495480922,0.5783937472504067,0.389514422416687
slider,id_02,00000118.wav,abnormal,1.8273849341218824,0.5757881551143079,0.34782328009605407
slider,id_02,00000119.wav,abnormal,1.6150483239330224,0.5640990414189367,0.32998369336128236
slider,id_02,00000120.wav,abnormal,1.66673437533308,0.5564859085195978,0.3033742070198059
slider,id_02,00000121.wav,abnormal,1.5401009443242142,0.5666851115818083,0.32170188426971436
slider,id_02,00000122.wav,abnormal,0.7292425722656883,0.5122385256720514,0.24293870925903321
slider,id_02,00000123.wav,abnormal,2.1806052358642365,0.5776709545640774,0.36765567660331727
slider,id_02,00000124.wav,abnormal,0.9701816764913076,0.5210427043684718,0.26087352335453035
slider,id_02,00000125.wav,abnormal,1.4056032048042866,0.5482521278747764,0.2860854804515839
slider,id_02,00000126.wav,abnormal,1.9185663097344285,0.5741651817426575,0.35410521030426023
slider,id_02,00000127.wav,abnormal,1.1473266289302266,0.5417898814339879,0.2889537334442139
slider,id_02,00000128.wav,abnormal,2.0617577937502016,0.5634980032128942,0.3559502124786377
slider,id_02,00000129.wav,abnormal,1.6671069129024776,0.5652818671839519,0.33517409563064576
slider,id_02,00000130.wav,abnormal,1.856499739707127,0.556422793277783,0.3458299696445465
slider,id_02,00000131.wav,abnormal,1.2814397740034682,0.5482596158187452,0.2840015321969986
slider,id_02,00000132.wav,abnormal,1.9531962373623717,0.561735746686904,0.326093453168869
slider,id_02,00000133.wav,abnormal,0.9836968730973137,0.5343339138758759,0.26042269468307494
slider,id_02,00000134.wav,abnormal,2.156968851807905,0.5750262731532009,0.3635830760002136
slider,id_02,00000135.wav,abnormal,1.4047426752897056,0.5581793909839387,0.2997506856918335
slider,id_02,00000136.wav,abnormal,1.9138329206208056,0.5712341300939804,0.33709835410118105
slider,id_02,00000137.wav,abnormal,1.0438707027541039,0.5357324625981172,0.29184088110923767
slider,id_02,00000138.wav,abnormal,-0.693387516916955,0.4397504007747787,0.18720275163650513
slider,id_02,00000139.wav,abnormal,1.0523658570204724,0.5419805221311325,0.2775257259607315
slider,id_02,00000140.wav,abnormal,0.7609091187531636,0.5106406379138905,0.25152482092380524
slider,id_02,00000141.wav,abnormal,1.803202715592752,0.563526936239259,0.3185049593448639
slider,id_02,00000142.wav,abnormal,2.1948844751079744,0.582917864486884,0.3815674602985382
slider,id_02,00000143.wav,abnormal,0.8862132041530408,0.5303117382950893,0.2564957797527313
slider,id_02,00000144.wav,abnormal,1.5208424423694797,0.5374943440341269,0.3051045000553131
slider,id_02,00000145.wav,abnormal,0.20634185465507038,0.49618224490699653,0.1940568506717682
slider,id_02,00000146.wav,abnormal,0.825364841793748,0.5222138519477731,0.24824882447719573
slider,id_02,00000147.wav,abnormal,2.1486265862260847,0.573473627557564,0.3656618595123291
slider,id_02,00000148.wav,abnormal,0.2109462289048274,0.48848952876868496,0.23662341833114625
slider,id_02,00000149.wav,abnormal,2.1322561255424297,0.5690274871572751,0.3510045289993286
slider,id_02,00000150.wav,abnormal,1.7494613804661068,0.5663343121236903,0.32355092763900756
slider,id_02,00000151.wav,abnormal,1.4863105394246876,0.5580278703020887,0.3197485864162445
slider,id_02,00000152.wav,abnormal,1.567267404513748,0.5509731817786684,0.3171593964099884
slider,id_02,00000153.wav,abnormal,2.170471145994684,0.5771247787087883,0.37563544511795044
slider,id_02,00000154.wav,abnormal,1.663206345071771,0.5588191053584517,0.32099939584732057
slider,id_02,00000155.wav,abnormal,1.2769843257809281,0.5617393391643805,0.2969211459159851
slider,id_02,00000156.wav,abnormal,1.7212010796682193,0.5688042360178428,0.33762413263320923
slider,id_02,00000157.wav,abnormal,2.1493377303364127,0.5769938243266811,0.36751461029052734
slider,id_02,00000158.wav,abnormal,1.536481279326889,0.5416927210559821,0.30138968825340273
slider,id_02,00000159.wav,abnormal,1.214206465736309,0.5407678471293781,0.29187963604927064
slider,id_02,00000160.wav,abnormal,1.016534352756434,0.5234959316172196,0.25008355975151064
slider,id_02,00000161.wav,abnormal,1.9362747452753766,0.5734641689528001,0.3460481703281403
slider,id_02,00000162.wav,abnormal,1.510834605367771,0.564021233127811,0.32698366045951843
slider,id_02,00000163.wav,abnormal,1.5190019017699008,0.5502764135918184,0.3086199164390564
slider,id_02,00000164.wav,abnormal,2.3505535307142207,0.5855362468561228,0.3913916289806366
slider,id_02,00000165.wav,abnormal,1.4082528513469441,0.5464100932159404,0.2810331165790558
slider,id_02,00000166.wav,abnormal,1.8178872131430452,0.558117757795787,0.338059264421463
slider,id_02,00000167.wav,abnormal,1.4393894979351138,0.5598857188022808,0.30521041750907896
slider,id_02,00000168.wav,abnormal,-0.36949317153108474,0.44674612050985396,0.1230347990989685
slider,id_02,00000169.wav,abnormal,2.191695740458359,0.5853509249331496,0.38707926869392395
slider,id_02,00000170.wav,abnormal,1.4058244378634406,0.565893808431013,0.3194041311740875
slider,id_02,00000171.wav,abnormal,2.048725883831091,0.5626963939128687,0.3510145962238312
slider,id_02,00000172.wav,abnormal,0.8497362745575696,0.5074029362522146,0.24818004965782164
slider,id_02,00000173.wav,abnormal,1.864878002615363,0.5652487472123714,0.3462443590164185
slider,id_02,00000174.wav,abnormal,1.898575950073905,0.5753955054044659,0.3620787262916565
slider,id_02,00000175.wav,abnormal,1.929556986339735,0.5762660350477468,0.339728045463562
slider,id_02,00000176.wav,abnormal,1.6859258588283712,0.5558516879343692,0.3134915232658386
slider,id_02,00000177.wav,abnormal,1.9576284737653502,0.5724199212877298,0.3453968584537506
slider,id_02,00000178.wav,abnormal,0.944220356265129,0.5702459807605622,0.2708958923816681
slider,id_02,00000179.wav,abnormal,0.23717710062785535,0.5397155412211333,0.20145870447158815
slider,id_02,00000180.wav,abnormal,0.6683233506113755,0.5735762637406264,0.27781993746757505
slider,id_02,00000181.wav,abnormal,0.5746676146641398,0.5777099187209831,0.2809608936309814
slider,id_02,00000182.wav,abnormal,1.3548642599619871,0.6015848295445454,0.33869715929031374
slider,id_02,00000183.wav,abnormal,0.26570507825446654,0.5572155323842698,0.23529404699802398
slider,id_02,00000184.wav,abnormal,1.8914219182919094,0.6049244547578227,0.35168969035148623
slider,id_02,00000185.wav,abnormal,2.002021427859333,0.6242668839247195,0.38671300411224363
slider,id_02,00000186.wav,abnormal,0.814812191978616,0.5597949169844257,0.27919312119483947
slider,id_02,00000187.wav,abnormal,0.8357769897709364,0.582347702458587,0.2576997846364975
slider,id_02,00000188.wav,abnormal,1.0037094524241787,0.5784747225500264,0.27032317519187926
slider,id_02,00000189.wav,abnormal,1.9718559372999405,0.5935912438193025,0.3660354018211365
slider,id_02,00000190.wav,abnormal,1.4003061816573812,0.5819908118050243,0.30632254481315613
slider,id_02,00000191.wav,abnormal,3.116426963497574,0.6449874196674061,0.47355117201805114
slider,id_02,00000192.wav,abnormal,2.2288881282695954,0.6163196739281525,0.4200073480606079
slider,id_02,00000193.wav,abnormal,0.9156867514412372,0.5829532978049208,0.2879978954792023
slider,id_02,00000194.wav,abnormal,0.7178659863870269,0.583093901703484,0.2513140171766281
slider,id_02,00000195.wav,abnormal,0.6962617091672154,0.5744180914251078,0.25525798499584196
slider,id_02,00000196.wav,abnormal,1.222519470673241,0.5823842611121273,0.30130273997783663
slider,id_02,00000197.wav,abnormal,1.04970490827019,0.5922013698005729,0.27037619352340697
slider,id_02,00000198.wav,abnormal,-0.8406724476450531,0.45299597556106297,0.15039781779050826
slider,id_02,00000199.wav,abnormal,2.6349572666364054,0.6643517274924307,0.45849756598472596
slider,id_02,00000200.wav,abnormal,0.47398357111300804,0.5666278123258819,0.2571375906467438
slider,id_02,00000201.wav,abnormal,0.7028602169999711,0.5735676547090134,0.2619887083768845
slider,id_02,00000202.wav,abnormal,0.08444478064950722,0.5289361070422702,0.1965850591659546
slider,id_02,00000203.wav,abnormal,0.22776503567910744,0.5500599253181807,0.23844172358512877
slider,id_02,00000204.wav,abnormal,0.20699182559204843,0.5537686643957368,0.22314763069152832
slider,id_02,00000205.wav,abnormal,0.7992897933185681,0.5771122013951245,0.24880934953689576
slider,id_02,00000206.wav,abnormal,0.8916819423167954,0.5794335781272626,0.27027602195739747
slider,id_02,00000207.wav,abnormal,1.8768548326061119,0.6520168259511373,0.37742812633514405
slider,id_02,00000208.wav,abnormal,-0.5659666321782328,0.47421961781968036,0.19841144979000092
slider,id_02,00000209.wav,abnormal,0.5860192686247334,0.5612862181347693,0.28877914547920225
slider,id_02,00000210.wav,abnormal,1.6873582408736532,0.6250992364255535,0.3215904414653778
slider,id_02,00000211.wav,abnormal,2.030336670396366,0.6200370422924005,0.3920363366603851
slider,id_02,00000212.wav,abnormal,0.7419835247938131,0.56691399268314,0.2614685446023941
slider,id_02,00000213.wav,abnormal,2.2673885621280068,0.6286138360322606,0.3797404646873474
slider,id_02,00000214.wav,abnormal,4.577392582281843,0.6353865638049854,0.6043800234794616
slider,id_02,00000215.wav,abnormal,0.06936719441437766,0.5064824245327276,0.17900463938713074
slider,id_02,00000216.wav,abnormal,2.739986042621716,0.6343940994191181,0.4466101348400116
slider,id_02,00000217.wav,abnormal,-0.34732046538838723,0.4831552806684087,0.20734620094299316
slider,id_02,00000218.wav,abnormal,1.1387776555128983,0.5899811433951402,0.3212819516658783
slider,id_02,00000219.wav,abnormal,1.8889764692029996,0.614620716645191,0.3375774443149567
slider,id_02,00000220.wav,abnormal,2.367159073858927,0.6546871809018532,0.4298396289348602
slider,id_02,00000221.wav,abnormal,0.7526705547465475,0.5953812563504663,0.29258465468883516
slider,id_02,00000222.wav,abnormal,0.09370397745073333,0.5284343815662037,0.2035776823759079
slider,id_02,00000223.wav,abnormal,-0.08328600040873901,0.5305098697731264,0.2026345670223236
slider,id_02,00000224.wav,abnormal,1.8808614683715987,0.6071363432472305,0.3804361402988434
slider,id_02,00000225.wav,abnormal,0.6782268427709983,0.5603239670290617,0.24458034336566925
slider,id_02,00000226.wav,abnormal,0.9446994266790085,0.5846877331807359,0.2664703786373138
slider,id_02,00000227.wav,abnormal,-0.0691846815010475,0.5420358393984728,0.22763141989707947
slider,id_02,00000228.wav,abnormal,1.51003529496262,0.6101638265215418,0.2990263611078262
slider,id_02,00000229.wav,abnormal,0.28992134919375623,0.5594300988055291,0.2297574684023857
slider,id_02,00000230.wav,abnormal,2.080360588762982,0.5984339425866111,0.39103551506996154
slider,id_02,00000231.wav,abnormal,1.9357993791400574,0.6124474109596519,0.3491719186306
slider,id_02,00000232.wav,abnormal,0.8477433452041332,0.5747987493392998,0.30438018441200254
slider,id_02,00000233.wav,abnormal,1.2505996122260576,0.5940776343280366,0.31108490824699403
slider,id_02,00000234.wav,abnormal,2.8148792983610473,0.617053191027936,0.44082828164100646
slider,id_02,00000235.wav,abnormal,1.1177877714893896,0.5597157151340215,0.27977111637592317
slider,id_02,00000236.wav,abnormal,1.0887847160780062,0.5774328340751017,0.28089925050735476
slider,id_02,00000237.wav,abnormal,0.26998999529149437,0.5419131908593555,0.24149365723133087
slider,id_02,00000238.wav,abnormal,1.3018286672097883,0.6015229376684023,0.34263763427734373
slider,id_02,00000239.wav,abnormal,1.130431860703622,0.5892304415092433,0.2865545451641083
slider,id_02,00000240.wav,abnormal,1.0859582076476038,0.5896948134673601,0.3335959553718567
slider,id_02,00000241.wav,abnormal,2.9352263461706247,0.6388474947534486,0.4391782760620117
slider,id_02,00000242.wav,abnormal,2.5944472935319496,0.6220375549678612,0.42116146683692934
slider,id_02,00000243.wav,abnormal,-0.5416644734942775,0.46025750427592155,0.16815260350704192
slider,id_02,00000244.wav,abnormal,2.0370826576100303,0.6051153202244781,0.3694825053215027
slider,id_02,00000245.wav,abnormal,3.247557861605456,0.6250598459098237,0.5204462110996246
slider,id_02,00000246.wav,abnormal,1.4042267009943483,0.5957431161591943,0.32580147683620453
slider,id_02,00000247.wav,abnormal,0.338362138957784,0.5492196153452223,0.24327146112918854
slider,id_02,00000248.wav,abnormal,2.793454607782543,0.6140077666317489,0.4408436596393585
slider,id_02,00000249.wav,abnormal,-0.27341039250613974,0.49402361705840653,0.1602952554821968
slider,id_02,00000250.wav,abnormal,1.0429402635781209,0.5721832808836879,0.2777187883853912
slider,id_02,00000251.wav,abnormal,3.919953072574537,0.6439273352297191,0.5691630661487579
slider,id_02,00000252.wav,abnormal,1.2817564238693553,0.6003590553174848,0.3078318327665329
slider,id_02,00000253.wav,abnormal,0.7738234510618316,0.5851302756405657,0.2920090317726135
slider,id_02,00000254.wav,abnormal,1.9138672998120096,0.6069826672295823,0.3543506920337677
slider,id_02,00000255.wav,abnormal,-0.1512366392892499,0.5074329081084215,0.22813855111598969
slider,id_02,00000256.wav,abnormal,0.16278367706791386,0.5412642301286178,0.22426416575908661
slider,id_02,00000257.wav,abnormal,0.1825010575656716,0.5457313660744536,0.24053196012973785
slider,id_02,00000258.wav,abnormal,1.9394888281765148,0.6316712233972929,0.3654808223247528
slider,id_02,00000259.wav,abnormal,1.579387323070664,0.6095557921569698,0.33188691139221194
slider,id_02,00000260.wav,abnormal,1.0248150259575795,0.5901522202643602,0.30115281939506533
slider,id_02,00000261.wav,abnormal,5.374402163394096,0.6714034554529588,0.7095287561416626
slider,id_02,00000262.wav,abnormal,2.060226681813896,0.621382533329577,0.3659264862537384
slider,id_02,00000263.wav,abnormal,0.7141425118779896,0.5526133776819544,0.24640744924545288
slider,id_02,00000264.wav,abnormal,0.11843899670210334,0.5467374737725403,0.2348378211259842
slider,id_02,00000265.wav,abnormal,1.3326344048185312,0.5906819837869303,0.3099427938461304
slider,id_02,00000266.wav,abnormal,2.9716487760328274,0.6275650476492073,0.4460864424705505
slider,id_04,00000497.wav,normal,-0.1915028598500479,0.43046239167380257,0.09641271382570267
slider,id_04,00000452.wav,normal,0.9789498571472013,0.6390227162789084,0.34524580240249636
slider,id_04,00000313.wav,normal,-0.36101671521779277,0.44891658741388996,0.12672387808561325
slider,id_04,00000066.wav,normal,-0.30020232153116577,0.40898331453318604,0.07318469285964965
slider,id_04,00000282.wav,normal,-0.20156919155071407,0.44669310088421,0.07813148498535157
slider,id_04,00000411.wav,normal,0.258139930368384,0.6300944984779012,0.311030176281929
slider,id_04,00000239.wav,normal,-0.36799875725334275,0.4782083446198361,0.11158462017774581
slider,id_04,00000188.wav,normal,-0.4074207106730743,0.36945471936083835,0.05929147899150848
slider,id_04,00000293.wav,normal,-0.33992761727348686,0.42164866407987267,0.08739304691553115
slider,id_04,00000283.wav,normal,-0.5168851575303144,0.40802981839194197,0.09678606539964676
slider,id_04,00000184.wav,normal,0.23440833954036577,0.5763355490913457,0.16064461022615434
slider,id_04,00000013.wav,normal,-0.1781953039259685,0.5411359771621743,0.1581482023000717
slider,id_04,00000252.wav,normal,-0.20626418062366003,0.6029571563874672,0.21700744926929474
slider,id_04,00000404.wav,normal,-0.23290962484447775,0.46283149203826224,0.11275115460157395
slider,id_04,00000121.wav,normal,0.5379489911699284,0.622222912218022,0.3541121244430542
slider,id_04,00000071.wav,normal,0.04601055884549776,0.4591962481567742,0.09463013112545013
slider,id_04,00000405.wav,normal,-0.29188961186030227,0.47042888898091817,0.10996978729963303
slider,id_04,00000507.wav,normal,-0.30659862902284374,0.41181236984868663,0.05679348632693291
slider,id_04,00000506.wav,normal,-0.21004891488160915,0.49630241241721096,0.0908040463924408
slider,id_04,00000114.wav,normal,-0.07519569108813329,0.4323311262249762,0.08509314358234406
slider,id_04,00000260.wav,normal,-0.19607091475792693,0.3907385851269251,0.05879400297999382
slider,id_04,00000185.wav,normal,-0.22894644523048324,0.37415194021996917,0.04638929292559624
slider,id_04,00000406.wav,normal,-0.11456562346957089,0.46527806578080466,0.07562617808580399
slider,id_04,00000089.wav,normal,-0.36587197149410855,0.40861752328304324,0.07558209747076035
slider,id_04,00000326.wav,normal,-0.2156801719298782,0.4780387064283953,0.12377490401268006
slider,id_04,00000358.wav,normal,-0.3383526024624093,0.36098187539339466,0.050202876329422
slider,id_04,00000474.wav,normal,-0.20654764117033597,0.4081724748033916,0.07325886487960816
slider,id_04,00000490.wav,normal,-0.36457635151247647,0.37815444268564846,0.06763605326414109
slider,id_04,00000364.wav,normal,-0.14101814476235575,0.43517032640436665,0.08806227892637253
slider,id_04,00000080.wav,normal,-0.05159482217582578,0.46147001745518423,0.07695809751749039
slider,id_04,00000435.wav,normal,-0.0999743527547361,0.4355816121388637,0.07567899078130721
slider,id_04,00000153.wav,normal,-0.3289515169126309,0.3667361351221313,0.050309714302420615
slider,id_04,00000513.wav,normal,-0.12034625727646464,0.40587599601490015,0.0666448637843132
slider,id_04,00000148.wav,normal,-0.2625280016893541,0.4102642416870397,0.08266791850328445
slider,id_04,00000277.wav,normal,-0.32134997122292486,0.40225127474881045,0.08428886532783508
slider,id_04,00000281.wav,normal,-0.11488848880851688,0.4626448467570961,0.09177685603499412
slider,id_04,00000033.wav,normal,-0.1637218513682237,0.42447931970989233,0.06629141941666603
slider,id_04,00000363.wav,normal,-0.3502912373546403,0.40919471323064666,0.07960200086236
slider,id_04,00000177.wav,normal,-0.22357977004612462,0.4203634138330855,0.06208663433790207
slider,id_04,00000341.wav,normal,0.06608930372139366,0.5279316698412883,0.10314148813486099
slider,id_04,00000163.wav,normal,-0.4625689265755266,0.43173491621873805,0.12133072763681411
slider,id_04,00000432.wav,normal,-0.059121006452135916,0.4837674022825161,0.09229346811771393
slider,id_04,00000349.wav,normal,-0.4645873600451935,0.391302328754865,0.08120666816830635
slider,id_04,00000414.wav,normal,-0.4639220285608898,0.4007460131210555,0.0843687042593956
slider,id_04,00000044.wav,normal,-0.09411058993382415,0.47366169884070836,0.10842155814170837
slider,id_04,00000227.wav,normal,-0.3711383494351823,0.4250265742444665,0.11422099620103836
slider,id_04,00000365.wav,normal,-0.3457735538258877,0.36103146597155766,0.04363551661372185
slider,id_04,00000532.wav,normal,-0.26963587828001767,0.37338717827244194,0.05147197768092156
slider,id_04,00000088.wav,normal,-0.14264341957463866,0.42336924770172335,0.06978031247854233
slider,id_04,00000231.wav,normal,-0.2546999475243821,0.3889725415844966,0.064506633579731
slider,id_04,00000037.wav,normal,-0.2968279987898752,0.4795249076315491,0.12034217417240142
slider,id_04,00000436.wav,normal,-0.46905956036148755,0.44005245318296365,0.13771981000900269
slider,id_04,00000069.wav,normal,-0.31059587098594577,0.5148662463727981,0.12036599293351173
slider,id_04,00000062.wav,normal,-0.05042621293852623,0.4625714947704845,0.0758385717868805
slider,id_04,00000102.wav,normal,-0.1317593894468354,0.5269279726964285,0.16490276157855988
slider,id_04,00000251.wav,normal,-0.21979436791109386,0.3920771466637477,0.06661366447806358
slider,id_04,00000469.wav,normal,-0.24230523657435388,0.43837862973612296,0.10028685331344604
slider,id_04,00000355.wav,normal,-0.48830867141849943,0.40516387094336137,0.11309205144643783
slider,id_04,00000292.wav,normal,-0.2546403707571523,0.449105062025105,0.09711871966719628
slider,id_04,00000219.wav,normal,-0.2032236727730936,0.5300787939369914,0.1687520518898964
slider,id_04,00000456.wav,normal,-0.28998078138089145,0.46491335128438993,0.09092708975076676
slider,id_04,00000266.wav,normal,0.006166342741232178,0.5244295817137068,0.17407615780830382
slider,id_04,00000268.wav,normal,0.7122584844163677,0.62262304499376,0.32957063913345336
slider,id_04,00000120.wav,normal,-0.27797439946724456,0.3857952242295503,0.06053967997431755
slider,id_04,00000396.wav,normal,-0.2813118202495941,0.36889533827163995,0.04265155978500843
slider,id_04,00000511.wav,normal,-0.2344960960661151,0.40910740848952964,0.08058568984270095
slider,id_04,00000190.wav,normal,-0.4030010619565756,0.3841237370176812,0.0661837950348854
slider,id_04,00000026.wav,normal,-0.05459238551110257,0.43541268051234694,0.06622255891561508
slider,id_04,00000116.wav,normal,-0.3538714887129757,0.39915741945599903,0.07830713391304016
slider,id_04,00000255.wav,normal,-0.27504102966724275,0.40928762094761134,0.07319568395614624
slider,id_04,00000285.wav,normal,1.2585158242540864,0.6349603425986949,0.4574496984481812
slider,id_04,00000321.wav,normal,-0.3215788310970247,0.43441960570450067,0.07299061715602875
slider,id_04,00000407.wav,normal,0.27705123032898804,0.5652493356807402,0.15741496980190278
slider,id_04,00000375.wav,normal,-0.1374541776519198,0.5537182714884451,0.17875885367393493
slider,id_04,00000140.wav,normal,-0.2614521055755388,0.44335777986001823,0.0827972412109375
slider,id_04,00000078.wav,normal,-0.454551246089105,0.42761448041572925,0.061665599793195726
slider,id_04,00000454.wav,normal,-0.06637086246376267,0.5441070175760118,0.19280950129032134
slider,id_04,00000380.wav,normal,-0.4316933516079198,0.37630814791840805,0.07062541469931602
slider,id_04,00000379.wav,normal,-0.27513044908041895,0.38872709584501425,0.052752372622489926
slider,id_04,00000460.wav,normal,-0.339398601944354,0.4508533063577984,0.0947809562087059
slider,id_04,00000157.wav,normal,-0.16392890264810145,0.459480808120914,0.08388613164424896
slider,id_04,00000000.wav,abnormal,-0.4278993463807108,0.3910973503451751,0.08198237270116807
slider,id_04,00000001.wav,abnormal,-0.46027473797199026,0.47673967223688635,0.09428776130080223
slider,id_04,00000002.wav,abnormal,0.26923173284461477,0.5934044102634027,0.1468648299574852
slider,id_04,00000003.wav,abnormal,-0.09552932870151043,0.5731517000197451,0.24439744651317596
slider,id_04,00000004.wav,abnormal,0.8866116523051657,0.6685632104027168,0.42836208939552306
slider,id_04,00000005.wav,abnormal,0.5959380358303656,0.6149232952506568,0.35525619983673096
slider,id_04,00000006.wav,abnormal,0.19104601178104996,0.5265668066374866,0.11951688379049301
slider,id_04,00000007.wav,abnormal,-0.3150190166579412,0.48278976868834583,0.13805029690265655
slider,id_04,00000008.wav,abnormal,0.13812032997505863,0.5482133783071415,0.12430834770202637
slider,id_04,00000009.wav,abnormal,0.49755822780760717,0.607223776404589,0.19642263650894165
slider,id_04,00000010.wav,abnormal,-0.20321222081629742,0.4220562792872416,0.07271793261170387
slider,id_04,00000011.wav,abnormal,0.9561255119935774,0.6222072507814849,0.37069872617721555
slider,id_04,00000012.wav,abnormal,0.08885535279123502,0.544105199460179,0.12104744166135788
slider,id_04,00000013.wav,abnormal,-0.1439334500596603,0.4804352468136997,0.11635852009057998
slider,id_04,00000014.wav,abnormal,-0.3439242411103667,0.38431865566893453,0.08279173225164413
slider,id_04,00000015.wav,abnormal,0.5747504541741089,0.6278059039288222,0.2381494462490082
slider,id_04,00000016.wav,abnormal,0.09603341841736857,0.5750684014182962,0.25363642275333403
slider,id_04,00000017.wav,abnormal,-0.2522588302258857,0.4288606767797392,0.10821081697940826
slider,id_04,00000018.wav,abnormal,0.9131354156940716,0.626873880076758,0.427009129524231
slider,id_04,00000019.wav,abnormal,0.9323082903765219,0.6135003679020805,0.3069802224636078
slider,id_04,00000020.wav,abnormal,-0.29667268175686345,0.43524116808335866,0.10395116806030273
slider,id_04,00000021.wav,abnormal,-0.18155261044811066,0.4281626714797904,0.07159858420491219
slider,id_04,00000022.wav,abnormal,0.11226200855823887,0.5812726427719572,0.2740618050098419
slider,id_04,00000023.wav,abnormal,-0.13243086905135204,0.5224931193153772,0.16253007650375367
slider,id_04,00000024.wav,abnormal,-0.09366265963019949,0.44947980190568143,0.07756407633423805
slider,id_04,00000025.wav,abnormal,0.18029048939539383,0.5915974761654413,0.21058580577373504
slider,id_04,00000026.wav,abnormal,0.4524888559758118,0.6199746705750084,0.19802735447883607
slider,id_04,00000027.wav,abnormal,-0.19906666334190337,0.44174401635551835,0.10493036955595017
slider,id_04,00000028.wav,abnormal,0.10101551150006838,0.5632253151408002,0.15440136641263963
slider,id_04,00000029.wav,abnormal,0.0948528251442422,0.5156747256230698,0.10096135288476944
slider,id_04,00000030.wav,abnormal,0.05303275183080647,0.5294307975614465,0.11267071664333343
slider,id_04,00000031.wav,abnormal,-0.15857047343900543,0.4098559761379494,0.0746184192597866
slider,id_04,00000032.wav,abnormal,0.11396472009055092,0.554342206603047,0.1191783919930458
slider,id_04,00000033.wav,abnormal,1.120211677037985,0.6391295039927893,0.3154724597930908
slider,id_04,00000034.wav,abnormal,-0.1427826416468898,0.4093281761887178,0.0723633423447609
slider,id_04,00000035.wav,abnormal,-0.19741298183007405,0.4273967707597076,0.09007792472839356
slider,id_04,00000036.wav,abnormal,-0.1427853352959776,0.4162005636191761,0.08062541931867599
slider,id_04,00000037.wav,abnormal,-0.12411055864130471,0.4300207115086716,0.08407261818647385
slider,id_04,00000038.wav,abnormal,0.1870870207080424,0.5796861706248788,0.1424511879682541
slider,id_04,00000039.wav,abnormal,1.5355189635062807,0.6514278847810503,0.4315560519695282
slider,id_04,00000040.wav,abnormal,-0.11214877183096927,0.5398374799064043,0.22212639153003694
slider,id_04,00000041.wav,abnormal,0.1758785970479746,0.5721832929629941,0.1590537965297699
slider,id_04,00000042.wav,abnormal,0.07070867264417213,0.5297145919490971,0.14225064367055892
slider,id_04,00000043.wav,abnormal,-0.1665089336197516,0.48558028895259564,0.15501467138528824
slider,id_04,00000044.wav,abnormal,-0.2665787466475802,0.4316826515079315,0.11977946609258652
slider,id_04,00000045.wav,abnormal,0.38454062408507017,0.6101522034985162,0.18115456998348237
slider,id_04,00000046.wav,abnormal,-0.06725238793227462,0.4436203474880814,0.08613313287496567
slider,id_04,00000047.wav,abnormal,0.047763691580118284,0.5214282952413087,0.09652684554457665
slider,id_04,00000048.wav,abnormal,-0.4373038066940129,0.45890284327007097,0.14432386457920074
slider,id_04,00000049.wav,abnormal,0.6474188472202931,0.5685498466488565,0.21629781424999237
slider,id_04,00000050.wav,abnormal,-0.08426953724107289,0.4713903399444339,0.11003998816013336
slider,id_04,00000051.wav,abnormal,-0.2680629502479963,0.3952140457619751,0.0713052585721016
slider,id_04,00000052.wav,abnormal,0.02203040993078531,0.5107618787061399,0.09575944542884826
slider,id_04,00000053.wav,abnormal,0.11358397676767851,0.531111020792335,0.12815286070108414
slider,id_04,00000054.wav,abnormal,0.17339826769364475,0.5736247412289759,0.16201721727848054
slider,id_04,00000055.wav,abnormal,0.175140779324634,0.49626689538817415,0.12433841079473495
slider,id_04,00000056.wav,abnormal,0.4311203734441973,0.5798910981156357,0.18385393917560577
slider,id_04,00000057.wav,abnormal,0.08528846157617753,0.5313410145306753,0.13287550657987596
slider,id_04,00000058.wav,abnormal,0.4703823470536772,0.6095944833191101,0.1916007101535797
slider,id_04,00000059.wav,abnormal,-0.2696464533346221,0.45357036419464475,0.11726057529449463
slider,id_04,00000060.wav,abnormal,0.5250274416983816,0.6139394560550832,0.40352625250816343
slider,id_04,00000061.wav,abnormal,-0.06041132320782072,0.43323836826758094,0.0651325412094593
slider,id_04,00000062.wav,abnormal,0.602042132260082,0.632725817415804,0.22777920961380005
slider,id_04,00000063.wav,abnormal,-0.4119731552582184,0.5122411451296702,0.16863509118556977
slider,id_04,00000064.wav,abnormal,0.07058368334508458,0.5250428380846502,0.1029668241739273
slider,id_04,00000065.wav,abnormal,0.30022223486754385,0.5552382855254373,0.193200221657753
slider,id_04,00000066.wav,abnormal,0.9111394531278787,0.6821283628321565,0.3613606423139572
slider,id_04,00000067.wav,abnormal,-0.4522034536643096,0.5054531232038749,0.19018230438232422
slider,id_04,00000068.wav,abnormal,-0.29610928994767516,0.512577932798947,0.1681320309638977
slider,id_04,00000069.wav,abnormal,0.09251558042742314,0.575238104160639,0.2566369354724884
slider,id_04,00000070.wav,abnormal,0.3002289709714523,0.6092942043596214,0.15308921486139299
slider,id_04,00000071.wav,abnormal,-0.022328167590397463,0.5354757517572706,0.16995055377483367
slider,id_04,00000072.wav,abnormal,-0.2114080607328397,0.41235279933107416,0.0835839256644249
slider,id_04,00000073.wav,abnormal,-0.0019831259955758185,0.4956826660940074,0.12485586553812027
slider,id_04,00000074.wav,abnormal,-0.1085908648770042,0.46000743462180277,0.09144696593284607
slider,id_04,00000075.wav,abnormal,-0.07195806861915077,0.49575775597349914,0.11815869957208633
slider,id_04,00000076.wav,abnormal,-0.12814350792867746,0.4382031641320595,0.08496589660644531
slider,id_04,00000077.wav,abnormal,-0.2767249413648045,0.4074981081041802,0.08434472158551216
slider,id_04,00000078.wav,abnormal,-0.19300528647548898,0.42990193679287125,0.09278003871440887
slider,id_04,00000079.wav,abnormal,-0.38555926406996033,0.4042507312793649,0.09104251563549041
slider,id_04,00000080.wav,abnormal,0.22943373431301328,0.5688249666573091,0.15018797814846038
slider,id_04,00000081.wav,abnormal,0.1475434558878499,0.5623710588620985,0.15448586791753768
slider,id_04,00000082.wav,abnormal,-0.11918382749758205,0.4831869959261951,0.11112786680459977
slider,id_04,00000083.wav,abnormal,0.027108154657928374,0.4822740585531348,0.11519207209348678
slider,id_04,00000084.wav,abnormal,0.19443676887612504,0.5803209464672214,0.14320634603500365
slider,id_04,00000085.wav,abnormal,-0.08415157091629233,0.4549355021353544,0.06909876614809037
slider,id_04,00000086.wav,abnormal,-0.25114431240710644,0.43108349496836995,0.11770448088645935
slider,id_04,00000087.wav,abnormal,-0.34377927026378075,0.4321973802332689,0.08607947900891304
slider,id_04,00000088.wav,abnormal,0.4858098524896448,0.5927397283287341,0.23728421926498414
slider,id_04,00000089.wav,abnormal,-0.0031043354709590076,0.5237712571220066,0.18125803768634796
slider,id_04,00000090.wav,abnormal,0.1953815226563238,0.5630492650896568,0.1339123472571373
slider,id_04,00000091.wav,abnormal,-0.15556771864466246,0.4658196124024366,0.10438426285982132
slider,id_04,00000092.wav,abnormal,-0.4788536113830366,0.39595241279807436,0.09722661226987839
slider,id_04,00000093.wav,abnormal,-0.17899766733809042,0.45048210310498954,0.11408967524766922
slider,id_04,00000094.wav,abnormal,-0.24224684318184675,0.5238154298173726,0.18350116312503814
slider,id_04,00000095.wav,abnormal,-0.3670428447008076,0.39915332395565106,0.07658447846770286
slider,id_04,00000096.wav,abnormal,-0.29234553169176625,0.36504907476224796,0.04345932602882385
slider,id_04,00000097.wav,abnormal,-0.09291398441903453,0.4317818028528204,0.05830835253000259
slider,id_04,00000098.wav,abnormal,0.1950658048084266,0.5500442626415848,0.11993152052164077
slider,id_04,00000099.wav,abnormal,0.10190563627182936,0.522517632907914,0.10913617834448815
slider,id_04,00000100.wav,abnormal,-0.024445984589527292,0.4419399821774135,0.08518860042095185
slider,id_04,00000101.wav,abnormal,0.09332869162504753,0.5848235687032703,0.23658977150917054
slider,id_04,00000102.wav,abnormal,0.4371586139193875,0.6149659259773127,0.3054854154586792
slider,id_04,00000103.wav,abnormal,-0.26015679946549763,0.4296786871935536,0.09354198426008224
slider,id_04,00000104.wav,abnormal,0.0028592187662761503,0.49863126360143206,0.1129959538578987
slider,id_04,00000105.wav,abnormal,-0.4668825221771158,0.4285586189731128,0.11403662711381912
slider,id_04,00000106.wav,abnormal,-0.318806287031002,0.41022446919656236,0.09619812667369843
slider,id_04,00000107.wav,abnormal,0.054531301859394254,0.5642353217722629,0.1832041472196579
slider,id_04,00000108.wav,abnormal,0.27195650070755395,0.5662893941946106,0.13532988578081132
slider,id_04,00000109.wav,abnormal,-0.3063034580214987,0.5465942785199723,0.2395201176404953
slider,id_04,00000110.wav,abnormal,-0.2034031902484461,0.3977670374305829,0.07192862629890442
slider,id_04,00000111.wav,abnormal,-0.4307982648319193,0.4656906989557554,0.07569470182061196
slider,id_04,00000112.wav,abnormal,-0.3915453572335226,0.3944539700694225,0.09849171340465546
slider,id_04,00000113.wav,abnormal,-0.2627409301205992,0.47586557331530716,0.0865746021270752
slider,id_04,00000114.wav,abnormal,-0.39801466764577853,0.4556944839117976,0.09206881374120712
slider,id_04,00000115.wav,abnormal,-0.16958698840084274,0.4331620287930361,0.08409851491451263
slider,id_04,00000116.wav,abnormal,-0.3025087846031793,0.36339612738550786,0.042201676219701764
slider,id_04,00000117.wav,abnormal,0.06876361830588618,0.5067288406545898,0.09808360487222671
slider,id_04,00000118.wav,abnormal,-0.09562878873714631,0.41990644745354905,0.05808722972869873
slider,id_04,00000119.wav,abnormal,-0.39972065051053907,0.5230769076011167,0.18967053890228272
slider,id_04,00000120.wav,abnormal,0.15730852045994137,0.5447586414786307,0.1342349410057068
slider,id_04,00000121.wav,abnormal,-0.25713136195851405,0.4009059509821899,0.06651459112763405
slider,id_04,00000122.wav,abnormal,-0.3399584400288509,0.43974464015581505,0.07305404022336007
slider,id_04,00000123.wav,abnormal,-0.2642802597735283,0.41128508745984244,0.06499375104904175
slider,id_04,00000124.wav,abnormal,0.17791937456654505,0.5759628793076141,0.11879936754703521
slider,id_04,00000125.wav,abnormal,-0.3137392789370912,0.4031848275506313,0.09355164617300034
slider,id_04,00000126.wav,abnormal,-0.20361050991080099,0.3925945676543516,0.061991236358881
slider,id_04,00000127.wav,abnormal,-0.33465385011826765,0.41593284227314137,0.09876541048288345
slider,id_04,00000128.wav,abnormal,-0.08647695545263367,0.44757677230150755,0.09328112006187439
slider,id_04,00000129.wav,abnormal,-0.19481100420763475,0.5710439585262463,0.19091059267520905
slider,id_04,00000130.wav,abnormal,-0.2253594478498968,0.40446975714297617,0.07913667112588882
slider,id_04,00000131.wav,abnormal,0.35417855817396937,0.5952808144633192,0.1952018618583679
slider,id_04,00000132.wav,abnormal,-0.18425287892407205,0.4556993741428799,0.09670089334249496
slider,id_04,00000133.wav,abnormal,-0.4635551324364373,0.4151133049177753,0.08210642263293266
slider,id_04,00000134.wav,abnormal,-0.3649366476053908,0.45688757613888653,0.07506951987743378
slider,id_04,00000135.wav,abnormal,0.19011974239042928,0.5507677013431208,0.13962921053171157
slider,id_04,00000136.wav,abnormal,-0.20572940738439538,0.43171622265778237,0.08657869249582291
slider,id_04,00000137.wav,abnormal,-0.29701583069438353,0.49567960607710915,0.13071058541536332
slider,id_04,00000138.wav,abnormal,-0.25697709933755863,0.3862236780703637,0.06406895890831947
slider,id_04,00000139.wav,abnormal,-0.25538381916112574,0.47595109908650846,0.07526898831129074
slider,id_04,00000140.wav,abnormal,-0.24055971821311584,0.4112451956250062,0.07596763521432877
slider,id_04,00000141.wav,abnormal,-0.09021575803248805,0.4909473262318511,0.09267081245779991
slider,id_04,00000142.wav,abnormal,0.013746706920934493,0.48071955140599276,0.08460298776626587
slider,id_04,00000143.wav,abnormal,-0.01873889923983807,0.5947996172815211,0.24167727530002595
slider,id_04,00000144.wav,abnormal,0.17100023808270226,0.5776923601475308,0.2049473375082016
slider,id_04,00000145.wav,abnormal,0.03981341972425856,0.4764614091543756,0.08707478642463684
slider,id_04,00000146.wav,abnormal,-0.28440283503635655,0.4368543632226276,0.11614543348550796
slider,id_04,00000147.wav,abnormal,-0.07532089752553617,0.45033438050902086,0.07813734263181686
slider,id_04,00000148.wav,abnormal,0.2879301730257895,0.6229743031645002,0.30469063520431516
slider,id_04,00000149.wav,abnormal,-0.4863815293541922,0.42196811356882546,0.10009485185146332
slider,id_04,00000150.wav,abnormal,0.04561836390219387,0.5263006587562943,0.12847813218832016
slider,id_04,00000151.wav,abnormal,0.17522154022947944,0.5424998162827118,0.14912619143724443
slider,id_04,00000152.wav,abnormal,0.26742544430010806,0.5931451330516977,0.14439404606819153
slider,id_04,00000153.wav,abnormal,-0.02998187026348731,0.5880900833423424,0.26406156122684477
slider,id_04,00000154.wav,abnormal,-0.24327646301285988,0.4690611046532745,0.14633901715278624
slider,id_04,00000155.wav,abnormal,-0.3029665725299493,0.4010909958979863,0.07609193325042725
slider,id_04,00000156.wav,abnormal,-0.34621590317696693,0.44268431745665,0.07694865092635154
slider,id_04,00000157.wav,abnormal,-0.0814465157515194,0.4253142668486899,0.06013874784111976
slider,id_04,00000158.wav,abnormal,0.11175600185423828,0.5373613013078189,0.12313517332077026
slider,id_04,00000159.wav,abnormal,-0.29800148544152805,0.453470499198387,0.09634823948144913
slider,id_04,00000160.wav,abnormal,-0.1256134433654834,0.4873470546096637,0.12349106818437576
slider,id_04,00000161.wav,abnormal,-0.41219953032958667,0.40780475096327423,0.09036718904972077
slider,id_04,00000162.wav,abnormal,-0.14554256728176718,0.41179396910807337,0.05273313261568546
slider,id_04,00000163.wav,abnormal,-0.20039055313628573,0.4214112836971354,0.06546036154031754
slider,id_04,00000164.wav,abnormal,-0.3101832025954403,0.4384970996427461,0.08808398693799972
slider,id_04,00000165.wav,abnormal,0.13187987848160532,0.5496894674712064,0.16929922997951508
slider,id_04,00000166.wav,abnormal,-0.19565738418671508,0.4211873970963189,0.07768038585782051
slider,id_04,00000167.wav,abnormal,0.3152066348372733,0.5713494161531978,0.16005357205867768
slider,id_04,00000168.wav,abnormal,-0.1118857288887849,0.4634677019234932,0.09869092255830765
slider,id_04,00000169.wav,abnormal,0.09181129639723107,0.5267786885918487,0.11041016653180122
slider,id_04,00000170.wav,abnormal,0.07445582163287767,0.5274326970176394,0.12649396061897278
slider,id_04,00000171.wav,abnormal,-0.009695373016813669,0.4768904539296236,0.08503005355596542
slider,id_04,00000172.wav,abnormal,-0.3000897557004052,0.4601058672428344,0.07648441568017006
slider,id_04,00000173.wav,abnormal,-0.29995003210210935,0.39052610001491045,0.08574669510126114
slider,id_04,00000174.wav,abnormal,-0.29993140624700576,0.43957430068169245,0.11422930806875228
slider,id_04,00000175.wav,abnormal,-0.33266662352763543,0.4286238990979899,0.08043501824140549
slider,id_04,00000176.wav,abnormal,-0.11523354813749531,0.4509061190061131,0.10688465088605881
slider,id_04,00000177.wav,abnormal,0.2161823111357819,0.5423541080636126,0.21423842310905455
slider,id_06,00000215.wav,normal,0.02671222842546328,0.480774201849358,0.1005369022488594
slider,id_06,00000330.wav,normal,-0.3460884751968294,0.3814191950901387,0.08626826629042625
slider,id_06,00000373.wav,normal,-0.44119640737307897,0.3715353849054485,0.07876778692007065
slider,id_06,00000328.wav,normal,-0.41300900193155154,0.37381303506460933,0.0685885950922966
slider,id_06,00000392.wav,normal,-0.23682287630551357,0.5324873951948691,0.21498192548751832
slider,id_06,00000069.wav,normal,-0.35885071314236594,0.4167666313410839,0.10441254824399948
slider,id_06,00000393.wav,normal,-0.6027678413040629,0.42261889524081264,0.12536810785532
slider,id_06,00000092.wav,normal,-0.16342536750985825,0.4384976031961446,0.09600543528795243
slider,id_06,00000209.wav,normal,-0.3156820931518567,0.43567746870765955,0.08005925267934799
slider,id_06,00000146.wav,normal,-0.15859177898387333,0.4793450613086261,0.11736301779747009
slider,id_06,00000016.wav,normal,-0.6430129464943324,0.38813915827262635,0.10488810241222382
slider,id_06,00000241.wav,normal,0.014907158419312339,0.4831315718856565,0.13889991343021393
slider,id_06,00000035.wav,normal,-0.159852725426739,0.48139246614898756,0.12092915326356887
slider,id_06,00000519.wav,normal,-0.6236408171219523,0.3947159970995039,0.10569317489862443
slider,id_06,00000030.wav,normal,-0.41099834505852595,0.3999031540372545,0.06706611961126327
slider,id_06,00000277.wav,normal,-0.47327374343111206,0.43279875350387553,0.1184689849615097
slider,id_06,00000032.wav,normal,-0.16134339487484972,0.49193517674577275,0.13291443288326263
slider,id_06,00000358.wav,normal,-0.22955012886409243,0.4276121651105448,0.0867323100566864
slider,id_06,00000176.wav,normal,-0.5904652966939707,0.3714479669096015,0.07785811871290207
slider,id_06,00000216.wav,normal,-0.4291491174011748,0.371492028295065,0.07294364869594575
slider,id_06,00000023.wav,normal,-0.3425730447679243,0.45489600928353646,0.12726430892944335
slider,id_06,00000037.wav,normal,-0.30395086356237755,0.3866443710967574,0.08051429316401482
slider,id_06,00000296.wav,normal,-0.3799185352894119,0.38360282502903886,0.06887785792350769
slider,id_06,00000111.wav,normal,-0.5573253371600062,0.42148709486735075,0.09917880147695542
slider,id_06,00000381.wav,normal,-0.46803821433301707,0.473967606748702,0.141096892952919
slider,id_06,00000001.wav,normal,-0.1732107393789475,0.44807026537532896,0.10832542032003403
slider,id_06,00000418.wav,normal,-0.12041534872493642,0.5320160996569149,0.1699890077114105
slider,id_06,00000130.wav,normal,0.016795213175501367,0.5454630992720584,0.16138656586408615
slider,id_06,00000202.wav,normal,-0.48574926745229874,0.37015790566030965,0.05092424303293228
slider,id_06,00000011.wav,normal,-0.537747337575837,0.3873207022200228,0.08554631918668747
slider,id_06,00000518.wav,normal,-0.297985586099335,0.4449640186895215,0.11458083987236023
slider,id_06,00000157.wav,normal,-0.24732846035881106,0.44961332928399783,0.11966183930635452
slider,id_06,00000413.wav,normal,-0.31203533369670833,0.4582711397518131,0.13744739294052125
slider,id_06,00000344.wav,normal,-0.39744952911402187,0.4939548075928185,0.15571331232786179
slider,id_06,00000236.wav,normal,-0.07213717506432804,0.5439432244166356,0.19732310473918915
slider,id_06,00000286.wav,normal,-0.31899142802543956,0.4016921400193826,0.0650769405066967
slider,id_06,00000029.wav,normal,-0.10844430430103369,0.5257105887446152,0.19999722242355347
slider,id_06,00000288.wav,normal,-0.3437058768205299,0.46016819553768495,0.13562217205762864
slider,id_06,00000233.wav,normal,-0.4282405389228465,0.5281479914960197,0.23331938683986664
slider,id_06,00000212.wav,normal,-0.20494942151946383,0.4365582280604242,0.11199804097414016
slider,id_06,00000262.wav,normal,-0.23659141973829723,0.4111879758697216,0.06899092569947243
slider,id_06,00000067.wav,normal,0.6362998806126097,0.6550804860497029,0.43355454206466676
slider,id_06,00000232.wav,normal,-0.1987982820970382,0.44295771765118763,0.10987358093261719
slider,id_06,00000028.wav,normal,-0.22604970204285113,0.4148550532552251,0.08288633972406387
slider,id_06,00000414.wav,normal,-0.3572390108284864,0.4482872230183858,0.13687995076179504
slider,id_06,00000228.wav,normal,-0.1904307980660489,0.4379224656354663,0.09457571506500244
slider,id_06,00000261.wav,normal,0.36740774866369375,0.5577670893694171,0.2020411640405655
slider,id_06,00000460.wav,normal,-0.32022415087115075,0.3862918392111741,0.07983829528093338
slider,id_06,00000046.wav,normal,-0.2840634819897385,0.4423144468940113,0.11938565820455552
slider,id_06,00000250.wav,normal,-0.3539997761139695,0.43987717890722355,0.1017298474907875
slider,id_06,00000298.wav,normal,-0.3536240208158681,0.39840107373714007,0.07858300805091858
slider,id_06,00000367.wav,normal,-0.15188052237290517,0.4174491740478018,0.08389146700501442
slider,id_06,00000105.wav,normal,-0.2874541229289145,0.4388550841885369,0.08255440443754196
slider,id_06,00000348.wav,normal,0.2617585256205821,0.548122894127987,0.3077857971191406
slider,id_06,00000059.wav,normal,-0.3244538653019937,0.4281844426625596,0.08301661908626556
slider,id_06,00000531.wav,normal,-0.4522872343056452,0.3695125352352891,0.06387587562203408
slider,id_06,00000266.wav,normal,-0.2607588723498786,0.47523105574804253,0.12826557010412215
slider,id_06,00000437.wav,normal,-0.4100299385098962,0.4515086431082069,0.14916817247867584
slider,id_06,00000335.wav,normal,-0.21531257750188004,0.42039323697280534,0.09224333912134171
slider,id_06,00000168.wav,normal,-0.29207010813740464,0.44099470333907387,0.0857617825269699
slider,id_06,00000153.wav,normal,-0.25099636032426265,0.41647125322078987,0.07254022955894471
slider,id_06,00000207.wav,normal,-0.3417057028126127,0.49875099539321444,0.1589786171913147
slider,id_06,00000063.wav,normal,-0.36443418104606273,0.5263691441934902,0.19749650061130525
slider,id_06,00000114.wav,normal,-0.33961599801768916,0.42196567171000027,0.09442482590675354
slider,id_06,00000079.wav,normal,-0.4700570935130335,0.4149136921784784,0.08688503205776214
slider,id_06,00000370.wav,normal,-0.5431335785732969,0.40874814540779797,0.10481995046138763
slider,id_06,00000457.wav,normal,-0.44764050791560983,0.4243848430192262,0.0966907024383545
slider,id_06,00000083.wav,normal,-0.5704565736190874,0.4379563271516114,0.11485232412815094
slider,id_06,00000253.wav,normal,-0.30829467776887487,0.4109427816249119,0.0707690067589283
slider,id_06,00000223.wav,normal,-0.22926876350584102,0.3920194682455761,0.06994985789060593
slider,id_06,00000482.wav,normal,-0.5124069070807398,0.3833581082277151,0.08927968889474869
slider,id_06,00000425.wav,normal,-0.31162199279984915,0.3783439097706351,0.07105438783764839
slider,id_06,00000382.wav,normal,1.1818314992046597,0.6429689439795914,0.4191594123840332
slider,id_06,00000465.wav,normal,-0.4662972410744173,0.3728167615745823,0.05817648693919182
slider,id_06,00000156.wav,normal,-0.5259023199020856,0.4341099371795579,0.11603546291589736
slider,id_06,00000489.wav,normal,-0.6446300558853322,0.3912561848913728,0.10101714879274368
slider,id_06,00000136.wav,normal,0.22012347446701774,0.6261840822396725,0.31543015241622924
slider,id_06,00000224.wav,normal,-0.6317956151130932,0.4652038700215816,0.1262812063097954
slider,id_06,00000226.wav,normal,-0.2441764094915717,0.4769813993112049,0.21021604239940644
slider,id_06,00000376.wav,normal,-0.4195792197132526,0.3737689642191548,0.056753824651241305
slider,id_06,00000302.wav,normal,-0.5839136255117943,0.36885888149481283,0.066153534501791
slider,id_06,00000000.wav,abnormal,0.06095577919795758,0.540825917409675,0.20034146606922149
slider,id_06,00000001.wav,abnormal,-0.34180151117760005,0.40542028413138403,0.09909441769123077
slider,id_06,00000002.wav,abnormal,0.14586778715017434,0.6029517468831191,0.3057305872440338
slider,id_06,00000003.wav,abnormal,0.32898567903705356,0.5889001845993106,0.2815058261156082
slider,id_06,00000004.wav,abnormal,0.40254660237943884,0.5594251715978675,0.26479625403881074
slider,id_06,00000005.wav,abnormal,-0.019935812985761636,0.5066189984294092,0.1586245983839035
slider,id_06,00000006.wav,abnormal,0.5575683761681987,0.6095610230483276,0.34730350971221924
slider,id_06,00000007.wav,abnormal,0.33413026400489265,0.5585156366471365,0.2883184015750885
slider,id_06,00000008.wav,abnormal,0.8502010828395745,0.6232739123609188,0.3968028903007507
slider,id_06,00000009.wav,abnormal,-0.10811628807111351,0.5055087190540707,0.1714093029499054
slider,id_06,00000010.wav,abnormal,-0.32727769943356844,0.4033567164872222,0.07445331364870071
slider,id_06,00000011.wav,abnormal,0.3295513582216083,0.5472272745364082,0.16946790516376495
slider,id_06,00000012.wav,abnormal,-0.1344583684773113,0.47378362725242223,0.16457681655883788
slider,id_06,00000013.wav,abnormal,-0.4556718401006954,0.4762113147231426,0.15957892686128616
slider,id_06,00000014.wav,abnormal,-0.6310629176989151,0.4610697790515928,0.17295457422733307
slider,id_06,00000015.wav,abnormal,0.2319386487845536,0.5561530565684419,0.23282954692840577
slider,id_06,00000016.wav,abnormal,-0.4144780992524604,0.45808709075820525,0.150279638171196
slider,id_06,00000017.wav,abnormal,-0.008671662313340711,0.48765650940610433,0.1453877180814743
slider,id_06,00000018.wav,abnormal,0.34966459052422305,0.5892223850679433,0.3221116364002228
slider,id_06,00000019.wav,abnormal,0.011445406756935839,0.5133817122121928,0.17882008254528045
slider,id_06,00000020.wav,abnormal,-0.23563764868444803,0.5073716036552914,0.18054819405078887
slider,id_06,00000021.wav,abnormal,0.1603725092798456,0.5929809434430795,0.2713101148605347
slider,id_06,00000022.wav,abnormal,0.830946005485659,0.6256336423795033,0.3913937509059906
slider,id_06,00000023.wav,abnormal,-0.11644768042478493,0.5215469475923682,0.2058643013238907
slider,id_06,00000024.wav,abnormal,-0.22113297524036124,0.4304259801019696,0.11662127077579498
slider,id_06,00000025.wav,abnormal,-0.3445746636431126,0.544546130410145,0.24484386742115022
slider,id_06,00000026.wav,abnormal,-0.11315204780261645,0.46899090769502266,0.12545665204524994
slider,id_06,00000027.wav,abnormal,-0.1709490718544444,0.4922112247492671,0.14411401748657227
slider,id_06,00000028.wav,abnormal,-0.3042134971048558,0.5290800002671205,0.200064554810524
slider,id_06,00000029.wav,abnormal,-0.3444572710370677,0.4498607913595461,0.12118410021066665
slider,id_06,00000030.wav,abnormal,-0.00850810304028915,0.53677451750259,0.20034188032150269
slider,id_06,00000031.wav,abnormal,0.30559541721216643,0.617696087829137,0.3304885685443878
slider,id_06,00000032.wav,abnormal,0.03097327754239121,0.5804795937400459,0.2466961771249771
slider,id_06,00000033.wav,abnormal,-0.29746563605180043,0.4158170887882146,0.09703764989972115
slider,id_06,00000034.wav,abnormal,-0.21561539733627733,0.4816001068610622,0.14142007678747176
slider,id_06,00000035.wav,abnormal,0.007119073042380464,0.5190104277092884,0.19701587855815889
slider,id_06,00000036.wav,abnormal,-0.3665612229937585,0.4834433350582494,0.168301722407341
slider,id_06,00000037.wav,abnormal,-0.132130700266341,0.4633787428418228,0.14375057816505432
slider,id_06,00000038.wav,abnormal,-0.6572078644102346,0.40898513706812273,0.09700573831796647
slider,id_06,00000039.wav,abnormal,-0.3054935295469159,0.41054170271692103,0.09621522724628448
slider,id_06,00000040.wav,abnormal,-0.042815193324866385,0.4832967158359928,0.15641033351421357
slider,id_06,00000041.wav,abnormal,0.48924043343482815,0.5823367347141437,0.30889747738838197
slider,id_06,00000042.wav,abnormal,0.08637016914421647,0.4836427468125797,0.13722949475049973
slider,id_06,00000043.wav,abnormal,0.2828638388432978,0.5387930459198966,0.2922276139259338
slider,id_06,00000044.wav,abnormal,-0.23266338750299997,0.405667504478089,0.09624149948358536
slider,id_06,00000045.wav,abnormal,-0.15329094204401983,0.4695624357864085,0.1451395645737648
slider,id_06,00000046.wav,abnormal,-0.166031303999028,0.4720858754293561,0.16147623658180238
slider,id_06,00000047.wav,abnormal,0.01887249170149019,0.530228142191235,0.21360505521297454
slider,id_06,00000048.wav,abnormal,-0.2515587761135212,0.43168652900618015,0.0982029378414154
slider,id_06,00000049.wav,abnormal,-0.14032478802990944,0.45352283789639436,0.12029890120029449
slider,id_06,00000050.wav,abnormal,-0.0961515690678798,0.55302452628697,0.22432744801044463
slider,id_06,00000051.wav,abnormal,0.016157571434651352,0.5113868738211534,0.18088774681091307
slider,id_06,00000052.wav,abnormal,-0.4533031765238764,0.4937507334850644,0.15994803011417388
slider,id_06,00000053.wav,abnormal,-0.2421178456323192,0.423167459202712,0.10731839239597321
slider,id_06,00000054.wav,abnormal,-0.5029696445531195,0.4252487169267179,0.11318933367729186
slider,id_06,00000055.wav,abnormal,-0.2309830446253205,0.48142632293105625,0.2016267478466034
slider,id_06,00000056.wav,abnormal,0.3881908686543136,0.558976094204494,0.2749205768108368
slider,id_06,00000057.wav,abnormal,-0.15387713475794662,0.4623790332641683,0.12532851696014405
slider,id_06,00000058.wav,abnormal,0.251388259511951,0.6168015232499607,0.2329568922519684
slider,id_06,00000059.wav,abnormal,-0.22057091078026225,0.4304274194804283,0.09698532074689865
slider,id_06,00000060.wav,abnormal,-0.15270742609717924,0.44928396933217146,0.1206396460533142
slider,id_06,00000061.wav,abnormal,-0.4269883036982449,0.474099198925521,0.18227225840091704
slider,id_06,00000062.wav,abnormal,-0.3198762596601483,0.43297319663332995,0.1228221982717514
slider,id_06,00000063.wav,abnormal,0.06242612157451877,0.5694596063617522,0.2997563242912292
slider,id_06,00000064.wav,abnormal,-0.1628679046008994,0.4540069898938076,0.11978916376829148
slider,id_06,00000065.wav,abnormal,-0.3688864693683831,0.4137205617015592,0.06768834367394447
slider,id_06,00000066.wav,abnormal,-0.14386735385626093,0.4696159926618246,0.14397125244140624
slider,id_06,00000067.wav,abnormal,0.37234035634471674,0.5696000895650913,0.2992254376411438
slider,id_06,00000068.wav,abnormal,-0.2892453748844144,0.5246124640998564,0.22302322387695311
slider,id_06,00000069.wav,abnormal,-0.03827205120933996,0.4697610234705681,0.13397999852895737
slider,id_06,00000070.wav,abnormal,-0.06575883510239322,0.5091670314982853,0.18976302444934845
slider,id_06,00000071.wav,abnormal,-0.16372169678813187,0.45948608316403755,0.13034134060144426
slider,id_06,00000072.wav,abnormal,-0.38289771397982,0.44168843177409145,0.10857960730791091
slider,id_06,00000073.wav,abnormal,-0.44479874083294035,0.4515901281858194,0.1276135712862015
slider,id_06,00000074.wav,abnormal,-0.16305578454164404,0.5765153881676832,0.2732380986213684
slider,id_06,00000075.wav,abnormal,-0.21434728052509922,0.425275663466857,0.10193826705217361
slider,id_06,00000076.wav,abnormal,-0.18985732651887766,0.5352643664317083,0.19739744067192078
slider,id_06,00000077.wav,abnormal,-0.04939681234592719,0.5432918879524519,0.20193659663200378
slider,id_06,00000078.wav,abnormal,-0.21185704981966857,0.46711560898280086,0.14574110358953477
slider,id_06,00000079.wav,abnormal,0.22399092444046698,0.5820648025537037,0.31517725586891177
slider,id_06,00000080.wav,abnormal,-0.09851065553023819,0.4892113800779459,0.15291901528835297
slider,id_06,00000081.wav,abnormal,-0.07407188548460208,0.5561499217018506,0.22111124098300933
slider,id_06,00000082.wav,abnormal,0.1487327372770073,0.5718948584554581,0.2567278742790222
slider,id_06,00000083.wav,abnormal,-0.08616894585688062,0.5028155437007448,0.20600952804088593
slider,id_06,00000084.wav,abnormal,-0.08344618449770191,0.4847319191954133,0.17627707421779631
slider,id_06,00000085.wav,abnormal,-0.05496613459005317,0.5102424022440695,0.19023470878601073
slider,id_06,00000086.wav,abnormal,-0.2517670062332513,0.48714964210161205,0.16714392900466918
slider,id_06,00000087.wav,abnormal,-0.4259070282349242,0.4181378842783371,0.10734227299690247
slider,id_06,00000088.wav,abnormal,-0.20730475135320603,0.5956765245257409,0.27712268233299253
valve,id_00,00000551.wav,normal,-0.08792103465962242,0.4325102586395898,0.14013494700193405
valve,id_00,00000965.wav,normal,-0.860760201543405,0.3793911008092243,0.08122263550758362
valve,id_00,00000762.wav,normal,-0.6048232349811276,0.4077270935542903,0.10980666130781173
valve,id_00,00000252.wav,normal,-0.3462219708523886,0.40312776417511886,0.08952561914920806
valve,id_00,00000983.wav,normal,-1.1281043199695784,0.4094102270395159,0.1085385262966156
valve,id_00,00000271.wav,normal,-0.6996544889870986,0.37321804315989815,0.0843895748257637
valve,id_00,00000146.wav,normal,-0.8402126509462011,0.38036248869064826,0.10816964209079742
valve,id_00,00000469.wav,normal,-0.1440168583014927,0.4383897826737851,0.12375800162553788
valve,id_00,00000658.wav,normal,-0.3523194707174486,0.41915219447529956,0.08984612002968788
valve,id_00,00000405.wav,normal,-0.9729103804701325,0.4535825924658919,0.18641622513532638
valve,id_00,00000511.wav,normal,0.22004677440783027,0.47007097429980993,0.1482551336288452
valve,id_00,00000671.wav,normal,-0.8613537523135584,0.36483664040079417,0.09138051271438599
valve,id_00,00000217.wav,normal,-0.6024174243525575,0.42124791053627203,0.10846077352762222
valve,id_00,00000322.wav,normal,-0.6797567635201762,0.382686117363127,0.10720709413290024
valve,id_00,00000735.wav,normal,-0.6465685998657769,0.3838002150468335,0.09307744055986404
valve,id_00,00000580.wav,normal,-0.2906697088321053,0.3995630436565892,0.08604202568531036
valve,id_00,00000216.wav,normal,-0.2835527757360392,0.3688258464221851,0.053033122420310976
valve,id_00,00000067.wav,normal,-0.06801286701272424,0.41090308631112815,0.10556060075759888
valve,id_00,00000274.wav,normal,-0.5003362586460458,0.3633195790415238,0.04441788569092751
valve,id_00,00000410.wav,normal,-0.2725793905637808,0.38681356514815435,0.0825518399477005
valve,id_00,00000323.wav,normal,-0.07727650004408382,0.41848030458757907,0.07286067754030227
valve,id_00,00000824.wav,normal,-0.2229311075730287,0.5118138042565459,0.35444949865341185
valve,id_00,00000973.wav,normal,-0.8830883661086002,0.433054268281509,0.11791417151689529
valve,id_00,00000841.wav,normal,-0.6761383322473797,0.36705002102658707,0.07689921781420708
valve,id_00,00000234.wav,normal,-0.48277648480611823,0.3756125197651208,0.0774003766477108
valve,id_00,00000057.wav,normal,-0.5116432048997233,0.3717806832051503,0.06565631851553917
valve,id_00,00000794.wav,normal,-0.30029818763001614,0.47928020814904565,0.23163124918937683
valve,id_00,00000786.wav,normal,0.2893957292084277,0.47811447939095786,0.1331608548760414
valve,id_00,00000863.wav,normal,-0.8583849183874364,0.4189878524243119,0.16268896460533142
valve,id_00,00000332.wav,normal,-0.38874670986584015,0.3776060741357911,0.049462536349892616
valve,id_00,00000701.wav,normal,0.49334492066100033,0.5110696860570186,0.17780419439077377
valve,id_00,00000224.wav,normal,-0.8805463389617181,0.4419293906514743,0.15797310918569565
valve,id_00,00000570.wav,normal,-0.40481147481120594,0.4947193398333254,0.18110807836055756
valve,id_00,00000704.wav,normal,-0.4651815896367477,0.40527592103419513,0.11140134334564208
valve,id_00,00000655.wav,normal,-0.4775636733280013,0.4076031984133286,0.0881522238254547
valve,id_00,00000276.wav,normal,-0.6332743401107503,0.41225791388008465,0.1159205511212349
valve,id_00,00000388.wav,normal,-0.6969693694738908,0.37620811521636466,0.09716661721467972
valve,id_00,00000473.wav,normal,-0.5056392253347877,0.5271530974807301,0.2563583642244339
valve,id_00,00000167.wav,normal,-0.40206523384188664,0.37189395558332317,0.05042760819196701
valve,id_00,00000985.wav,normal,-0.8454194116071427,0.47090522583704014,0.2077790915966034
valve,id_00,00000746.wav,normal,-1.0258062902987817,0.40459012204778444,0.12531606256961822
valve,id_00,00000546.wav,normal,-0.8276077367616885,0.3728629299465919,0.09953246116638184
valve,id_00,00000175.wav,normal,-0.5184882875917012,0.3855797697421152,0.09690622985363007
valve,id_00,00000898.wav,normal,-0.4744954442889,0.4086987817013697,0.11944757848978042
valve,id_00,00000623.wav,normal,-0.19829113453737435,0.5096879204728535,0.26449042558670044
valve,id_00,00000073.wav,normal,-0.4094572202971172,0.38592507588756725,0.08049887269735337
valve,id_00,00000663.wav,normal,-0.2239626131685455,0.5399637061399192,0.2588453322649002
valve,id_00,00000699.wav,normal,-0.6045349002984377,0.359367835022166,0.06262907981872559
valve,id_00,00000961.wav,normal,-0.7395674269461772,0.3886737493132599,0.1033181145787239
valve,id_00,00000273.wav,normal,-0.5048320120608931,0.36807339436003994,0.08148152381181717
valve,id_00,00000686.wav,normal,0.2772473403494189,0.49101731916057345,0.14692450165748597
valve,id_00,00000214.wav,normal,-0.10971997654181997,0.4052140556541795,0.06437830254435539
valve,id_00,00000363.wav,normal,-0.37984411004846663,0.40140472081112166,0.10249597579240799
valve,id_00,00000379.wav,normal,0.3760204055426044,0.5724142618121479,0.2752857834100723
valve,id_00,00000166.wav,normal,-0.29641332290015043,0.42976407908699227,0.11168387234210968
valve,id_00,00000373.wav,normal,-0.03928954577142996,0.4218710705200954,0.08114584237337112
valve,id_00,00000854.wav,normal,-0.601921547501707,0.43071353537158424,0.13505956381559373
valve,id_00,00000650.wav,normal,-0.7907970324890652,0.43521719404259684,0.15210528969764708
valve,id_00,00000464.wav,normal,-0.26898375938779395,0.37780577173191293,0.08777443468570709
valve,id_00,00000945.wav,normal,-0.3338676938702232,0.46691220828321284,0.13574344664812088
valve,id_00,00000938.wav,normal,-0.45113851755588463,0.3828956536778305,0.06097198352217674
valve,id_00,00000103.wav,normal,-0.27037514427471265,0.3908598894924981,0.08087268620729446
valve,id_00,00000887.wav,normal,-0.4716284647145912,0.42264036128052207,0.11078126281499863
valve,id_00,00000969.wav,normal,-1.0478576233410326,0.43321771674440546,0.1888746827840805
valve,id_00,00000875.wav,normal,0.07300882852869606,0.4429879184642963,0.1245262011885643
valve,id_00,00000081.wav,normal,-0.6614563222235734,0.41023806042988403,0.11357198506593705
valve,id_00,00000296.wav,normal,-0.7776682285255596,0.4236955648675664,0.13630414605140687
valve,id_00,00000791.wav,normal,0.07482345063227136,0.45735380913010204,0.1479836583137512
valve,id_00,00000233.wav,normal,-0.19521410987812615,0.40678524781562714,0.09051545113325118
valve,id_00,00000677.wav,normal,-0.08044209453199436,0.4315742722976039,0.11064398735761642
valve,id_00,00000046.wav,normal,-0.47596035328878905,0.36255418917640864,0.045604126527905464
valve,id_00,00000071.wav,normal,1.505745691071204,0.6170879913877685,0.4287881970405579
valve,id_00,00000721.wav,normal,0.5889902040396731,0.5946535652133736,0.34882527589797974
valve,id_00,00000196.wav,normal,-0.3215787800941854,0.37774087175816806,0.04840555340051651
valve,id_00,00000591.wav,normal,0.18421211334288579,0.47578217164919795,0.1398218184709549
valve,id_00,00000370.wav,normal,-0.1504165604749037,0.43387738531895215,0.11422620564699174
valve,id_00,00000882.wav,normal,-0.8673735106354954,0.3690501319308322,0.07624981179833412
valve,id_00,00000906.wav,normal,-0.5260851409732545,0.3917637412136427,0.08921400904655456
valve,id_00,00000633.wav,normal,-0.6463662840143201,0.37494010967312663,0.06650612354278565
valve,id_00,00000643.wav,normal,0.1094389542779588,0.4640829413157808,0.1457352012395859
valve,id_00,00000849.wav,normal,-0.7832519781786402,0.39738589404463465,0.13110340386629105
valve,id_00,00000300.wav,normal,-0.7131539374896398,0.36989991299617914,0.08226773887872696
valve,id_00,00000565.wav,normal,-0.47208730909997243,0.39923304407282123,0.1095876470208168
valve,id_00,00000080.wav,normal,-0.05245234569104973,0.44304604921123536,0.1248041808605194
valve,id_00,00000387.wav,normal,-0.24954825718991636,0.41555058223803304,0.09489159882068635
valve,id_00,00000127.wav,normal,-0.40727919497094156,0.3842521876422784,0.06817587167024612
valve,id_00,00000549.wav,normal,-0.6200290460459055,0.38524133358368096,0.07750481069087982
valve,id_00,00000470.wav,normal,0.056062575164093076,0.5248950116189414,0.39837316870689393
valve,id_00,00000747.wav,normal,-1.0801623282648851,0.40131861758469645,0.13340663760900498
valve,id_00,00000044.wav,normal,0.6480845664085315,0.5562972155377706,0.3510750114917755
valve,id_00,00000826.wav,normal,-0.4992622563892155,0.4354251551171216,0.1384840041399002
valve,id_00,00000270.wav,normal,-0.5680649399662929,0.3946731831171841,0.10283447951078414
valve,id_00,00000618.wav,normal,0.7737682204337002,0.5086647320571318,0.20396384298801423
valve,id_00,00000352.wav,normal,-0.4346163857959553,0.47604252113370504,0.15041664391756057
valve,id_00,00000867.wav,normal,-0.35160094744553305,0.3892693525523725,0.08403510451316834
valve,id_00,00000367.wav,normal,-0.30740790185231504,0.4083552420510144,0.08457681983709335
valve,id_00,00000099.wav,normal,-0.7661515568630559,0.39229275873726577,0.13240579813718795
valve,id_00,00000389.wav,normal,1.10269642595234,0.6169344293805209,0.36225826740264894
valve,id_00,00000094.wav,normal,-0.1550384862324936,0.40515041418396247,0.07379223853349685
valve,id_00,00000981.wav,normal,0.08246986987327709,0.4539151872697636,0.12436390370130539
valve,id_00,00000344.wav,normal,-0.4548867661482454,0.37664671039280245,0.0776829406619072
valve,id_00,00000781.wav,normal,-0.5747230012479498,0.39518618154747004,0.10610245317220687
valve,id_00,00000220.wav,normal,-0.5831507121530546,0.4218719568560728,0.11373590677976608
valve,id_00,00000159.wav,normal,-0.20498609114284605,0.44724419904856616,0.12229368090629578
valve,id_00,00000955.wav,normal,-0.8349094683666269,0.3893494128011323,0.10376198291778564
valve,id_00,00000348.wav,normal,-0.26915134873987867,0.39696397818947377,0.09725584089756012
valve,id_00,00000974.wav,normal,-0.8804405776722284,0.48983421379508285,0.23462163805961608
valve,id_00,00000714.wav,normal,0.585645737922853,0.5917912958372108,0.3356277346611023
valve,id_00,00000163.wav,normal,-0.7156392160298122,0.4177025787478788,0.14197323918342591
valve,id_00,00000825.wav,normal,-0.9097311676404836,0.39220978896144004,0.11872466802597045
valve,id_00,00000777.wav,normal,-1.0681466545701088,0.3880918968612867,0.12125953137874604
valve,id_00,00000006.wav,normal,0.05912169452360949,0.45232028038934896,0.12400061339139938
valve,id_00,00000890.wav,normal,-0.6284938784655072,0.5058304176749324,0.29670635759830477
valve,id_00,00000828.wav,normal,-0.26442602775095025,0.43239665602071564,0.1348264455795288
valve,id_00,00000284.wav,normal,-0.1039660938784035,0.4049364023456441,0.057909531891345976
valve,id_00,00000603.wav,normal,-0.6290424874442326,0.3945761676812178,0.09965991079807282
valve,id_00,00000459.wav,normal,-0.7578776941401273,0.38960967039860295,0.11243560016155243
valve,id_00,00000225.wav,normal,-0.24567508140317074,0.4092504780844756,0.09404354989528656
valve,id_00,00000429.wav,normal,-0.434288759616102,0.36449214193093793,0.06838171705603599
valve,id_00,00000977.wav,normal,-0.9101442728000659,0.4220845038787904,0.1522158592939377
valve,id_00,00000718.wav,normal,-0.8361303263436692,0.4022739489614349,0.13180287480354308
valve,id_00,00000665.wav,normal,-0.21293017577410644,0.5681438435418626,0.31048173606395724
valve,id_00,00000733.wav,normal,-0.6562623838370438,0.4989387967925495,0.19335506111383438
valve,id_00,00000203.wav,normal,-0.5556439534269249,0.40948056834572377,0.11323160827159881
valve,id_00,00000574.wav,normal,0.19933702704614475,0.4660767843450221,0.14037393778562546
valve,id_00,00000027.wav,normal,-0.8270599646250592,0.41980019411921743,0.13979332149028778
valve,id_00,00000616.wav,normal,-0.48008432936053325,0.38440028409956273,0.07971957623958588
valve,id_00,00000517.wav,normal,-0.06897623645142303,0.4339084701811407,0.10061956495046616
valve,id_00,00000238.wav,normal,-0.4346910233209673,0.40560351282611096,0.12011268883943557
valve,id_00,00000223.wav,normal,-0.07174893214599543,0.47751441624176183,0.2253534823656082
valve,id_00,00000095.wav,normal,-0.018209416262717326,0.4181264838673392,0.08310643136501313
valve,id_00,00000030.wav,normal,-0.5974005742481641,0.4737945173963877,0.21033661663532258
valve,id_00,00000032.wav,normal,-1.0710901707224387,0.4207158379091217,0.15435786843299865
valve,id_00,00000432.wav,normal,-0.4816058118113009,0.38029380945973607,0.08978957682847977
valve,id_00,00000604.wav,normal,-0.5003773873867967,0.46502556518642935,0.14449869990348815
valve,id_00,00000089.wav,normal,-0.28812071567562647,0.4276571858790182,0.11916607916355133
valve,id_00,00000558.wav,normal,-1.0764053497861,0.37305641146511487,0.10525926649570465
valve,id_00,00000913.wav,normal,-0.6651510375307002,0.42814509537998163,0.1189761683344841
valve,id_00,00000758.wav,normal,0.05138286926248625,0.5506149564925762,0.2747153341770172
valve,id_00,00000692.wav,normal,-0.2771156656217695,0.48284536768274866,0.20981121361255645
valve,id_00,00000104.wav,normal,5.223732140325544,0.7172605304369826,0.809597373008728
valve,id_00,00000754.wav,normal,1.1007351874582945,0.594230754940017,0.44224584102630615
valve,id_00,00000142.wav,normal,-0.4021052233622786,0.3832788071498956,0.08294442892074586
valve,id_00,00000228.wav,normal,-0.009566424567562848,0.44541002046259526,0.12144703418016434
valve,id_00,00000250.wav,normal,0.09618386901749787,0.5558208942589392,0.24225685000419617
valve,id_00,00000281.wav,normal,-0.6632667787631394,0.3668882478497129,0.08293564021587371
valve,id_00,00000759.wav,normal,-0.8334706647700418,0.3778171422108489,0.11438573002815247
valve,id_00,00000025.wav,normal,-0.30605660903685283,0.3809315378104475,0.06274130195379257
valve,id_00,00000114.wav,normal,-0.7110520805796519,0.4143264034170402,0.11412081196904182
valve,id_00,00000654.wav,normal,-0.37726751566096084,0.41053777538390124,0.12315332293510436
valve,id_00,00000000.wav,abnormal,0.19012779297064597,0.5765982484898422,0.29120671153068545
valve,id_00,00000001.wav,abnormal,1.0863365957649176,0.6224286219104805,0.3965389609336853
valve,id_00,00000002.wav,abnormal,0.8064683529715158,0.6103165485199568,0.3336575567722321
valve,id_00,00000003.wav,abnormal,1.6930402024101499,0.6234505855637372,0.4503494143486023
valve,id_00,00000004.wav,abnormal,1.03493795044594,0.6228422597196356,0.38586366176605225
valve,id_00,00000005.wav,abnormal,-0.3748762521228688,0.5335992596184742,0.2713394671678543
valve,id_00,00000006.wav,abnormal,1.7851069038089111,0.6355603965455571,0.46141859889030457
valve,id_00,00000007.wav,abnormal,3.04174106373791,0.6895381521698412,0.5691471338272095
valve,id_00,00000008.wav,abnormal,0.093783003923118,0.5808064789399888,0.342956405878067
valve,id_00,00000009.wav,abnormal,0.13515541266735376,0.5625857219477691,0.3306371867656708
valve,id_00,00000010.wav,abnormal,0.6083348153912951,0.5940832959751883,0.3598172068595886
valve,id_00,00000011.wav,abnormal,0.6494843377385475,0.6031877484480008,0.39490875601768494
valve,id_00,00000012.wav,abnormal,-0.057102849540102696,0.5486602410600478,0.2831509470939636
valve,id_00,00000013.wav,abnormal,-0.4478649658677334,0.5599191749596644,0.2811260461807251
valve,id_00,00000014.wav,abnormal,2.2160876559491394,0.6580202623086396,0.49635342359542844
valve,id_00,00000015.wav,abnormal,0.4179385122504442,0.5913893507941292,0.3060924857854843
valve,id_00,00000016.wav,abnormal,0.8411634704375999,0.6117942578368056,0.33663800954818723
valve,id_00,00000017.wav,abnormal,0.06713737197411973,0.5562838612374967,0.2977179020643234
valve,id_00,00000018.wav,abnormal,0.8968519408890501,0.6123163953700502,0.3694345772266388
valve,id_00,00000019.wav,abnormal,0.24895499418339817,0.5786803567356981,0.3309988737106323
valve,id_00,00000020.wav,abnormal,0.7769936502905477,0.6182115134333857,0.383696922659874
valve,id_00,00000021.wav,abnormal,-0.29001800125644017,0.5354841167587957,0.29585800468921664
valve,id_00,00000022.wav,abnormal,0.49320439805588734,0.5624083689393765,0.32904221415519713
valve,id_00,00000023.wav,abnormal,-0.27281096308916375,0.5347107426825626,0.2488444924354553
valve,id_00,00000024.wav,abnormal,0.6030457656147572,0.5741776787285253,0.4023829162120819
valve,id_00,00000025.wav,abnormal,1.7851553263050466,0.6322402229090405,0.4894248127937317
valve,id_00,00000026.wav,abnormal,0.5938150172010488,0.5980480437426301,0.3650953084230423
valve,id_00,00000027.wav,abnormal,0.1472917816912407,0.5823269484906831,0.31261186599731444
valve,id_00,00000028.wav,abnormal,1.196106094373457,0.6192767747936907,0.433678662776947
valve,id_00,00000029.wav,abnormal,1.121335105616625,0.6094704378758976,0.4132243931293488
valve,id_00,00000030.wav,abnormal,1.1426476444497329,0.613947442293977,0.42524226307868956
valve,id_00,00000031.wav,abnormal,2.791512670845414,0.6786580610674404,0.5441486358642578
valve,id_00,00000032.wav,abnormal,1.0643348032428435,0.6210261189739231,0.394837087392807
valve,id_00,00000033.wav,abnormal,0.727121104634147,0.5944830851683159,0.39746627807617185
valve,id_00,00000034.wav,abnormal,3.882610430452285,0.7129698024998327,0.6342408716678619
valve,id_00,00000035.wav,abnormal,-0.47618792138958277,0.5086419533353677,0.26852478086948395
valve,id_00,00000036.wav,abnormal,0.44517661355337523,0.6002542952535863,0.35024189949035645
valve,id_00,00000037.wav,abnormal,0.21756458637675635,0.5851585684671428,0.30441705584526063
valve,id_00,00000038.wav,abnormal,1.8411073777778562,0.6641282512161552,0.46537843346595764
valve,id_00,00000039.wav,abnormal,0.44839411521893346,0.5875751690393884,0.3482054710388184
valve,id_00,00000040.wav,abnormal,0.38270306339188664,0.5756804432801714,0.30959301590919497
valve,id_00,00000041.wav,abnormal,1.005584522674388,0.5979054031257647,0.4054934740066528
valve,id_00,00000042.wav,abnormal,-0.6633276247333164,0.524935069734147,0.2732238084077835
valve,id_00,00000043.wav,abnormal,0.22785066755449712,0.5744002687142473,0.3274464398622513
valve,id_00,00000044.wav,abnormal,1.0855443587355644,0.6137201317643655,0.39377168416976926
valve,id_00,00000045.wav,abnormal,0.4739592533984478,0.5744546639463368,0.3670319616794586
valve,id_00,00000046.wav,abnormal,-0.12405134131240025,0.5489216679097777,0.32017444968223574
valve,id_00,00000047.wav,abnormal,0.9086429606430588,0.6202612898700957,0.41709026098251345
valve,id_00,00000048.wav,abnormal,2.4013737272716673,0.6682369811848168,0.4883851170539856
valve,id_00,00000049.wav,abnormal,0.6890009729581035,0.5985393516543618,0.34744813442230227
valve,id_00,00000050.wav,abnormal,0.5388512830912049,0.5998075961706829,0.35567463040351865
valve,id_00,00000051.wav,abnormal,-0.5420453618383831,0.5437269554799066,0.27003207206726076
valve,id_00,00000052.wav,abnormal,1.1415826097648498,0.62482778642081,0.3958891868591309
valve,id_00,00000053.wav,abnormal,0.8040586413739508,0.6156256911709791,0.3597063422203064
valve,id_00,00000054.wav,abnormal,0.4928701582239068,0.6078973377391387,0.3195589929819107
valve,id_00,00000055.wav,abnormal,2.411941620057882,0.6927139434917724,0.4974018335342407
valve,id_00,00000056.wav,abnormal,2.0621867803910865,0.6219357582101688,0.5034753084182739
valve,id_00,00000057.wav,abnormal,2.3555501319521763,0.6649508927423696,0.5251919865608216
valve,id_00,00000058.wav,abnormal,1.1350741844508931,0.6223751419361975,0.4518951952457428
valve,id_00,00000059.wav,abnormal,0.8087091478223254,0.5877009422093237,0.3371744990348816
valve,id_00,00000060.wav,abnormal,0.22502204379843604,0.5699339628240859,0.33410013318061826
valve,id_00,00000061.wav,abnormal,2.41051722760404,0.6546009342932191,0.5287268877029419
valve,id_00,00000062.wav,abnormal,1.6578717567009384,0.6130529935730806,0.4671111345291138
valve,id_00,00000063.wav,abnormal,3.0739075126897903,0.6812996986514251,0.5861580073833466
valve,id_00,00000064.wav,abnormal,0.28723334400813805,0.5873335112853219,0.29911606311798095
valve,id_00,00000065.wav,abnormal,2.1144810931679556,0.6431126066823745,0.5014499843120575
valve,id_00,00000066.wav,abnormal,0.5860939676090258,0.6080606305911759,0.37430221736431124
valve,id_00,00000067.wav,abnormal,-0.59898287382034,0.5255299135131534,0.2598331719636917
valve,id_00,00000068.wav,abnormal,0.7925113396055732,0.6203565612259738,0.3585154742002487
valve,id_00,00000069.wav,abnormal,0.29178556644631826,0.5856186034394092,0.3432579040527344
valve,id_00,00000070.wav,abnormal,1.1104126498662232,0.6073991704907725,0.4263315945863724
valve,id_00,00000071.wav,abnormal,-0.4346818382289772,0.5488720745260895,0.28269967138767244
valve,id_00,00000072.wav,abnormal,1.7120142711163266,0.6401524655722499,0.4543494343757629
valve,id_00,00000073.wav,abnormal,4.538982818983288,0.7095849132966685,0.7222663879394531
valve,id_00,00000074.wav,abnormal,0.8542468400774279,0.6259999302616037,0.3791745752096176
valve,id_00,00000075.wav,abnormal,0.9977454936748664,0.6236211177743463,0.37812699675559996
valve,id_00,00000076.wav,abnormal,0.8251936853793875,0.5831288382517839,0.360622239112854
valve,id_00,00000077.wav,abnormal,0.4836261439912626,0.5918635988140283,0.3422684669494629
valve,id_00,00000078.wav,abnormal,1.3537598858709714,0.6415337184981389,0.43274193406105044
valve,id_00,00000079.wav,abnormal,1.41329567565284,0.6141696218184203,0.47536657452583314
valve,id_00,00000080.wav,abnormal,2.1037658612352095,0.6610201095239544,0.4994402647018433
valve,id_00,00000081.wav,abnormal,1.974407757576989,0.6326404982610341,0.4939707815647125
valve,id_00,00000082.wav,abnormal,5.273134292615588,0.726223117314908,0.8134697020053864
valve,id_00,00000083.wav,abnormal,0.38599379875116036,0.5983367103346131,0.30950456857681274
valve,id_00,00000084.wav,abnormal,1.3490085730388417,0.6479844552165842,0.4253698348999023
valve,id_00,00000085.wav,abnormal,4.620907270412815,0.7276630198148761,0.7255141735076904
valve,id_00,00000086.wav,abnormal,1.9203982279149807,0.6655249479527363,0.4648927509784698
valve,id_00,00000087.wav,abnormal,2.0164243507563304,0.6624962354170523,0.5094354271888732
valve,id_00,00000088.wav,abnormal,-0.9097234880899521,0.4592101692408482,0.23996978104114533
valve,id_00,00000089.wav,abnormal,2.0775203773314885,0.6497437580463062,0.5009282648563385
valve,id_00,00000090.wav,abnormal,1.4442759384739299,0.6415186554718036,0.4483512699604034
valve,id_00,00000091.wav,abnormal,1.537690126657857,0.6266525473159659,0.4229579448699951
valve,id_00,00000092.wav,abnormal,2.0510056499320504,0.6311157776933111,0.5180630266666413
valve,id_00,00000093.wav,abnormal,1.4811177633751802,0.626808405471973,0.463720703125
valve,id_00,00000094.wav,abnormal,0.5465579374614613,0.5894964422833182,0.3382706820964813
valve,id_00,00000095.wav,abnormal,2.474696108226012,0.6531255935303304,0.5824566721916199
valve,id_00,00000096.wav,abnormal,1.4016411592097526,0.6392739339812709,0.4331062614917755
valve,id_00,00000097.wav,abnormal,1.5532677847228058,0.6483728265420556,0.4279292821884155
valve,id_00,00000098.wav,abnormal,0.5999262278814168,0.6054090395936542,0.33030899465084074
valve,id_00,00000099.wav,abnormal,0.20856410646152668,0.5745344761354447,0.2950122594833374
valve,id_00,00000100.wav,abnormal,-0.38823691052159326,0.5340372615411889,0.25261364281177523
valve,id_00,00000101.wav,abnormal,0.9459364803808636,0.6142047390097316,0.3841895401477814
valve,id_00,00000102.wav,abnormal,-0.029344323558920138,0.5730581478976389,0.3196361124515533
valve,id_00,00000103.wav,abnormal,2.5674854246073053,0.6723839913035586,0.5458849012851715
valve,id_00,00000104.wav,abnormal,0.40785920020134014,0.59771302831642,0.3524126946926117
valve,id_00,00000105.wav,abnormal,-0.1672416572303579,0.5391557847158549,0.285049170255661
valve,id_00,00000106.wav,abnormal,0.600694678483455,0.594478494426121,0.3546779155731201
valve,id_00,00000107.wav,abnormal,1.7506061784348788,0.6315251454027019,0.4848580598831177
valve,id_00,00000108.wav,abnormal,1.1229209740034882,0.5975306812882253,0.42692495584487916
valve,id_00,00000109.wav,abnormal,0.19871142682331566,0.5779150693861932,0.3169754832983017
valve,id_00,00000110.wav,abnormal,1.1918093172599562,0.6125742911691398,0.44201103448867796
valve,id_00,00000111.wav,abnormal,0.22938786963013413,0.6003945388594446,0.32918288707733157
valve,id_00,00000112.wav,abnormal,2.059247453602322,0.6454352658695831,0.5150448977947235
valve,id_00,00000113.wav,abnormal,4.85765133003636,0.7142783309859492,0.7849122166633606
valve,id_00,00000114.wav,abnormal,0.21345553540688122,0.5831188115392449,0.31350287795066833
valve,id_00,00000115.wav,abnormal,0.9535071544878857,0.6174248867287089,0.39207410216331484
valve,id_00,00000116.wav,abnormal,3.7553122606474245,0.7120605332677468,0.6260810732841492
valve,id_00,00000117.wav,abnormal,1.3061321600317086,0.6245969859841457,0.44640361368656156
valve,id_00,00000118.wav,abnormal,0.2652797819800199,0.5730848684519962,0.3006459563970566
valve,id_02,00000294.wav,normal,0.8133729964575229,0.6254012040016145,0.561786150932312
valve,id_02,00000134.wav,normal,-0.575736793736553,0.4226447334694055,0.15051916241645813
valve,id_02,00000562.wav,normal,-0.36420234656605466,0.41744127080951293,0.16857963800430298
valve,id_02,00000273.wav,normal,-0.5912290038754673,0.3726113949870815,0.12544400691986085
valve,id_02,00000208.wav,normal,-0.2889192858420575,0.42737898924543327,0.157049822807312
valve,id_02,00000052.wav,normal,-0.6365313569389199,0.401933341929788,0.14659596234560013
valve,id_02,00000645.wav,normal,-0.2749162597913717,0.40519431393423977,0.13185421228408814
valve,id_02,00000510.wav,normal,-0.4952203695585071,0.3895890073667601,0.11469583958387375
valve,id_02,00000370.wav,normal,-0.39904529662284105,0.3905058527127904,0.09894380420446396
valve,id_02,00000530.wav,normal,-0.3507582702129941,0.4603596283258346,0.1699361801147461
valve,id_02,00000192.wav,normal,-0.4175800457804195,0.4542240745436833,0.191675665974617
valve,id_02,00000055.wav,normal,-0.39142528969277546,0.5152457736305497,0.2860104411840439
valve,id_02,00000423.wav,normal,-0.5078009786804731,0.3749476135114262,0.12113554030656815
valve,id_02,00000473.wav,normal,-0.04440052120271787,0.4546669015525377,0.10961441546678544
valve,id_02,00000555.wav,normal,-0.3163809829974733,0.3984965706998894,0.08063803389668464
valve,id_02,00000001.wav,normal,-0.5864782796055206,0.36727898926217845,0.10355275422334671
valve,id_02,00000526.wav,normal,-0.43276512859331273,0.4579013999569023,0.1800540119409561
valve,id_02,00000413.wav,normal,-0.1520362782319955,0.4310626497340529,0.18588587641716003
valve,id_02,00000118.wav,normal,-0.5184181083606081,0.3918245986756331,0.14695772528648376
valve,id_02,00000331.wav,normal,-0.2841711871583783,0.39119404264063545,0.14116405546665192
valve,id_02,00000258.wav,normal,-0.1878254354406721,0.5492414075285986,0.2601259291172028
valve,id_02,00000322.wav,normal,-0.26808228297512127,0.3846019776606813,0.10324259847402573
valve,id_02,00000090.wav,normal,-0.501353239777675,0.4175489372438618,0.1632028639316559
valve,id_02,00000465.wav,normal,-0.5243656359929867,0.3988299053391108,0.14093031287193297
valve,id_02,00000037.wav,normal,-0.579327340383105,0.37882394158032745,0.1358269602060318
valve,id_02,00000563.wav,normal,-0.0053833977928086085,0.4263090763326078,0.0990654855966568
valve,id_02,00000410.wav,normal,-0.1917297658438839,0.517368200715435,0.2507621020078659
valve,id_02,00000675.wav,normal,-0.12353559126749758,0.55154521047621,0.3480659008026123
valve,id_02,00000507.wav,normal,-0.16392068934259107,0.38223967961852023,0.09278039783239364
valve,id_02,00000421.wav,normal,-0.4083500877734716,0.3834020663545908,0.10558155477046967
valve,id_02,00000337.wav,normal,0.14172802891870173,0.5491768408056495,0.3571643650531769
valve,id_02,00000164.wav,normal,-0.6031240653306273,0.396602824018966,0.15210736989974977
valve,id_02,00000107.wav,normal,-0.43160514342351597,0.463271858322097,0.17320601642131805
valve,id_02,00000328.wav,normal,-0.25483283111191124,0.42467650692569386,0.13374882638454438
valve,id_02,00000341.wav,normal,-0.07937960083603723,0.45623157852347196,0.20198562145233154
valve,id_02,00000707.wav,normal,-0.19824847043332738,0.48933298243598905,0.1696111559867859
valve,id_02,00000356.wav,normal,-0.20513584200468493,0.3959932714610508,0.12376789599657059
valve,id_02,00000647.wav,normal,0.04848754128694299,0.4341601757994478,0.13940585255622864
valve,id_02,00000656.wav,normal,-0.23959993965521242,0.45426140832014994,0.15217959880828857
valve,id_02,00000503.wav,normal,-0.36212126603949635,0.45808023802825243,0.19156330525875093
valve,id_02,00000446.wav,normal,-0.4088103175368927,0.37898046535865165,0.09858543127775192
valve,id_02,00000599.wav,normal,0.21037471640741146,0.4810434705270632,0.13300793170928954
valve,id_02,00000185.wav,normal,-0.3680758304405307,0.4016825228458845,0.11647242903709412
valve,id_02,00000284.wav,normal,-0.5093320961790866,0.383370662575084,0.1098425030708313
valve,id_02,00000452.wav,normal,-0.41469717163757647,0.40164760124785953,0.14625638127326965
valve,id_02,00000531.wav,normal,-0.11910423209568055,0.5063061042978001,0.23467208445072174
valve,id_02,00000703.wav,normal,-0.2935852534597432,0.4484207917489278,0.181269571185112
valve,id_02,00000179.wav,normal,-0.48602955363034184,0.389862034335326,0.12186317443847657
valve,id_02,00000041.wav,normal,-0.5904892505312258,0.367012188113331,0.09623362720012665
valve,id_02,00000590.wav,normal,-0.26088433432567015,0.5257736218780275,0.18526523411273957
valve,id_02,00000275.wav,normal,-0.39354634679738343,0.37396970432529264,0.10825280696153641
valve,id_02,00000021.wav,normal,-0.35110855364824456,0.37362891381106167,0.06998470574617385
valve,id_02,00000601.wav,normal,-0.16299956549856454,0.3980376435329362,0.09984426945447922
valve,id_02,00000589.wav,normal,-0.2699000905178579,0.4201856330479803,0.1356943964958191
valve,id_02,00000234.wav,normal,-0.3661098424407214,0.3947347054563944,0.09853253215551376
valve,id_02,00000093.wav,normal,-0.558108744161113,0.3752013000813266,0.13350190371274948
valve,id_02,00000026.wav,normal,0.18662364134985054,0.5148990669201134,0.20668183863162995
valve,id_02,00000256.wav,normal,-0.16794997267772604,0.4486854597268744,0.15590647161006926
valve,id_02,00000618.wav,normal,0.0036449711352499747,0.43779459730270964,0.0924655944108963
valve,id_02,00000330.wav,normal,0.10012401531664317,0.6105501551826894,0.41652193665504456
valve,id_02,00000442.wav,normal,-0.4745123971249754,0.36490060240896915,0.10954283773899079
valve,id_02,00000040.wav,normal,-0.5452807064622389,0.4115013389800574,0.16546419262886047
valve,id_02,00000612.wav,normal,-0.16708689921489484,0.3890134171382844,0.09265155270695687
valve,id_02,00000082.wav,normal,-0.45799827268960147,0.43922279732490616,0.2155139207839966
valve,id_02,00000448.wav,normal,-0.21563278015435117,0.3900944266051758,0.10145628601312637
valve,id_02,00000505.wav,normal,-0.3974442648398231,0.3904297204033142,0.13462797850370406
valve,id_02,00000552.wav,normal,-0.4670971402328714,0.39253878368751577,0.12661965638399125
valve,id_02,00000512.wav,normal,-0.33376823147596824,0.3857625020813829,0.08897154778242111
valve,id_02,00000278.wav,normal,-0.309940802354264,0.3812115738014209,0.1007302924990654
valve,id_02,00000412.wav,normal,-0.3646912688267534,0.40640751888545806,0.1362036719918251
valve,id_02,00000311.wav,normal,-0.34050600780636664,0.411494759179631,0.10222683995962142
valve,id_02,00000479.wav,normal,-0.5371742068834076,0.37825312748538525,0.11800017058849335
valve,id_02,00000127.wav,normal,-0.21020402106249136,0.39954325541205954,0.10531822144985199
valve,id_02,00000449.wav,normal,-0.6331766533126162,0.40370248320195773,0.14356459081172943
valve,id_02,00000699.wav,normal,-0.32338496767656544,0.49509874251149727,0.17473973631858825
valve,id_02,00000582.wav,normal,-0.44494410140200547,0.4040421626129295,0.14306903630495071
valve,id_02,00000609.wav,normal,0.022566145140126892,0.46329320177464756,0.1532706528902054
valve,id_02,00000314.wav,normal,-0.4893395053211984,0.40958912404005987,0.15006334632635115
valve,id_02,00000169.wav,normal,0.13023010858668105,0.4966291453148365,0.23627191483974458
valve,id_02,00000061.wav,normal,-0.4213531840950715,0.42564455109176436,0.17652932405471802
valve,id_02,00000073.wav,normal,-0.39727157249337,0.43471249605959505,0.21128035485744476
valve,id_02,00000145.wav,normal,-0.5645075118299125,0.39198089177112255,0.12470798492431641
valve,id_02,00000272.wav,normal,-0.5766210064017141,0.3770771827440545,0.10150709748268127
valve,id_02,00000152.wav,normal,-0.266660912936322,0.42939042480020784,0.16960274875164033
valve,id_02,00000663.wav,normal,-0.4802460405671525,0.45365365789872186,0.19235962331295015
valve,id_02,00000230.wav,normal,-0.5304620882713547,0.3770590056832407,0.12228834331035614
valve,id_02,00000557.wav,normal,-0.5509766685711961,0.40294465837001486,0.17144625186920165
valve,id_02,00000117.wav,normal,-0.17529283760769054,0.4166792085758385,0.10982484072446823
valve,id_02,00000435.wav,normal,-0.28845987577535226,0.4548157465032452,0.2214164763689041
valve,id_02,00000202.wav,normal,2.174022887048392,0.6596214679947592,0.7855159997940063
valve,id_02,00000677.wav,normal,-0.3476178330168196,0.4850072995005691,0.2544878274202347
valve,id_02,00000603.wav,normal,-0.2753847401687004,0.43731090142044104,0.1451542168855667
valve,id_02,00000640.wav,normal,0.09125686528841292,0.44391741126739986,0.11676805913448333
valve,id_02,00000270.wav,normal,-0.16016855444143996,0.425667287916355,0.08786077648401261
valve,id_02,00000239.wav,normal,-0.08698822829285557,0.5024898804017139,0.2653425961732864
valve,id_02,00000072.wav,normal,-0.26005860899181954,0.4560603590674749,0.21107058525085448
valve,id_02,00000464.wav,normal,-0.29683940202062864,0.41455673351175165,0.15729062557220458
valve,id_02,00000289.wav,normal,0.06223807658643743,0.4628864279159305,0.16519837975502014
valve,id_02,00000295.wav,normal,0.15172556023631056,0.5719705041332019,0.41221264004707336
valve,id_02,00000237.wav,normal,-0.4211035655341444,0.38342426205909647,0.11461563855409622
valve,id_02,00000033.wav,normal,-0.037818951420264924,0.5469097231597305,0.310684996843338
valve,id_02,00000298.wav,normal,-0.4053048850354086,0.40977028281899625,0.14879307597875596
valve,id_02,00000481.wav,normal,-0.5050788659485903,0.3982418500461758,0.1323287844657898
valve,id_02,00000608.wav,normal,-0.3762789475676751,0.38807527323452956,0.11876221150159835
valve,id_02,00000705.wav,normal,-0.10918620291376246,0.43317980175811044,0.09250524938106537
valve,id_02,00000461.wav,normal,-0.1345747628990308,0.47509975195701826,0.177412685751915
valve,id_02,00000418.wav,normal,-0.5233518026211028,0.37219519983755517,0.12369024902582168
valve,id_02,00000000.wav,abnormal,0.24389100179233747,0.5403794732758705,0.17468200474977494
valve,id_02,00000001.wav,abnormal,-0.4162694359235344,0.47495156671263694,0.2582238674163818
valve,id_02,00000002.wav,abnormal,-0.3724655277871083,0.4748667326184753,0.2860319525003433
valve,id_02,00000003.wav,abnormal,0.4312914533223884,0.5277399260111325,0.219356968998909
valve,id_02,00000004.wav,abnormal,-0.6252718915130551,0.38890855061069396,0.1314574137330055
valve,id_02,00000005.wav,abnormal,0.44476918948740884,0.596508569721837,0.42892855405807495
valve,id_02,00000006.wav,abnormal,0.12189586566383159,0.5615279840253365,0.4141929507255554
valve,id_02,00000007.wav,abnormal,0.5166765132470372,0.5526566799289497,0.37782891988754275
valve,id_02,00000008.wav,abnormal,-0.5145049476376542,0.4560847055599041,0.2301422417163849
valve,id_02,00000009.wav,abnormal,-0.5311428585051203,0.3761903714863828,0.1296142593026161
valve,id_02,00000010.wav,abnormal,-0.20683379827527748,0.4072813181527124,0.14410917460918427
valve,id_02,00000011.wav,abnormal,0.5920207875812009,0.5623263097167401,0.5089516699314117
valve,id_02,00000012.wav,abnormal,-0.3340028879843775,0.5129121151621695,0.3004808723926544
valve,id_02,00000013.wav,abnormal,0.15302404148664994,0.5356240599684896,0.27536954581737516
valve,id_02,00000014.wav,abnormal,-0.284864132953933,0.4302222723149975,0.13495532870292665
valve,id_02,00000015.wav,abnormal,0.263149927147305,0.4908920440123381,0.20084340870380402
valve,id_02,00000016.wav,abnormal,-0.24050022203879173,0.4238602709961292,0.13946759402751924
valve,id_02,00000017.wav,abnormal,-0.028350661889315454,0.5119815496719622,0.2520861953496933
valve,id_02,00000018.wav,abnormal,0.3932097842253821,0.509211676925701,0.18404432833194734
valve,id_02,00000019.wav,abnormal,-0.13406209507766498,0.4061576720046923,0.12202860563993453
valve,id_02,00000020.wav,abnormal,-0.5828529321925675,0.4172207301415461,0.1680005818605423
valve,id_02,00000021.wav,abnormal,-0.0715333310539652,0.4604842648543326,0.17440146803855897
valve,id_02,00000022.wav,abnormal,0.10507057793576013,0.4765992049348321,0.13225080966949462
valve,id_02,00000023.wav,abnormal,0.05059049035576901,0.4556015864863437,0.22598492801189424
valve,id_02,00000024.wav,abnormal,-0.10972671298024128,0.4286924789109118,0.1059584990143776
valve,id_02,00000025.wav,abnormal,1.0838985026884647,0.5870560793151963,0.3493807792663574
valve,id_02,00000026.wav,abnormal,-0.005565136868744602,0.4613258904052028,0.15228363871574402
valve,id_02,00000027.wav,abnormal,0.1711548187498959,0.4710764397540749,0.19801703989505767
valve,id_02,00000028.wav,abnormal,0.04900329087534061,0.45178523749475064,0.18673960566520692
valve,id_02,00000029.wav,abnormal,0.15637759118136518,0.5292527418269753,0.3937840282917023
valve,id_02,00000030.wav,abnormal,-0.48780728181473165,0.523811266856661,0.25405019521713257
valve,id_02,00000031.wav,abnormal,0.5949669506771142,0.5254565081634133,0.2723954737186432
valve,id_02,00000032.wav,abnormal,-0.16953277352227047,0.43659950301981226,0.10930008739233017
valve,id_02,00000033.wav,abnormal,0.3835802785101796,0.546344089664385,0.2498629778623581
valve,id_02,00000034.wav,abnormal,-0.11199624539526454,0.4657972632283574,0.14750801771879196
valve,id_02,00000035.wav,abnormal,0.6389712932531548,0.5522046029861474,0.29208056926727294
valve,id_02,00000036.wav,abnormal,-0.2875990012361891,0.38683823524791505,0.08425575196743011
valve,id_02,00000037.wav,abnormal,-0.3867349986622415,0.4489957594354619,0.22645106315612792
valve,id_02,00000038.wav,abnormal,-0.035466123015366335,0.441476976315091,0.14686277508735657
valve,id_02,00000039.wav,abnormal,-0.6005638110634646,0.42827114395006327,0.22001579403877258
valve,id_02,00000040.wav,abnormal,-0.34256373959257935,0.5075611359391219,0.26665514409542085
valve,id_02,00000041.wav,abnormal,-0.46112668854581873,0.5177829545242996,0.25752478241920473
valve,id_02,00000042.wav,abnormal,0.1686591440604186,0.4844976372727133,0.17901205122470856
valve,id_02,00000043.wav,abnormal,-0.25130303130838616,0.38879073276966564,0.10601515769958496
valve,id_02,00000044.wav,abnormal,-0.3660119720520001,0.46920869722693576,0.2508741647005081
valve,id_02,00000045.wav,abnormal,0.02463943774852595,0.4617661988847316,0.139857217669487
valve,id_02,00000046.wav,abnormal,-0.207470792631411,0.495035378819593,0.2616254836320877
valve,id_02,00000047.wav,abnormal,0.835928419211105,0.5612171686819755,0.30480891466140747
valve,id_02,00000048.wav,abnormal,0.23799754188104671,0.5364152204792952,0.2469067931175232
valve,id_02,00000049.wav,abnormal,-0.18866847410433163,0.4193825469580416,0.13144464790821075
valve,id_02,00000050.wav,abnormal,-0.4871677014166682,0.39032942477101557,0.14283292144536971
valve,id_02,00000051.wav,abnormal,1.840173732104173,0.6877155741248439,0.6280684173107147
valve,id_02,00000052.wav,abnormal,-0.30909526503068996,0.5416945403628018,0.30188957452774046
valve,id_02,00000053.wav,abnormal,-0.5083289995066806,0.42965927651348784,0.20090327858924867
valve,id_02,00000054.wav,abnormal,-0.35821585509450315,0.40692524606985175,0.13139770030975342
valve,id_02,00000055.wav,abnormal,0.1119476866149034,0.4574207200868899,0.17454778850078584
valve,id_02,00000056.wav,abnormal,-0.09400771182549583,0.4660097755654692,0.16022436320781708
valve,id_02,00000057.wav,abnormal,-0.28137971687030205,0.43723203368095487,0.14329821169376372
valve,id_02,00000058.wav,abnormal,-0.5812828986087553,0.44954704354649216,0.2119558960199356
valve,id_02,00000059.wav,abnormal,0.016119746374673838,0.4434160047508279,0.16700377762317659
valve,id_02,00000060.wav,abnormal,0.45377989741477887,0.5793603928563227,0.2611839324235916
valve,id_02,00000061.wav,abnormal,-0.09674409839407261,0.4928815734202957,0.26283750534057615
valve,id_02,00000062.wav,abnormal,0.07745698542699131,0.47165520490804613,0.15273153334856032
valve,id_02,00000063.wav,abnormal,-0.24424666312410714,0.4487729702311601,0.20184950530529022
valve,id_02,00000064.wav,abnormal,-0.37879649607809984,0.36744337830449697,0.08393628746271134
valve,id_02,00000065.wav,abnormal,-0.07273437998480237,0.42846352076980865,0.13222410827875136
valve,id_02,00000066.wav,abnormal,-0.35562397360874165,0.47549573939803674,0.21368016600608825
valve,id_02,00000067.wav,abnormal,-0.23847412382278943,0.3991246330734494,0.126618854701519
valve,id_02,00000068.wav,abnormal,0.06243722811109009,0.5201755138918963,0.22606914937496186
valve,id_02,00000069.wav,abnormal,1.200174455441097,0.6481686552136096,0.5476387500762939
valve,id_02,00000070.wav,abnormal,-0.40206854722368135,0.3960324011514437,0.11301856487989426
valve,id_02,00000071.wav,abnormal,0.31316047733233265,0.5158837122369061,0.27160573899745943
valve,id_02,00000072.wav,abnormal,0.3067818783712921,0.5009259859393624,0.20066145956516265
valve,id_02,00000073.wav,abnormal,-0.16569760792977117,0.4460044819274429,0.13871961683034897
valve,id_02,00000074.wav,abnormal,-0.21309228787884305,0.39842931450621155,0.09593574106693267
valve,id_02,00000075.wav,abnormal,-0.1994076867495842,0.40217956522696285,0.10224451050162316
valve,id_02,00000076.wav,abnormal,-0.17074594857682346,0.4363342597379769,0.17802739441394805
valve,id_02,00000077.wav,abnormal,-0.034184911010125774,0.4538895417508287,0.155911648273468
valve,id_02,00000078.wav,abnormal,-0.071620623500956,0.4485258785320164,0.13596465140581132
valve,id_02,00000079.wav,abnormal,-0.30609535444570923,0.37699071120450994,0.11110883206129074
valve,id_02,00000080.wav,abnormal,0.02134198788310293,0.46839021684728005,0.15046769380569458
valve,id_02,00000081.wav,abnormal,0.1149857976424018,0.4800851831692482,0.16563570499420166
valve,id_02,00000082.wav,abnormal,-0.13751545892102435,0.435526985653305,0.15523021370172502
valve,id_02,00000083.wav,abnormal,-0.10676597882115946,0.41400976374162646,0.11247227862477302
valve,id_02,00000084.wav,abnormal,0.10131059772134865,0.46154830580674233,0.13765169829130172
valve,id_02,00000085.wav,abnormal,-0.19199822380002196,0.43084931835080165,0.13598135560750962
valve,id_02,00000086.wav,abnormal,-0.27577416189756665,0.5342157354620999,0.30800929069519045
valve,id_02,00000087.wav,abnormal,0.7293093160210207,0.548788819464906,0.2780991643667221
valve,id_02,00000088.wav,abnormal,0.2028071736017516,0.48399913104005576,0.18959676325321198
valve,id_02,00000089.wav,abnormal,-0.12206316085508373,0.45714742494516625,0.16817218959331512
valve,id_02,00000090.wav,abnormal,0.2931465177879611,0.530702415245031,0.22941395938396453
valve,id_02,00000091.wav,abnormal,0.04794073759219497,0.4672289895808382,0.15873173177242278
valve,id_02,00000092.wav,abnormal,0.32559424860778563,0.5120487967804794,0.17463838458061218
valve,id_02,00000093.wav,abnormal,-0.2575284026534037,0.4215677351096082,0.14187079519033433
valve,id_02,00000094.wav,abnormal,-0.10204421184894663,0.47014364022736,0.2548498123884201
valve,id_02,00000095.wav,abnormal,0.2797880611727246,0.5190797219378079,0.19419129192829132
valve,id_02,00000096.wav,abnormal,0.07516332680415871,0.45220605671198477,0.1586180716753006
valve,id_02,00000097.wav,abnormal,-0.25752320740094703,0.4279537018938119,0.1863018363714218
valve,id_02,00000098.wav,abnormal,0.017137561814697833,0.4511547098034553,0.15912516117095948
valve,id_02,00000099.wav,abnormal,0.4043352665821116,0.5223272498552145,0.21135559678077698
valve,id_02,00000100.wav,abnormal,-0.17167033093893824,0.4249273303368259,0.15955168306827544
valve,id_02,00000101.wav,abnormal,0.27866828099029384,0.5114299752104616,0.19369867742061614
valve,id_02,00000102.wav,abnormal,-0.1034687134754897,0.4397023771155771,0.15422690212726592
valve,id_02,00000103.wav,abnormal,-0.044988834751375606,0.44577822790314126,0.15188826620578766
valve,id_02,00000104.wav,abnormal,-0.3896898823444248,0.38670945551440006,0.11109523177146911
valve,id_02,00000105.wav,abnormal,-0.1291502450182218,0.4518224722523763,0.13904546350240707
valve,id_02,00000106.wav,abnormal,-0.22178200014452898,0.5364736406791505,0.33717635869979856
valve,id_02,00000107.wav,abnormal,-0.20435201504581801,0.418935313424815,0.17111530005931855
valve,id_02,00000108.wav,abnormal,0.15579888959182497,0.4401145166295151,0.18241767585277557
valve,id_02,00000109.wav,abnormal,0.23822592490959593,0.4954043146834031,0.16641058623790742
valve,id_02,00000110.wav,abnormal,-0.24523009777399984,0.4393240048984454,0.17716786563396453
valve,id_02,00000111.wav,abnormal,0.0487656553134066,0.46163803877820275,0.13900986313819885
valve,id_02,00000112.wav,abnormal,-0.13763342832709835,0.444552504764913,0.15068790316581726
valve,id_02,00000113.wav,abnormal,0.2208934028099181,0.5025426831118711,0.19068459868431092
valve,id_02,00000114.wav,abnormal,-0.13283533083798638,0.48652334773382033,0.2231139987707138
valve,id_02,00000115.wav,abnormal,0.41968287871688403,0.5174734006784321,0.29754266142845154
valve,id_02,00000116.wav,abnormal,0.18104136217870792,0.5002817172889196,0.25967299938201904
valve,id_02,00000117.wav,abnormal,-0.00796688902746645,0.4491789832538789,0.18548471927642823
valve,id_02,00000118.wav,abnormal,0.0696596718114959,0.5160048938135804,0.2364521414041519
valve,id_02,00000119.wav,abnormal,-0.07073314896844174,0.42847329304288223,0.14752877354621888
valve,id_04,00000859.wav,normal,-0.9096961557373628,0.4291452787652541,0.18382688164710997
valve,id_04,00000904.wav,normal,0.09835343204066405,0.520725826993854,0.23865849077701567
valve,id_04,00000725.wav,normal,0.4916313364530742,0.5641291746121686,0.308925998210907
valve,id_04,00000609.wav,normal,0.42056072769489994,0.5640365829896632,0.3363060414791107
valve,id_04,00000132.wav,normal,-0.5316520511735572,0.4203939229622789,0.12589275240898132
valve,id_04,00000401.wav,normal,-0.976803933416825,0.4006453159498679,0.17249005734920503
valve,id_04,00000678.wav,normal,-0.9309927857743947,0.42714803888662617,0.18185647428035737
valve,id_04,00000715.wav,normal,0.8766315401235705,0.577400247580846,0.45726822018623353
valve,id_04,00000983.wav,normal,-1.0593334314846157,0.4249916525309465,0.19863234162330629
valve,id_04,00000945.wav,normal,-1.0733102490750248,0.39500279430187696,0.17185575366020203
valve,id_04,00000358.wav,normal,-0.7460086483504114,0.4323809444345289,0.17900127470493316
valve,id_04,00000144.wav,normal,1.0740307791082833,0.6072985880559135,0.4155120015144348
valve,id_04,00000679.wav,normal,-0.7958837129684291,0.4244938312740974,0.14735471159219743
valve,id_04,00000596.wav,normal,-0.8728039578916551,0.40920074132938405,0.14241718202829362
valve,id_04,00000083.wav,normal,-0.5721179653818353,0.4594165931796486,0.15233806669712066
valve,id_04,00000341.wav,normal,-1.249468309662774,0.3781404984753622,0.11164808720350265
valve,id_04,00000153.wav,normal,0.19946277768918286,0.5356117421406428,0.2080969363451004
valve,id_04,00000617.wav,normal,-1.0919570720921907,0.4028596840001662,0.1314199224114418
valve,id_04,00000672.wav,normal,-0.6035851207253717,0.4263283685342003,0.13307411819696427
valve,id_04,00000741.wav,normal,-0.5499353619275364,0.490984350924598,0.25724627673625944
valve,id_04,00000258.wav,normal,-0.026063611481275117,0.4952380539186864,0.1581335812807083
valve,id_04,00000290.wav,normal,-0.6462573799546103,0.4190380768888254,0.1491234540939331
valve,id_04,00000395.wav,normal,-0.5616474571554715,0.4293080640642033,0.15034067630767822
valve,id_04,00000694.wav,normal,1.477182033069412,0.6352123918521912,0.33155308067798617
valve,id_04,00000571.wav,normal,0.7189078044567241,0.5898729641819708,0.3471421003341675
valve,id_04,00000096.wav,normal,-1.002488308591225,0.42320843591645824,0.23166264593601227
valve,id_04,00000337.wav,normal,-1.1125361555075308,0.37617718742804235,0.12720499336719512
valve,id_04,00000067.wav,normal,-0.3035064403042753,0.5038270741791782,0.24592574834823608
valve,id_04,00000342.wav,normal,-1.2720593710666641,0.3784099346994282,0.1436059832572937
valve,id_04,00000662.wav,normal,-0.9946824842404318,0.4040456920978539,0.13353840857744217
valve,id_04,00000954.wav,normal,-1.083494198632481,0.4150392361055598,0.1665460705757141
valve,id_04,00000808.wav,normal,-1.1531174642137696,0.3852580176525811,0.10438814088702202
valve,id_04,00000053.wav,normal,0.5985568723308612,0.5457141866013864,0.21573128998279573
valve,id_04,00000612.wav,normal,-0.13227146736503315,0.482565174761301,0.17757879793643952
valve,id_04,00000695.wav,normal,-1.223774144844855,0.3768111924559556,0.11430473178625107
valve,id_04,00000346.wav,normal,0.6261088069155578,0.558746970706545,0.21243025958538056
valve,id_04,00000793.wav,normal,0.5001464149750747,0.5606610272494312,0.2739923894405365
valve,id_04,00000418.wav,normal,-0.7706671296266769,0.4007590647719825,0.11364887058734893
valve,id_04,00000396.wav,normal,-0.7601096480945202,0.4361176726689062,0.1949455976486206
valve,id_04,00000289.wav,normal,-0.7414993750112995,0.45130148356193406,0.1625344216823578
valve,id_04,00000381.wav,normal,-0.7328527867967978,0.4006224240465743,0.1454943299293518
valve,id_04,00000372.wav,normal,-0.6196910637432591,0.42704420692874395,0.12991398423910142
valve,id_04,00000162.wav,normal,-0.19735439561100954,0.4413222294444587,0.09988122656941414
valve,id_04,00000624.wav,normal,0.34369499419195826,0.5309703512942343,0.29358890652656555
valve,id_04,00000535.wav,normal,-0.5806204685427669,0.47471539785220945,0.22024208903312684
valve,id_04,00000536.wav,normal,-1.0149754837568938,0.4171993134862161,0.13925614953041077
valve,id_04,00000449.wav,normal,-0.18412508713342568,0.45871733881228255,0.15233663320541382
valve,id_04,00000448.wav,normal,-1.2671983584271764,0.36699884183567905,0.08357344716787338
valve,id_04,00000724.wav,normal,-0.9075738105889997,0.42731816525671745,0.17321957647800446
valve,id_04,00000253.wav,normal,-0.5593056021349785,0.42327162090324977,0.12242666482925416
valve,id_04,00000040.wav,normal,-0.39505686765770776,0.46901747305510766,0.24138428270816803
valve,id_04,00000176.wav,normal,-0.3109777427177818,0.45724541760601495,0.14989152550697327
valve,id_04,00000661.wav,normal,-0.5180127860603339,0.47242515414511077,0.1707727015018463
valve,id_04,00000516.wav,normal,1.0809049785321303,0.5992909688603472,0.3367761790752411
valve,id_04,00000086.wav,normal,-0.13414492134862321,0.4763280583113982,0.15078320056200029
valve,id_04,00000731.wav,normal,-1.087729075455254,0.40427624439549664,0.1731442168354988
valve,id_04,00000351.wav,normal,-0.8600108596209441,0.3981178968759345,0.09797178953886032
valve,id_04,00000857.wav,normal,0.030512839333820096,0.5292771120880946,0.238058203458786
valve,id_04,00000830.wav,normal,-1.058949137438029,0.412906452995312,0.1522628828883171
valve,id_04,00000992.wav,normal,-0.8235918767695782,0.42994241079412293,0.17434005439281464
valve,id_04,00000461.wav,normal,-1.1677728272213308,0.384625032609218,0.09411145150661468
valve,id_04,00000063.wav,normal,1.5078405701653539,0.6392806728083733,0.3903981983661652
valve,id_04,00000959.wav,normal,-0.8572758181346618,0.41697826952464023,0.13679986745119094
valve,id_04,00000513.wav,normal,0.6116673999852162,0.5687869642431126,0.3141949772834778
valve,id_04,00000487.wav,normal,-0.7570599578011983,0.4248090137616324,0.1583750993013382
valve,id_04,00000619.wav,normal,0.26038561565013296,0.5441471043413234,0.3372688353061676
valve,id_04,00000329.wav,normal,-0.6464526864633804,0.44738891886433313,0.21243282854557038
valve,id_04,00000192.wav,normal,-1.295017962092956,0.37069581088857206,0.14185926616191863
valve,id_04,00000667.wav,normal,-0.3928605788800308,0.4969460007236854,0.2569929867982864
valve,id_04,00000585.wav,normal,-1.034009207285493,0.414804346305165,0.15852844417095185
valve,id_04,00000829.wav,normal,-0.9082424217832159,0.38876079986799583,0.10481265857815743
valve,id_04,00000460.wav,normal,-0.992535751864466,0.4024079037616328,0.13228271752595902
valve,id_04,00000042.wav,normal,-1.2559853657148565,0.36596051782842703,0.10322984308004379
valve,id_04,00000917.wav,normal,-0.2800679069570755,0.4654490867306015,0.18332111537456514
valve,id_04,00000756.wav,normal,-1.28246807847915,0.3821065440325753,0.1004296824336052
valve,id_04,00000810.wav,normal,-0.6865774687422412,0.4174295583678735,0.14780377447605134
valve,id_04,00000567.wav,normal,-1.2876174468643082,0.37468357078107367,0.11181241869926453
valve,id_04,00000594.wav,normal,0.27520047263169545,0.5253072390444673,0.27807117700576783
valve,id_04,00000473.wav,normal,0.06944835549965944,0.48810548212832683,0.14956118762493134
valve,id_04,00000393.wav,normal,-0.9426001411980245,0.4093273870774431,0.11922105103731155
valve,id_04,00000947.wav,normal,-0.6993167279018664,0.4608018954585408,0.21681128740310668
valve,id_04,00000608.wav,normal,0.2191567278093718,0.5087159166288705,0.14246783405542374
valve,id_04,00000629.wav,normal,-1.1838513116085512,0.3838693953974628,0.13204107135534288
valve,id_04,00000092.wav,normal,-0.7949653585262073,0.39680630288045,0.11263098418712617
valve,id_04,00000875.wav,normal,-0.5431819461182883,0.46849562918904736,0.26162353456020354
valve,id_04,00000962.wav,normal,-1.204026945241326,0.41015261670167485,0.15586429238319396
valve,id_04,00000996.wav,normal,-1.1564602079925006,0.3911240767983018,0.11185359954833984
valve,id_04,00000078.wav,normal,-0.9998184631311435,0.3891320942163061,0.13734843581914902
valve,id_04,00000293.wav,normal,-0.6233538778859611,0.43789689422484984,0.18620773255825043
valve,id_04,00000851.wav,normal,-0.8932166702594717,0.4219179087451143,0.19373106062412263
valve,id_04,00000377.wav,normal,-0.3984343819260161,0.4386047903331593,0.1185727834701538
valve,id_04,00000058.wav,normal,-0.6528991673276074,0.4301465762837796,0.1364554464817047
valve,id_04,00000038.wav,normal,0.6598933213517784,0.5555456595466616,0.23270956575870513
valve,id_04,00000462.wav,normal,-0.6537628324545981,0.4131121495497027,0.11128125041723251
valve,id_04,00000472.wav,normal,-0.860868851303298,0.40541846997427405,0.14611922800540925
valve,id_04,00000317.wav,normal,-0.77027121145513,0.4138626612247069,0.144796659052372
valve,id_04,00000075.wav,normal,-1.2478778333311293,0.3770862711027307,0.12230423390865326
valve,id_04,00000519.wav,normal,-1.198130510402457,0.38746353786756954,0.12336665391921997
valve,id_04,00000360.wav,normal,-0.9036692421859307,0.39621682256469304,0.14305600970983506
valve,id_04,00000057.wav,normal,0.2665282689153923,0.513796494876214,0.21794865429401397
valve,id_04,00000605.wav,normal,-0.4103074361927739,0.469968392502751,0.17696064561605454
valve,id_04,00000281.wav,normal,-1.0597212840980177,0.4362604866733226,0.16351642608642578
valve,id_04,00000815.wav,normal,-1.2302854204743863,0.39059553690572213,0.12683192491531373
valve,id_04,00000310.wav,normal,-1.0096962759196924,0.4062735297863994,0.11914121508598327
valve,id_04,00000646.wav,normal,-0.9409202189578654,0.4175474915985199,0.13606322854757308
valve,id_04,00000452.wav,normal,-1.185133213442196,0.37550096466684213,0.11673009544610977
valve,id_04,00000480.wav,normal,-0.47490855200064885,0.4386472369797827,0.1488734155893326
valve,id_04,00000069.wav,normal,-0.42323029690473213,0.4497246939868585,0.1322344183921814
valve,id_04,00000450.wav,normal,-0.47222632876911064,0.45515553518398555,0.20470413863658904
valve,id_04,00000154.wav,normal,-1.2396267160597727,0.3662195963877684,0.10847987383604049
valve,id_04,00000323.wav,normal,-0.39022070850059265,0.46349101434306295,0.211439910531044
valve,id_04,00000642.wav,normal,0.8743046880893468,0.5915724491160476,0.27428804636001586
valve,id_04,00000884.wav,normal,-0.012644428596829016,0.5231377616523274,0.22875654697418213
valve,id_04,00000330.wav,normal,-0.9776618747841272,0.4243655090343913,0.12683165967464446
valve,id_04,00000639.wav,normal,-0.9326110565750572,0.4354700124613122,0.16648897975683213
valve,id_04,00000650.wav,normal,-1.2488305698608855,0.3782119788570807,0.13187808841466903
valve,id_04,00000658.wav,normal,-1.0876278630013019,0.3931745218830372,0.12936694025993348
valve,id_04,00000578.wav,normal,-0.6719725864607344,0.44790621362705024,0.1756822407245636
valve,id_04,00000903.wav,normal,-0.40581397818060516,0.49871560321168346,0.2677977025508881
valve,id_04,00000946.wav,normal,-0.018066405619229897,0.4838681121894123,0.1805500715970993
valve,id_04,00000697.wav,normal,-0.9372959217380288,0.38955549785036114,0.11556090414524078
valve,id_04,00000459.wav,normal,-1.1983636117258012,0.39181716518852877,0.14171774685382843
valve,id_04,00000593.wav,normal,0.0030819689351204715,0.5297133649028168,0.24013660848140717
valve,id_04,00000985.wav,normal,-0.9747096938082453,0.4161027430432142,0.16390463411808015
valve,id_04,00000577.wav,normal,-1.1400679501999047,0.4011579506194406,0.1364837110042572
valve,id_04,00000772.wav,normal,-1.2468664215534293,0.3790833923119958,0.13728255033493042
valve,id_04,00000475.wav,normal,-1.027156483419514,0.40339553095007624,0.13831959217786788
valve,id_04,00000505.wav,normal,0.23322229689203944,0.5587075551690933,0.31636229157447815
valve,id_04,00000643.wav,normal,-0.3842959778181978,0.4982764323735941,0.27183454036712645
valve,id_04,00000791.wav,normal,-0.6749194806467678,0.45018056444858123,0.1827043205499649
valve,id_04,00000974.wav,normal,-1.0508470345755985,0.39406754905834634,0.1152595415711403
valve,id_04,00000181.wav,normal,-1.0768725232573217,0.3735382542900307,0.1297253742814064
valve,id_04,00000077.wav,normal,-1.220886430785015,0.3797255036095959,0.1386561721563339
valve,id_04,00000671.wav,normal,-0.9362113649861072,0.41831426241969477,0.16207692474126817
valve,id_04,00000777.wav,normal,-0.40566568820345594,0.4436207578496025,0.14668458551168442
valve,id_04,00000778.wav,normal,-0.43138313897426706,0.44115196762084213,0.2036736786365509
valve,id_04,00000156.wav,normal,1.0699955447550291,0.6010774780567055,0.3547892689704895
valve,id_04,00000616.wav,normal,-0.9903201474984247,0.4253355364435146,0.14688614010810852
valve,id_04,00000177.wav,normal,-0.9392982211263945,0.4184172979177201,0.19068129360675812
valve,id_04,00000202.wav,normal,-0.9103776828017534,0.43740585128150056,0.2022853225469589
valve,id_04,00000262.wav,normal,-0.2519522547429158,0.5022488913282438,0.24126235842704774
valve,id_04,00000149.wav,normal,-0.5864600956405539,0.4189143152906755,0.12416316121816635
valve,id_04,00000105.wav,normal,-0.707102961291433,0.40726807388957437,0.13416061252355577
valve,id_04,00000241.wav,normal,-1.015913827695071,0.38617301762009193,0.12400724738836288
valve,id_04,00000151.wav,normal,-1.242619955586365,0.36952893518378793,0.11006836444139481
valve,id_04,00000834.wav,normal,-0.2644074714561313,0.478491594207659,0.19361300766468048
valve,id_04,00000660.wav,normal,-0.525980003041111,0.4511822335004542,0.20714603662490844
valve,id_04,00000838.wav,normal,-1.1682968703099093,0.3837366854516505,0.1383497893810272
valve,id_04,00000981.wav,normal,-0.552110781049203,0.49664502674787797,0.2553186446428299
valve,id_04,00000744.wav,normal,-0.7443545021638638,0.4497957582082364,0.18883950710296632
valve,id_04,00000000.wav,abnormal,-0.6100231135221907,0.4724979885492786,0.20595830976963042
valve,id_04,00000001.wav,abnormal,3.5620209707124433,0.6659688114959774,0.7370623111724853
valve,id_04,00000002.wav,abnormal,0.1519811115774914,0.5410781484726612,0.3214785993099213
valve,id_04,00000003.wav,abnormal,0.3420622485522209,0.5652224932172917,0.3374630928039551
valve,id_04,00000004.wav,abnormal,1.9339095857432893,0.6357809372008518,0.5465104341506958
valve,id_04,00000005.wav,abnormal,1.9814865531035801,0.6271820883990752,0.5653397440910339
valve,id_04,00000006.wav,abnormal,-0.4299338760326066,0.4940568419004683,0.26476348340511324
valve,id_04,00000007.wav,abnormal,0.2500998468506026,0.5523460490809774,0.3207703709602356
valve,id_04,00000008.wav,abnormal,0.4985846582413762,0.5743294641551838,0.4070186674594879
valve,id_04,00000009.wav,abnormal,-0.183050442556544,0.5169440821967808,0.28252275884151457
valve,id_04,00000010.wav,abnormal,1.8318391652295656,0.6548426211686345,0.5558323860168457
valve,id_04,00000011.wav,abnormal,2.4120136634157987,0.6278884377222849,0.6433480024337769
valve,id_04,00000012.wav,abnormal,0.543760754622463,0.5573423687645991,0.39554513096809385
valve,id_04,00000013.wav,abnormal,1.7861792813206039,0.609243943615565,0.5239827871322632
valve,id_04,00000014.wav,abnormal,1.7664197060304518,0.6449220483976379,0.5475234746932983
valve,id_04,00000015.wav,abnormal,1.3566778127714842,0.6013424198117784,0.5182324767112731
valve,id_04,00000016.wav,abnormal,1.9109396679798127,0.6392062892569551,0.5411757171154022
valve,id_04,00000017.wav,abnormal,0.9443426995190523,0.5914627877700661,0.38871374130249026
valve,id_04,00000018.wav,abnormal,0.21560898219989788,0.568445237701259,0.3466755211353302
valve,id_04,00000019.wav,abnormal,-0.09400563920284277,0.534673032379267,0.28422562777996063
valve,id_04,00000020.wav,abnormal,1.3915053097229784,0.6284921340367722,0.4409723520278931
valve,id_04,00000021.wav,abnormal,1.050501814207383,0.5911144972640558,0.44474040865898135
valve,id_04,00000022.wav,abnormal,0.5127256254549426,0.5600662406112615,0.3745849609375
valve,id_04,00000023.wav,abnormal,1.0340067431620739,0.6144192130638633,0.4030365765094757
valve,id_04,00000024.wav,abnormal,1.3021804822140748,0.6249670965725961,0.43156463503837583
valve,id_04,00000025.wav,abnormal,1.2808796936053408,0.6044857991099023,0.47647711634635925
valve,id_04,00000026.wav,abnormal,1.1095915944783528,0.6385992368157086,0.4632927358150482
valve,id_04,00000027.wav,abnormal,-0.37371944533659196,0.4900535289394219,0.23478203117847443
valve,id_04,00000028.wav,abnormal,2.9160532466793416,0.6708590879531084,0.640388834476471
valve,id_04,00000029.wav,abnormal,1.0918094238473586,0.6017403750609881,0.4212944328784943
valve,id_04,00000030.wav,abnormal,2.2758907089252354,0.662726159943749,0.5584315955638885
valve,id_04,00000031.wav,abnormal,0.8372426651000611,0.601804705040438,0.4046433627605438
valve,id_04,00000032.wav,abnormal,0.6387763432863007,0.5993147786311129,0.3756696879863739
valve,id_04,00000033.wav,abnormal,-0.6907310781493923,0.4692516080663854,0.23715084791183472
valve,id_04,00000034.wav,abnormal,-0.10233905871852755,0.5328305721642709,0.3175020158290863
valve,id_04,00000035.wav,abnormal,1.1449272084264273,0.60672462516176,0.42636096477508545
valve,id_04,00000036.wav,abnormal,0.43215126262891257,0.5586666591389471,0.37580885887146
valve,id_04,00000037.wav,abnormal,1.3087380065572276,0.5983174912829947,0.4711895763874054
valve,id_04,00000038.wav,abnormal,0.5521835550144099,0.5695931300765161,0.3858480334281921
valve,id_04,00000039.wav,abnormal,0.5046743083836835,0.5793949320689051,0.38614095449447633
valve,id_04,00000040.wav,abnormal,-0.5298600987661981,0.48089758313072456,0.20692114233970643
valve,id_04,00000041.wav,abnormal,1.94536210743866,0.6393389272516179,0.5551642417907715
valve,id_04,00000042.wav,abnormal,0.6700955431298325,0.583066432183135,0.31655865013599394
valve,id_04,00000043.wav,abnormal,1.1988852738615554,0.6022588408759907,0.46929439902305603
valve,id_04,00000044.wav,abnormal,1.972226225676728,0.6529784079697831,0.45908471941947937
valve,id_04,00000045.wav,abnormal,2.5723145931119538,0.6511530368312514,0.6067847609519958
valve,id_04,00000046.wav,abnormal,0.8394235009773423,0.6044731850951762,0.3690133035182953
valve,id_04,00000047.wav,abnormal,0.4334791930807045,0.5587660430921471,0.4227587103843689
valve,id_04,00000048.wav,abnormal,1.0829801860833328,0.6304892046845442,0.4428568005561829
valve,id_04,00000049.wav,abnormal,1.3060115741748417,0.5951828035751825,0.43417065739631655
valve,id_04,00000050.wav,abnormal,2.882295565439864,0.685146643672234,0.6050806403160095
valve,id_04,00000051.wav,abnormal,0.505865864176247,0.5810037434730649,0.34921587705612184
valve,id_04,00000052.wav,abnormal,3.5162069944820917,0.6733521189612754,0.717523729801178
valve,id_04,00000053.wav,abnormal,1.552716992827854,0.6152952412886772,0.4933090448379517
valve,id_04,00000054.wav,abnormal,1.7556851117966241,0.6387344159793366,0.46746087074279785
valve,id_04,00000055.wav,abnormal,0.13185063377248873,0.5568391454090202,0.33834590911865237
valve,id_04,00000056.wav,abnormal,1.2895073218708708,0.6280232957940663,0.42229915857315065
valve,id_04,00000057.wav,abnormal,2.625772771145967,0.6589655967993799,0.6230962753295899
valve,id_04,00000058.wav,abnormal,-0.2734761080337087,0.517892326522608,0.29048489034175873
valve,id_04,00000059.wav,abnormal,-0.18445299643983581,0.5133872067933074,0.277369487285614
valve,id_04,00000060.wav,abnormal,0.7958714056939611,0.600195934789036,0.4260611653327942
valve,id_04,00000061.wav,abnormal,1.9974366039122051,0.6252072746742783,0.5954342961311341
valve,id_04,00000062.wav,abnormal,0.44878292471294046,0.5821851385488902,0.3270433276891708
valve,id_04,00000063.wav,abnormal,-0.43685910110901105,0.5090914712800638,0.2305095225572586
valve,id_04,00000064.wav,abnormal,2.042723837137694,0.6532667792001499,0.4811052858829498
valve,id_04,00000065.wav,abnormal,0.5917861657045682,0.6081439839740527,0.3637176215648651
valve,id_04,00000066.wav,abnormal,0.6264750871798075,0.6161680285090188,0.4014989912509918
valve,id_04,00000067.wav,abnormal,-0.6219546194320387,0.44521481519000955,0.23095374703407287
valve,id_04,00000068.wav,abnormal,0.36466992473028625,0.5831508742569944,0.30428881049156187
valve,id_04,00000069.wav,abnormal,0.7907123458612784,0.5809190031519802,0.3492603421211243
valve,id_04,00000070.wav,abnormal,0.4424982374530426,0.555565424460512,0.32354146242141724
valve,id_04,00000071.wav,abnormal,0.6361308340763143,0.5957784200813941,0.39548700451850893
valve,id_04,00000072.wav,abnormal,-0.4937204602719323,0.4862855843773425,0.2325365126132965
valve,id_04,00000073.wav,abnormal,1.4343217980868666,0.6333515472342297,0.4605008602142334
valve,id_04,00000074.wav,abnormal,0.8661860601882196,0.5885365961424117,0.40844804644584654
valve,id_04,00000075.wav,abnormal,-0.5180939109997063,0.4841352608214615,0.22019376158714293
valve,id_04,00000076.wav,abnormal,1.1987850119974013,0.6144672013297415,0.44425570368766787
valve,id_04,00000077.wav,abnormal,-0.17081434127793038,0.5367723058457248,0.26085500717163085
valve,id_04,00000078.wav,abnormal,1.5154266266355778,0.6259819820490755,0.5067015886306763
valve,id_04,00000079.wav,abnormal,1.1093585557496644,0.604210245531985,0.4608585238456726
valve,id_04,00000080.wav,abnormal,1.1900848018028825,0.6246055750115231,0.42160730361938475
valve,id_04,00000081.wav,abnormal,-0.41046214854200613,0.48466683043729347,0.23868978917598724
valve,id_04,00000082.wav,abnormal,1.0005152477738886,0.6070238374172581,0.4726993918418884
valve,id_04,00000083.wav,abnormal,0.4987256334817136,0.5924668369667437,0.34633869826793673
valve,id_04,00000084.wav,abnormal,1.6711436204931776,0.5884404856521865,0.49961200952529905
valve,id_04,00000085.wav,abnormal,1.9210391355567893,0.6512458440625327,0.5334901869297027
valve,id_04,00000086.wav,abnormal,1.02239467176386,0.6256442835348338,0.4183361351490021
valve,id_04,00000087.wav,abnormal,-0.05490422912578197,0.5450442950940092,0.33867173194885253
valve,id_04,00000088.wav,abnormal,0.01541560169791012,0.5402549910899983,0.29646175503730776
valve,id_04,00000089.wav,abnormal,-0.30958673034929696,0.5191184991359313,0.3031220495700836
valve,id_04,00000090.wav,abnormal,-0.28036830845015537,0.5040888536685424,0.25953653156757356
valve,id_04,00000091.wav,abnormal,0.8609102283806163,0.5892214543733003,0.44416000247001647
valve,id_04,00000092.wav,abnormal,1.4559326056042297,0.6429123200337277,0.4547808766365051
valve,id_04,00000093.wav,abnormal,-0.6269238845732463,0.4567068764162006,0.21761308014392852
valve,id_04,00000094.wav,abnormal,0.05400448386044587,0.529160867983907,0.2469969242811203
valve,id_04,00000095.wav,abnormal,0.6526572048309323,0.5810706250220187,0.3873188138008118
valve,id_04,00000096.wav,abnormal,0.38087382769903044,0.5751005964729178,0.36319190859794614
valve,id_04,00000097.wav,abnormal,2.0125098526604903,0.6564779488100062,0.5043941259384155
valve,id_04,00000098.wav,abnormal,1.1127945204225167,0.6123407786917623,0.45243199467658995
valve,id_04,00000099.wav,abnormal,0.827282534142812,0.5724632532982115,0.43602144718170166
valve,id_04,00000100.wav,abnormal,0.970947574902973,0.6038424345555468,0.44871084690093993
valve,id_04,00000101.wav,abnormal,-0.8838433247466693,0.43327049677276114,0.18258245289325714
valve,id_04,00000102.wav,abnormal,1.1685894086439914,0.6054149342558045,0.4942681312561035
valve,id_04,00000103.wav,abnormal,1.0494659414411034,0.6124543846813764,0.3944544315338135
valve,id_04,00000104.wav,abnormal,0.025300304355443615,0.5533880252425712,0.31359121203422546
valve,id_04,00000105.wav,abnormal,0.30303594603356565,0.5289689336290374,0.3870698630809784
valve,id_04,00000106.wav,abnormal,-0.7094051664082226,0.45575814502532913,0.2148679941892624
valve,id_04,00000107.wav,abnormal,0.35688397593771626,0.545987345427188,0.23570067286491395
valve,id_04,00000108.wav,abnormal,0.37364244087061316,0.5617049230241082,0.3562085121870041
valve,id_04,00000109.wav,abnormal,0.4802073962435047,0.5728857314748877,0.35431073904037474
valve,id_04,00000110.wav,abnormal,0.07014499184909262,0.542643531262947,0.3399452596902847
valve,id_04,00000111.wav,abnormal,0.7887643658861343,0.5606375823543506,0.44380356669425963
valve,id_04,00000112.wav,abnormal,-0.840559803343158,0.4504364058691637,0.20183281749486923
valve,id_04,00000113.wav,abnormal,0.6284608744795506,0.5585765282773855,0.4283952295780182
valve,id_04,00000114.wav,abnormal,0.24916863130659017,0.5350921393537137,0.35760157108306884
valve,id_04,00000115.wav,abnormal,0.42497749208958346,0.5491093433209623,0.3760043501853943
valve,id_04,00000116.wav,abnormal,0.5059135047373111,0.564796869918584,0.37846611738204955
valve,id_04,00000117.wav,abnormal,-0.11238985989091432,0.5135452438435943,0.2881305903196335
valve,id_04,00000118.wav,abnormal,-0.7187062095787091,0.44473569838681104,0.16912773847579957
valve,id_04,00000119.wav,abnormal,-0.11249879222424397,0.5142910006692081,0.32358965277671814
valve,id_06,00000423.wav,normal,-0.8472504944185761,0.3727457141607446,0.0681852325797081
valve,id_06,00000226.wav,normal,-0.7791676700086061,0.4374379316221866,0.10143592432141305
valve,id_06,00000533.wav,normal,-0.7397782687472407,0.366550718385948,0.059177973121404645
valve,id_06,00000889.wav,normal,-0.8938692291029451,0.37450307507473846,0.08546871542930604
valve,id_06,00000146.wav,normal,-0.6978211321119954,0.4488090315567523,0.12772211134433747
valve,id_06,00000309.wav,normal,-0.9720038654187722,0.396866490893612,0.1092372328042984
valve,id_06,00000242.wav,normal,-0.10731000574739014,0.5510418115217747,0.2722741514444351
valve,id_06,00000328.wav,normal,-1.0096828742313324,0.39729123151560725,0.09871448576450348
valve,id_06,00000838.wav,normal,-0.6030350908255766,0.4562343051612461,0.1350741818547249
valve,id_06,00000876.wav,normal,-0.22689759996612224,0.5357963005880404,0.26552909314632417
valve,id_06,00000791.wav,normal,0.6254192459831156,0.5976379192438737,0.25332237780094147
valve,id_06,00000877.wav,normal,-0.9536312205054074,0.35227579688801586,0.04678230695426464
valve,id_06,00000591.wav,normal,-0.5056262997487408,0.4356010974282087,0.08285951018333435
valve,id_06,00000326.wav,normal,-0.015596320024981125,0.5431751466350583,0.17569043934345246
valve,id_06,00000589.wav,normal,-0.8539013902148866,0.4086543120974783,0.11295263320207596
valve,id_06,00000749.wav,normal,-0.8686491589454288,0.3505187422381692,0.05601171627640724
valve,id_06,00000835.wav,normal,-0.8398750160066424,0.3560236987962357,0.04866558536887169
valve,id_06,00000868.wav,normal,-0.8841019141417608,0.3574694741765942,0.06628192663192749
valve,id_06,00000296.wav,normal,-0.6096559579912011,0.46759761838446756,0.1343373715877533
valve,id_06,00000515.wav,normal,-0.5828109646075639,0.40512343233318476,0.08046147525310517
valve,id_06,00000143.wav,normal,-0.5249914565354619,0.48751798608499913,0.15016698241233825
valve,id_06,00000057.wav,normal,-0.8173930847500124,0.38838370348320955,0.12145226895809173
valve,id_06,00000794.wav,normal,-0.7668210833607745,0.3985273563291051,0.08993733674287796
valve,id_06,00000772.wav,normal,-0.9487878893372983,0.3789625804639274,0.08678154200315476
valve,id_06,00000222.wav,normal,-0.7642224406251206,0.4009443073922725,0.08427070528268814
valve,id_06,00000927.wav,normal,-0.6963078819225945,0.396622010357753,0.08304432928562164
valve,id_06,00000239.wav,normal,-0.6794745032533864,0.43105184222955223,0.10476251170039177
valve,id_06,00000449.wav,normal,-0.9474395531474471,0.39036635444639184,0.0980355128645897
valve,id_06,00000411.wav,normal,-0.9861230704231065,0.393450416015344,0.09931475073099136
valve,id_06,00000045.wav,normal,-0.806909308552088,0.38028492694855176,0.06885265558958054
valve,id_06,00000758.wav,normal,-0.6747983093806056,0.3751926701424425,0.05368776097893715
valve,id_06,00000250.wav,normal,-0.9051230351710053,0.4071948033136784,0.11020802259445191
valve,id_06,00000049.wav,normal,0.26509879339178966,0.5439208879739043,0.20225895941257477
valve,id_06,00000720.wav,normal,-0.6053824645505745,0.3826534473359537,0.06544913873076438
valve,id_06,00000973.wav,normal,-0.734868437736651,0.3954367109300809,0.09288786947727204
valve,id_06,00000612.wav,normal,-0.4729039842716176,0.43149482055291033,0.12139294594526291
valve,id_06,00000457.wav,normal,-1.1023915198938585,0.36923000769724235,0.10076950043439865
valve,id_06,00000034.wav,normal,0.36739328514898517,0.5751939750743291,0.29353565275669097
valve,id_06,00000608.wav,normal,0.2592517847004814,0.5333704293404031,0.1341056376695633
valve,id_06,00000103.wav,normal,-0.8760227079100762,0.39188995581050773,0.07525329366326332
valve,id_06,00000068.wav,normal,-0.7499065992952314,0.3845407209882332,0.0807028852403164
valve,id_06,00000211.wav,normal,-0.898093007613241,0.37255710879704323,0.08589756041765213
valve,id_06,00000246.wav,normal,-0.8144377834064045,0.4050953743353473,0.10061791986227035
valve,id_06,00000016.wav,normal,-0.9834060764232113,0.37117584064513315,0.0895299032330513
valve,id_06,00000944.wav,normal,-0.7842439214862864,0.37294241600529393,0.07850354164838791
valve,id_06,00000629.wav,normal,-0.8287542797768772,0.38080191870606883,0.08274642229080201
valve,id_06,00000429.wav,normal,0.16956107656154806,0.559157071947027,0.28707215487957
valve,id_06,00000676.wav,normal,-0.6220837863130715,0.3848131850466597,0.06205890104174614
valve,id_06,00000984.wav,normal,-0.6330822341860607,0.4454126962118876,0.14116627871990203
valve,id_06,00000950.wav,normal,-0.9879929673224055,0.39271982672419137,0.09802184998989105
valve,id_06,00000115.wav,normal,-0.6873577395282737,0.39145624881062846,0.07812018990516663
valve,id_06,00000783.wav,normal,-0.530301395782752,0.44123691145749677,0.11761648654937744
valve,id_06,00000742.wav,normal,-0.6134764082128505,0.4104665192273501,0.07607988119125367
valve,id_06,00000193.wav,normal,-0.7635770482026896,0.4360196872858165,0.10041542202234269
valve,id_06,00000282.wav,normal,-0.8362715277462076,0.3930963723343303,0.07901495397090912
valve,id_06,00000158.wav,normal,-0.8600186494046209,0.4108465941075848,0.10734224170446396
valve,id_06,00000354.wav,normal,-1.0652589153540255,0.3820463855178878,0.1033852219581604
valve,id_06,00000471.wav,normal,-0.7883991752703476,0.43539845858450765,0.11206362545490264
valve,id_06,00000253.wav,normal,-0.9803751826668812,0.36639675133473454,0.0644944503903389
valve,id_06,00000235.wav,normal,-0.7072997713935241,0.4467040296081238,0.13787488043308258
valve,id_06,00000843.wav,normal,-0.970508211200837,0.37783574860287333,0.10553129464387893
valve,id_06,00000388.wav,normal,-0.8269142903491193,0.42630481098145795,0.11112661808729171
valve,id_06,00000544.wav,normal,-0.4467810141485806,0.42897045367819503,0.09767571985721588
valve,id_06,00000434.wav,normal,-0.9510522642359867,0.3847045089403746,0.08495492935180664
valve,id_06,00000557.wav,normal,-0.7710618666282354,0.36268858352072575,0.06039182394742966
valve,id_06,00000736.wav,normal,-0.9111809389823424,0.4013400071403694,0.09095811396837235
valve,id_06,00000689.wav,normal,-0.5727862235067391,0.39351595538976575,0.07109883576631545
valve,id_06,00000474.wav,normal,-1.020985980525202,0.38407037193678506,0.10098430216312408
valve,id_06,00000305.wav,normal,-0.7230090992665801,0.43949538804416916,0.10215101838111877
valve,id_06,00000023.wav,normal,-1.016649009815449,0.36838328908095935,0.0922610342502594
valve,id_06,00000774.wav,normal,-0.8930828626935021,0.3597553527293703,0.0816055566072464
valve,id_06,00000965.wav,normal,-0.9980288826022043,0.35148438947310745,0.06927858591079712
valve,id_06,00000854.wav,normal,-0.8192729267807497,0.37850708459646143,0.0761602908372879
valve,id_06,00000228.wav,normal,-1.0516273923447361,0.37562469630257533,0.09319643378257751
valve,id_06,00000745.wav,normal,-0.37911889784274244,0.4630539819488969,0.1420576587319374
valve,id_06,00000130.wav,normal,0.37420581766232,0.6085804622264995,0.2556778877973557
valve,id_06,00000541.wav,normal,-0.5156500599390572,0.41960838153954155,0.0989394262433052
valve,id_06,00000402.wav,normal,-1.0874839153059135,0.3517679791934749,0.07955036386847496
valve,id_06,00000550.wav,normal,-0.6272563130472442,0.4081636973059871,0.10011419504880906
valve,id_06,00000182.wav,normal,-0.904379040369248,0.40215614778802455,0.08793175667524337
valve,id_06,00000121.wav,normal,-0.7480830342581868,0.4142456444636398,0.11508083790540695
valve,id_06,00000356.wav,normal,-0.1309709367076355,0.5471209543057057,0.17462436556816102
valve,id_06,00000880.wav,normal,-0.9275759191293727,0.34612536008479644,0.05069170221686363
valve,id_06,00000669.wav,normal,0.31680437906371317,0.5267143641621023,0.20622206926345826
valve,id_06,00000136.wav,normal,-0.8465605729890306,0.38875939107448765,0.08145121335983277
valve,id_06,00000552.wav,normal,-0.8680949443245876,0.3488238047180253,0.04262426644563675
valve,id_06,00000895.wav,normal,-0.7617116445595311,0.40002849034632854,0.07644085586071014
valve,id_06,00000677.wav,normal,-0.8372284065010778,0.36030922372504715,0.04885995350778103
valve,id_06,00000699.wav,normal,-0.05887082081550865,0.4919450306106054,0.14859120100736617
valve,id_06,00000082.wav,normal,-0.8271224803212363,0.36073387032641985,0.05925853326916695
valve,id_06,00000384.wav,normal,0.4815389745636889,0.6010424796352323,0.1826474517583847
valve,id_06,00000386.wav,normal,-0.589768944235523,0.43867900979380653,0.10581806004047394
valve,id_06,00000928.wav,normal,-0.5995310937595999,0.4064743559009148,0.07762344926595688
valve,id_06,00000890.wav,normal,-1.0231461166500821,0.36025101948217,0.07051729038357735
valve,id_06,00000459.wav,normal,-0.6401221061813303,0.43683754918150725,0.08414042890071868
valve,id_06,00000391.wav,normal,-0.8088584948043724,0.4465397855332648,0.1426551565527916
valve,id_06,00000912.wav,normal,-0.6446184716727235,0.4625799208020382,0.13883130699396135
valve,id_06,00000383.wav,normal,-1.003070759087203,0.3569242724977383,0.0711067907512188
valve,id_06,00000430.wav,normal,0.7767003541877884,0.6103678716086354,0.25687354803085327
valve,id_06,00000661.wav,normal,-0.2881431906076042,0.47565336291217625,0.14540009796619416
valve,id_06,00000746.wav,normal,-0.8392067229186129,0.37236428724677123,0.07055960595607758
valve,id_06,00000656.wav,normal,-0.4494477652395812,0.42622602908216894,0.09056066274642945
valve,id_06,00000784.wav,normal,-0.6718018213087262,0.445296784772536,0.15633343458175658
valve,id_06,00000138.wav,normal,-0.8308572503963951,0.3975337050514148,0.09797902554273605
valve,id_06,00000787.wav,normal,-0.5782841350011747,0.46176461750863157,0.14805301576852797
valve,id_06,00000184.wav,normal,-0.9608437133657421,0.3475928701540789,0.056695081293582916
valve,id_06,00000418.wav,normal,-0.9476901942479081,0.4056220725774297,0.09601935297250748
valve,id_06,00000293.wav,normal,-0.805220546550542,0.40962587693087255,0.08388169854879379
valve,id_06,00000032.wav,normal,-0.5862844867611496,0.501953239344289,0.22365842163562774
valve,id_06,00000483.wav,normal,-1.0308952694552787,0.40369203866766723,0.10969484448432923
valve,id_06,00000070.wav,normal,-0.79690066124898,0.39553600429479446,0.08391175717115402
valve,id_06,00000915.wav,normal,-0.7207091251565743,0.41049810785707946,0.13997786045074462
valve,id_06,00000061.wav,normal,-0.9497098942084872,0.3889093918473339,0.0763459026813507
valve,id_06,00000554.wav,normal,-0.7651515879418014,0.3650731976175438,0.062069666013121604
valve,id_06,00000065.wav,normal,-0.6226776428662166,0.457253869120449,0.10451584607362747
valve,id_06,00000717.wav,normal,0.06572150544698374,0.5250911874014761,0.18520709723234177
valve,id_06,00000352.wav,normal,-0.08211256014996593,0.5088898250513061,0.18929009586572648
valve,id_06,00000433.wav,normal,-0.414190660684417,0.5084261170547357,0.2112877130508423
valve,id_06,00000046.wav,normal,-0.8981645934184161,0.3666257451099358,0.0761698231101036
valve,id_06,00000074.wav,normal,-0.5174414852701279,0.45630899126092583,0.1255125179886818
valve,id_06,00000592.wav,normal,-0.6724607238726765,0.3844380643126088,0.07509231120347977
valve,id_06,00000223.wav,normal,-0.4542284823358873,0.4690407964735915,0.14105793982744216
valve,id_06,00000763.wav,normal,-0.7774869214261635,0.3674112300926017,0.05831950381398201
valve,id_06,00000003.wav,normal,-0.30377720776774275,0.48610725678744715,0.1833791047334671
valve,id_06,00000836.wav,normal,-0.5840942269881584,0.38869436639600247,0.06768612712621688
valve,id_06,00000260.wav,normal,-0.8807738408409911,0.41596521462857344,0.16258052736520767
valve,id_06,00000405.wav,normal,-0.737987461000527,0.4370750408290604,0.11583833172917365
valve,id_06,00000022.wav,normal,-0.07209666490679467,0.5407252480271256,0.2872916102409363
valve,id_06,00000740.wav,normal,-0.6591278102566331,0.4230290264218489,0.12139164358377456
valve,id_06,00000315.wav,normal,-0.6878976948876421,0.393083793395885,0.08465315848588943
valve,id_06,00000826.wav,normal,-0.9240919920669004,0.3506552863835488,0.06530328691005707
valve,id_06,00000688.wav,normal,-0.5497115856099306,0.39925464375375624,0.07774031162261963
valve,id_06,00000473.wav,normal,-1.0085764745056167,0.35155619400026156,0.06584203019738197
valve,id_06,00000572.wav,normal,-0.4650638577537425,0.4284154466555732,0.08374738097190856
valve,id_06,00000059.wav,normal,-0.8894867008683836,0.43971879772324274,0.1401749923825264
valve,id_06,00000577.wav,normal,-0.7590102113972321,0.420844440067847,0.11093997210264206
valve,id_06,00000467.wav,normal,-0.9833681861082599,0.37522629466262825,0.09760532379150391
valve,id_06,00000425.wav,normal,-0.6430848461306375,0.46995345222741935,0.17914524376392366
valve,id_06,00000525.wav,normal,-0.775118240141877,0.40489037714290754,0.11897009611129761
valve,id_06,00000135.wav,normal,-0.6425013907715336,0.4361855561438693,0.11983916014432908
valve,id_06,00000464.wav,normal,-1.0211972201082276,0.3843828856080292,0.09046344757080078
valve,id_06,00000056.wav,normal,-0.2717104850946104,0.5034023350692713,0.18745127618312835
valve,id_06,00000828.wav,normal,-0.88038416482018,0.3676355227194128,0.06803918927907944
valve,id_06,00000456.wav,normal,-0.809504251524336,0.4343832878539139,0.11599994152784347
valve,id_06,00000522.wav,normal,-0.5308352428600429,0.3981259516448108,0.0625177726149559
valve,id_06,00000920.wav,normal,-0.6073564156999733,0.42306040725058885,0.12980651557445527
valve,id_06,00000093.wav,normal,-0.7410893661231626,0.4342293089795245,0.1050444021821022
valve,id_06,00000500.wav,normal,-0.5000864277254706,0.41618715140238727,0.08142032995820045
valve,id_06,00000597.wav,normal,-0.40922414489843106,0.44280327618057486,0.11050238460302353
valve,id_06,00000734.wav,normal,-0.4816964500011629,0.41848199824465926,0.12022163569927216
valve,id_06,00000000.wav,abnormal,-0.6299520977694879,0.4789124607523776,0.1505078539252281
valve,id_06,00000001.wav,abnormal,2.110541452593692,0.6570306591736012,0.444813996553421
valve,id_06,00000002.wav,abnormal,-0.9697284493709901,0.42448128367451393,0.11463739871978759
valve,id_06,00000003.wav,abnormal,1.6613476652520305,0.6351719968107651,0.3558556616306305
valve,id_06,00000004.wav,abnormal,-0.20683438119226416,0.5307820074813886,0.2117532342672348
valve,id_06,00000005.wav,abnormal,3.013645204644982,0.6839923249015186,0.5304385721683502
valve,id_06,00000006.wav,abnormal,0.022409916831557908,0.5633405066816661,0.25857536792755126
valve,id_06,00000007.wav,abnormal,2.297679923581203,0.6594049039645729,0.4473806917667389
valve,id_06,00000008.wav,abnormal,-0.6555192740207492,0.43936028357997603,0.13092393875122071
valve,id_06,00000009.wav,abnormal,4.38774458037871,0.700360999000974,0.704680347442627
valve,id_06,00000010.wav,abnormal,-1.0427685532431497,0.38466196570301786,0.0873468779027462
valve,id_06,00000011.wav,abnormal,2.3512495203699446,0.6574694074210701,0.4303017854690552
valve,id_06,00000012.wav,abnormal,-0.7949902598135985,0.4030757966019559,0.09298635870218278
valve,id_06,00000013.wav,abnormal,1.6714562017980619,0.6555890950330799,0.37161824107170105
valve,id_06,00000014.wav,abnormal,-0.9702060098861871,0.3857361518341097,0.09260179102420807
valve,id_06,00000015.wav,abnormal,1.8521543012565829,0.6575986798114979,0.396322625875473
valve,id_06,00000016.wav,abnormal,-0.23240397435171367,0.48779147627673347,0.18800457566976547
valve,id_06,00000017.wav,abnormal,0.7813105717260029,0.6283367099989619,0.28459117710590365
valve,id_06,00000018.wav,abnormal,-1.012720131069301,0.3595532307791216,0.06735051423311234
valve,id_06,00000019.wav,abnormal,2.9833706017182706,0.6858300504019315,0.5144939422607422
valve,id_06,00000020.wav,abnormal,-0.8037906276962392,0.41846663325248157,0.10853251218795776
valve,id_06,00000021.wav,abnormal,1.6211083751669193,0.6311450793894624,0.4249906659126282
valve,id_06,00000022.wav,abnormal,-1.0160780676151084,0.3864439609514546,0.08195533603429794
valve,id_06,00000023.wav,abnormal,0.641181509223129,0.5793401733326348,0.3180966556072235
valve,id_06,00000024.wav,abnormal,-0.9994008016831497,0.35916104342321303,0.07692136466503144
valve,id_06,00000025.wav,abnormal,0.5393027442233826,0.600396155746805,0.29879565834999083
valve,id_06,00000026.wav,abnormal,-1.0399532555619881,0.3719008671613574,0.0782951645553112
valve,id_06,00000027.wav,abnormal,2.088706178659062,0.6732906197892856,0.39235121607780454
valve,id_06,00000028.wav,abnormal,-0.10875921230646135,0.5418678897709936,0.23032535016536712
valve,id_06,00000029.wav,abnormal,2.266072140383468,0.6515229270333209,0.4302375495433807
valve,id_06,00000030.wav,abnormal,-0.7888739725122047,0.3809509221970426,0.07354989871382714
valve,id_06,00000031.wav,abnormal,-0.3830566055740743,0.5338427918925734,0.24309520721435546
valve,id_06,00000032.wav,abnormal,-0.48894543301009996,0.41223592191470587,0.07771764248609543
valve,id_06,00000033.wav,abnormal,0.6513756951885838,0.6161034974840119,0.25297075808048247
valve,id_06,00000034.wav,abnormal,-0.7729651072974963,0.3887365133492205,0.10989208072423935
valve,id_06,00000035.wav,abnormal,-0.031630027366800206,0.5556603324853224,0.21299988925457
valve,id_06,00000036.wav,abnormal,-0.6439514058877993,0.40902624612304717,0.10004642605781555
valve,id_06,00000037.wav,abnormal,0.29072391765879324,0.5751949903512247,0.23504539728164672
valve,id_06,00000038.wav,abnormal,-0.5849805141705371,0.4488107187627156,0.17458987534046172
valve,id_06,00000039.wav,abnormal,-0.027735629632623215,0.556743652059001,0.2221956104040146
valve,id_06,00000040.wav,abnormal,-0.49980606232075786,0.42749955244954696,0.10518332421779633
valve,id_06,00000041.wav,abnormal,0.3534647369702011,0.5827089229592357,0.2484188348054886
valve,id_06,00000042.wav,abnormal,-0.8799444209461225,0.36785256480466655,0.08562215715646744
valve,id_06,00000043.wav,abnormal,-0.6416554773885235,0.48650734524339584,0.17240058183670043
valve,id_06,00000044.wav,abnormal,-0.7974944686920793,0.4323884028613086,0.1273757830262184
valve,id_06,00000045.wav,abnormal,0.21151763131462253,0.5863337145720978,0.22413973212242128
valve,id_06,00000046.wav,abnormal,-0.8791121207898627,0.3778565557669611,0.091406811773777
valve,id_06,00000047.wav,abnormal,-0.37096152641071356,0.531055241895885,0.18654469549655914
valve,id_06,00000048.wav,abnormal,-0.2394781704240696,0.4814498890782801,0.1483977422118187
valve,id_06,00000049.wav,abnormal,1.9842466357441193,0.6605931855126166,0.35512187480926516
valve,id_06,00000050.wav,abnormal,-0.8786259696065368,0.4196846953784483,0.11739706099033356
valve,id_06,00000051.wav,abnormal,-1.0925020134514583,0.37786315706435697,0.09378689229488373
valve,id_06,00000052.wav,abnormal,-0.8035471859832608,0.45362141573243514,0.1647421509027481
valve,id_06,00000053.wav,abnormal,-0.21943064355755304,0.5520086781014524,0.25242737531661985
valve,id_06,00000054.wav,abnormal,-0.695773466693705,0.4400729426314034,0.13045611083507538
valve,id_06,00000055.wav,abnormal,-0.6619083479545829,0.47188267372055726,0.14879512488842012
valve,id_06,00000056.wav,abnormal,-0.41758858527252585,0.5011927918445784,0.20147344768047332
valve,id_06,00000057.wav,abnormal,0.7476716397265939,0.5892861700186476,0.2544651418924332
valve,id_06,00000058.wav,abnormal,-0.7828787022328001,0.4062886143209476,0.10258308947086334
valve,id_06,00000059.wav,abnormal,-0.8669595464440008,0.4310341643708304,0.15618539452552796
valve,id_06,00000060.wav,abnormal,-1.0289006082674703,0.3839379656717456,0.10655355900526046
valve,id_06,00000061.wav,abnormal,-0.38232308526870007,0.4993630922961517,0.17093266993761064
valve,id_06,00000062.wav,abnormal,-0.7928211630070745,0.3859806345206985,0.08233432993292808
valve,id_06,00000063.wav,abnormal,-0.3428077850875262,0.5229767198985347,0.2074721485376358
valve,id_06,00000064.wav,abnormal,-0.9205214797020123,0.38118721243844,0.09288981854915619
valve,id_06,00000065.wav,abnormal,0.12910808492573445,0.5705215446084975,0.2877436399459839
valve,id_06,00000066.wav,abnormal,-0.8528863246602487,0.4338059504624123,0.1587495595216751
valve,id_06,00000067.wav,abnormal,-0.6470823899755782,0.4778663121333327,0.1369992360472679
valve,id_06,00000068.wav,abnormal,-0.731681540012108,0.45509189822546653,0.19355399310588836
valve,id_06,00000069.wav,abnormal,-0.5446078922114346,0.4871560370075322,0.15128839313983916
valve,id_06,00000070.wav,abnormal,-0.2945979418340112,0.5261542737297,0.19939796328544618
valve,id_06,00000071.wav,abnormal,-0.927870254803322,0.4149212711853824,0.10824950635433198
valve,id_06,00000072.wav,abnormal,-0.5201925436183679,0.46727382996123595,0.1545871376991272
valve,id_06,00000073.wav,abnormal,-0.8810505050910251,0.43589409657647527,0.13118068277835845
valve,id_06,00000074.wav,abnormal,-0.9694500177115106,0.35354641836990713,0.07526215463876725
valve,id_06,00000075.wav,abnormal,-0.21758714397756407,0.5330277657605875,0.256539323925972
valve,id_06,00000076.wav,abnormal,-0.4194799847858981,0.5283829039417224,0.26568261682987215
valve,id_06,00000077.wav,abnormal,-0.8313151961867771,0.44207454438515864,0.16508952677249908
valve,id_06,00000078.wav,abnormal,0.46242149086435624,0.5989608519155929,0.2591537058353424
valve,id_06,00000079.wav,abnormal,-0.6064391341578119,0.49073012975770575,0.17981365621089934
valve,id_06,00000080.wav,abnormal,-0.9200277708550555,0.41180873615734925,0.11889324635267258
valve,id_06,00000081.wav,abnormal,-0.31996928760325005,0.5405659728125908,0.24353611767292022
valve,id_06,00000082.wav,abnormal,-0.45822360905102677,0.4640451347876569,0.18048477172851562
valve,id_06,00000083.wav,abnormal,0.37911530504658053,0.5970760527935793,0.3046671986579895
valve,id_06,00000084.wav,abnormal,-0.8827435635078782,0.3715099967683308,0.07580945566296578
valve,id_06,00000085.wav,abnormal,-0.42040813648725894,0.5179042241621076,0.19767256081104279
valve,id_06,00000086.wav,abnormal,-1.0103891882573794,0.37273627760848466,0.08900248408317565
valve,id_06,00000087.wav,abnormal,-1.0466720001743681,0.4053165011906776,0.123625448346138
valve,id_06,00000088.wav,abnormal,-0.527681564520682,0.458460629589339,0.1486943006515503
valve,id_06,00000089.wav,abnormal,-0.7937789141852498,0.41141570114194576,0.10991622060537339
valve,id_06,00000090.wav,abnormal,-0.6584872924364777,0.42303363269409505,0.11541637629270554
valve,id_06,00000091.wav,abnormal,-0.5133289240973635,0.4957986638977535,0.18362244665622712
valve,id_06,00000092.wav,abnormal,0.17848310485872254,0.5449771988828783,0.19565726220607757
valve,id_06,00000093.wav,abnormal,-0.52759820872296,0.49842457033531595,0.15028730034828186
valve,id_06,00000094.wav,abnormal,-0.8664345531898601,0.3639903244097289,0.07022902891039848
valve,id_06,00000095.wav,abnormal,-0.8052657727493617,0.47460504505836426,0.17075477838516234
valve,id_06,00000096.wav,abnormal,-0.787420059018439,0.3944827286173755,0.10233860909938812
valve,id_06,00000097.wav,abnormal,-0.7293159664352054,0.47804310595171595,0.19721930027008056
valve,id_06,00000098.wav,abnormal,-0.9502419778603741,0.3943985280707898,0.10383279472589493
valve,id_06,00000099.wav,abnormal,1.3293986747772077,0.6390064323418372,0.3359487235546112
valve,id_06,00000100.wav,abnormal,-0.399466204167938,0.5187200174582416,0.2382430374622345
valve,id_06,00000101.wav,abnormal,-0.7203501837877972,0.4477121289551461,0.17360636591911316
valve,id_06,00000102.wav,abnormal,-0.5946778305606149,0.5017298738671571,0.18560636639595032
valve,id_06,00000103.wav,abnormal,0.14150435621033353,0.5763504861164456,0.2677310943603516
valve,id_06,00000104.wav,abnormal,-0.9931368223244679,0.42262797434475463,0.12619580030441285
valve,id_06,00000105.wav,abnormal,-0.5675792492307803,0.44703837009742703,0.1750731110572815
valve,id_06,00000106.wav,abnormal,-0.5757306794503219,0.4963069880281507,0.17432547062635423
valve,id_06,00000107.wav,abnormal,-0.8303593816946897,0.3930903735897091,0.10731215626001359
valve,id_06,00000108.wav,abnormal,-0.7852448486999375,0.44722095736221606,0.1710711658000946
valve,id_06,00000109.wav,abnormal,-0.6069186675109766,0.4422745637742863,0.1331147223711014
valve,id_06,00000110.wav,abnormal,-0.8791734549278605,0.4276160633511024,0.13373173922300338
valve,id_06,00000111.wav,abnormal,-0.8202517595131074,0.4091702270814783,0.12997157424688338
valve,id_06,00000112.wav,abnormal,0.5688291231571299,0.6208911402934093,0.3722313642501831
valve,id_06,00000113.wav,abnormal,-0.16711204855437778,0.5177429048995433,0.213412806391716
valve,id_06,00000114.wav,abnormal,-0.4765045074158909,0.4724805461515368,0.16746656894683837
valve,id_06,00000115.wav,abnormal,-0.8207822921721739,0.38093144808459745,0.0822868749499321
valve,id_06,00000116.wav,abnormal,-0.5356033774507161,0.4694637604183811,0.16628394424915313
valve,id_06,00000117.wav,abnormal,-0.8477599537057827,0.41158766203044594,0.11617188900709152
valve,id_06,00000118.wav,abnormal,-0.5233728759442506,0.41326002465394424,0.11523482650518417
valve,id_06,00000119.wav,abnormal,-0.570102507098996,0.44759669701927557,0.14497550427913666
