machine_type,machine_id,filename,true_label,global_normalized_euclidean,specific_normalized_euclidean
fan,id_00,00000764.wav,normal,13.479394912719727,10.28368091583252
fan,id_00,00000269.wav,normal,12.698755264282227,8.425640106201172
fan,id_00,00000551.wav,normal,12.827729225158691,9.918597221374512
fan,id_00,00000985.wav,normal,10.632372856140137,30.003915786743164
fan,id_00,00000762.wav,normal,12.88206672668457,14.618427276611328
fan,id_00,00000252.wav,normal,12.064031600952148,12.378046035766602
fan,id_00,00001003.wav,normal,13.658191680908203,13.103585243225098
fan,id_00,00000271.wav,normal,12.235383033752441,8.645862579345703
fan,id_00,00000146.wav,normal,14.833532333374023,19.32366943359375
fan,id_00,00000469.wav,normal,12.12804889678955,9.874577522277832
fan,id_00,00000658.wav,normal,11.984052658081055,9.929495811462402
fan,id_00,00000405.wav,normal,12.259702682495117,9.657867431640625
fan,id_00,00000511.wav,normal,13.259445190429688,12.46240234375
fan,id_00,00000671.wav,normal,12.886842727661133,10.440570831298828
fan,id_00,00000217.wav,normal,12.08668327331543,6.810290813446045
fan,id_00,00000322.wav,normal,12.807090759277344,8.488709449768066
fan,id_00,00000735.wav,normal,12.251965522766113,10.15713119506836
fan,id_00,00000580.wav,normal,12.339639663696289,8.681840896606445
fan,id_00,00000216.wav,normal,12.462822914123535,15.540550231933594
fan,id_00,00000067.wav,normal,12.520838737487793,18.618181228637695
fan,id_00,00000274.wav,normal,11.885856628417969,18.658430099487305
fan,id_00,00000410.wav,normal,12.857460975646973,10.29479694366455
fan,id_00,00000323.wav,normal,9.17733097076416,14.045587539672852
fan,id_00,00000824.wav,normal,12.910266876220703,16.500452041625977
fan,id_00,00000993.wav,normal,11.809995651245117,16.23760414123535
fan,id_00,00000841.wav,normal,13.193528175354004,10.625651359558105
fan,id_00,00000234.wav,normal,13.076982498168945,9.87111759185791
fan,id_00,00000057.wav,normal,10.11642837524414,20.219907760620117
fan,id_00,00000794.wav,normal,12.695101737976074,9.022560119628906
fan,id_00,00000786.wav,normal,11.647950172424316,23.731212615966797
fan,id_00,00000863.wav,normal,12.5418062210083,8.86391544342041
fan,id_00,00000332.wav,normal,11.631845474243164,21.622636795043945
fan,id_00,00000701.wav,normal,13.260825157165527,13.320161819458008
fan,id_00,00000224.wav,normal,10.818170547485352,10.012813568115234
fan,id_00,00000570.wav,normal,13.958495140075684,19.95997428894043
fan,id_00,00000704.wav,normal,13.132144927978516,11.259465217590332
fan,id_00,00000655.wav,normal,13.350082397460938,17.062541961669922
fan,id_00,00000276.wav,normal,12.825993537902832,10.250835418701172
fan,id_00,00000388.wav,normal,12.565589904785156,9.056468963623047
fan,id_00,00000473.wav,normal,10.467938423156738,18.886722564697266
fan,id_00,00000167.wav,normal,10.776090621948242,12.935243606567383
fan,id_00,00001005.wav,normal,10.844155311584473,13.41645336151123
fan,id_00,00000746.wav,normal,12.325160026550293,18.411285400390625
fan,id_00,00000546.wav,normal,12.425668716430664,15.885414123535156
fan,id_00,00000175.wav,normal,10.747597694396973,21.900211334228516
fan,id_00,00000917.wav,normal,12.605984687805176,11.018701553344727
fan,id_00,00000623.wav,normal,10.331957817077637,16.5072021484375
fan,id_00,00000073.wav,normal,11.874780654907227,12.33705997467041
fan,id_00,00000663.wav,normal,11.876046180725098,4.634598255157471
fan,id_00,00000699.wav,normal,13.275513648986816,11.118295669555664
fan,id_00,00000981.wav,normal,13.136183738708496,28.165699005126953
fan,id_00,00000273.wav,normal,10.569670677185059,11.839570999145508
fan,id_00,00000686.wav,normal,11.929821968078613,13.118377685546875
fan,id_00,00000214.wav,normal,11.11349868774414,12.046730995178223
fan,id_00,00000363.wav,normal,12.523025512695312,8.738077163696289
fan,id_00,00000379.wav,normal,11.948419570922852,8.78179931640625
fan,id_00,00000166.wav,normal,12.477371215820312,7.482966899871826
fan,id_00,00000373.wav,normal,12.21509838104248,12.071544647216797
fan,id_00,00000854.wav,normal,12.902174949645996,8.038597106933594
fan,id_00,00000650.wav,normal,13.567326545715332,15.429952621459961
fan,id_00,00000464.wav,normal,11.83043098449707,12.811979293823242
fan,id_00,00000965.wav,normal,13.809330940246582,18.4219970703125
fan,id_00,00000958.wav,normal,9.150936126708984,38.757965087890625
fan,id_00,00000103.wav,normal,12.768506050109863,9.934078216552734
fan,id_00,00000887.wav,normal,13.16832160949707,11.412435531616211
fan,id_00,00000989.wav,normal,11.325308799743652,11.173249244689941
fan,id_00,00000875.wav,normal,13.899770736694336,29.91231918334961
fan,id_00,00000081.wav,normal,13.798975944519043,11.716426849365234
fan,id_00,00000296.wav,normal,12.341280937194824,7.729758262634277
fan,id_00,00000791.wav,normal,12.99437141418457,8.238642692565918
fan,id_00,00000233.wav,normal,12.737180709838867,7.624823570251465
fan,id_00,00000677.wav,normal,13.996552467346191,23.711139678955078
fan,id_00,00000046.wav,normal,13.228333473205566,11.834527969360352
fan,id_00,00000071.wav,normal,12.214149475097656,10.420585632324219
fan,id_00,00000721.wav,normal,11.844986915588379,11.594039916992188
fan,id_00,00000196.wav,normal,14.12897777557373,12.71331787109375
fan,id_00,00000591.wav,normal,11.062219619750977,29.42526626586914
fan,id_00,00000370.wav,normal,12.772327423095703,20.207637786865234
fan,id_00,00000882.wav,normal,11.698058128356934,9.841373443603516
fan,id_00,00000906.wav,normal,13.146650314331055,16.071237564086914
fan,id_00,00000633.wav,normal,13.117358207702637,12.162111282348633
fan,id_00,00000643.wav,normal,12.745925903320312,15.968957901000977
fan,id_00,00000849.wav,normal,12.800929069519043,23.406021118164062
fan,id_00,00000300.wav,normal,10.18940258026123,25.046003341674805
fan,id_00,00000565.wav,normal,12.00299072265625,7.614191055297852
fan,id_00,00000080.wav,normal,11.468069076538086,12.7304105758667
fan,id_00,00000387.wav,normal,13.313011169433594,10.357755661010742
fan,id_00,00000944.wav,normal,12.727659225463867,15.161712646484375
fan,id_00,00000127.wav,normal,12.304612159729004,8.954639434814453
fan,id_00,00000549.wav,normal,9.993733406066895,15.536105155944824
fan,id_00,00000470.wav,normal,14.194379806518555,15.357523918151855
fan,id_00,00000747.wav,normal,13.055875778198242,25.213623046875
fan,id_00,00000044.wav,normal,12.96859073638916,14.47468376159668
fan,id_00,00000826.wav,normal,12.653936386108398,12.63623046875
fan,id_00,00000270.wav,normal,12.800630569458008,12.126657485961914
fan,id_00,00000618.wav,normal,12.764800071716309,8.993939399719238
fan,id_00,00000352.wav,normal,11.936473846435547,9.50584888458252
fan,id_00,00000867.wav,normal,13.116381645202637,11.244389533996582
fan,id_00,00000367.wav,normal,12.276363372802734,10.339552879333496
fan,id_00,00000099.wav,normal,12.128972053527832,14.371123313903809
fan,id_00,00000389.wav,normal,10.836921691894531,10.462386131286621
fan,id_00,00000094.wav,normal,14.132577896118164,13.35761833190918
fan,id_00,00001001.wav,normal,12.643871307373047,15.216462135314941
fan,id_00,00000344.wav,normal,13.853282928466797,15.7686767578125
fan,id_00,00000781.wav,normal,13.45754623413086,17.429794311523438
fan,id_00,00000220.wav,normal,12.154550552368164,12.112211227416992
fan,id_00,00000159.wav,normal,12.795018196105957,29.3016300201416
fan,id_00,00000975.wav,normal,13.465147018432617,10.08763599395752
fan,id_00,00000348.wav,normal,10.741538047790527,11.545021057128906
fan,id_00,00000994.wav,normal,12.852293014526367,12.353719711303711
fan,id_00,00000714.wav,normal,10.416410446166992,13.171415328979492
fan,id_00,00000163.wav,normal,13.224048614501953,15.424620628356934
fan,id_00,00000825.wav,normal,12.446324348449707,10.096700668334961
fan,id_00,00000777.wav,normal,12.992542266845703,12.017075538635254
fan,id_00,00000006.wav,normal,12.357467651367188,21.881549835205078
fan,id_00,00000890.wav,normal,12.353158950805664,9.994769096374512
fan,id_00,00000828.wav,normal,12.497611999511719,8.210844039916992
fan,id_00,00000284.wav,normal,11.932165145874023,9.422148704528809
fan,id_00,00000603.wav,normal,12.593317031860352,9.353052139282227
fan,id_00,00000459.wav,normal,12.011629104614258,12.3010835647583
fan,id_00,00000225.wav,normal,12.081257820129395,8.509031295776367
fan,id_00,00000429.wav,normal,10.510668754577637,7.052246570587158
fan,id_00,00000997.wav,normal,11.320572853088379,26.63603973388672
fan,id_00,00000718.wav,normal,13.020162582397461,8.801438331604004
fan,id_00,00000665.wav,normal,12.280622482299805,9.184589385986328
fan,id_00,00000733.wav,normal,12.90295124053955,10.408992767333984
fan,id_00,00000203.wav,normal,11.137311935424805,18.310440063476562
fan,id_00,00000574.wav,normal,11.442895889282227,8.428934097290039
fan,id_00,00000027.wav,normal,13.052130699157715,14.30147933959961
fan,id_00,00000616.wav,normal,11.267797470092773,17.80638313293457
fan,id_00,00000517.wav,normal,11.726844787597656,18.62841033935547
fan,id_00,00000238.wav,normal,11.588335037231445,7.8322272300720215
fan,id_00,00000223.wav,normal,12.922048568725586,8.130097389221191
fan,id_00,00000095.wav,normal,14.340594291687012,24.856325149536133
fan,id_00,00000030.wav,normal,12.398447036743164,13.239161491394043
fan,id_00,00000032.wav,normal,11.17835521697998,9.042524337768555
fan,id_00,00000432.wav,normal,13.96612548828125,15.454877853393555
fan,id_00,00000604.wav,normal,13.0880126953125,14.22145938873291
fan,id_00,00000089.wav,normal,12.188154220581055,14.550063133239746
fan,id_00,00000558.wav,normal,14.602996826171875,16.962026596069336
fan,id_00,00000913.wav,normal,12.603687286376953,7.469348907470703
fan,id_00,00000758.wav,normal,11.513555526733398,19.158281326293945
fan,id_00,00000692.wav,normal,13.113569259643555,25.108898162841797
fan,id_00,00000104.wav,normal,13.203322410583496,11.342667579650879
fan,id_00,00000754.wav,normal,11.818434715270996,12.831010818481445
fan,id_00,00000142.wav,normal,11.881556510925293,7.809643745422363
fan,id_00,00000228.wav,normal,14.176461219787598,34.07291793823242
fan,id_00,00000250.wav,normal,11.261616706848145,20.356765747070312
fan,id_00,00000281.wav,normal,13.552739143371582,19.460281372070312
fan,id_00,00000759.wav,normal,10.831461906433105,13.669663429260254
fan,id_00,00000025.wav,normal,12.760912895202637,13.362176895141602
fan,id_00,00000114.wav,normal,11.8040189743042,18.913454055786133
fan,id_00,00000654.wav,normal,13.443580627441406,16.517812728881836
fan,id_02,00000417.wav,normal,18.875364303588867,10.288816452026367
fan,id_02,00000565.wav,normal,17.542274475097656,5.825544357299805
fan,id_02,00000014.wav,normal,12.313352584838867,39.69393539428711
fan,id_02,00000564.wav,normal,16.87860679626465,23.763023376464844
fan,id_02,00000318.wav,normal,16.93501853942871,7.155013084411621
fan,id_02,00000162.wav,normal,16.863611221313477,15.147798538208008
fan,id_02,00000726.wav,normal,17.7880802154541,6.902582168579102
fan,id_02,00000245.wav,normal,10.686186790466309,32.98655319213867
fan,id_02,00000818.wav,normal,18.739654541015625,10.539481163024902
fan,id_02,00000623.wav,normal,18.444198608398438,6.672728061676025
fan,id_02,00000645.wav,normal,16.77911949157715,8.564311981201172
fan,id_02,00000029.wav,normal,18.167821884155273,6.759281635284424
fan,id_02,00000124.wav,normal,18.447673797607422,9.260454177856445
fan,id_02,00000496.wav,normal,17.345827102661133,8.794743537902832
fan,id_02,00000715.wav,normal,19.72115707397461,13.717848777770996
fan,id_02,00000972.wav,normal,18.714479446411133,8.754938125610352
fan,id_02,00000294.wav,normal,18.10711669921875,7.305324554443359
fan,id_02,00000134.wav,normal,17.37694549560547,7.2384843826293945
fan,id_02,00000562.wav,normal,19.124780654907227,9.416450500488281
fan,id_02,00000273.wav,normal,19.87550163269043,15.814090728759766
fan,id_02,00000208.wav,normal,18.5267391204834,12.220539093017578
fan,id_02,00000052.wav,normal,17.731285095214844,10.906425476074219
fan,id_02,00000914.wav,normal,14.480305671691895,24.0548152923584
fan,id_02,00000941.wav,normal,15.377459526062012,16.214757919311523
fan,id_02,00001011.wav,normal,17.215621948242188,7.077990531921387
fan,id_02,00000510.wav,normal,16.907089233398438,7.720155715942383
fan,id_02,00001015.wav,normal,18.27036476135254,8.544516563415527
fan,id_02,00000637.wav,normal,16.873449325561523,12.868213653564453
fan,id_02,00000370.wav,normal,17.982709884643555,13.316143989562988
fan,id_02,00000530.wav,normal,16.817607879638672,8.930853843688965
fan,id_02,00000192.wav,normal,18.758394241333008,16.176515579223633
fan,id_02,00000055.wav,normal,15.144841194152832,31.92527198791504
fan,id_02,00000423.wav,normal,18.58510971069336,10.875864028930664
fan,id_02,00000473.wav,normal,18.915016174316406,12.362645149230957
fan,id_02,00000555.wav,normal,19.080326080322266,12.387666702270508
fan,id_02,00000890.wav,normal,14.769369125366211,23.808860778808594
fan,id_02,00000673.wav,normal,17.436141967773438,6.261002063751221
fan,id_02,00000001.wav,normal,13.769022941589355,28.502578735351562
fan,id_02,00000988.wav,normal,15.212479591369629,26.9805965423584
fan,id_02,00000526.wav,normal,17.43834686279297,12.632414817810059
fan,id_02,00000885.wav,normal,17.91332244873047,14.456805229187012
fan,id_02,00000413.wav,normal,17.261432647705078,19.940996170043945
fan,id_02,00000791.wav,normal,14.8019380569458,31.6693172454834
fan,id_02,00000118.wav,normal,14.853983879089355,22.625659942626953
fan,id_02,00000331.wav,normal,17.33864402770996,7.732794761657715
fan,id_02,00000258.wav,normal,17.75937271118164,4.845532417297363
fan,id_02,00000322.wav,normal,15.716901779174805,23.162403106689453
fan,id_02,00000090.wav,normal,18.050809860229492,9.427066802978516
fan,id_02,00000465.wav,normal,19.465003967285156,14.646639823913574
fan,id_02,00000037.wav,normal,19.13797950744629,9.567830085754395
fan,id_02,00000563.wav,normal,15.143394470214844,15.941267013549805
fan,id_02,00000778.wav,normal,18.31696128845215,6.300941467285156
fan,id_02,00000934.wav,normal,17.076204299926758,10.633906364440918
fan,id_02,00000410.wav,normal,17.665851593017578,8.883318901062012
fan,id_02,00000678.wav,normal,17.346330642700195,10.551447868347168
fan,id_02,00000985.wav,normal,17.14779281616211,6.22207498550415
fan,id_02,00000507.wav,normal,16.41440200805664,13.792628288269043
fan,id_02,00000710.wav,normal,13.494084358215332,25.029726028442383
fan,id_02,00000421.wav,normal,17.400497436523438,10.31900691986084
fan,id_02,00000337.wav,normal,18.1785888671875,6.359863758087158
fan,id_02,00000164.wav,normal,18.107479095458984,8.590104103088379
fan,id_02,00000878.wav,normal,18.406879425048828,6.827585220336914
fan,id_02,00000107.wav,normal,15.702486991882324,18.60968017578125
fan,id_02,00000686.wav,normal,18.29882049560547,13.167213439941406
fan,id_02,00000328.wav,normal,17.19473648071289,9.513078689575195
fan,id_02,00000341.wav,normal,16.802152633666992,9.23608684539795
fan,id_02,00000418.wav,normal,17.9918155670166,11.669553756713867
fan,id_02,00000356.wav,normal,16.376253128051758,13.027704238891602
fan,id_02,00000944.wav,normal,17.489139556884766,11.653897285461426
fan,id_02,00000961.wav,normal,17.307090759277344,10.908707618713379
fan,id_02,00000503.wav,normal,18.27066993713379,10.262953758239746
fan,id_02,00000833.wav,normal,17.942352294921875,20.841136932373047
fan,id_02,00000650.wav,normal,10.81496810913086,36.29762268066406
fan,id_02,00000446.wav,normal,10.081198692321777,44.03508377075195
fan,id_02,00000599.wav,normal,17.461353302001953,6.618778228759766
fan,id_02,00000185.wav,normal,18.675491333007812,8.767821311950684
fan,id_02,00000284.wav,normal,18.57390594482422,7.560342788696289
fan,id_02,00000938.wav,normal,19.512691497802734,15.150028228759766
fan,id_02,00000452.wav,normal,17.732938766479492,16.190568923950195
fan,id_02,00000667.wav,normal,16.95648956298828,10.244256973266602
fan,id_02,00000531.wav,normal,18.158681869506836,13.065430641174316
fan,id_02,00000481.wav,normal,15.386540412902832,11.901649475097656
fan,id_02,00000179.wav,normal,17.487947463989258,9.837725639343262
fan,id_02,00000774.wav,normal,17.68154525756836,9.637495040893555
fan,id_02,00000781.wav,normal,17.59324836730957,7.828480243682861
fan,id_02,00000041.wav,normal,18.08258628845215,34.45913314819336
fan,id_02,00000590.wav,normal,16.7764949798584,11.648398399353027
fan,id_02,00000275.wav,normal,18.10464096069336,8.952215194702148
fan,id_02,00000841.wav,normal,17.59993553161621,6.075088024139404
fan,id_02,00000688.wav,normal,17.27206039428711,10.33625602722168
fan,id_02,00000783.wav,normal,15.86253547668457,17.016399383544922
fan,id_02,00000021.wav,normal,17.546981811523438,10.144286155700684
fan,id_02,00000601.wav,normal,19.46365737915039,15.098040580749512
fan,id_02,00000589.wav,normal,18.197128295898438,7.028133869171143
fan,id_02,00000881.wav,normal,11.277558326721191,30.7474422454834
fan,id_02,00000856.wav,normal,17.562515258789062,6.824140548706055
fan,id_02,00000690.wav,normal,18.08954620361328,11.632065773010254
fan,id_02,00000234.wav,normal,12.642928123474121,26.330333709716797
fan,id_02,00000093.wav,normal,17.52043342590332,7.310591697692871
fan,id_02,00000026.wav,normal,14.600567817687988,13.14064884185791
fan,id_02,00000256.wav,normal,18.10236167907715,7.752685546875
fan,id_02,00000618.wav,normal,17.823957443237305,20.194517135620117
fan,id_02,00000330.wav,normal,17.226287841796875,9.81977367401123
fan,id_02,00000752.wav,normal,17.43726348876953,6.604068279266357
fan,id_02,00000442.wav,normal,18.33970069885254,7.186532497406006
fan,id_02,00000910.wav,normal,17.340452194213867,9.51555347442627
fan,id_02,00000040.wav,normal,17.882232666015625,10.53429126739502
fan,id_02,00000612.wav,normal,18.4527645111084,13.173312187194824
fan,id_02,00000082.wav,normal,18.75455665588379,18.011104583740234
fan,id_02,00000448.wav,normal,17.4209041595459,9.050036430358887
fan,id_02,00000505.wav,normal,18.146411895751953,17.862661361694336
fan,id_02,00000552.wav,normal,15.767223358154297,30.140117645263672
fan,id_02,00000512.wav,normal,16.24790382385254,7.646848201751709
fan,id_02,00000278.wav,normal,19.832151412963867,13.77611255645752
fan,id_02,00000965.wav,normal,19.451534271240234,14.265337944030762
fan,id_02,00000412.wav,normal,17.94877052307129,6.916500568389893
fan,id_02,00000716.wav,normal,18.389745712280273,12.215785026550293
fan,id_02,00000311.wav,normal,17.574825286865234,8.920905113220215
fan,id_02,00000705.wav,normal,17.413785934448242,10.995980262756348
fan,id_02,00000479.wav,normal,15.269039154052734,21.503002166748047
fan,id_02,00000127.wav,normal,17.69170379638672,5.996383190155029
fan,id_02,00000449.wav,normal,16.528656005859375,12.246903419494629
fan,id_02,00000295.wav,normal,13.219351768493652,26.703760147094727
fan,id_02,00000943.wav,normal,16.84227180480957,5.718371868133545
fan,id_02,00000582.wav,normal,17.148000717163086,18.658063888549805
fan,id_02,00000844.wav,normal,15.383283615112305,20.145980834960938
fan,id_02,00000766.wav,normal,17.41350746154785,8.758469581604004
fan,id_02,00000609.wav,normal,17.50577735900879,15.507891654968262
fan,id_02,00000314.wav,normal,17.912555694580078,7.671923637390137
fan,id_02,00000811.wav,normal,15.646154403686523,9.900721549987793
fan,id_02,00000169.wav,normal,17.54889678955078,16.800392150878906
fan,id_02,00000061.wav,normal,15.095016479492188,22.597911834716797
fan,id_02,00000073.wav,normal,17.331384658813477,16.820497512817383
fan,id_02,00000145.wav,normal,19.11416244506836,15.417214393615723
fan,id_02,00000846.wav,normal,18.148927688598633,17.06825828552246
fan,id_02,00000272.wav,normal,17.96540641784668,9.6455078125
fan,id_02,00000930.wav,normal,18.273334503173828,7.642797470092773
fan,id_02,00000152.wav,normal,17.869258880615234,6.912494659423828
fan,id_02,00000663.wav,normal,17.70269012451172,3.9843780994415283
fan,id_02,00000230.wav,normal,17.212894439697266,11.644532203674316
fan,id_02,00000557.wav,normal,17.748003005981445,7.6802849769592285
fan,id_02,00000117.wav,normal,17.724674224853516,12.791378021240234
fan,id_02,00000435.wav,normal,17.20297622680664,27.631351470947266
fan,id_02,00000202.wav,normal,18.172775268554688,10.113582611083984
fan,id_02,00000956.wav,normal,17.5667781829834,4.505141258239746
fan,id_02,00000823.wav,normal,18.615524291992188,7.9549689292907715
fan,id_02,00000677.wav,normal,17.182167053222656,10.506361961364746
fan,id_02,00000603.wav,normal,17.58193588256836,10.53670883178711
fan,id_02,00000640.wav,normal,13.84673023223877,27.58780288696289
fan,id_02,00000810.wav,normal,17.069303512573242,12.708070755004883
fan,id_02,00000806.wav,normal,18.663955688476562,10.051176071166992
fan,id_02,00000270.wav,normal,15.895587921142578,17.679731369018555
fan,id_02,00000946.wav,normal,19.477144241333008,16.153949737548828
fan,id_04,00000903.wav,normal,13.5958251953125,49.222042083740234
fan,id_04,00000043.wav,normal,13.842716217041016,11.97946548461914
fan,id_04,00000457.wav,normal,15.121806144714355,13.58360767364502
fan,id_04,00000359.wav,normal,14.891631126403809,17.081693649291992
fan,id_04,00000454.wav,normal,14.201944351196289,10.23265552520752
fan,id_04,00000706.wav,normal,12.911709785461426,20.048686981201172
fan,id_04,00000170.wav,normal,15.741202354431152,14.867964744567871
fan,id_04,00000436.wav,normal,14.324527740478516,10.258495330810547
fan,id_04,00000734.wav,normal,13.316417694091797,7.8528642654418945
fan,id_04,00000617.wav,normal,15.129290580749512,18.811885833740234
fan,id_04,00000456.wav,normal,14.17381763458252,8.748068809509277
fan,id_04,00000313.wav,normal,13.238679885864258,10.907268524169922
fan,id_04,00000302.wav,normal,15.457898139953613,13.227823257446289
fan,id_04,00000676.wav,normal,11.065443992614746,15.616316795349121
fan,id_04,00000335.wav,normal,14.727434158325195,10.434694290161133
fan,id_04,00000081.wav,normal,15.355639457702637,18.27967071533203
fan,id_04,00000105.wav,normal,13.94732666015625,6.511729717254639
fan,id_04,00000328.wav,normal,13.446906089782715,17.5515079498291
fan,id_04,00000952.wav,normal,14.469934463500977,9.622678756713867
fan,id_04,00000558.wav,normal,12.084033012390137,12.30056095123291
fan,id_04,00000184.wav,normal,12.227757453918457,12.200030326843262
fan,id_04,00000842.wav,normal,12.03633975982666,26.74220085144043
fan,id_04,00000616.wav,normal,12.779207229614258,13.525297164916992
fan,id_04,00000440.wav,normal,17.042774200439453,18.591114044189453
fan,id_04,00000080.wav,normal,14.06238079071045,10.205952644348145
fan,id_04,00000434.wav,normal,14.299866676330566,12.955159187316895
fan,id_04,00000744.wav,normal,14.080636024475098,21.65894317626953
fan,id_04,00000084.wav,normal,11.14732551574707,18.558481216430664
fan,id_04,00000820.wav,normal,12.376087188720703,14.712869644165039
fan,id_04,00000273.wav,normal,14.372871398925781,11.15749740600586
fan,id_04,00000531.wav,normal,13.832910537719727,7.657018661499023
fan,id_04,00000816.wav,normal,11.139262199401855,20.72006607055664
fan,id_04,00000922.wav,normal,13.568267822265625,6.581263065338135
fan,id_04,00000509.wav,normal,12.93057918548584,23.477115631103516
fan,id_04,00000708.wav,normal,11.09893798828125,16.955848693847656
fan,id_04,00000508.wav,normal,14.290974617004395,7.341608047485352
fan,id_04,00001015.wav,normal,13.90341567993164,6.266445159912109
fan,id_04,00000347.wav,normal,14.962302207946777,9.580587387084961
fan,id_04,00000395.wav,normal,14.074213027954102,11.64128303527832
fan,id_04,00000916.wav,normal,13.570457458496094,10.21493148803711
fan,id_04,00000450.wav,normal,14.375685691833496,16.676210403442383
fan,id_04,00000761.wav,normal,13.560516357421875,13.975492477416992
fan,id_04,00000409.wav,normal,14.966180801391602,17.329002380371094
fan,id_04,00000910.wav,normal,14.424960136413574,11.059242248535156
fan,id_04,00000447.wav,normal,16.07695198059082,16.081832885742188
fan,id_04,00000376.wav,normal,14.39891529083252,15.487422943115234
fan,id_04,00000818.wav,normal,12.168293952941895,18.871728897094727
fan,id_04,00000127.wav,normal,13.383892059326172,8.317753791809082
fan,id_04,00000279.wav,normal,13.431124687194824,11.122352600097656
fan,id_04,00000339.wav,normal,14.119203567504883,9.909653663635254
fan,id_04,00000671.wav,normal,15.807330131530762,16.197683334350586
fan,id_04,00000886.wav,normal,11.850384712219238,20.805871963500977
fan,id_04,00000048.wav,normal,16.29812240600586,15.994132041931152
fan,id_04,00000799.wav,normal,13.18329906463623,6.969878196716309
fan,id_04,00000882.wav,normal,11.500717163085938,13.20880126953125
fan,id_04,00000989.wav,normal,14.031941413879395,11.927189826965332
fan,id_04,00000292.wav,normal,14.869236946105957,9.112805366516113
fan,id_04,00000195.wav,normal,15.378008842468262,13.040661811828613
fan,id_04,00000662.wav,normal,13.506179809570312,8.789790153503418
fan,id_04,00000771.wav,normal,13.92863941192627,8.520439147949219
fan,id_04,00000953.wav,normal,15.070779800415039,13.028851509094238
fan,id_04,00000992.wav,normal,13.763726234436035,10.566034317016602
fan,id_04,00000484.wav,normal,13.288527488708496,15.247173309326172
fan,id_04,00000556.wav,normal,14.751852989196777,20.807680130004883
fan,id_04,00000834.wav,normal,10.439008712768555,20.121051788330078
fan,id_04,00000407.wav,normal,15.337013244628906,11.366806983947754
fan,id_04,00000527.wav,normal,13.288268089294434,12.196695327758789
fan,id_04,00000317.wav,normal,16.931875228881836,18.529115676879883
fan,id_04,00000323.wav,normal,15.346607208251953,15.409107208251953
fan,id_04,00000042.wav,normal,13.74161148071289,10.411628723144531
fan,id_04,00000907.wav,normal,13.822589874267578,17.91944122314453
fan,id_04,00000204.wav,normal,15.402414321899414,12.304911613464355
fan,id_04,00000810.wav,normal,10.899887084960938,14.459228515625
fan,id_04,00000996.wav,normal,13.110740661621094,7.683778762817383
fan,id_04,00000206.wav,normal,14.493785858154297,11.098572731018066
fan,id_04,00000300.wav,normal,12.791692733764648,12.35274887084961
fan,id_04,00000037.wav,normal,14.585302352905273,16.3486270904541
fan,id_04,00000468.wav,normal,14.819784164428711,9.377481460571289
fan,id_04,00000794.wav,normal,13.397124290466309,13.751749038696289
fan,id_04,00000733.wav,normal,14.684516906738281,10.355262756347656
fan,id_04,00000064.wav,normal,12.280393600463867,27.09443473815918
fan,id_04,00000138.wav,normal,12.537067413330078,24.034025192260742
fan,id_04,00000830.wav,normal,12.103580474853516,8.483765602111816
fan,id_04,00000186.wav,normal,10.892189979553223,22.875761032104492
fan,id_04,00000646.wav,normal,12.362483024597168,12.956953048706055
fan,id_04,00000490.wav,normal,13.033113479614258,16.205852508544922
fan,id_04,00000712.wav,normal,15.600642204284668,20.613407135009766
fan,id_04,00000475.wav,normal,14.723419189453125,15.89498519897461
fan,id_04,00000701.wav,normal,11.306251525878906,20.986093521118164
fan,id_04,00000797.wav,normal,12.727663040161133,14.157485961914062
fan,id_04,00000850.wav,normal,13.929299354553223,12.684672355651855
fan,id_04,00000179.wav,normal,11.07140064239502,27.259925842285156
fan,id_04,00000658.wav,normal,12.095670700073242,16.04716682434082
fan,id_04,00000833.wav,normal,12.823122024536133,10.593009948730469
fan,id_04,00000346.wav,normal,14.660257339477539,9.998331069946289
fan,id_04,00000559.wav,normal,13.640865325927734,13.277275085449219
fan,id_04,00000360.wav,normal,15.220735549926758,17.04398536682129
fan,id_04,00000045.wav,normal,9.69328498840332,48.92243957519531
fan,id_04,00000136.wav,normal,12.374471664428711,9.968094825744629
fan,id_04,00000340.wav,normal,13.513371467590332,11.5171480178833
fan,id_04,00000774.wav,normal,15.030715942382812,14.494236946105957
fan,id_04,00000752.wav,normal,13.393295288085938,22.139202117919922
fan,id_04,00000595.wav,normal,10.806951522827148,14.458014488220215
fan,id_04,00000790.wav,normal,12.715888977050781,11.31247329711914
fan,id_04,00000106.wav,normal,14.424857139587402,10.422581672668457
fan,id_04,00000643.wav,normal,13.282758712768555,9.50156307220459
fan,id_04,00000672.wav,normal,14.383561134338379,9.243093490600586
fan,id_04,00000750.wav,normal,15.133971214294434,12.4909086227417
fan,id_04,00001018.wav,normal,15.92998218536377,14.292380332946777
fan,id_04,00000353.wav,normal,12.280035018920898,15.597223281860352
fan,id_04,00001008.wav,normal,10.259756088256836,22.65561866760254
fan,id_04,00000807.wav,normal,15.162259101867676,13.73869800567627
fan,id_04,00000365.wav,normal,14.229735374450684,10.515056610107422
fan,id_04,00000016.wav,normal,14.624149322509766,17.06899070739746
fan,id_04,00000765.wav,normal,14.57809066772461,11.344388961791992
fan,id_04,00000259.wav,normal,11.706482887268066,21.10680389404297
fan,id_04,00000382.wav,normal,13.50749683380127,22.747514724731445
fan,id_04,00000396.wav,normal,11.891531944274902,16.29572105407715
fan,id_04,00000650.wav,normal,12.731115341186523,11.398435592651367
fan,id_04,00000044.wav,normal,13.459214210510254,13.910518646240234
fan,id_04,00000481.wav,normal,16.061874389648438,14.29389762878418
fan,id_04,00000894.wav,normal,13.87418270111084,10.445101737976074
fan,id_04,00000399.wav,normal,13.979214668273926,20.743825912475586
fan,id_04,00000020.wav,normal,12.980631828308105,10.796428680419922
fan,id_04,00000567.wav,normal,13.760947227478027,12.79995346069336
fan,id_04,00001004.wav,normal,13.507728576660156,9.53740406036377
fan,id_04,00000805.wav,normal,12.759875297546387,7.964001655578613
fan,id_04,00000519.wav,normal,12.093225479125977,12.748147010803223
fan,id_04,00000557.wav,normal,15.818309783935547,16.86912727355957
fan,id_04,00000538.wav,normal,14.498150825500488,10.255425453186035
fan,id_04,00000976.wav,normal,13.252970695495605,7.5945210456848145
fan,id_04,00000069.wav,normal,13.970004081726074,17.06328010559082
fan,id_04,00000369.wav,normal,12.203375816345215,14.63024616241455
fan,id_04,00000998.wav,normal,13.684345245361328,11.624176025390625
fan,id_04,00000536.wav,normal,11.768178939819336,10.0438871383667
fan,id_04,00000087.wav,normal,12.932443618774414,26.40636444091797
fan,id_04,00000684.wav,normal,13.753809928894043,6.64959192276001
fan,id_04,00000680.wav,normal,13.373271942138672,14.952058792114258
fan,id_04,00000191.wav,normal,14.982223510742188,12.270495414733887
fan,id_04,00000426.wav,normal,13.631983757019043,8.135048866271973
fan,id_04,00000584.wav,normal,9.375306129455566,31.46617317199707
fan,id_04,00000246.wav,normal,13.763251304626465,9.404053688049316
fan,id_04,00000361.wav,normal,13.152822494506836,13.397879600524902
fan,id_04,00000629.wav,normal,12.396263122558594,23.765180587768555
fan,id_04,00000001.wav,normal,13.64315128326416,7.5647711753845215
fan,id_04,00000439.wav,normal,13.011842727661133,13.477157592773438
fan,id_04,00000596.wav,normal,15.046553611755371,10.482422828674316
fan,id_04,00000294.wav,normal,13.623464584350586,8.90040111541748
fan,id_04,00000495.wav,normal,15.70108699798584,19.917213439941406
fan,id_04,00000033.wav,normal,10.443230628967285,19.861452102661133
fan,id_04,00001023.wav,normal,13.666224479675293,4.836146831512451
fan,id_04,00000227.wav,normal,12.129176139831543,14.247445106506348
fan,id_04,00000128.wav,normal,14.259112358093262,12.080392837524414
fan,id_04,00000936.wav,normal,12.763372421264648,13.923583030700684
fan,id_04,00000859.wav,normal,13.266092300415039,10.363875389099121
fan,id_04,00000488.wav,normal,13.095612525939941,22.187122344970703
fan,id_06,00000792.wav,normal,18.539236068725586,12.73803997039795
fan,id_06,00000969.wav,normal,19.909103393554688,15.634358406066895
fan,id_06,00000609.wav,normal,19.35894203186035,13.683740615844727
fan,id_06,00000628.wav,normal,19.316221237182617,10.239169120788574
fan,id_06,00000787.wav,normal,21.03792953491211,13.500873565673828
fan,id_06,00000619.wav,normal,20.520660400390625,27.112716674804688
fan,id_06,00000348.wav,normal,18.465478897094727,16.176881790161133
fan,id_06,00000077.wav,normal,17.99310302734375,20.443675994873047
fan,id_06,00000858.wav,normal,19.473413467407227,11.964816093444824
fan,id_06,00000237.wav,normal,17.91386604309082,8.090096473693848
fan,id_06,00000447.wav,normal,20.798303604125977,43.190860748291016
fan,id_06,00000100.wav,normal,19.842824935913086,9.119698524475098
fan,id_06,00000054.wav,normal,19.370197296142578,20.717853546142578
fan,id_06,00000354.wav,normal,18.38639259338379,13.231781959533691
fan,id_06,00000763.wav,normal,14.341104507446289,19.55377769470215
fan,id_06,00000512.wav,normal,17.098960876464844,21.202957153320312
fan,id_06,00000968.wav,normal,16.221115112304688,14.50960922241211
fan,id_06,00000741.wav,normal,15.455769538879395,15.363182067871094
fan,id_06,00000705.wav,normal,16.548986434936523,17.090208053588867
fan,id_06,00000809.wav,normal,21.059246063232422,25.020397186279297
fan,id_06,00000143.wav,normal,20.50015640258789,11.876005172729492
fan,id_06,00000757.wav,normal,16.56092071533203,13.213293075561523
fan,id_06,00000773.wav,normal,19.679553985595703,27.74007225036621
fan,id_06,00000393.wav,normal,16.700292587280273,18.14455223083496
fan,id_06,00000933.wav,normal,19.543182373046875,15.185687065124512
fan,id_06,00000553.wav,normal,19.858972549438477,9.154882431030273
fan,id_06,00000693.wav,normal,19.293317794799805,6.857048988342285
fan,id_06,00000398.wav,normal,18.429584503173828,12.274931907653809
fan,id_06,00000869.wav,normal,20.152828216552734,15.871540069580078
fan,id_06,00000854.wav,normal,16.42093849182129,22.128360748291016
fan,id_06,00000920.wav,normal,18.753934860229492,16.20412254333496
fan,id_06,00000978.wav,normal,18.711448669433594,12.63830280303955
fan,id_06,00000912.wav,normal,17.480754852294922,7.4642181396484375
fan,id_06,00000166.wav,normal,17.993009567260742,12.359807014465332
fan,id_06,00000306.wav,normal,19.79882049560547,12.364514350891113
fan,id_06,00000078.wav,normal,16.428773880004883,30.65784454345703
fan,id_06,00000407.wav,normal,19.304401397705078,8.225289344787598
fan,id_06,00000901.wav,normal,18.055891036987305,24.194597244262695
fan,id_06,00000729.wav,normal,15.424311637878418,14.961042404174805
fan,id_06,00000840.wav,normal,19.170251846313477,20.9903564453125
fan,id_06,00000770.wav,normal,15.560079574584961,21.460601806640625
fan,id_06,00000147.wav,normal,19.588401794433594,7.1286845207214355
fan,id_06,00000601.wav,normal,14.669709205627441,17.678531646728516
fan,id_06,00000212.wav,normal,18.901975631713867,5.281179428100586
fan,id_06,00001005.wav,normal,16.683841705322266,13.781756401062012
fan,id_06,00000322.wav,normal,16.2288761138916,21.60582160949707
fan,id_06,00000870.wav,normal,15.396062850952148,14.506673812866211
fan,id_06,00000984.wav,normal,19.44967269897461,14.71609115600586
fan,id_06,00000033.wav,normal,17.01007652282715,15.001606941223145
fan,id_06,00000673.wav,normal,17.975601196289062,11.175397872924805
fan,id_06,00000577.wav,normal,18.64995002746582,12.05591106414795
fan,id_06,00000556.wav,normal,20.056732177734375,11.401941299438477
fan,id_06,00000287.wav,normal,19.636255264282227,13.785842895507812
fan,id_06,00000959.wav,normal,16.76708984375,15.829018592834473
fan,id_06,00000076.wav,normal,19.637557983398438,16.978225708007812
fan,id_06,00000047.wav,normal,20.09963607788086,18.583908081054688
fan,id_06,00000277.wav,normal,19.872739791870117,13.7186279296875
fan,id_06,00000486.wav,normal,16.18268585205078,21.363004684448242
fan,id_06,00000580.wav,normal,18.893901824951172,10.347742080688477
fan,id_06,00000908.wav,normal,18.910785675048828,10.707486152648926
fan,id_06,00000708.wav,normal,16.539464950561523,23.195497512817383
fan,id_06,00000888.wav,normal,19.81235122680664,8.700177192687988
fan,id_06,00000922.wav,normal,18.144498825073242,12.868230819702148
fan,id_06,00000216.wav,normal,17.342864990234375,15.190682411193848
fan,id_06,00000235.wav,normal,17.209375381469727,9.15349006652832
fan,id_06,00000043.wav,normal,20.920751571655273,12.607462882995605
fan,id_06,00000540.wav,normal,19.62265396118164,8.903730392456055
fan,id_06,00000916.wav,normal,18.84025764465332,10.457538604736328
fan,id_06,00000097.wav,normal,14.729783058166504,24.88094711303711
fan,id_06,00000954.wav,normal,18.559133529663086,11.691184997558594
fan,id_06,00000579.wav,normal,19.985427856445312,13.98745059967041
fan,id_06,00000339.wav,normal,15.420202255249023,14.173108100891113
fan,id_06,00000803.wav,normal,20.080554962158203,15.867276191711426
fan,id_06,00000660.wav,normal,19.841442108154297,10.289779663085938
fan,id_06,00000444.wav,normal,20.49209213256836,11.414444923400879
fan,id_06,00000865.wav,normal,17.608007431030273,32.260990142822266
fan,id_06,00000511.wav,normal,18.864410400390625,13.488628387451172
fan,id_06,00000084.wav,normal,15.045610427856445,23.75031280517578
fan,id_06,00000175.wav,normal,20.936424255371094,13.31264591217041
fan,id_06,00000719.wav,normal,17.579402923583984,17.80307388305664
fan,id_06,00000009.wav,normal,19.141475677490234,11.992507934570312
fan,id_06,00000652.wav,normal,17.84593963623047,19.105825424194336
fan,id_06,00000057.wav,normal,18.018171310424805,22.822050094604492
fan,id_06,00000487.wav,normal,19.69457244873047,13.053448677062988
fan,id_06,00000565.wav,normal,20.056604385375977,11.928506851196289
fan,id_06,00000386.wav,normal,20.52964210510254,12.045916557312012
fan,id_06,00000388.wav,normal,20.355606079101562,19.173433303833008
fan,id_06,00000966.wav,normal,16.879396438598633,32.7131233215332
fan,id_06,00000095.wav,normal,16.926525115966797,19.978759765625
fan,id_06,00000032.wav,normal,14.532327651977539,24.98111343383789
fan,id_06,00000777.wav,normal,17.624691009521484,16.935060501098633
fan,id_06,00000665.wav,normal,16.524038314819336,10.22702407836914
fan,id_06,00000878.wav,normal,16.052627563476562,14.810934066772461
fan,id_06,00000669.wav,normal,16.69293212890625,31.988698959350586
fan,id_06,00000082.wav,normal,18.727144241333008,13.494518280029297
fan,id_06,00000868.wav,normal,19.716644287109375,8.456181526184082
fan,id_06,00000847.wav,normal,18.94887924194336,12.771543502807617
fan,id_06,00000700.wav,normal,14.889056205749512,17.178462982177734
fan,id_06,00000307.wav,normal,20.67949104309082,14.8060941696167
fan,id_06,00000231.wav,normal,18.90340232849121,24.05671501159668
fan,id_06,00000713.wav,normal,16.497934341430664,26.347375869750977
fan,id_06,00000249.wav,normal,17.792137145996094,16.02083396911621
fan,id_06,00000578.wav,normal,19.082231521606445,12.271717071533203
fan,id_06,00000470.wav,normal,19.645505905151367,21.212446212768555
fan,id_06,00000415.wav,normal,17.206342697143555,12.850971221923828
fan,id_06,00000382.wav,normal,17.947084426879883,13.13503360748291
fan,id_06,00000080.wav,normal,19.828765869140625,12.002492904663086
fan,id_06,00000406.wav,normal,19.248403549194336,6.485012054443359
fan,id_06,00000814.wav,normal,19.919395446777344,17.53504180908203
fan,id_06,00000273.wav,normal,16.80316925048828,23.99852180480957
fan,id_06,00000362.wav,normal,18.09895896911621,7.794642448425293
fan,id_06,00000834.wav,normal,15.929121971130371,16.674781799316406
fan,id_06,00000258.wav,normal,19.46116065979004,7.478066444396973
fan,id_06,00000539.wav,normal,19.583112716674805,9.259581565856934
fan,id_06,00000634.wav,normal,18.95743751525879,19.87814712524414
fan,id_06,00000196.wav,normal,21.1035213470459,16.07417869567871
fan,id_06,00000246.wav,normal,17.489748001098633,9.52902889251709
fan,id_06,00000152.wav,normal,17.72051239013672,11.087754249572754
fan,id_06,00000536.wav,normal,20.31551742553711,14.004257202148438
fan,id_06,00000098.wav,normal,20.0078182220459,9.266303062438965
fan,id_06,00000940.wav,normal,18.298587799072266,7.682806015014648
fan,id_06,00000109.wav,normal,19.668930053710938,10.773651123046875
fan,id_06,00000183.wav,normal,19.044355392456055,8.856376647949219
fan,id_06,00000931.wav,normal,19.932388305664062,12.388339042663574
fan,id_06,00000962.wav,normal,20.09427261352539,14.688873291015625
fan,id_06,00000825.wav,normal,20.62069320678711,13.957517623901367
fan,id_06,00000440.wav,normal,18.701793670654297,15.52464485168457
fan,id_06,00000690.wav,normal,19.901126861572266,13.188498497009277
fan,id_06,00000714.wav,normal,17.587717056274414,7.905549049377441
fan,id_06,00000832.wav,normal,16.903165817260742,14.334959030151367
fan,id_06,00000514.wav,normal,19.432106018066406,14.40917682647705
fan,id_06,00000999.wav,normal,14.197036743164062,25.062171936035156
fan,id_06,00000293.wav,normal,17.788663864135742,22.931711196899414
fan,id_06,00000548.wav,normal,19.4764347076416,11.236385345458984
fan,id_06,00000281.wav,normal,21.16776466369629,20.755720138549805
fan,id_06,00000739.wav,normal,20.48361587524414,13.818487167358398
fan,id_06,00000542.wav,normal,15.735159873962402,11.852252960205078
fan,id_06,00000017.wav,normal,20.21747589111328,17.179872512817383
fan,id_06,00000012.wav,normal,18.168460845947266,18.1246337890625
fan,id_06,00000421.wav,normal,18.4722957611084,13.225613594055176
fan,id_06,00000564.wav,normal,18.818078994750977,11.814820289611816
fan,id_06,00000544.wav,normal,18.254802703857422,13.446493148803711
fan,id_06,00000006.wav,normal,19.828811645507812,11.210699081420898
fan,id_06,00000016.wav,normal,20.399324417114258,11.548476219177246
fan,id_06,00000499.wav,normal,19.169307708740234,12.421101570129395
fan,id_06,00000675.wav,normal,18.866209030151367,13.985112190246582
fan,id_06,00000494.wav,normal,15.546092987060547,23.263418197631836
fan,id_06,00000934.wav,normal,17.019847869873047,23.738168716430664
fan,id_06,00000631.wav,normal,17.588260650634766,16.810001373291016
fan,id_06,00000956.wav,normal,17.445980072021484,13.01613712310791
fan,id_06,00000682.wav,normal,19.191600799560547,31.448890686035156
fan,id_06,00000653.wav,normal,17.81618881225586,7.8906145095825195
fan,id_06,00000632.wav,normal,19.921642303466797,8.265233039855957
fan,id_00,00000000.wav,abnormal,12.275589942932129,19.69833755493164
fan,id_00,00000001.wav,abnormal,11.607571601867676,17.815635681152344
fan,id_00,00000002.wav,abnormal,13.08411693572998,6.12192440032959
fan,id_00,00000003.wav,abnormal,13.493706703186035,12.599668502807617
fan,id_00,00000004.wav,abnormal,10.840864181518555,29.45684242248535
fan,id_00,00000005.wav,abnormal,11.526351928710938,16.29425621032715
fan,id_00,00000006.wav,abnormal,12.357467651367188,11.664080619812012
fan,id_00,00000007.wav,abnormal,11.16624641418457,10.163559913635254
fan,id_00,00000008.wav,abnormal,10.295151710510254,10.304819107055664
fan,id_00,00000009.wav,abnormal,12.686688423156738,18.780012130737305
fan,id_00,00000010.wav,abnormal,12.6591157913208,22.49054527282715
fan,id_00,00000011.wav,abnormal,11.644874572753906,9.799205780029297
fan,id_00,00000012.wav,abnormal,11.047334671020508,20.127553939819336
fan,id_00,00000013.wav,abnormal,13.526629447937012,11.45117473602295
fan,id_00,00000014.wav,abnormal,9.582137107849121,9.029321670532227
fan,id_00,00000015.wav,abnormal,13.819613456726074,12.466014862060547
fan,id_00,00000016.wav,abnormal,11.722246170043945,10.456541061401367
fan,id_00,00000017.wav,abnormal,12.075044631958008,10.100446701049805
fan,id_00,00000018.wav,abnormal,9.893386840820312,14.398125648498535
fan,id_00,00000019.wav,abnormal,13.155680656433105,12.621517181396484
fan,id_00,00000020.wav,abnormal,11.390533447265625,14.737631797790527
fan,id_00,00000021.wav,abnormal,14.310426712036133,11.246262550354004
fan,id_00,00000022.wav,abnormal,12.908525466918945,20.65151023864746
fan,id_00,00000023.wav,abnormal,12.464068412780762,7.530308246612549
fan,id_00,00000024.wav,abnormal,12.475935935974121,11.033161163330078
fan,id_00,00000025.wav,abnormal,12.760912895202637,11.511157035827637
fan,id_00,00000026.wav,abnormal,12.906764030456543,6.413846015930176
fan,id_00,00000027.wav,abnormal,13.052130699157715,12.728055000305176
fan,id_00,00000028.wav,abnormal,12.967209815979004,13.010538101196289
fan,id_00,00000029.wav,abnormal,10.161758422851562,17.34670639038086
fan,id_00,00000030.wav,abnormal,12.398447036743164,21.638832092285156
fan,id_00,00000031.wav,abnormal,12.291728019714355,10.82388973236084
fan,id_00,00000032.wav,abnormal,11.17835521697998,32.793277740478516
fan,id_00,00000033.wav,abnormal,13.15875244140625,5.87579345703125
fan,id_00,00000034.wav,abnormal,13.936491012573242,8.93732738494873
fan,id_00,00000035.wav,abnormal,12.966519355773926,11.706927299499512
fan,id_00,00000036.wav,abnormal,12.87120532989502,15.321614265441895
fan,id_00,00000037.wav,abnormal,11.750138282775879,12.193832397460938
fan,id_00,00000038.wav,abnormal,12.751015663146973,8.501322746276855
fan,id_00,00000039.wav,abnormal,12.138450622558594,11.484801292419434
fan,id_00,00000040.wav,abnormal,13.17052173614502,23.022720336914062
fan,id_00,00000041.wav,abnormal,11.000899314880371,10.829203605651855
fan,id_00,00000042.wav,abnormal,10.131176948547363,24.651126861572266
fan,id_00,00000043.wav,abnormal,10.028286933898926,8.785516738891602
fan,id_00,00000044.wav,abnormal,12.96859073638916,9.491559982299805
fan,id_00,00000045.wav,abnormal,16.455089569091797,28.216279983520508
fan,id_00,00000046.wav,abnormal,13.228333473205566,14.970504760742188
fan,id_00,00000047.wav,abnormal,13.404511451721191,10.54884147644043
fan,id_00,00000048.wav,abnormal,13.309102058410645,14.713245391845703
fan,id_00,00000049.wav,abnormal,12.084592819213867,15.338042259216309
fan,id_00,00000050.wav,abnormal,12.277480125427246,13.79458236694336
fan,id_00,00000051.wav,abnormal,11.9207181930542,9.814312934875488
fan,id_00,00000052.wav,abnormal,11.247041702270508,11.903362274169922
fan,id_00,00000053.wav,abnormal,12.620667457580566,7.805799961090088
fan,id_00,00000054.wav,abnormal,12.939702033996582,10.132453918457031
fan,id_00,00000055.wav,abnormal,11.830680847167969,13.472073554992676
fan,id_00,00000056.wav,abnormal,11.81000804901123,20.063858032226562
fan,id_00,00000057.wav,abnormal,10.11642837524414,18.951032638549805
fan,id_00,00000058.wav,abnormal,12.281622886657715,13.1037015914917
fan,id_00,00000059.wav,abnormal,11.72421646118164,13.12034797668457
fan,id_00,00000060.wav,abnormal,13.701231002807617,8.798460006713867
fan,id_00,00000061.wav,abnormal,12.106917381286621,19.973093032836914
fan,id_00,00000062.wav,abnormal,13.877190589904785,14.371567726135254
fan,id_00,00000063.wav,abnormal,12.6193208694458,14.245355606079102
fan,id_00,00000064.wav,abnormal,12.981191635131836,7.803045749664307
fan,id_00,00000065.wav,abnormal,12.405679702758789,13.616621971130371
fan,id_00,00000066.wav,abnormal,12.54948902130127,12.358022689819336
fan,id_00,00000067.wav,abnormal,12.520838737487793,12.03913688659668
fan,id_00,00000068.wav,abnormal,12.436115264892578,12.907255172729492
fan,id_00,00000069.wav,abnormal,12.76148796081543,11.190078735351562
fan,id_00,00000070.wav,abnormal,10.191817283630371,17.804311752319336
fan,id_00,00000071.wav,abnormal,12.214149475097656,9.306781768798828
fan,id_00,00000072.wav,abnormal,12.767999649047852,8.286015510559082
fan,id_00,00000073.wav,abnormal,11.874780654907227,16.926830291748047
fan,id_00,00000074.wav,abnormal,11.70996379852295,9.451951026916504
fan,id_00,00000075.wav,abnormal,12.044215202331543,15.633010864257812
fan,id_00,00000076.wav,abnormal,11.685464859008789,20.336687088012695
fan,id_00,00000077.wav,abnormal,12.806402206420898,18.900423049926758
fan,id_00,00000078.wav,abnormal,13.967368125915527,8.941276550292969
fan,id_00,00000079.wav,abnormal,12.988163948059082,13.901955604553223
fan,id_00,00000080.wav,abnormal,11.468069076538086,19.716768264770508
fan,id_00,00000081.wav,abnormal,13.798975944519043,11.223234176635742
fan,id_00,00000082.wav,abnormal,12.122295379638672,14.574830055236816
fan,id_00,00000083.wav,abnormal,13.073657989501953,20.849294662475586
fan,id_00,00000084.wav,abnormal,12.71324348449707,13.0438814163208
fan,id_00,00000085.wav,abnormal,11.603803634643555,7.169308662414551
fan,id_00,00000086.wav,abnormal,13.034934043884277,13.955507278442383
fan,id_00,00000087.wav,abnormal,12.447359085083008,9.812956809997559
fan,id_00,00000088.wav,abnormal,14.196446418762207,27.29780387878418
fan,id_00,00000089.wav,abnormal,12.188154220581055,12.853866577148438
fan,id_00,00000090.wav,abnormal,12.608377456665039,11.928929328918457
fan,id_00,00000091.wav,abnormal,12.340449333190918,10.869819641113281
fan,id_00,00000092.wav,abnormal,11.87767219543457,15.315792083740234
fan,id_00,00000093.wav,abnormal,12.11723518371582,21.012893676757812
fan,id_00,00000094.wav,abnormal,14.132577896118164,9.906617164611816
fan,id_00,00000095.wav,abnormal,14.340594291687012,7.910663604736328
fan,id_00,00000096.wav,abnormal,11.668072700500488,10.511808395385742
fan,id_00,00000097.wav,abnormal,11.573394775390625,11.060744285583496
fan,id_00,00000098.wav,abnormal,12.648530960083008,9.414482116699219
fan,id_00,00000099.wav,abnormal,12.128972053527832,13.496260643005371
fan,id_00,00000100.wav,abnormal,13.440855979919434,14.897701263427734
fan,id_00,00000101.wav,abnormal,13.00002384185791,23.842500686645508
fan,id_00,00000102.wav,abnormal,13.859259605407715,10.65866756439209
fan,id_00,00000103.wav,abnormal,12.768506050109863,15.426980018615723
fan,id_00,00000104.wav,abnormal,13.203322410583496,27.682659149169922
fan,id_00,00000105.wav,abnormal,10.427924156188965,12.530166625976562
fan,id_00,00000106.wav,abnormal,12.414322853088379,10.225446701049805
fan,id_00,00000107.wav,abnormal,10.639176368713379,12.9797945022583
fan,id_00,00000108.wav,abnormal,11.553946495056152,16.02556800842285
fan,id_00,00000109.wav,abnormal,14.007852554321289,26.099395751953125
fan,id_00,00000110.wav,abnormal,12.77030086517334,16.8581485748291
fan,id_00,00000111.wav,abnormal,9.946000099182129,8.798199653625488
fan,id_00,00000112.wav,abnormal,13.42690658569336,11.031633377075195
fan,id_00,00000113.wav,abnormal,11.499168395996094,29.957447052001953
fan,id_00,00000114.wav,abnormal,11.8040189743042,20.100976943969727
fan,id_00,00000115.wav,abnormal,11.56279468536377,29.162403106689453
fan,id_00,00000116.wav,abnormal,11.297200202941895,13.919792175292969
fan,id_00,00000117.wav,abnormal,10.100868225097656,19.14586639404297
fan,id_00,00000118.wav,abnormal,14.753287315368652,10.176819801330566
fan,id_00,00000119.wav,abnormal,14.451160430908203,17.957355499267578
fan,id_00,00000120.wav,abnormal,12.092757225036621,9.892940521240234
fan,id_00,00000121.wav,abnormal,11.431106567382812,14.168318748474121
fan,id_00,00000122.wav,abnormal,11.747546195983887,8.276034355163574
fan,id_00,00000123.wav,abnormal,13.506767272949219,9.392390251159668
fan,id_00,00000124.wav,abnormal,13.789616584777832,19.524856567382812
fan,id_00,00000125.wav,abnormal,12.101160049438477,23.814611434936523
fan,id_00,00000126.wav,abnormal,11.101893424987793,12.090693473815918
fan,id_00,00000127.wav,abnormal,12.304612159729004,8.148721694946289
fan,id_00,00000128.wav,abnormal,12.020776748657227,9.510324478149414
fan,id_00,00000129.wav,abnormal,11.037957191467285,23.26503562927246
fan,id_00,00000130.wav,abnormal,13.157421112060547,15.255941390991211
fan,id_00,00000131.wav,abnormal,11.661290168762207,14.650694847106934
fan,id_00,00000132.wav,abnormal,11.307271003723145,22.261810302734375
fan,id_00,00000133.wav,abnormal,13.046064376831055,11.55798625946045
fan,id_00,00000134.wav,abnormal,11.828145980834961,11.607439041137695
fan,id_00,00000135.wav,abnormal,12.366910934448242,10.619884490966797
fan,id_00,00000136.wav,abnormal,14.333888053894043,29.942962646484375
fan,id_00,00000137.wav,abnormal,11.88815975189209,15.182716369628906
fan,id_00,00000138.wav,abnormal,11.569653511047363,9.491425514221191
fan,id_00,00000139.wav,abnormal,13.10904598236084,14.96729564666748
fan,id_00,00000140.wav,abnormal,12.017585754394531,21.54841423034668
fan,id_00,00000141.wav,abnormal,12.605059623718262,13.854620933532715
fan,id_00,00000142.wav,abnormal,11.881556510925293,15.204978942871094
fan,id_00,00000143.wav,abnormal,14.991392135620117,14.875415802001953
fan,id_00,00000144.wav,abnormal,12.995075225830078,14.280972480773926
fan,id_00,00000145.wav,abnormal,11.921337127685547,7.486069679260254
fan,id_00,00000146.wav,abnormal,14.833532333374023,13.70372200012207
fan,id_00,00000147.wav,abnormal,13.538678169250488,25.353971481323242
fan,id_00,00000148.wav,abnormal,11.62285327911377,15.006186485290527
fan,id_00,00000149.wav,abnormal,12.013092994689941,10.304469108581543
fan,id_00,00000150.wav,abnormal,11.2415132522583,13.788702964782715
fan,id_00,00000151.wav,abnormal,14.094033241271973,26.541120529174805
fan,id_00,00000152.wav,abnormal,13.093774795532227,15.598234176635742
fan,id_00,00000153.wav,abnormal,13.97770881652832,9.458732604980469
fan,id_00,00000154.wav,abnormal,12.926145553588867,42.030025482177734
fan,id_00,00000155.wav,abnormal,11.49866008758545,22.595617294311523
fan,id_00,00000156.wav,abnormal,11.858797073364258,11.128357887268066
fan,id_00,00000157.wav,abnormal,14.080401420593262,6.133884429931641
fan,id_00,00000158.wav,abnormal,12.589698791503906,13.444215774536133
fan,id_00,00000159.wav,abnormal,12.795018196105957,41.16865158081055
fan,id_00,00000160.wav,abnormal,11.96357536315918,8.809388160705566
fan,id_00,00000161.wav,abnormal,14.36676025390625,8.262872695922852
fan,id_00,00000162.wav,abnormal,11.752744674682617,10.516343116760254
fan,id_00,00000163.wav,abnormal,13.224048614501953,16.757577896118164
fan,id_00,00000164.wav,abnormal,13.20577621459961,22.512392044067383
fan,id_00,00000165.wav,abnormal,12.26544189453125,18.243202209472656
fan,id_00,00000166.wav,abnormal,12.477371215820312,34.884944915771484
fan,id_00,00000167.wav,abnormal,10.776090621948242,13.290279388427734
fan,id_00,00000168.wav,abnormal,14.205565452575684,16.522720336914062
fan,id_00,00000169.wav,abnormal,11.568492889404297,15.770217895507812
fan,id_00,00000170.wav,abnormal,11.526973724365234,11.825610160827637
fan,id_00,00000171.wav,abnormal,13.176674842834473,16.954010009765625
fan,id_00,00000172.wav,abnormal,13.108695983886719,20.53443717956543
fan,id_00,00000173.wav,abnormal,12.131582260131836,23.69340705871582
fan,id_00,00000174.wav,abnormal,12.070812225341797,9.089110374450684
fan,id_00,00000175.wav,abnormal,10.747597694396973,12.115072250366211
fan,id_00,00000176.wav,abnormal,12.40296459197998,24.17446517944336
fan,id_00,00000177.wav,abnormal,10.340123176574707,20.65213966369629
fan,id_00,00000178.wav,abnormal,12.187599182128906,19.760942459106445
fan,id_00,00000179.wav,abnormal,11.586824417114258,11.326122283935547
fan,id_00,00000180.wav,abnormal,13.252209663391113,13.800329208374023
fan,id_00,00000181.wav,abnormal,12.365226745605469,29.31110954284668
fan,id_00,00000182.wav,abnormal,11.470223426818848,28.224090576171875
fan,id_00,00000183.wav,abnormal,11.043312072753906,26.894805908203125
fan,id_00,00000184.wav,abnormal,12.329174041748047,14.663692474365234
fan,id_00,00000185.wav,abnormal,10.864200592041016,8.038516998291016
fan,id_00,00000186.wav,abnormal,11.500639915466309,11.881948471069336
fan,id_00,00000187.wav,abnormal,12.100231170654297,10.984803199768066
fan,id_00,00000188.wav,abnormal,12.60754108428955,11.582496643066406
fan,id_00,00000189.wav,abnormal,12.154047966003418,5.221992015838623
fan,id_00,00000190.wav,abnormal,13.48847484588623,24.056840896606445
fan,id_00,00000191.wav,abnormal,12.911347389221191,10.866028785705566
fan,id_00,00000192.wav,abnormal,10.916539192199707,12.018594741821289
fan,id_00,00000193.wav,abnormal,13.226973533630371,16.470623016357422
fan,id_00,00000194.wav,abnormal,11.657513618469238,10.905177116394043
fan,id_00,00000195.wav,abnormal,12.187657356262207,29.477340698242188
fan,id_00,00000196.wav,abnormal,14.12897777557373,21.784029006958008
fan,id_00,00000197.wav,abnormal,12.690641403198242,6.669616222381592
fan,id_00,00000198.wav,abnormal,12.81100845336914,22.349727630615234
fan,id_00,00000199.wav,abnormal,12.159476280212402,7.520096302032471
fan,id_00,00000200.wav,abnormal,14.45425033569336,9.930885314941406
fan,id_00,00000201.wav,abnormal,12.408042907714844,23.65540313720703
fan,id_00,00000202.wav,abnormal,12.447164535522461,4.927435398101807
fan,id_00,00000203.wav,abnormal,11.137311935424805,14.524659156799316
fan,id_00,00000204.wav,abnormal,11.040780067443848,8.60132884979248
fan,id_00,00000205.wav,abnormal,12.389402389526367,8.04600715637207
fan,id_00,00000206.wav,abnormal,12.11693286895752,6.323300838470459
fan,id_00,00000207.wav,abnormal,10.147809982299805,8.070919036865234
fan,id_00,00000208.wav,abnormal,12.002323150634766,13.099461555480957
fan,id_00,00000209.wav,abnormal,13.146055221557617,16.42535400390625
fan,id_00,00000210.wav,abnormal,12.938891410827637,19.365875244140625
fan,id_00,00000211.wav,abnormal,11.43181037902832,23.87179183959961
fan,id_00,00000212.wav,abnormal,12.209128379821777,21.627668380737305
fan,id_00,00000213.wav,abnormal,13.556790351867676,26.04755401611328
fan,id_00,00000214.wav,abnormal,11.11349868774414,25.523775100708008
fan,id_00,00000215.wav,abnormal,10.455206871032715,22.925901412963867
fan,id_00,00000216.wav,abnormal,12.462822914123535,8.908902168273926
fan,id_00,00000217.wav,abnormal,12.08668327331543,10.99908447265625
fan,id_00,00000218.wav,abnormal,11.928299903869629,4.747832298278809
fan,id_00,00000219.wav,abnormal,13.325705528259277,13.34532356262207
fan,id_00,00000220.wav,abnormal,12.154550552368164,34.47935104370117
fan,id_00,00000221.wav,abnormal,12.695558547973633,8.367610931396484
fan,id_00,00000222.wav,abnormal,10.582038879394531,6.666567325592041
fan,id_00,00000223.wav,abnormal,12.922048568725586,10.576329231262207
fan,id_00,00000224.wav,abnormal,10.818170547485352,19.670581817626953
fan,id_00,00000225.wav,abnormal,12.081257820129395,21.41739845275879
fan,id_00,00000226.wav,abnormal,12.305938720703125,10.333793640136719
fan,id_00,00000227.wav,abnormal,13.838082313537598,11.849105834960938
fan,id_00,00000228.wav,abnormal,14.176461219787598,18.896814346313477
fan,id_00,00000229.wav,abnormal,11.139019012451172,6.461221694946289
fan,id_00,00000230.wav,abnormal,10.83435344696045,8.621676445007324
fan,id_00,00000231.wav,abnormal,12.810139656066895,11.610143661499023
fan,id_00,00000232.wav,abnormal,11.988065719604492,28.899999618530273
fan,id_00,00000233.wav,abnormal,12.737180709838867,12.789191246032715
fan,id_00,00000234.wav,abnormal,13.076982498168945,22.635133743286133
fan,id_00,00000235.wav,abnormal,11.514477729797363,6.925783157348633
fan,id_00,00000236.wav,abnormal,11.649980545043945,12.745221138000488
fan,id_00,00000237.wav,abnormal,13.06991195678711,7.4975972175598145
fan,id_00,00000238.wav,abnormal,11.588335037231445,9.787566184997559
fan,id_00,00000239.wav,abnormal,14.177992820739746,24.870817184448242
fan,id_00,00000240.wav,abnormal,10.804387092590332,16.598770141601562
fan,id_00,00000241.wav,abnormal,14.168514251708984,19.818565368652344
fan,id_00,00000242.wav,abnormal,11.973223686218262,10.68834400177002
fan,id_00,00000243.wav,abnormal,11.747466087341309,13.156977653503418
fan,id_00,00000244.wav,abnormal,10.865191459655762,7.1064300537109375
fan,id_00,00000245.wav,abnormal,12.172301292419434,26.006671905517578
fan,id_00,00000246.wav,abnormal,12.095114707946777,23.614564895629883
fan,id_00,00000247.wav,abnormal,13.590538024902344,16.682331085205078
fan,id_00,00000248.wav,abnormal,12.85342025756836,20.36989402770996
fan,id_00,00000249.wav,abnormal,12.760557174682617,7.87136697769165
fan,id_00,00000250.wav,abnormal,11.261616706848145,9.89065933227539
fan,id_00,00000251.wav,abnormal,10.680888175964355,31.0754337310791
fan,id_00,00000252.wav,abnormal,12.064031600952148,12.608460426330566
fan,id_00,00000253.wav,abnormal,13.225523948669434,14.725004196166992
fan,id_00,00000254.wav,abnormal,10.739288330078125,16.886396408081055
fan,id_00,00000255.wav,abnormal,11.41501522064209,9.831212997436523
fan,id_00,00000256.wav,abnormal,9.526284217834473,21.893022537231445
fan,id_00,00000257.wav,abnormal,11.969808578491211,8.844505310058594
fan,id_00,00000258.wav,abnormal,11.826010704040527,19.746200561523438
fan,id_00,00000259.wav,abnormal,9.49095630645752,12.830842971801758
fan,id_00,00000260.wav,abnormal,11.607155799865723,24.84393310546875
fan,id_00,00000261.wav,abnormal,11.424993515014648,15.004036903381348
fan,id_00,00000262.wav,abnormal,9.691387176513672,29.46824073791504
fan,id_00,00000263.wav,abnormal,11.314332008361816,17.592090606689453
fan,id_00,00000264.wav,abnormal,12.809514045715332,6.792462348937988
fan,id_00,00000265.wav,abnormal,12.781926155090332,21.416095733642578
fan,id_00,00000266.wav,abnormal,14.395980834960938,9.954781532287598
fan,id_00,00000267.wav,abnormal,13.369439125061035,17.7891902923584
fan,id_00,00000268.wav,abnormal,13.173723220825195,14.229874610900879
fan,id_00,00000269.wav,abnormal,12.698755264282227,9.612822532653809
fan,id_00,00000270.wav,abnormal,12.800630569458008,12.17624282836914
fan,id_00,00000271.wav,abnormal,12.235383033752441,15.351949691772461
fan,id_00,00000272.wav,abnormal,12.794806480407715,16.583847045898438
fan,id_00,00000273.wav,abnormal,10.569670677185059,10.953181266784668
fan,id_00,00000274.wav,abnormal,11.885856628417969,7.056522369384766
fan,id_00,00000275.wav,abnormal,11.446492195129395,12.10015869140625
fan,id_00,00000276.wav,abnormal,12.825993537902832,23.542449951171875
fan,id_00,00000277.wav,abnormal,11.027287483215332,12.973663330078125
fan,id_00,00000278.wav,abnormal,13.528635025024414,23.101133346557617
fan,id_00,00000279.wav,abnormal,13.709733963012695,10.65212631225586
fan,id_00,00000280.wav,abnormal,13.626664161682129,15.261969566345215
fan,id_00,00000281.wav,abnormal,13.552739143371582,16.507844924926758
fan,id_00,00000282.wav,abnormal,11.69323444366455,9.560166358947754
fan,id_00,00000283.wav,abnormal,13.70744800567627,9.457392692565918
fan,id_00,00000284.wav,abnormal,11.932165145874023,22.10287094116211
fan,id_00,00000285.wav,abnormal,15.904598236083984,10.384846687316895
fan,id_00,00000286.wav,abnormal,12.069893836975098,17.208641052246094
fan,id_00,00000287.wav,abnormal,13.598050117492676,12.799556732177734
fan,id_00,00000288.wav,abnormal,11.946464538574219,25.970666885375977
fan,id_00,00000289.wav,abnormal,12.089995384216309,14.777520179748535
fan,id_00,00000290.wav,abnormal,12.174710273742676,11.809433937072754
fan,id_00,00000291.wav,abnormal,14.676017761230469,6.164902687072754
fan,id_00,00000292.wav,abnormal,12.661795616149902,17.4749813079834
fan,id_00,00000293.wav,abnormal,13.29080867767334,11.893575668334961
fan,id_00,00000294.wav,abnormal,11.641684532165527,5.880093574523926
fan,id_00,00000295.wav,abnormal,11.750019073486328,9.920534133911133
fan,id_00,00000296.wav,abnormal,12.341280937194824,12.81445026397705
fan,id_00,00000297.wav,abnormal,13.566349029541016,12.78783130645752
fan,id_00,00000298.wav,abnormal,10.92035961151123,17.299461364746094
fan,id_00,00000299.wav,abnormal,10.871245384216309,17.4263973236084
fan,id_00,00000300.wav,abnormal,10.18940258026123,5.716923236846924
fan,id_00,00000301.wav,abnormal,12.543441772460938,13.08326530456543
fan,id_00,00000302.wav,abnormal,11.555093765258789,12.49887466430664
fan,id_00,00000303.wav,abnormal,13.352468490600586,8.193470001220703
fan,id_00,00000304.wav,abnormal,11.420095443725586,12.663039207458496
fan,id_00,00000305.wav,abnormal,10.325758934020996,10.535955429077148
fan,id_00,00000306.wav,abnormal,11.498063087463379,11.0642671585083
fan,id_00,00000307.wav,abnormal,11.568975448608398,9.33373737335205
fan,id_00,00000308.wav,abnormal,12.2925386428833,28.169137954711914
fan,id_00,00000309.wav,abnormal,10.723609924316406,36.169315338134766
fan,id_00,00000310.wav,abnormal,12.722280502319336,7.3372979164123535
fan,id_00,00000311.wav,abnormal,12.692158699035645,14.835643768310547
fan,id_00,00000312.wav,abnormal,11.968924522399902,36.427005767822266
fan,id_00,00000313.wav,abnormal,12.614757537841797,15.615988731384277
fan,id_00,00000314.wav,abnormal,12.674409866333008,14.163800239562988
fan,id_00,00000315.wav,abnormal,11.880270957946777,6.07690954208374
fan,id_00,00000316.wav,abnormal,12.430803298950195,12.537659645080566
fan,id_00,00000317.wav,abnormal,9.915183067321777,22.1986141204834
fan,id_00,00000318.wav,abnormal,9.907649993896484,16.43624496459961
fan,id_00,00000319.wav,abnormal,12.926186561584473,7.376182556152344
fan,id_00,00000320.wav,abnormal,11.905384063720703,11.013399124145508
fan,id_00,00000321.wav,abnormal,14.751288414001465,18.60400390625
fan,id_00,00000322.wav,abnormal,12.807090759277344,13.035005569458008
fan,id_00,00000323.wav,abnormal,9.17733097076416,20.39559555053711
fan,id_00,00000324.wav,abnormal,10.85098648071289,14.307090759277344
fan,id_00,00000325.wav,abnormal,9.837706565856934,10.367691993713379
fan,id_00,00000326.wav,abnormal,11.741641998291016,9.346443176269531
fan,id_00,00000327.wav,abnormal,12.638527870178223,9.169882774353027
fan,id_00,00000328.wav,abnormal,11.866009712219238,15.004181861877441
fan,id_00,00000329.wav,abnormal,13.007940292358398,16.224294662475586
fan,id_00,00000330.wav,abnormal,11.447868347167969,8.86196231842041
fan,id_00,00000331.wav,abnormal,13.04975414276123,19.704172134399414
fan,id_00,00000332.wav,abnormal,11.631845474243164,10.777792930603027
fan,id_00,00000333.wav,abnormal,12.673199653625488,7.264833927154541
fan,id_00,00000334.wav,abnormal,13.458670616149902,38.300052642822266
fan,id_00,00000335.wav,abnormal,12.582327842712402,13.482195854187012
fan,id_00,00000336.wav,abnormal,12.482427597045898,16.16958236694336
fan,id_00,00000337.wav,abnormal,11.67978572845459,14.566195487976074
fan,id_00,00000338.wav,abnormal,11.579484939575195,22.564624786376953
fan,id_00,00000339.wav,abnormal,12.282742500305176,14.43517017364502
fan,id_00,00000340.wav,abnormal,12.554091453552246,18.255952835083008
fan,id_00,00000341.wav,abnormal,11.975388526916504,8.019451141357422
fan,id_00,00000342.wav,abnormal,12.02122688293457,8.94180679321289
fan,id_00,00000343.wav,abnormal,11.920108795166016,8.624197006225586
fan,id_00,00000344.wav,abnormal,13.853282928466797,6.539858341217041
fan,id_00,00000345.wav,abnormal,12.277997016906738,9.425863265991211
fan,id_00,00000346.wav,abnormal,12.821163177490234,7.784226417541504
fan,id_00,00000347.wav,abnormal,11.155261039733887,10.176907539367676
fan,id_00,00000348.wav,abnormal,10.741538047790527,13.264698028564453
fan,id_00,00000349.wav,abnormal,12.58736801147461,21.45688247680664
fan,id_00,00000350.wav,abnormal,12.431654930114746,6.575841426849365
fan,id_00,00000351.wav,abnormal,12.66347599029541,15.170822143554688
fan,id_00,00000352.wav,abnormal,11.936473846435547,16.424564361572266
fan,id_00,00000353.wav,abnormal,12.75692367553711,28.362207412719727
fan,id_00,00000354.wav,abnormal,13.748736381530762,5.967506408691406
fan,id_00,00000355.wav,abnormal,12.319429397583008,17.655834197998047
fan,id_00,00000356.wav,abnormal,11.072407722473145,13.668578147888184
fan,id_00,00000357.wav,abnormal,13.359309196472168,29.009056091308594
fan,id_00,00000358.wav,abnormal,13.188100814819336,8.861170768737793
fan,id_00,00000359.wav,abnormal,12.526774406433105,7.425066947937012
fan,id_00,00000360.wav,abnormal,12.027246475219727,6.563188552856445
fan,id_00,00000361.wav,abnormal,12.407208442687988,28.46013069152832
fan,id_00,00000362.wav,abnormal,12.524727821350098,7.211095333099365
fan,id_00,00000363.wav,abnormal,12.523025512695312,10.08388900756836
fan,id_00,00000364.wav,abnormal,12.159771919250488,19.194820404052734
fan,id_00,00000365.wav,abnormal,13.068188667297363,13.927675247192383
fan,id_00,00000366.wav,abnormal,10.450788497924805,13.97929573059082
fan,id_00,00000367.wav,abnormal,12.276363372802734,4.523012161254883
fan,id_00,00000368.wav,abnormal,13.877215385437012,12.50162410736084
fan,id_00,00000369.wav,abnormal,11.351778030395508,11.039788246154785
fan,id_00,00000370.wav,abnormal,12.772327423095703,14.787496566772461
fan,id_00,00000371.wav,abnormal,12.843011856079102,8.672555923461914
fan,id_00,00000372.wav,abnormal,12.435304641723633,12.26928997039795
fan,id_00,00000373.wav,abnormal,12.21509838104248,19.455015182495117
fan,id_00,00000374.wav,abnormal,12.469513893127441,7.0758843421936035
fan,id_00,00000375.wav,abnormal,11.437128067016602,9.180718421936035
fan,id_00,00000376.wav,abnormal,9.950023651123047,18.448732376098633
fan,id_00,00000377.wav,abnormal,10.155055046081543,15.780508041381836
fan,id_00,00000378.wav,abnormal,12.059905052185059,12.015583038330078
fan,id_00,00000379.wav,abnormal,11.948419570922852,17.361934661865234
fan,id_00,00000380.wav,abnormal,12.767282485961914,21.512977600097656
fan,id_00,00000381.wav,abnormal,12.679288864135742,8.919678688049316
fan,id_00,00000382.wav,abnormal,11.481046676635742,33.425193786621094
fan,id_00,00000383.wav,abnormal,10.902844429016113,4.661168098449707
fan,id_00,00000384.wav,abnormal,12.235712051391602,11.978700637817383
fan,id_00,00000385.wav,abnormal,12.864657402038574,31.24992561340332
fan,id_00,00000386.wav,abnormal,13.7115478515625,29.74677276611328
fan,id_00,00000387.wav,abnormal,13.313011169433594,25.440105438232422
fan,id_00,00000388.wav,abnormal,12.565589904785156,33.6717529296875
fan,id_00,00000389.wav,abnormal,10.836921691894531,8.563495635986328
fan,id_00,00000390.wav,abnormal,11.420767784118652,12.4699068069458
fan,id_00,00000391.wav,abnormal,10.828365325927734,9.300697326660156
fan,id_00,00000392.wav,abnormal,12.382797241210938,6.020066261291504
fan,id_00,00000393.wav,abnormal,13.415225982666016,13.56144905090332
fan,id_00,00000394.wav,abnormal,12.255619049072266,10.461101531982422
fan,id_00,00000395.wav,abnormal,12.328972816467285,9.47917652130127
fan,id_00,00000396.wav,abnormal,10.716745376586914,24.04909324645996
fan,id_00,00000397.wav,abnormal,12.15938663482666,16.78626823425293
fan,id_00,00000398.wav,abnormal,12.74854564666748,14.255329132080078
fan,id_00,00000399.wav,abnormal,12.169692039489746,20.69298553466797
fan,id_00,00000400.wav,abnormal,12.020673751831055,10.945457458496094
fan,id_00,00000401.wav,abnormal,13.696194648742676,15.550350189208984
fan,id_00,00000402.wav,abnormal,12.039276123046875,14.745182991027832
fan,id_00,00000403.wav,abnormal,13.134383201599121,18.677223205566406
fan,id_00,00000404.wav,abnormal,10.941644668579102,6.295013904571533
fan,id_00,00000405.wav,abnormal,12.259702682495117,12.86365795135498
fan,id_00,00000406.wav,abnormal,9.360709190368652,7.876630783081055
fan,id_02,00000000.wav,abnormal,15.47269058227539,29.209110260009766
fan,id_02,00000001.wav,abnormal,13.769022941589355,33.28910446166992
fan,id_02,00000002.wav,abnormal,17.214635848999023,39.35768127441406
fan,id_02,00000003.wav,abnormal,16.243221282958984,40.22300720214844
fan,id_02,00000004.wav,abnormal,17.360742568969727,33.33979034423828
fan,id_02,00000005.wav,abnormal,14.029321670532227,37.794532775878906
fan,id_02,00000006.wav,abnormal,17.430219650268555,36.980491638183594
fan,id_02,00000007.wav,abnormal,18.831260681152344,31.31305694580078
fan,id_02,00000008.wav,abnormal,18.040081024169922,35.786563873291016
fan,id_02,00000009.wav,abnormal,11.871549606323242,31.141061782836914
fan,id_02,00000010.wav,abnormal,17.738344192504883,45.88817596435547
fan,id_02,00000011.wav,abnormal,15.440136909484863,41.54888153076172
fan,id_02,00000012.wav,abnormal,18.913957595825195,41.29505157470703
fan,id_02,00000013.wav,abnormal,16.603734970092773,40.307891845703125
fan,id_02,00000014.wav,abnormal,12.313352584838867,31.02580451965332
fan,id_02,00000015.wav,abnormal,11.58271598815918,30.042573928833008
fan,id_02,00000016.wav,abnormal,18.313997268676758,27.45914077758789
fan,id_02,00000017.wav,abnormal,18.90057373046875,36.66773986816406
fan,id_02,00000018.wav,abnormal,17.956356048583984,51.164527893066406
fan,id_02,00000019.wav,abnormal,18.12578582763672,37.5697021484375
fan,id_02,00000020.wav,abnormal,16.338537216186523,23.814476013183594
fan,id_02,00000021.wav,abnormal,17.546981811523438,33.954833984375
fan,id_02,00000022.wav,abnormal,18.046796798706055,30.277368545532227
fan,id_02,00000023.wav,abnormal,19.146610260009766,27.64935302734375
fan,id_02,00000024.wav,abnormal,18.38031578063965,22.633121490478516
fan,id_02,00000025.wav,abnormal,14.04917049407959,53.629547119140625
fan,id_02,00000026.wav,abnormal,14.600567817687988,42.35488510131836
fan,id_02,00000027.wav,abnormal,18.66790771484375,34.21876525878906
fan,id_02,00000028.wav,abnormal,18.67241668701172,34.59579849243164
fan,id_02,00000029.wav,abnormal,18.167821884155273,49.54362487792969
fan,id_02,00000030.wav,abnormal,17.295568466186523,34.07370376586914
fan,id_02,00000031.wav,abnormal,17.51468849182129,54.384212493896484
fan,id_02,00000032.wav,abnormal,15.274800300598145,32.72809600830078
fan,id_02,00000033.wav,abnormal,18.669269561767578,27.620830535888672
fan,id_02,00000034.wav,abnormal,15.298676490783691,35.98984909057617
fan,id_02,00000035.wav,abnormal,16.37918472290039,24.717914581298828
fan,id_02,00000036.wav,abnormal,18.64029884338379,60.833953857421875
fan,id_02,00000037.wav,abnormal,19.13797950744629,50.625213623046875
fan,id_02,00000038.wav,abnormal,19.136789321899414,36.657894134521484
fan,id_02,00000039.wav,abnormal,19.801528930664062,26.23965835571289
fan,id_02,00000040.wav,abnormal,17.882232666015625,36.81003952026367
fan,id_02,00000041.wav,abnormal,18.08258628845215,54.877166748046875
fan,id_02,00000042.wav,abnormal,17.68524932861328,39.74726104736328
fan,id_02,00000043.wav,abnormal,19.457107543945312,73.79417419433594
fan,id_02,00000044.wav,abnormal,19.986648559570312,31.249168395996094
fan,id_02,00000045.wav,abnormal,17.87904930114746,29.814491271972656
fan,id_02,00000046.wav,abnormal,18.80234146118164,46.08998489379883
fan,id_02,00000047.wav,abnormal,17.69572639465332,30.070695877075195
fan,id_02,00000048.wav,abnormal,15.33760929107666,40.53559112548828
fan,id_02,00000049.wav,abnormal,13.61711597442627,38.64156723022461
fan,id_02,00000050.wav,abnormal,16.687854766845703,33.0101203918457
fan,id_02,00000051.wav,abnormal,18.72928810119629,27.91475486755371
fan,id_02,00000052.wav,abnormal,17.731285095214844,31.741989135742188
fan,id_02,00000053.wav,abnormal,15.627219200134277,37.486961364746094
fan,id_02,00000054.wav,abnormal,17.61305046081543,28.812793731689453
fan,id_02,00000055.wav,abnormal,15.144841194152832,23.317729949951172
fan,id_02,00000056.wav,abnormal,18.949106216430664,38.161312103271484
fan,id_02,00000057.wav,abnormal,17.763614654541016,38.794921875
fan,id_02,00000058.wav,abnormal,17.12744140625,24.709083557128906
fan,id_02,00000059.wav,abnormal,16.380290985107422,44.77480697631836
fan,id_02,00000060.wav,abnormal,18.137954711914062,41.241458892822266
fan,id_02,00000061.wav,abnormal,15.095016479492188,40.85749435424805
fan,id_02,00000062.wav,abnormal,12.125572204589844,35.06210708618164
fan,id_02,00000063.wav,abnormal,18.61591148376465,24.20517349243164
fan,id_02,00000064.wav,abnormal,13.070340156555176,31.356449127197266
fan,id_02,00000065.wav,abnormal,17.190336227416992,34.75584030151367
fan,id_02,00000066.wav,abnormal,17.313037872314453,45.73371887207031
fan,id_02,00000067.wav,abnormal,16.256122589111328,39.41923522949219
fan,id_02,00000068.wav,abnormal,17.513986587524414,28.09401512145996
fan,id_02,00000069.wav,abnormal,17.73089027404785,34.18730545043945
fan,id_02,00000070.wav,abnormal,16.116552352905273,34.38433074951172
fan,id_02,00000071.wav,abnormal,14.922934532165527,29.516679763793945
fan,id_02,00000072.wav,abnormal,17.2019100189209,37.61079025268555
fan,id_02,00000073.wav,abnormal,17.331384658813477,44.278194427490234
fan,id_02,00000074.wav,abnormal,18.149600982666016,27.504426956176758
fan,id_02,00000075.wav,abnormal,19.270626068115234,50.65690231323242
fan,id_02,00000076.wav,abnormal,15.469681739807129,48.662044525146484
fan,id_02,00000077.wav,abnormal,17.89870262145996,31.33164405822754
fan,id_02,00000078.wav,abnormal,18.085033416748047,48.63536834716797
fan,id_02,00000079.wav,abnormal,17.59427833557129,25.307849884033203
fan,id_02,00000080.wav,abnormal,15.754656791687012,34.31961441040039
fan,id_02,00000081.wav,abnormal,16.73716163635254,51.381168365478516
fan,id_02,00000082.wav,abnormal,18.75455665588379,44.30033493041992
fan,id_02,00000083.wav,abnormal,16.698745727539062,35.45506286621094
fan,id_02,00000084.wav,abnormal,18.591167449951172,32.640316009521484
fan,id_02,00000085.wav,abnormal,19.112476348876953,49.15251541137695
fan,id_02,00000086.wav,abnormal,18.277090072631836,19.523113250732422
fan,id_02,00000087.wav,abnormal,17.753398895263672,43.797122955322266
fan,id_02,00000088.wav,abnormal,16.063705444335938,26.85186004638672
fan,id_02,00000089.wav,abnormal,15.187188148498535,28.280595779418945
fan,id_02,00000090.wav,abnormal,18.050809860229492,48.339759826660156
fan,id_02,00000091.wav,abnormal,16.691709518432617,35.77042770385742
fan,id_02,00000092.wav,abnormal,16.427499771118164,24.465822219848633
fan,id_02,00000093.wav,abnormal,17.52043342590332,34.958335876464844
fan,id_02,00000094.wav,abnormal,17.842674255371094,31.908519744873047
fan,id_02,00000095.wav,abnormal,16.89883804321289,44.88590621948242
fan,id_02,00000096.wav,abnormal,14.27623176574707,40.1324462890625
fan,id_02,00000097.wav,abnormal,17.06486701965332,66.96923065185547
fan,id_02,00000098.wav,abnormal,18.626461029052734,29.84803581237793
fan,id_02,00000099.wav,abnormal,17.84673309326172,50.62303161621094
fan,id_02,00000100.wav,abnormal,15.68188762664795,42.59646224975586
fan,id_02,00000101.wav,abnormal,13.097896575927734,38.29031753540039
fan,id_02,00000102.wav,abnormal,17.92922019958496,31.400821685791016
fan,id_02,00000103.wav,abnormal,18.3638973236084,35.27811813354492
fan,id_02,00000104.wav,abnormal,14.931601524353027,38.57327651977539
fan,id_02,00000105.wav,abnormal,18.608951568603516,30.950298309326172
fan,id_02,00000106.wav,abnormal,17.47303009033203,32.9473991394043
fan,id_02,00000107.wav,abnormal,15.702486991882324,28.545053482055664
fan,id_02,00000108.wav,abnormal,15.225030899047852,41.75277328491211
fan,id_02,00000109.wav,abnormal,18.142885208129883,31.253925323486328
fan,id_02,00000110.wav,abnormal,15.338090896606445,31.78871726989746
fan,id_02,00000111.wav,abnormal,13.575661659240723,35.39410400390625
fan,id_02,00000112.wav,abnormal,17.03855323791504,46.90859603881836
fan,id_02,00000113.wav,abnormal,17.44888687133789,31.34746742248535
fan,id_02,00000114.wav,abnormal,18.427982330322266,36.823482513427734
fan,id_02,00000115.wav,abnormal,17.32259750366211,54.261558532714844
fan,id_02,00000116.wav,abnormal,16.77777862548828,31.983339309692383
fan,id_02,00000117.wav,abnormal,17.724674224853516,48.346683502197266
fan,id_02,00000118.wav,abnormal,14.853983879089355,25.002920150756836
fan,id_02,00000119.wav,abnormal,15.927953720092773,33.683746337890625
fan,id_02,00000120.wav,abnormal,18.94353485107422,35.91874313354492
fan,id_02,00000121.wav,abnormal,18.348920822143555,30.38231658935547
fan,id_02,00000122.wav,abnormal,16.479778289794922,31.26933479309082
fan,id_02,00000123.wav,abnormal,16.581880569458008,30.878511428833008
fan,id_02,00000124.wav,abnormal,18.447673797607422,39.558921813964844
fan,id_02,00000125.wav,abnormal,17.654876708984375,44.39632797241211
fan,id_02,00000126.wav,abnormal,15.093307495117188,43.278717041015625
fan,id_02,00000127.wav,abnormal,17.69170379638672,38.7652702331543
fan,id_02,00000128.wav,abnormal,16.72180938720703,29.622989654541016
fan,id_02,00000129.wav,abnormal,18.421945571899414,52.68390655517578
fan,id_02,00000130.wav,abnormal,18.471872329711914,38.590431213378906
fan,id_02,00000131.wav,abnormal,16.77412986755371,7.210694789886475
fan,id_02,00000132.wav,abnormal,18.693763732910156,31.049257278442383
fan,id_02,00000133.wav,abnormal,14.816266059875488,21.077226638793945
fan,id_02,00000134.wav,abnormal,17.37694549560547,38.613582611083984
fan,id_02,00000135.wav,abnormal,15.652206420898438,12.306224822998047
fan,id_02,00000136.wav,abnormal,17.315105438232422,15.72048568725586
fan,id_02,00000137.wav,abnormal,17.773334503173828,15.546515464782715
fan,id_02,00000138.wav,abnormal,17.713632583618164,10.716387748718262
fan,id_02,00000139.wav,abnormal,17.148357391357422,10.934986114501953
fan,id_02,00000140.wav,abnormal,18.361478805541992,24.810468673706055
fan,id_02,00000141.wav,abnormal,17.881216049194336,12.035992622375488
fan,id_02,00000142.wav,abnormal,18.66468048095703,10.616878509521484
fan,id_02,00000143.wav,abnormal,17.68663787841797,29.802061080932617
fan,id_02,00000144.wav,abnormal,14.43640422821045,16.50370979309082
fan,id_02,00000145.wav,abnormal,19.11416244506836,26.582765579223633
fan,id_02,00000146.wav,abnormal,18.178884506225586,7.871384143829346
fan,id_02,00000147.wav,abnormal,15.559499740600586,9.655455589294434
fan,id_02,00000148.wav,abnormal,18.052188873291016,7.497867107391357
fan,id_02,00000149.wav,abnormal,19.22510528564453,29.88762092590332
fan,id_02,00000150.wav,abnormal,17.26942253112793,8.534941673278809
fan,id_02,00000151.wav,abnormal,17.665529251098633,9.307868957519531
fan,id_02,00000152.wav,abnormal,17.869258880615234,18.22109603881836
fan,id_02,00000153.wav,abnormal,16.387235641479492,25.261173248291016
fan,id_02,00000154.wav,abnormal,19.191904067993164,8.379246711730957
fan,id_02,00000155.wav,abnormal,18.252321243286133,6.732194423675537
fan,id_02,00000156.wav,abnormal,18.697978973388672,9.694367408752441
fan,id_02,00000157.wav,abnormal,17.539152145385742,28.97414207458496
fan,id_02,00000158.wav,abnormal,16.777000427246094,10.914200782775879
fan,id_02,00000159.wav,abnormal,17.526199340820312,9.743234634399414
fan,id_02,00000160.wav,abnormal,17.56905746459961,23.918704986572266
fan,id_02,00000161.wav,abnormal,17.82010269165039,12.235553741455078
fan,id_02,00000162.wav,abnormal,16.863611221313477,14.236711502075195
fan,id_02,00000163.wav,abnormal,18.07499122619629,9.919632911682129
fan,id_02,00000164.wav,abnormal,18.107479095458984,13.283495903015137
fan,id_02,00000165.wav,abnormal,14.448620796203613,8.86122989654541
fan,id_02,00000166.wav,abnormal,18.336748123168945,7.251696586608887
fan,id_02,00000167.wav,abnormal,15.32091999053955,7.427380561828613
fan,id_02,00000168.wav,abnormal,17.07009506225586,9.8292236328125
fan,id_02,00000169.wav,abnormal,17.54889678955078,25.300607681274414
fan,id_02,00000170.wav,abnormal,18.3726749420166,5.547449588775635
fan,id_02,00000171.wav,abnormal,18.327838897705078,25.248489379882812
fan,id_02,00000172.wav,abnormal,18.36337661743164,12.947676658630371
fan,id_02,00000173.wav,abnormal,16.56968879699707,6.814295768737793
fan,id_02,00000174.wav,abnormal,18.432336807250977,13.271648406982422
fan,id_02,00000175.wav,abnormal,17.103710174560547,12.276957511901855
fan,id_02,00000176.wav,abnormal,17.927053451538086,14.79847526550293
fan,id_02,00000177.wav,abnormal,17.128068923950195,20.66312599182129
fan,id_02,00000178.wav,abnormal,17.64221954345703,7.2433037757873535
fan,id_02,00000179.wav,abnormal,17.487947463989258,11.11950397491455
fan,id_02,00000180.wav,abnormal,15.58088207244873,7.275378704071045
fan,id_02,00000181.wav,abnormal,18.841815948486328,18.60116958618164
fan,id_02,00000182.wav,abnormal,17.515310287475586,7.453371524810791
fan,id_02,00000183.wav,abnormal,17.914438247680664,10.751848220825195
fan,id_02,00000184.wav,abnormal,18.420822143554688,6.231075763702393
fan,id_02,00000185.wav,abnormal,18.675491333007812,6.840189456939697
fan,id_02,00000186.wav,abnormal,17.741039276123047,16.58851432800293
fan,id_02,00000187.wav,abnormal,16.519987106323242,14.64655590057373
fan,id_02,00000188.wav,abnormal,18.240915298461914,8.409937858581543
fan,id_02,00000189.wav,abnormal,18.505773544311523,7.492035388946533
fan,id_02,00000190.wav,abnormal,16.66347312927246,8.075273513793945
fan,id_02,00000191.wav,abnormal,17.179668426513672,8.319125175476074
fan,id_02,00000192.wav,abnormal,18.758394241333008,23.358827590942383
fan,id_02,00000193.wav,abnormal,16.822006225585938,41.986942291259766
fan,id_02,00000194.wav,abnormal,17.434968948364258,17.715269088745117
fan,id_02,00000195.wav,abnormal,17.978439331054688,9.164895057678223
fan,id_02,00000196.wav,abnormal,19.672199249267578,22.13431739807129
fan,id_02,00000197.wav,abnormal,18.209230422973633,11.260624885559082
fan,id_02,00000198.wav,abnormal,18.338661193847656,12.09549331665039
fan,id_02,00000199.wav,abnormal,18.03179168701172,32.880096435546875
fan,id_02,00000200.wav,abnormal,12.590773582458496,9.609784126281738
fan,id_02,00000201.wav,abnormal,16.966020584106445,7.972136974334717
fan,id_02,00000202.wav,abnormal,18.172775268554688,11.820371627807617
fan,id_02,00000203.wav,abnormal,19.28182029724121,10.356134414672852
fan,id_02,00000204.wav,abnormal,17.111011505126953,15.959789276123047
fan,id_02,00000205.wav,abnormal,14.396450996398926,25.33799934387207
fan,id_02,00000206.wav,abnormal,14.963302612304688,7.379049301147461
fan,id_02,00000207.wav,abnormal,18.713184356689453,8.137521743774414
fan,id_02,00000208.wav,abnormal,18.5267391204834,16.39628028869629
fan,id_02,00000209.wav,abnormal,17.421344757080078,16.56485939025879
fan,id_02,00000210.wav,abnormal,18.404773712158203,18.991018295288086
fan,id_02,00000211.wav,abnormal,16.8857421875,12.439082145690918
fan,id_02,00000212.wav,abnormal,17.838409423828125,10.685746192932129
fan,id_02,00000213.wav,abnormal,14.417097091674805,5.970000743865967
fan,id_02,00000214.wav,abnormal,15.615165710449219,14.351704597473145
fan,id_02,00000215.wav,abnormal,17.6287841796875,14.510762214660645
fan,id_02,00000216.wav,abnormal,17.192590713500977,13.833683967590332
fan,id_02,00000217.wav,abnormal,14.049423217773438,16.973581314086914
fan,id_02,00000218.wav,abnormal,17.176361083984375,5.220429420471191
fan,id_02,00000219.wav,abnormal,17.30467414855957,13.758400917053223
fan,id_02,00000220.wav,abnormal,16.53605079650879,10.484090805053711
fan,id_02,00000221.wav,abnormal,18.26165771484375,22.977859497070312
fan,id_02,00000222.wav,abnormal,19.05111312866211,6.931542873382568
fan,id_02,00000223.wav,abnormal,17.620634078979492,11.301173210144043
fan,id_02,00000224.wav,abnormal,13.473037719726562,34.28780746459961
fan,id_02,00000225.wav,abnormal,17.941795349121094,9.608829498291016
fan,id_02,00000226.wav,abnormal,18.914587020874023,16.32691192626953
fan,id_02,00000227.wav,abnormal,15.817593574523926,8.13225269317627
fan,id_02,00000228.wav,abnormal,19.228515625,12.363288879394531
fan,id_02,00000229.wav,abnormal,19.381601333618164,19.3162784576416
fan,id_02,00000230.wav,abnormal,17.212894439697266,10.183337211608887
fan,id_02,00000231.wav,abnormal,17.392803192138672,19.77789306640625
fan,id_02,00000232.wav,abnormal,17.71384620666504,12.974967956542969
fan,id_02,00000233.wav,abnormal,17.350276947021484,18.45725440979004
fan,id_02,00000234.wav,abnormal,12.642928123474121,26.958471298217773
fan,id_02,00000235.wav,abnormal,18.25255584716797,19.033422470092773
fan,id_02,00000236.wav,abnormal,16.964458465576172,8.093226432800293
fan,id_02,00000237.wav,abnormal,17.79684066772461,7.1581902503967285
fan,id_02,00000238.wav,abnormal,18.13496208190918,20.1844539642334
fan,id_02,00000239.wav,abnormal,18.789350509643555,13.750100135803223
fan,id_02,00000240.wav,abnormal,16.585474014282227,19.096675872802734
fan,id_02,00000241.wav,abnormal,17.08524513244629,10.151412963867188
fan,id_02,00000242.wav,abnormal,14.965250968933105,11.828662872314453
fan,id_02,00000243.wav,abnormal,17.87077522277832,7.533889293670654
fan,id_02,00000244.wav,abnormal,18.49137306213379,13.238323211669922
fan,id_02,00000245.wav,abnormal,10.686186790466309,23.77688980102539
fan,id_02,00000246.wav,abnormal,14.485272407531738,18.60748863220215
fan,id_02,00000247.wav,abnormal,18.3220157623291,10.35584831237793
fan,id_02,00000248.wav,abnormal,18.88788414001465,14.938871383666992
fan,id_02,00000249.wav,abnormal,18.115867614746094,16.35464859008789
fan,id_02,00000250.wav,abnormal,16.691707611083984,11.071056365966797
fan,id_02,00000251.wav,abnormal,17.625751495361328,21.1151180267334
fan,id_02,00000252.wav,abnormal,18.717548370361328,13.649334907531738
fan,id_02,00000253.wav,abnormal,17.97287940979004,24.1436767578125
fan,id_02,00000254.wav,abnormal,18.063936233520508,14.594867706298828
fan,id_02,00000255.wav,abnormal,18.134925842285156,16.34522819519043
fan,id_02,00000256.wav,abnormal,18.10236167907715,27.737340927124023
fan,id_02,00000257.wav,abnormal,14.526520729064941,36.83658218383789
fan,id_02,00000258.wav,abnormal,17.75937271118164,11.630949974060059
fan,id_02,00000259.wav,abnormal,19.083114624023438,15.221908569335938
fan,id_02,00000260.wav,abnormal,17.605649948120117,48.492279052734375
fan,id_02,00000261.wav,abnormal,19.14052391052246,14.133728981018066
fan,id_02,00000262.wav,abnormal,17.660472869873047,12.759913444519043
fan,id_02,00000263.wav,abnormal,18.045259475708008,35.74510192871094
fan,id_02,00000264.wav,abnormal,17.88241958618164,21.246957778930664
fan,id_02,00000265.wav,abnormal,18.446619033813477,16.104267120361328
fan,id_02,00000266.wav,abnormal,19.110837936401367,16.747159957885742
fan,id_02,00000267.wav,abnormal,18.13966178894043,8.982913970947266
fan,id_02,00000268.wav,abnormal,18.438858032226562,34.473121643066406
fan,id_02,00000269.wav,abnormal,19.01093101501465,6.369185447692871
fan,id_02,00000270.wav,abnormal,15.895587921142578,21.088193893432617
fan,id_02,00000271.wav,abnormal,18.271533966064453,16.649049758911133
fan,id_02,00000272.wav,abnormal,17.96540641784668,9.386948585510254
fan,id_02,00000273.wav,abnormal,19.87550163269043,12.96096420288086
fan,id_02,00000274.wav,abnormal,17.104736328125,12.706494331359863
fan,id_02,00000275.wav,abnormal,18.10464096069336,12.572474479675293
fan,id_02,00000276.wav,abnormal,17.778507232666016,12.287973403930664
fan,id_02,00000277.wav,abnormal,18.39877700805664,7.980166912078857
fan,id_02,00000278.wav,abnormal,19.832151412963867,12.751385688781738
fan,id_02,00000279.wav,abnormal,18.11780548095703,11.943050384521484
fan,id_02,00000280.wav,abnormal,16.47370719909668,22.8441162109375
fan,id_02,00000281.wav,abnormal,17.91028594970703,49.56665802001953
fan,id_02,00000282.wav,abnormal,19.334264755249023,18.20939826965332
fan,id_02,00000283.wav,abnormal,17.33881950378418,8.51672077178955
fan,id_02,00000284.wav,abnormal,18.57390594482422,11.32433032989502
fan,id_02,00000285.wav,abnormal,18.438064575195312,11.095081329345703
fan,id_02,00000286.wav,abnormal,18.156774520874023,15.457286834716797
fan,id_02,00000287.wav,abnormal,17.766597747802734,11.284913063049316
fan,id_02,00000288.wav,abnormal,17.859336853027344,22.824356079101562
fan,id_02,00000289.wav,abnormal,17.559370040893555,5.222014427185059
fan,id_02,00000290.wav,abnormal,18.629417419433594,10.952508926391602
fan,id_02,00000291.wav,abnormal,16.707378387451172,6.698733806610107
fan,id_02,00000292.wav,abnormal,18.413068771362305,35.80389404296875
fan,id_02,00000293.wav,abnormal,17.928295135498047,17.84220314025879
fan,id_02,00000294.wav,abnormal,18.10711669921875,33.733707427978516
fan,id_02,00000295.wav,abnormal,13.219351768493652,10.699576377868652
fan,id_02,00000296.wav,abnormal,17.931522369384766,17.658498764038086
fan,id_02,00000297.wav,abnormal,17.707181930541992,14.3193359375
fan,id_02,00000298.wav,abnormal,18.49292755126953,17.30457878112793
fan,id_02,00000299.wav,abnormal,18.539052963256836,47.79810333251953
fan,id_02,00000300.wav,abnormal,16.924457550048828,23.28973388671875
fan,id_02,00000301.wav,abnormal,17.902362823486328,31.53253936767578
fan,id_02,00000302.wav,abnormal,16.622880935668945,23.123313903808594
fan,id_02,00000303.wav,abnormal,13.688573837280273,25.210124969482422
fan,id_02,00000304.wav,abnormal,18.142711639404297,25.679969787597656
fan,id_02,00000305.wav,abnormal,19.137052536010742,9.324773788452148
fan,id_02,00000306.wav,abnormal,17.60102081298828,14.401942253112793
fan,id_02,00000307.wav,abnormal,16.752437591552734,22.772336959838867
fan,id_02,00000308.wav,abnormal,18.850831985473633,11.733429908752441
fan,id_02,00000309.wav,abnormal,17.539098739624023,13.762234687805176
fan,id_02,00000310.wav,abnormal,19.360084533691406,12.870482444763184
fan,id_02,00000311.wav,abnormal,17.574825286865234,9.738779067993164
fan,id_02,00000312.wav,abnormal,17.731353759765625,28.310577392578125
fan,id_02,00000313.wav,abnormal,17.17551612854004,8.099138259887695
fan,id_02,00000314.wav,abnormal,17.912555694580078,15.65882396697998
fan,id_02,00000315.wav,abnormal,17.71976661682129,18.051254272460938
fan,id_02,00000316.wav,abnormal,18.38993263244629,13.82509708404541
fan,id_02,00000317.wav,abnormal,17.082460403442383,22.01122283935547
fan,id_02,00000318.wav,abnormal,16.93501853942871,14.272688865661621
fan,id_02,00000319.wav,abnormal,19.23480987548828,34.10802459716797
fan,id_02,00000320.wav,abnormal,16.88833999633789,25.84653663635254
fan,id_02,00000321.wav,abnormal,17.327619552612305,34.5400276184082
fan,id_02,00000322.wav,abnormal,15.716901779174805,13.804217338562012
fan,id_02,00000323.wav,abnormal,14.108087539672852,10.209752082824707
fan,id_02,00000324.wav,abnormal,13.979564666748047,15.270354270935059
fan,id_02,00000325.wav,abnormal,19.437211990356445,22.65458869934082
fan,id_02,00000326.wav,abnormal,14.305023193359375,23.089649200439453
fan,id_02,00000327.wav,abnormal,16.911169052124023,54.85778045654297
fan,id_02,00000328.wav,abnormal,17.19473648071289,22.529117584228516
fan,id_02,00000329.wav,abnormal,15.172952651977539,32.90809631347656
fan,id_02,00000330.wav,abnormal,17.226287841796875,60.336204528808594
fan,id_02,00000331.wav,abnormal,17.33864402770996,36.00566864013672
fan,id_02,00000332.wav,abnormal,17.74915313720703,7.638156414031982
fan,id_02,00000333.wav,abnormal,17.60693359375,9.879056930541992
fan,id_02,00000334.wav,abnormal,12.129640579223633,7.644982814788818
fan,id_02,00000335.wav,abnormal,18.03388023376465,25.264522552490234
fan,id_02,00000336.wav,abnormal,17.626964569091797,14.993448257446289
fan,id_02,00000337.wav,abnormal,18.1785888671875,13.52166748046875
fan,id_02,00000338.wav,abnormal,17.679471969604492,41.27091598510742
fan,id_02,00000339.wav,abnormal,13.358902931213379,12.824559211730957
fan,id_02,00000340.wav,abnormal,18.04903793334961,17.616880416870117
fan,id_02,00000341.wav,abnormal,16.802152633666992,14.311508178710938
fan,id_02,00000342.wav,abnormal,18.696378707885742,14.529523849487305
fan,id_02,00000343.wav,abnormal,17.526649475097656,7.624548435211182
fan,id_02,00000344.wav,abnormal,18.528182983398438,18.182950973510742
fan,id_02,00000345.wav,abnormal,20.69189453125,29.602031707763672
fan,id_02,00000346.wav,abnormal,14.563919067382812,8.227360725402832
fan,id_02,00000347.wav,abnormal,19.03710174560547,10.121049880981445
fan,id_02,00000348.wav,abnormal,17.779672622680664,9.48281478881836
fan,id_02,00000349.wav,abnormal,11.446429252624512,53.154232025146484
fan,id_02,00000350.wav,abnormal,19.09097671508789,25.051729202270508
fan,id_02,00000351.wav,abnormal,15.799532890319824,11.129621505737305
fan,id_02,00000352.wav,abnormal,17.756336212158203,10.749759674072266
fan,id_02,00000353.wav,abnormal,19.422771453857422,15.418255805969238
fan,id_02,00000354.wav,abnormal,17.557619094848633,14.8106107711792
fan,id_02,00000355.wav,abnormal,16.26046371459961,21.19155502319336
fan,id_02,00000356.wav,abnormal,16.376253128051758,10.148831367492676
fan,id_02,00000357.wav,abnormal,16.269989013671875,7.440621852874756
fan,id_02,00000358.wav,abnormal,16.84693717956543,5.128083229064941
fan,id_04,00000000.wav,abnormal,14.384373664855957,12.690757751464844
fan,id_04,00000001.wav,abnormal,13.64315128326416,30.091001510620117
fan,id_04,00000002.wav,abnormal,10.020198822021484,26.4428653717041
fan,id_04,00000003.wav,abnormal,12.497835159301758,22.66716194152832
fan,id_04,00000004.wav,abnormal,11.757086753845215,12.41793155670166
fan,id_04,00000005.wav,abnormal,13.40787410736084,19.906036376953125
fan,id_04,00000006.wav,abnormal,9.030923843383789,20.021621704101562
fan,id_04,00000007.wav,abnormal,13.058594703674316,15.378961563110352
fan,id_04,00000008.wav,abnormal,14.69443130493164,26.35657501220703
fan,id_04,00000009.wav,abnormal,14.410287857055664,17.849502563476562
fan,id_04,00000010.wav,abnormal,14.377349853515625,14.311136245727539
fan,id_04,00000011.wav,abnormal,13.708311080932617,23.275808334350586
fan,id_04,00000012.wav,abnormal,14.1594877243042,24.101470947265625
fan,id_04,00000013.wav,abnormal,14.207280158996582,23.982614517211914
fan,id_04,00000014.wav,abnormal,10.964921951293945,20.0151424407959
fan,id_04,00000015.wav,abnormal,10.137107849121094,17.049068450927734
fan,id_04,00000016.wav,abnormal,14.624149322509766,35.18690872192383
fan,id_04,00000017.wav,abnormal,10.323614120483398,26.590417861938477
fan,id_04,00000018.wav,abnormal,12.950634002685547,22.16460609436035
fan,id_04,00000019.wav,abnormal,14.935857772827148,17.93039894104004
fan,id_04,00000020.wav,abnormal,12.980631828308105,12.644386291503906
fan,id_04,00000021.wav,abnormal,13.30384349822998,12.365017890930176
fan,id_04,00000022.wav,abnormal,14.091246604919434,22.04361343383789
fan,id_04,00000023.wav,abnormal,14.894540786743164,16.504390716552734
fan,id_04,00000024.wav,abnormal,12.4067964553833,28.146114349365234
fan,id_04,00000025.wav,abnormal,13.46378231048584,20.65836524963379
fan,id_04,00000026.wav,abnormal,13.695714950561523,30.273601531982422
fan,id_04,00000027.wav,abnormal,14.555929183959961,18.959257125854492
fan,id_04,00000028.wav,abnormal,14.079508781433105,26.399126052856445
fan,id_04,00000029.wav,abnormal,13.953093528747559,20.017080307006836
fan,id_04,00000030.wav,abnormal,15.846452713012695,24.930950164794922
fan,id_04,00000031.wav,abnormal,12.502453804016113,18.62860107421875
fan,id_04,00000032.wav,abnormal,15.914255142211914,30.258913040161133
fan,id_04,00000033.wav,abnormal,10.443230628967285,17.780460357666016
fan,id_04,00000034.wav,abnormal,13.607895851135254,18.71100425720215
fan,id_04,00000035.wav,abnormal,12.227790832519531,24.653268814086914
fan,id_04,00000036.wav,abnormal,13.062358856201172,24.481210708618164
fan,id_04,00000037.wav,abnormal,14.585302352905273,26.793697357177734
fan,id_04,00000038.wav,abnormal,12.407937049865723,28.008201599121094
fan,id_04,00000039.wav,abnormal,14.586711883544922,27.76044273376465
fan,id_04,00000040.wav,abnormal,13.911079406738281,31.764902114868164
fan,id_04,00000041.wav,abnormal,12.13749885559082,24.221046447753906
fan,id_04,00000042.wav,abnormal,13.74161148071289,26.837791442871094
fan,id_04,00000043.wav,abnormal,13.842716217041016,19.19495391845703
fan,id_04,00000044.wav,abnormal,13.459214210510254,15.71285343170166
fan,id_04,00000045.wav,abnormal,9.69328498840332,24.65886878967285
fan,id_04,00000046.wav,abnormal,11.828670501708984,20.92758560180664
fan,id_04,00000047.wav,abnormal,13.872859001159668,23.777301788330078
fan,id_04,00000048.wav,abnormal,16.29812240600586,21.037639617919922
fan,id_04,00000049.wav,abnormal,11.96731948852539,18.375812530517578
fan,id_04,00000050.wav,abnormal,13.25309944152832,31.29177474975586
fan,id_04,00000051.wav,abnormal,13.20886516571045,22.263242721557617
fan,id_04,00000052.wav,abnormal,13.064525604248047,28.346193313598633
fan,id_04,00000053.wav,abnormal,14.468674659729004,25.8304500579834
fan,id_04,00000054.wav,abnormal,11.585355758666992,35.66289138793945
fan,id_04,00000055.wav,abnormal,12.037637710571289,11.114285469055176
fan,id_04,00000056.wav,abnormal,14.34701156616211,21.725187301635742
fan,id_04,00000057.wav,abnormal,14.343502044677734,17.324981689453125
fan,id_04,00000058.wav,abnormal,12.755168914794922,26.967449188232422
fan,id_04,00000059.wav,abnormal,14.769180297851562,19.03282928466797
fan,id_04,00000060.wav,abnormal,13.32613468170166,27.390348434448242
fan,id_04,00000061.wav,abnormal,14.996581077575684,16.4399471282959
fan,id_04,00000062.wav,abnormal,10.392956733703613,20.091827392578125
fan,id_04,00000063.wav,abnormal,14.49573802947998,20.797256469726562
fan,id_04,00000064.wav,abnormal,12.280393600463867,13.081974983215332
fan,id_04,00000065.wav,abnormal,17.583547592163086,34.49461364746094
fan,id_04,00000066.wav,abnormal,15.139867782592773,14.481524467468262
fan,id_04,00000067.wav,abnormal,12.376856803894043,28.02930450439453
fan,id_04,00000068.wav,abnormal,13.180554389953613,26.515087127685547
fan,id_04,00000069.wav,abnormal,13.970004081726074,27.337133407592773
fan,id_04,00000070.wav,abnormal,13.848111152648926,24.749073028564453
fan,id_04,00000071.wav,abnormal,12.923315048217773,23.398893356323242
fan,id_04,00000072.wav,abnormal,15.351689338684082,24.54167366027832
fan,id_04,00000073.wav,abnormal,12.121630668640137,20.586280822753906
fan,id_04,00000074.wav,abnormal,11.456823348999023,18.492107391357422
fan,id_04,00000075.wav,abnormal,13.404403686523438,17.573678970336914
fan,id_04,00000076.wav,abnormal,15.730310440063477,25.970062255859375
fan,id_04,00000077.wav,abnormal,9.501139640808105,23.091699600219727
fan,id_04,00000078.wav,abnormal,15.383129119873047,13.56113052368164
fan,id_04,00000079.wav,abnormal,13.658731460571289,21.031431198120117
fan,id_04,00000080.wav,abnormal,14.06238079071045,17.436664581298828
fan,id_04,00000081.wav,abnormal,15.355639457702637,34.708805084228516
fan,id_04,00000082.wav,abnormal,15.229948997497559,22.953189849853516
fan,id_04,00000083.wav,abnormal,12.675447463989258,17.07832145690918
fan,id_04,00000084.wav,abnormal,11.14732551574707,24.312332153320312
fan,id_04,00000085.wav,abnormal,11.243374824523926,15.974365234375
fan,id_04,00000086.wav,abnormal,14.922119140625,18.92880630493164
fan,id_04,00000087.wav,abnormal,12.932443618774414,20.056720733642578
fan,id_04,00000088.wav,abnormal,15.355834007263184,20.224773406982422
fan,id_04,00000089.wav,abnormal,12.952005386352539,29.99831771850586
fan,id_04,00000090.wav,abnormal,14.487214088439941,18.639484405517578
fan,id_04,00000091.wav,abnormal,14.268660545349121,26.748136520385742
fan,id_04,00000092.wav,abnormal,16.096851348876953,21.81338119506836
fan,id_04,00000093.wav,abnormal,14.8868989944458,18.93853187561035
fan,id_04,00000094.wav,abnormal,15.553731918334961,23.093276977539062
fan,id_04,00000095.wav,abnormal,15.274127960205078,20.667837142944336
fan,id_04,00000096.wav,abnormal,12.064984321594238,20.57707405090332
fan,id_04,00000097.wav,abnormal,15.069122314453125,21.506807327270508
fan,id_04,00000098.wav,abnormal,11.841730117797852,24.95400619506836
fan,id_04,00000099.wav,abnormal,13.635702133178711,19.317916870117188
fan,id_04,00000100.wav,abnormal,13.13782787322998,23.770540237426758
fan,id_04,00000101.wav,abnormal,15.375969886779785,26.154518127441406
fan,id_04,00000102.wav,abnormal,13.560120582580566,25.15671157836914
fan,id_04,00000103.wav,abnormal,14.866273880004883,20.718015670776367
fan,id_04,00000104.wav,abnormal,12.015226364135742,21.85616111755371
fan,id_04,00000105.wav,abnormal,13.94732666015625,17.664016723632812
fan,id_04,00000106.wav,abnormal,14.424857139587402,17.23732566833496
fan,id_04,00000107.wav,abnormal,12.528796195983887,14.93488883972168
fan,id_04,00000108.wav,abnormal,16.125844955444336,32.455387115478516
fan,id_04,00000109.wav,abnormal,12.440354347229004,22.8144588470459
fan,id_04,00000110.wav,abnormal,14.917732238769531,24.224227905273438
fan,id_04,00000111.wav,abnormal,15.473877906799316,8.841413497924805
fan,id_04,00000112.wav,abnormal,14.563713073730469,18.82020378112793
fan,id_04,00000113.wav,abnormal,14.771077156066895,26.716304779052734
fan,id_04,00000114.wav,abnormal,14.085451126098633,10.89525032043457
fan,id_04,00000115.wav,abnormal,15.376591682434082,21.99380111694336
fan,id_04,00000116.wav,abnormal,14.138911247253418,9.717289924621582
fan,id_04,00000117.wav,abnormal,13.909226417541504,16.190298080444336
fan,id_04,00000118.wav,abnormal,14.46011734008789,14.824064254760742
fan,id_04,00000119.wav,abnormal,13.160295486450195,5.556149005889893
fan,id_04,00000120.wav,abnormal,13.50107479095459,9.58242416381836
fan,id_04,00000121.wav,abnormal,14.472902297973633,15.293404579162598
fan,id_04,00000122.wav,abnormal,15.128606796264648,11.723040580749512
fan,id_04,00000123.wav,abnormal,12.711688995361328,13.33479118347168
fan,id_04,00000124.wav,abnormal,14.94323444366455,5.687678337097168
fan,id_04,00000125.wav,abnormal,14.054712295532227,12.1942777633667
fan,id_04,00000126.wav,abnormal,13.790014266967773,13.427061080932617
fan,id_04,00000127.wav,abnormal,13.383892059326172,8.141084671020508
fan,id_04,00000128.wav,abnormal,14.259112358093262,11.288214683532715
fan,id_04,00000129.wav,abnormal,12.68500804901123,26.479084014892578
fan,id_04,00000130.wav,abnormal,12.879985809326172,12.73668384552002
fan,id_04,00000131.wav,abnormal,10.779742240905762,5.868081569671631
fan,id_04,00000132.wav,abnormal,16.41391372680664,8.607860565185547
fan,id_04,00000133.wav,abnormal,12.20296573638916,11.900982856750488
fan,id_04,00000134.wav,abnormal,14.147564888000488,8.635310173034668
fan,id_04,00000135.wav,abnormal,13.581554412841797,9.0321683883667
fan,id_04,00000136.wav,abnormal,12.374471664428711,26.56780242919922
fan,id_04,00000137.wav,abnormal,13.660239219665527,25.087841033935547
fan,id_04,00000138.wav,abnormal,12.537067413330078,19.629709243774414
fan,id_04,00000139.wav,abnormal,13.70555591583252,17.259140014648438
fan,id_04,00000140.wav,abnormal,13.270997047424316,7.731597423553467
fan,id_04,00000141.wav,abnormal,14.210332870483398,8.408464431762695
fan,id_04,00000142.wav,abnormal,13.262168884277344,12.138487815856934
fan,id_04,00000143.wav,abnormal,13.969305038452148,7.6050286293029785
fan,id_04,00000144.wav,abnormal,14.945822715759277,15.345163345336914
fan,id_04,00000145.wav,abnormal,12.907541275024414,32.24684524536133
fan,id_04,00000146.wav,abnormal,12.035001754760742,8.954768180847168
fan,id_04,00000147.wav,abnormal,12.51492977142334,17.093475341796875
fan,id_04,00000148.wav,abnormal,12.021056175231934,9.841548919677734
fan,id_04,00000149.wav,abnormal,14.758539199829102,18.354488372802734
fan,id_04,00000150.wav,abnormal,14.171215057373047,27.996477127075195
fan,id_04,00000151.wav,abnormal,13.777653694152832,9.288872718811035
fan,id_04,00000152.wav,abnormal,13.674361228942871,21.267330169677734
fan,id_04,00000153.wav,abnormal,13.713380813598633,15.802084922790527
fan,id_04,00000154.wav,abnormal,14.304213523864746,13.832700729370117
fan,id_04,00000155.wav,abnormal,14.576932907104492,8.352824211120605
fan,id_04,00000156.wav,abnormal,13.972785949707031,14.281203269958496
fan,id_04,00000157.wav,abnormal,14.280135154724121,8.551321983337402
fan,id_04,00000158.wav,abnormal,16.500469207763672,10.114581108093262
fan,id_04,00000159.wav,abnormal,12.845281600952148,16.115095138549805
fan,id_04,00000160.wav,abnormal,13.207023620605469,19.997446060180664
fan,id_04,00000161.wav,abnormal,15.398016929626465,25.391263961791992
fan,id_04,00000162.wav,abnormal,16.459863662719727,30.620820999145508
fan,id_04,00000163.wav,abnormal,12.54659652709961,16.205669403076172
fan,id_04,00000164.wav,abnormal,12.905518531799316,15.328672409057617
fan,id_04,00000165.wav,abnormal,14.014413833618164,7.764616012573242
fan,id_04,00000166.wav,abnormal,13.445307731628418,19.984752655029297
fan,id_04,00000167.wav,abnormal,11.916398048400879,11.343791961669922
fan,id_04,00000168.wav,abnormal,9.682567596435547,17.51064682006836
fan,id_04,00000169.wav,abnormal,13.903483390808105,17.87370491027832
fan,id_04,00000170.wav,abnormal,15.741202354431152,17.00074577331543
fan,id_04,00000171.wav,abnormal,11.691128730773926,12.86582088470459
fan,id_04,00000172.wav,abnormal,14.417289733886719,11.724627494812012
fan,id_04,00000173.wav,abnormal,13.733412742614746,8.009024620056152
fan,id_04,00000174.wav,abnormal,15.944571495056152,15.008906364440918
fan,id_04,00000175.wav,abnormal,13.212207794189453,10.00342845916748
fan,id_04,00000176.wav,abnormal,15.84976577758789,8.140636444091797
fan,id_04,00000177.wav,abnormal,12.366379737854004,6.736566066741943
fan,id_04,00000178.wav,abnormal,12.270666122436523,13.580157279968262
fan,id_04,00000179.wav,abnormal,11.07140064239502,18.117238998413086
fan,id_04,00000180.wav,abnormal,15.06983470916748,8.062604904174805
fan,id_04,00000181.wav,abnormal,14.397383689880371,34.2020378112793
fan,id_04,00000182.wav,abnormal,12.808350563049316,18.846437454223633
fan,id_04,00000183.wav,abnormal,13.60834789276123,7.965578556060791
fan,id_04,00000184.wav,abnormal,12.227757453918457,7.719020843505859
fan,id_04,00000185.wav,abnormal,14.050375938415527,8.632287979125977
fan,id_04,00000186.wav,abnormal,10.892189979553223,12.252958297729492
fan,id_04,00000187.wav,abnormal,16.70953369140625,12.708413124084473
fan,id_04,00000188.wav,abnormal,14.912813186645508,9.925877571105957
fan,id_04,00000189.wav,abnormal,14.04439640045166,16.313533782958984
fan,id_04,00000190.wav,abnormal,10.3624849319458,9.16301441192627
fan,id_04,00000191.wav,abnormal,14.982223510742188,20.048362731933594
fan,id_04,00000192.wav,abnormal,14.049629211425781,9.5451078414917
fan,id_04,00000193.wav,abnormal,10.91271686553955,24.866445541381836
fan,id_04,00000194.wav,abnormal,13.2184419631958,12.959138870239258
fan,id_04,00000195.wav,abnormal,15.378008842468262,17.70334243774414
fan,id_04,00000196.wav,abnormal,13.691367149353027,34.89572525024414
fan,id_04,00000197.wav,abnormal,15.304363250732422,42.17449951171875
fan,id_04,00000198.wav,abnormal,12.853631019592285,10.970931053161621
fan,id_04,00000199.wav,abnormal,13.025179862976074,10.765564918518066
fan,id_04,00000200.wav,abnormal,13.532846450805664,16.28631591796875
fan,id_04,00000201.wav,abnormal,14.638629913330078,11.08211612701416
fan,id_04,00000202.wav,abnormal,14.323385238647461,30.096721649169922
fan,id_04,00000203.wav,abnormal,12.259133338928223,23.28696632385254
fan,id_04,00000204.wav,abnormal,15.402414321899414,12.49593448638916
fan,id_04,00000205.wav,abnormal,12.54784870147705,24.25931739807129
fan,id_04,00000206.wav,abnormal,14.493785858154297,28.986373901367188
fan,id_04,00000207.wav,abnormal,15.93398666381836,15.389522552490234
fan,id_04,00000208.wav,abnormal,14.802894592285156,10.477572441101074
fan,id_04,00000209.wav,abnormal,15.69130802154541,11.381793975830078
fan,id_04,00000210.wav,abnormal,13.790958404541016,9.622724533081055
fan,id_04,00000211.wav,abnormal,13.755399703979492,19.401142120361328
fan,id_04,00000212.wav,abnormal,14.384720802307129,8.655570983886719
fan,id_04,00000213.wav,abnormal,15.127730369567871,29.491819381713867
fan,id_04,00000214.wav,abnormal,13.97697925567627,46.808433532714844
fan,id_04,00000215.wav,abnormal,15.449616432189941,17.9024600982666
fan,id_04,00000216.wav,abnormal,14.423605918884277,19.357524871826172
fan,id_04,00000217.wav,abnormal,12.589719772338867,19.15584945678711
fan,id_04,00000218.wav,abnormal,10.6338472366333,11.049485206604004
fan,id_04,00000219.wav,abnormal,12.64556884765625,18.16182518005371
fan,id_04,00000220.wav,abnormal,14.102069854736328,16.512657165527344
fan,id_04,00000221.wav,abnormal,14.710705757141113,10.717948913574219
fan,id_04,00000222.wav,abnormal,13.681715965270996,35.80758285522461
fan,id_04,00000223.wav,abnormal,15.421367645263672,13.876017570495605
fan,id_04,00000224.wav,abnormal,13.511828422546387,20.32185173034668
fan,id_04,00000225.wav,abnormal,14.228161811828613,27.0416259765625
fan,id_04,00000226.wav,abnormal,11.985419273376465,13.266167640686035
fan,id_04,00000227.wav,abnormal,12.129176139831543,24.71710777282715
fan,id_04,00000228.wav,abnormal,12.880465507507324,14.013928413391113
fan,id_04,00000229.wav,abnormal,14.023547172546387,7.144580841064453
fan,id_04,00000230.wav,abnormal,14.50461483001709,24.00516700744629
fan,id_04,00000231.wav,abnormal,13.754054069519043,29.766164779663086
fan,id_04,00000232.wav,abnormal,14.07629680633545,14.849356651306152
fan,id_04,00000233.wav,abnormal,12.270846366882324,8.992228507995605
fan,id_04,00000234.wav,abnormal,15.082091331481934,17.254119873046875
fan,id_04,00000235.wav,abnormal,14.948420524597168,23.567890167236328
fan,id_04,00000236.wav,abnormal,11.576876640319824,14.440452575683594
fan,id_04,00000237.wav,abnormal,14.859496116638184,11.57481575012207
fan,id_04,00000238.wav,abnormal,12.321000099182129,27.9123477935791
fan,id_04,00000239.wav,abnormal,12.310761451721191,12.338921546936035
fan,id_04,00000240.wav,abnormal,14.0940523147583,21.182828903198242
fan,id_04,00000241.wav,abnormal,13.722250938415527,12.61325454711914
fan,id_04,00000242.wav,abnormal,13.43954086303711,16.50771141052246
fan,id_04,00000243.wav,abnormal,10.233125686645508,13.997440338134766
fan,id_04,00000244.wav,abnormal,12.686469078063965,16.02801513671875
fan,id_04,00000245.wav,abnormal,12.717113494873047,15.637020111083984
fan,id_04,00000246.wav,abnormal,13.763251304626465,26.740354537963867
fan,id_04,00000247.wav,abnormal,11.237292289733887,20.95873260498047
fan,id_04,00000248.wav,abnormal,10.769978523254395,14.313554763793945
fan,id_04,00000249.wav,abnormal,13.267945289611816,46.81591796875
fan,id_04,00000250.wav,abnormal,13.630260467529297,18.351442337036133
fan,id_04,00000251.wav,abnormal,10.747300148010254,10.407149314880371
fan,id_04,00000252.wav,abnormal,11.750046730041504,13.200580596923828
fan,id_04,00000253.wav,abnormal,12.965669631958008,22.00614356994629
fan,id_04,00000254.wav,abnormal,11.73828411102295,27.400592803955078
fan,id_04,00000255.wav,abnormal,15.072118759155273,19.38060188293457
fan,id_04,00000256.wav,abnormal,13.654644966125488,14.68084716796875
fan,id_04,00000257.wav,abnormal,14.979073524475098,21.03135871887207
fan,id_04,00000258.wav,abnormal,14.376500129699707,16.156156539916992
fan,id_04,00000259.wav,abnormal,11.706482887268066,22.493101119995117
fan,id_04,00000260.wav,abnormal,15.690675735473633,12.611668586730957
fan,id_04,00000261.wav,abnormal,13.137791633605957,17.76121711730957
fan,id_04,00000262.wav,abnormal,12.428293228149414,8.914580345153809
fan,id_04,00000263.wav,abnormal,12.765548706054688,18.223051071166992
fan,id_04,00000264.wav,abnormal,14.367586135864258,37.83108901977539
fan,id_04,00000265.wav,abnormal,13.569572448730469,19.504234313964844
fan,id_04,00000266.wav,abnormal,13.201248168945312,8.897740364074707
fan,id_04,00000267.wav,abnormal,11.228989601135254,15.592714309692383
fan,id_04,00000268.wav,abnormal,14.23321533203125,15.104269027709961
fan,id_04,00000269.wav,abnormal,14.83468246459961,21.177810668945312
fan,id_04,00000270.wav,abnormal,14.30859661102295,21.993751525878906
fan,id_04,00000271.wav,abnormal,14.417472839355469,23.01704978942871
fan,id_04,00000272.wav,abnormal,9.466499328613281,21.43996810913086
fan,id_04,00000273.wav,abnormal,14.372871398925781,22.8515567779541
fan,id_04,00000274.wav,abnormal,14.348304748535156,18.357990264892578
fan,id_04,00000275.wav,abnormal,10.9780912399292,12.836763381958008
fan,id_04,00000276.wav,abnormal,14.616901397705078,12.994288444519043
fan,id_04,00000277.wav,abnormal,14.269227027893066,16.00749969482422
fan,id_04,00000278.wav,abnormal,13.625953674316406,21.6227970123291
fan,id_04,00000279.wav,abnormal,13.431124687194824,16.38150405883789
fan,id_04,00000280.wav,abnormal,12.831221580505371,12.036233901977539
fan,id_04,00000281.wav,abnormal,14.548027038574219,12.730127334594727
fan,id_04,00000282.wav,abnormal,14.105023384094238,20.710020065307617
fan,id_04,00000283.wav,abnormal,12.498701095581055,18.50212287902832
fan,id_04,00000284.wav,abnormal,12.56226634979248,11.412331581115723
fan,id_04,00000285.wav,abnormal,16.319637298583984,16.537399291992188
fan,id_04,00000286.wav,abnormal,14.76801586151123,12.766945838928223
fan,id_04,00000287.wav,abnormal,15.44902229309082,21.136383056640625
fan,id_04,00000288.wav,abnormal,14.098725318908691,14.648171424865723
fan,id_04,00000289.wav,abnormal,8.72474479675293,17.147367477416992
fan,id_04,00000290.wav,abnormal,14.206092834472656,27.37059783935547
fan,id_04,00000291.wav,abnormal,13.479141235351562,15.040536880493164
fan,id_04,00000292.wav,abnormal,14.869236946105957,15.265124320983887
fan,id_04,00000293.wav,abnormal,14.85725212097168,14.713250160217285
fan,id_04,00000294.wav,abnormal,13.623464584350586,14.794408798217773
fan,id_04,00000295.wav,abnormal,14.40855598449707,12.498064994812012
fan,id_04,00000296.wav,abnormal,12.233450889587402,15.845935821533203
fan,id_04,00000297.wav,abnormal,14.04482650756836,10.036735534667969
fan,id_04,00000298.wav,abnormal,12.425859451293945,16.022600173950195
fan,id_04,00000299.wav,abnormal,14.52991771697998,16.298494338989258
fan,id_04,00000300.wav,abnormal,12.791692733764648,26.024484634399414
fan,id_04,00000301.wav,abnormal,13.793474197387695,22.886737823486328
fan,id_04,00000302.wav,abnormal,15.457898139953613,12.6880521774292
fan,id_04,00000303.wav,abnormal,16.756650924682617,44.83832550048828
fan,id_04,00000304.wav,abnormal,12.85477352142334,12.243223190307617
fan,id_04,00000305.wav,abnormal,14.737874984741211,19.62293243408203
fan,id_04,00000306.wav,abnormal,14.445060729980469,12.71753978729248
fan,id_04,00000307.wav,abnormal,15.285696029663086,15.070008277893066
fan,id_04,00000308.wav,abnormal,10.868090629577637,19.803096771240234
fan,id_04,00000309.wav,abnormal,14.10842227935791,23.287511825561523
fan,id_04,00000310.wav,abnormal,14.21683406829834,15.946545600891113
fan,id_04,00000311.wav,abnormal,13.833542823791504,15.330700874328613
fan,id_04,00000312.wav,abnormal,13.645712852478027,12.426223754882812
fan,id_04,00000313.wav,abnormal,13.238679885864258,16.749588012695312
fan,id_04,00000314.wav,abnormal,11.162077903747559,15.980798721313477
fan,id_04,00000315.wav,abnormal,15.403596878051758,47.93149948120117
fan,id_04,00000316.wav,abnormal,11.846923828125,13.778426170349121
fan,id_04,00000317.wav,abnormal,16.931875228881836,17.093467712402344
fan,id_04,00000318.wav,abnormal,11.92306137084961,24.045299530029297
fan,id_04,00000319.wav,abnormal,13.425868034362793,19.920372009277344
fan,id_04,00000320.wav,abnormal,12.152497291564941,16.22650718688965
fan,id_04,00000321.wav,abnormal,12.215710639953613,45.428104400634766
fan,id_04,00000322.wav,abnormal,13.255444526672363,23.326906204223633
fan,id_04,00000323.wav,abnormal,15.346607208251953,14.48203182220459
fan,id_04,00000324.wav,abnormal,12.109395980834961,16.058795928955078
fan,id_04,00000325.wav,abnormal,13.214578628540039,25.773324966430664
fan,id_04,00000326.wav,abnormal,14.230268478393555,18.91842269897461
fan,id_04,00000327.wav,abnormal,13.29877758026123,10.156725883483887
fan,id_04,00000328.wav,abnormal,13.446906089782715,21.826854705810547
fan,id_04,00000329.wav,abnormal,11.18104076385498,15.319036483764648
fan,id_04,00000330.wav,abnormal,12.99642276763916,17.958663940429688
fan,id_04,00000331.wav,abnormal,14.458585739135742,11.301789283752441
fan,id_04,00000332.wav,abnormal,14.588142395019531,10.395236015319824
fan,id_04,00000333.wav,abnormal,12.53188419342041,14.471417427062988
fan,id_04,00000334.wav,abnormal,14.835991859436035,30.121112823486328
fan,id_04,00000335.wav,abnormal,14.727434158325195,16.596473693847656
fan,id_04,00000336.wav,abnormal,14.053412437438965,14.28819465637207
fan,id_04,00000337.wav,abnormal,13.39095687866211,18.627042770385742
fan,id_04,00000338.wav,abnormal,14.55550765991211,20.88919448852539
fan,id_04,00000339.wav,abnormal,14.119203567504883,9.368612289428711
fan,id_04,00000340.wav,abnormal,13.513371467590332,13.463898658752441
fan,id_04,00000341.wav,abnormal,14.353572845458984,16.173809051513672
fan,id_04,00000342.wav,abnormal,13.472180366516113,34.79423904418945
fan,id_04,00000343.wav,abnormal,10.904314994812012,14.728489875793457
fan,id_04,00000344.wav,abnormal,13.059028625488281,15.265804290771484
fan,id_04,00000345.wav,abnormal,11.424713134765625,16.509597778320312
fan,id_04,00000346.wav,abnormal,14.660257339477539,20.07788848876953
fan,id_04,00000347.wav,abnormal,14.962302207946777,15.570615768432617
fan,id_06,00000000.wav,abnormal,20.945178985595703,58.02050018310547
fan,id_06,00000001.wav,abnormal,18.745512008666992,51.63816452026367
fan,id_06,00000002.wav,abnormal,18.834224700927734,62.581825256347656
fan,id_06,00000003.wav,abnormal,20.85158920288086,52.87120056152344
fan,id_06,00000004.wav,abnormal,20.2733154296875,57.243648529052734
fan,id_06,00000005.wav,abnormal,18.88857078552246,58.444583892822266
fan,id_06,00000006.wav,abnormal,19.828811645507812,60.02047348022461
fan,id_06,00000007.wav,abnormal,21.27212905883789,57.53327178955078
fan,id_06,00000008.wav,abnormal,21.42180824279785,46.971500396728516
fan,id_06,00000009.wav,abnormal,19.141475677490234,51.458091735839844
fan,id_06,00000010.wav,abnormal,20.30499839782715,76.09007263183594
fan,id_06,00000011.wav,abnormal,20.887142181396484,57.10661697387695
fan,id_06,00000012.wav,abnormal,18.168460845947266,62.00556182861328
fan,id_06,00000013.wav,abnormal,17.97943687438965,50.68998336791992
fan,id_06,00000014.wav,abnormal,21.122161865234375,55.983062744140625
fan,id_06,00000015.wav,abnormal,21.02714729309082,54.92146682739258
fan,id_06,00000016.wav,abnormal,20.399324417114258,68.30243682861328
fan,id_06,00000017.wav,abnormal,20.21747589111328,35.386390686035156
fan,id_06,00000018.wav,abnormal,18.01549530029297,53.44667434692383
fan,id_06,00000019.wav,abnormal,16.79471778869629,68.21348571777344
fan,id_06,00000020.wav,abnormal,17.690074920654297,57.93941116333008
fan,id_06,00000021.wav,abnormal,20.346961975097656,59.522705078125
fan,id_06,00000022.wav,abnormal,19.317773818969727,50.24860382080078
fan,id_06,00000023.wav,abnormal,20.187820434570312,64.03821563720703
fan,id_06,00000024.wav,abnormal,20.955354690551758,37.99140167236328
fan,id_06,00000025.wav,abnormal,21.196773529052734,43.10603332519531
fan,id_06,00000026.wav,abnormal,16.607175827026367,58.805545806884766
fan,id_06,00000027.wav,abnormal,18.16423988342285,57.87698745727539
fan,id_06,00000028.wav,abnormal,19.731067657470703,52.45758056640625
fan,id_06,00000029.wav,abnormal,19.77115249633789,44.71986770629883
fan,id_06,00000030.wav,abnormal,19.1423282623291,55.9533805847168
fan,id_06,00000031.wav,abnormal,21.734643936157227,54.15502166748047
fan,id_06,00000032.wav,abnormal,14.532327651977539,59.36487579345703
fan,id_06,00000033.wav,abnormal,17.01007652282715,38.57944107055664
fan,id_06,00000034.wav,abnormal,17.760793685913086,53.10813522338867
fan,id_06,00000035.wav,abnormal,16.656021118164062,47.27812576293945
fan,id_06,00000036.wav,abnormal,20.135971069335938,54.9515266418457
fan,id_06,00000037.wav,abnormal,21.8464412689209,42.669891357421875
fan,id_06,00000038.wav,abnormal,20.105520248413086,50.11320495605469
fan,id_06,00000039.wav,abnormal,18.397302627563477,48.08395767211914
fan,id_06,00000040.wav,abnormal,19.4940128326416,48.87974548339844
fan,id_06,00000041.wav,abnormal,19.811840057373047,50.830780029296875
fan,id_06,00000042.wav,abnormal,19.601354598999023,50.47682189941406
fan,id_06,00000043.wav,abnormal,20.920751571655273,50.30479431152344
fan,id_06,00000044.wav,abnormal,18.146068572998047,53.981597900390625
fan,id_06,00000045.wav,abnormal,17.060190200805664,57.12087631225586
fan,id_06,00000046.wav,abnormal,20.53570556640625,33.4000358581543
fan,id_06,00000047.wav,abnormal,20.09963607788086,55.00460433959961
fan,id_06,00000048.wav,abnormal,16.899641036987305,52.52952575683594
fan,id_06,00000049.wav,abnormal,19.259984970092773,54.69464874267578
fan,id_06,00000050.wav,abnormal,20.786876678466797,63.5047492980957
fan,id_06,00000051.wav,abnormal,21.3489990234375,66.26077270507812
fan,id_06,00000052.wav,abnormal,17.475069046020508,52.50754165649414
fan,id_06,00000053.wav,abnormal,21.088708877563477,62.76868438720703
fan,id_06,00000054.wav,abnormal,19.370197296142578,47.881797790527344
fan,id_06,00000055.wav,abnormal,20.30243492126465,53.38617706298828
fan,id_06,00000056.wav,abnormal,18.321054458618164,50.55778121948242
fan,id_06,00000057.wav,abnormal,18.018171310424805,53.976356506347656
fan,id_06,00000058.wav,abnormal,17.097171783447266,53.68409729003906
fan,id_06,00000059.wav,abnormal,17.456083297729492,61.168827056884766
fan,id_06,00000060.wav,abnormal,20.723983764648438,65.42515563964844
fan,id_06,00000061.wav,abnormal,19.865856170654297,62.281455993652344
fan,id_06,00000062.wav,abnormal,19.57724380493164,63.813629150390625
fan,id_06,00000063.wav,abnormal,20.54588508605957,55.80005645751953
fan,id_06,00000064.wav,abnormal,15.136666297912598,57.70915222167969
fan,id_06,00000065.wav,abnormal,17.738086700439453,55.688385009765625
fan,id_06,00000066.wav,abnormal,17.666526794433594,70.59513854980469
fan,id_06,00000067.wav,abnormal,18.96345329284668,54.71473693847656
fan,id_06,00000068.wav,abnormal,19.853836059570312,61.29423522949219
fan,id_06,00000069.wav,abnormal,20.88972282409668,46.057762145996094
fan,id_06,00000070.wav,abnormal,20.05362892150879,47.02467346191406
fan,id_06,00000071.wav,abnormal,19.959007263183594,58.630828857421875
fan,id_06,00000072.wav,abnormal,19.856977462768555,63.78437042236328
fan,id_06,00000073.wav,abnormal,17.46526527404785,55.67741394042969
fan,id_06,00000074.wav,abnormal,20.208498001098633,42.067928314208984
fan,id_06,00000075.wav,abnormal,17.07077980041504,50.25364303588867
fan,id_06,00000076.wav,abnormal,19.637557983398438,49.52427673339844
fan,id_06,00000077.wav,abnormal,17.99310302734375,48.08858871459961
fan,id_06,00000078.wav,abnormal,16.428773880004883,54.57538604736328
fan,id_06,00000079.wav,abnormal,20.97222900390625,54.02489471435547
fan,id_06,00000080.wav,abnormal,19.828765869140625,53.05044937133789
fan,id_06,00000081.wav,abnormal,20.976438522338867,58.421810150146484
fan,id_06,00000082.wav,abnormal,18.727144241333008,56.69750213623047
fan,id_06,00000083.wav,abnormal,19.737329483032227,54.99733352661133
fan,id_06,00000084.wav,abnormal,15.045610427856445,53.48664855957031
fan,id_06,00000085.wav,abnormal,18.05731201171875,48.0497932434082
fan,id_06,00000086.wav,abnormal,17.830041885375977,42.202964782714844
fan,id_06,00000087.wav,abnormal,21.007564544677734,56.501319885253906
fan,id_06,00000088.wav,abnormal,15.930301666259766,33.96263122558594
fan,id_06,00000089.wav,abnormal,20.19230079650879,51.31205749511719
fan,id_06,00000090.wav,abnormal,21.07029914855957,48.215919494628906
fan,id_06,00000091.wav,abnormal,17.337848663330078,59.05609893798828
fan,id_06,00000092.wav,abnormal,20.791030883789062,57.58919906616211
fan,id_06,00000093.wav,abnormal,20.114099502563477,51.7168083190918
fan,id_06,00000094.wav,abnormal,17.050918579101562,57.55488586425781
fan,id_06,00000095.wav,abnormal,16.926525115966797,43.59245300292969
fan,id_06,00000096.wav,abnormal,20.397905349731445,51.49818801879883
fan,id_06,00000097.wav,abnormal,14.729783058166504,58.8759651184082
fan,id_06,00000098.wav,abnormal,20.0078182220459,56.45316696166992
fan,id_06,00000099.wav,abnormal,20.064306259155273,48.42851257324219
fan,id_06,00000100.wav,abnormal,19.842824935913086,46.70804977416992
fan,id_06,00000101.wav,abnormal,20.987831115722656,53.83979034423828
fan,id_06,00000102.wav,abnormal,19.72191619873047,58.06386947631836
fan,id_06,00000103.wav,abnormal,14.807121276855469,48.27421188354492
fan,id_06,00000104.wav,abnormal,20.328590393066406,53.5523796081543
fan,id_06,00000105.wav,abnormal,20.00288963317871,54.3437385559082
fan,id_06,00000106.wav,abnormal,17.873245239257812,58.5368537902832
fan,id_06,00000107.wav,abnormal,20.40245246887207,57.58781433105469
fan,id_06,00000108.wav,abnormal,19.88685417175293,61.81916809082031
fan,id_06,00000109.wav,abnormal,19.668930053710938,55.4871826171875
fan,id_06,00000110.wav,abnormal,18.442054748535156,55.6652946472168
fan,id_06,00000111.wav,abnormal,19.559066772460938,54.923343658447266
fan,id_06,00000112.wav,abnormal,16.782087326049805,52.949928283691406
fan,id_06,00000113.wav,abnormal,22.445632934570312,58.12864303588867
fan,id_06,00000114.wav,abnormal,15.997502326965332,54.18581771850586
fan,id_06,00000115.wav,abnormal,17.012380599975586,55.41490936279297
fan,id_06,00000116.wav,abnormal,19.805145263671875,51.973148345947266
fan,id_06,00000117.wav,abnormal,19.862464904785156,53.020111083984375
fan,id_06,00000118.wav,abnormal,20.63010597229004,55.55253982543945
fan,id_06,00000119.wav,abnormal,17.313461303710938,48.20380783081055
fan,id_06,00000120.wav,abnormal,20.042606353759766,61.60641098022461
fan,id_06,00000121.wav,abnormal,18.87059211730957,63.339111328125
fan,id_06,00000122.wav,abnormal,18.666996002197266,56.78985595703125
fan,id_06,00000123.wav,abnormal,19.04950714111328,58.91975021362305
fan,id_06,00000124.wav,abnormal,18.722061157226562,73.71018981933594
fan,id_06,00000125.wav,abnormal,18.08109474182129,57.24749755859375
fan,id_06,00000126.wav,abnormal,16.64777946472168,56.17987823486328
fan,id_06,00000127.wav,abnormal,18.65835952758789,48.160675048828125
fan,id_06,00000128.wav,abnormal,18.333227157592773,59.621673583984375
fan,id_06,00000129.wav,abnormal,18.457998275756836,60.502498626708984
fan,id_06,00000130.wav,abnormal,20.017292022705078,63.86152648925781
fan,id_06,00000131.wav,abnormal,15.978620529174805,18.598669052124023
fan,id_06,00000132.wav,abnormal,19.070947647094727,16.20093536376953
fan,id_06,00000133.wav,abnormal,17.534420013427734,17.293485641479492
fan,id_06,00000134.wav,abnormal,17.658588409423828,14.24179458618164
fan,id_06,00000135.wav,abnormal,19.77461051940918,13.648584365844727
fan,id_06,00000136.wav,abnormal,19.709850311279297,14.453804016113281
fan,id_06,00000137.wav,abnormal,19.936674118041992,15.993851661682129
fan,id_06,00000138.wav,abnormal,16.150314331054688,18.315460205078125
fan,id_06,00000139.wav,abnormal,20.694061279296875,15.613226890563965
fan,id_06,00000140.wav,abnormal,19.1024227142334,14.596288681030273
fan,id_06,00000141.wav,abnormal,20.47751808166504,19.316762924194336
fan,id_06,00000142.wav,abnormal,16.697296142578125,17.888429641723633
fan,id_06,00000143.wav,abnormal,20.50015640258789,12.63522720336914
fan,id_06,00000144.wav,abnormal,18.815465927124023,18.96435546875
fan,id_06,00000145.wav,abnormal,20.667497634887695,15.199462890625
fan,id_06,00000146.wav,abnormal,18.279495239257812,9.153030395507812
fan,id_06,00000147.wav,abnormal,19.588401794433594,21.949064254760742
fan,id_06,00000148.wav,abnormal,18.699113845825195,14.940269470214844
fan,id_06,00000149.wav,abnormal,19.640480041503906,13.628447532653809
fan,id_06,00000150.wav,abnormal,19.51277732849121,12.877269744873047
fan,id_06,00000151.wav,abnormal,20.568166732788086,19.150115966796875
fan,id_06,00000152.wav,abnormal,17.72051239013672,15.607809066772461
fan,id_06,00000153.wav,abnormal,20.89236831665039,15.503111839294434
fan,id_06,00000154.wav,abnormal,18.2509765625,15.901151657104492
fan,id_06,00000155.wav,abnormal,16.93304443359375,13.304508209228516
fan,id_06,00000156.wav,abnormal,19.014423370361328,15.389758110046387
fan,id_06,00000157.wav,abnormal,20.15908432006836,11.744531631469727
fan,id_06,00000158.wav,abnormal,18.071697235107422,16.595741271972656
fan,id_06,00000159.wav,abnormal,17.757827758789062,17.043140411376953
fan,id_06,00000160.wav,abnormal,17.708078384399414,17.567073822021484
fan,id_06,00000161.wav,abnormal,19.65839958190918,16.93353843688965
fan,id_06,00000162.wav,abnormal,19.442237854003906,11.096202850341797
fan,id_06,00000163.wav,abnormal,21.33735466003418,11.835399627685547
fan,id_06,00000164.wav,abnormal,19.346515655517578,15.277369499206543
fan,id_06,00000165.wav,abnormal,20.33318328857422,16.912343978881836
fan,id_06,00000166.wav,abnormal,17.993009567260742,17.334381103515625
fan,id_06,00000167.wav,abnormal,16.7523193359375,12.328786849975586
fan,id_06,00000168.wav,abnormal,20.833885192871094,14.937777519226074
fan,id_06,00000169.wav,abnormal,19.2878360748291,18.52420425415039
fan,id_06,00000170.wav,abnormal,18.914730072021484,14.565812110900879
fan,id_06,00000171.wav,abnormal,19.990083694458008,17.716014862060547
fan,id_06,00000172.wav,abnormal,18.40045738220215,17.155363082885742
fan,id_06,00000173.wav,abnormal,19.722766876220703,13.126619338989258
fan,id_06,00000174.wav,abnormal,20.154953002929688,8.2908353805542
fan,id_06,00000175.wav,abnormal,20.936424255371094,15.402395248413086
fan,id_06,00000176.wav,abnormal,20.182781219482422,15.056306838989258
fan,id_06,00000177.wav,abnormal,19.703235626220703,9.348600387573242
fan,id_06,00000178.wav,abnormal,18.874727249145508,15.406220436096191
fan,id_06,00000179.wav,abnormal,18.4890193939209,15.355608940124512
fan,id_06,00000180.wav,abnormal,17.72177505493164,18.39534568786621
fan,id_06,00000181.wav,abnormal,19.58500099182129,15.465749740600586
fan,id_06,00000182.wav,abnormal,16.383996963500977,25.936573028564453
fan,id_06,00000183.wav,abnormal,19.044355392456055,15.271377563476562
fan,id_06,00000184.wav,abnormal,20.93427276611328,15.727086067199707
fan,id_06,00000185.wav,abnormal,18.282854080200195,23.36809539794922
fan,id_06,00000186.wav,abnormal,12.985734939575195,14.940218925476074
fan,id_06,00000187.wav,abnormal,18.675155639648438,16.692983627319336
fan,id_06,00000188.wav,abnormal,20.821630477905273,17.66742515563965
fan,id_06,00000189.wav,abnormal,20.2117977142334,15.559311866760254
fan,id_06,00000190.wav,abnormal,19.989850997924805,16.16138458251953
fan,id_06,00000191.wav,abnormal,17.63787269592285,13.397947311401367
fan,id_06,00000192.wav,abnormal,20.12214469909668,13.603484153747559
fan,id_06,00000193.wav,abnormal,15.741474151611328,15.383665084838867
fan,id_06,00000194.wav,abnormal,18.820556640625,16.824140548706055
fan,id_06,00000195.wav,abnormal,20.601308822631836,19.385759353637695
fan,id_06,00000196.wav,abnormal,21.1035213470459,16.995080947875977
fan,id_06,00000197.wav,abnormal,20.08633041381836,13.14979362487793
fan,id_06,00000198.wav,abnormal,18.6710147857666,12.359447479248047
fan,id_06,00000199.wav,abnormal,18.71759796142578,17.58273696899414
fan,id_06,00000200.wav,abnormal,16.05415153503418,15.2691068649292
fan,id_06,00000201.wav,abnormal,19.390769958496094,15.2650728225708
fan,id_06,00000202.wav,abnormal,18.91362762451172,14.857224464416504
fan,id_06,00000203.wav,abnormal,19.085538864135742,14.578069686889648
fan,id_06,00000204.wav,abnormal,20.63735008239746,13.602581024169922
fan,id_06,00000205.wav,abnormal,15.928671836853027,15.226351737976074
fan,id_06,00000206.wav,abnormal,20.928804397583008,15.418327331542969
fan,id_06,00000207.wav,abnormal,18.871078491210938,17.118629455566406
fan,id_06,00000208.wav,abnormal,19.687376022338867,19.819059371948242
fan,id_06,00000209.wav,abnormal,19.9698486328125,13.433692932128906
fan,id_06,00000210.wav,abnormal,19.79281997680664,18.46697425842285
fan,id_06,00000211.wav,abnormal,20.959266662597656,16.128665924072266
fan,id_06,00000212.wav,abnormal,18.901975631713867,21.88789176940918
fan,id_06,00000213.wav,abnormal,19.167203903198242,14.859189987182617
fan,id_06,00000214.wav,abnormal,17.034414291381836,15.583893775939941
fan,id_06,00000215.wav,abnormal,17.969362258911133,13.256636619567871
fan,id_06,00000216.wav,abnormal,17.342864990234375,17.664396286010742
fan,id_06,00000217.wav,abnormal,16.753454208374023,15.30216121673584
fan,id_06,00000218.wav,abnormal,16.862428665161133,22.684772491455078
fan,id_06,00000219.wav,abnormal,16.223323822021484,15.450651168823242
fan,id_06,00000220.wav,abnormal,20.408161163330078,16.5611629486084
fan,id_06,00000221.wav,abnormal,18.478988647460938,7.378740310668945
fan,id_06,00000222.wav,abnormal,16.794971466064453,21.053997039794922
fan,id_06,00000223.wav,abnormal,22.124876022338867,15.662840843200684
fan,id_06,00000224.wav,abnormal,16.898218154907227,16.40227508544922
fan,id_06,00000225.wav,abnormal,17.882122039794922,12.695496559143066
fan,id_06,00000226.wav,abnormal,17.97752571105957,14.574254989624023
fan,id_06,00000227.wav,abnormal,19.006122589111328,15.720488548278809
fan,id_06,00000228.wav,abnormal,19.406404495239258,15.240998268127441
fan,id_06,00000229.wav,abnormal,19.73940658569336,12.946937561035156
fan,id_06,00000230.wav,abnormal,19.35687255859375,14.254278182983398
fan,id_06,00000231.wav,abnormal,18.90340232849121,15.65453052520752
fan,id_06,00000232.wav,abnormal,17.73406982421875,15.477105140686035
fan,id_06,00000233.wav,abnormal,21.913463592529297,25.795272827148438
fan,id_06,00000234.wav,abnormal,20.44759178161621,14.240009307861328
fan,id_06,00000235.wav,abnormal,17.209375381469727,14.692028045654297
fan,id_06,00000236.wav,abnormal,20.517688751220703,13.469861030578613
fan,id_06,00000237.wav,abnormal,17.91386604309082,58.39689254760742
fan,id_06,00000238.wav,abnormal,19.32279396057129,58.73902130126953
fan,id_06,00000239.wav,abnormal,19.841581344604492,50.61000061035156
fan,id_06,00000240.wav,abnormal,17.321382522583008,42.4712028503418
fan,id_06,00000241.wav,abnormal,16.630836486816406,46.32575607299805
fan,id_06,00000242.wav,abnormal,19.56365203857422,60.19486999511719
fan,id_06,00000243.wav,abnormal,18.491640090942383,55.69728469848633
fan,id_06,00000244.wav,abnormal,19.661352157592773,51.90827560424805
fan,id_06,00000245.wav,abnormal,18.7785587310791,36.874786376953125
fan,id_06,00000246.wav,abnormal,17.489748001098633,34.53163528442383
fan,id_06,00000247.wav,abnormal,18.25506019592285,54.62176513671875
fan,id_06,00000248.wav,abnormal,20.320613861083984,57.39025115966797
fan,id_06,00000249.wav,abnormal,17.792137145996094,41.5706672668457
fan,id_06,00000250.wav,abnormal,19.507366180419922,43.04342269897461
fan,id_06,00000251.wav,abnormal,16.225460052490234,55.56089782714844
fan,id_06,00000252.wav,abnormal,17.043107986450195,42.9819450378418
fan,id_06,00000253.wav,abnormal,19.11187744140625,58.11215591430664
fan,id_06,00000254.wav,abnormal,19.76706314086914,57.95565414428711
fan,id_06,00000255.wav,abnormal,16.526933670043945,54.494956970214844
fan,id_06,00000256.wav,abnormal,19.53949737548828,52.56849670410156
fan,id_06,00000257.wav,abnormal,21.376327514648438,38.49977111816406
fan,id_06,00000258.wav,abnormal,19.46116065979004,50.9873161315918
fan,id_06,00000259.wav,abnormal,20.839805603027344,58.22267532348633
fan,id_06,00000260.wav,abnormal,16.329801559448242,52.13288116455078
fan,id_06,00000261.wav,abnormal,18.333707809448242,56.7259635925293
fan,id_06,00000262.wav,abnormal,17.93340301513672,56.646915435791016
fan,id_06,00000263.wav,abnormal,19.44235610961914,28.43158721923828
fan,id_06,00000264.wav,abnormal,18.64854621887207,52.81690216064453
fan,id_06,00000265.wav,abnormal,21.08669090270996,59.081787109375
fan,id_06,00000266.wav,abnormal,18.84554672241211,49.50108337402344
fan,id_06,00000267.wav,abnormal,15.887237548828125,54.69926071166992
fan,id_06,00000268.wav,abnormal,19.17679786682129,51.03800582885742
fan,id_06,00000269.wav,abnormal,16.281389236450195,49.991119384765625
fan,id_06,00000270.wav,abnormal,17.206886291503906,44.175941467285156
fan,id_06,00000271.wav,abnormal,20.007640838623047,56.94786071777344
fan,id_06,00000272.wav,abnormal,18.680194854736328,51.955204010009766
fan,id_06,00000273.wav,abnormal,16.80316925048828,41.46797180175781
fan,id_06,00000274.wav,abnormal,19.491514205932617,40.689659118652344
fan,id_06,00000275.wav,abnormal,18.314041137695312,45.50747299194336
fan,id_06,00000276.wav,abnormal,17.210975646972656,54.814208984375
fan,id_06,00000277.wav,abnormal,19.872739791870117,54.86496353149414
fan,id_06,00000278.wav,abnormal,18.652587890625,41.555084228515625
fan,id_06,00000279.wav,abnormal,14.668808937072754,54.614013671875
fan,id_06,00000280.wav,abnormal,20.747831344604492,33.880577087402344
fan,id_06,00000281.wav,abnormal,21.16776466369629,49.65068817138672
fan,id_06,00000282.wav,abnormal,18.720640182495117,53.55447769165039
fan,id_06,00000283.wav,abnormal,19.715524673461914,45.94646072387695
fan,id_06,00000284.wav,abnormal,19.95412254333496,46.167171478271484
fan,id_06,00000285.wav,abnormal,15.67212200164795,45.9294319152832
fan,id_06,00000286.wav,abnormal,18.99346160888672,47.30014419555664
fan,id_06,00000287.wav,abnormal,19.636255264282227,56.08955383300781
fan,id_06,00000288.wav,abnormal,17.770727157592773,49.22087478637695
fan,id_06,00000289.wav,abnormal,14.754904747009277,62.65842819213867
fan,id_06,00000290.wav,abnormal,19.860546112060547,50.145286560058594
fan,id_06,00000291.wav,abnormal,19.011096954345703,57.7274284362793
fan,id_06,00000292.wav,abnormal,19.554655075073242,50.46096420288086
fan,id_06,00000293.wav,abnormal,17.788663864135742,45.03710174560547
fan,id_06,00000294.wav,abnormal,18.668577194213867,39.012393951416016
fan,id_06,00000295.wav,abnormal,18.05872917175293,51.38447189331055
fan,id_06,00000296.wav,abnormal,19.278684616088867,49.34359359741211
fan,id_06,00000297.wav,abnormal,19.226804733276367,53.183589935302734
fan,id_06,00000298.wav,abnormal,20.668371200561523,54.9451789855957
fan,id_06,00000299.wav,abnormal,20.037738800048828,54.47221755981445
fan,id_06,00000300.wav,abnormal,19.972238540649414,43.25056076049805
fan,id_06,00000301.wav,abnormal,22.201597213745117,54.567718505859375
fan,id_06,00000302.wav,abnormal,18.792463302612305,55.20622634887695
fan,id_06,00000303.wav,abnormal,19.425739288330078,52.370826721191406
fan,id_06,00000304.wav,abnormal,18.21660041809082,45.56265640258789
fan,id_06,00000305.wav,abnormal,20.93667984008789,48.90713882446289
fan,id_06,00000306.wav,abnormal,19.79882049560547,40.45843505859375
fan,id_06,00000307.wav,abnormal,20.67949104309082,47.6136589050293
fan,id_06,00000308.wav,abnormal,16.158248901367188,41.67403030395508
fan,id_06,00000309.wav,abnormal,15.550929069519043,55.34061050415039
fan,id_06,00000310.wav,abnormal,17.736600875854492,48.02998352050781
fan,id_06,00000311.wav,abnormal,19.25002098083496,55.734317779541016
fan,id_06,00000312.wav,abnormal,21.05156135559082,55.251182556152344
fan,id_06,00000313.wav,abnormal,19.250530242919922,38.47872543334961
fan,id_06,00000314.wav,abnormal,19.921268463134766,55.943023681640625
fan,id_06,00000315.wav,abnormal,14.548747062683105,45.984840393066406
fan,id_06,00000316.wav,abnormal,16.709217071533203,52.973388671875
fan,id_06,00000317.wav,abnormal,20.252490997314453,64.16004943847656
fan,id_06,00000318.wav,abnormal,18.259653091430664,53.85371017456055
fan,id_06,00000319.wav,abnormal,15.923556327819824,51.783241271972656
fan,id_06,00000320.wav,abnormal,14.848506927490234,37.00542068481445
fan,id_06,00000321.wav,abnormal,20.48937225341797,43.63774871826172
fan,id_06,00000322.wav,abnormal,16.2288761138916,49.54743194580078
fan,id_06,00000323.wav,abnormal,15.376092910766602,43.919647216796875
fan,id_06,00000324.wav,abnormal,19.95130157470703,53.63233947753906
fan,id_06,00000325.wav,abnormal,16.30116081237793,47.80624771118164
fan,id_06,00000326.wav,abnormal,18.288253784179688,47.108036041259766
fan,id_06,00000327.wav,abnormal,17.14781379699707,47.1389274597168
fan,id_06,00000328.wav,abnormal,21.15650177001953,54.542476654052734
fan,id_06,00000329.wav,abnormal,18.455341339111328,60.748619079589844
fan,id_06,00000330.wav,abnormal,18.667537689208984,46.060176849365234
fan,id_06,00000331.wav,abnormal,23.073274612426758,52.61910629272461
fan,id_06,00000332.wav,abnormal,15.834364891052246,51.89475631713867
fan,id_06,00000333.wav,abnormal,15.864877700805664,39.98691940307617
fan,id_06,00000334.wav,abnormal,18.775102615356445,67.28755950927734
fan,id_06,00000335.wav,abnormal,19.646316528320312,48.93730163574219
fan,id_06,00000336.wav,abnormal,18.241819381713867,53.17231750488281
fan,id_06,00000337.wav,abnormal,20.555185317993164,56.985904693603516
fan,id_06,00000338.wav,abnormal,15.201513290405273,39.70232391357422
fan,id_06,00000339.wav,abnormal,15.420202255249023,49.21596908569336
fan,id_06,00000340.wav,abnormal,20.04567527770996,52.811153411865234
fan,id_06,00000341.wav,abnormal,14.0227689743042,58.96504211425781
fan,id_06,00000342.wav,abnormal,19.08970832824707,46.57700729370117
fan,id_06,00000343.wav,abnormal,17.645463943481445,59.79357147216797
fan,id_06,00000344.wav,abnormal,20.036815643310547,46.36191940307617
fan,id_06,00000345.wav,abnormal,19.292072296142578,44.91891860961914
fan,id_06,00000346.wav,abnormal,19.870742797851562,48.38237380981445
fan,id_06,00000347.wav,abnormal,19.45482635498047,49.715179443359375
fan,id_06,00000348.wav,abnormal,18.465478897094727,39.999855041503906
fan,id_06,00000349.wav,abnormal,18.981111526489258,61.43903350830078
fan,id_06,00000350.wav,abnormal,17.500675201416016,68.69271087646484
fan,id_06,00000351.wav,abnormal,19.967554092407227,41.0393180847168
fan,id_06,00000352.wav,abnormal,20.955785751342773,51.21480178833008
fan,id_06,00000353.wav,abnormal,17.701295852661133,67.95271301269531
fan,id_06,00000354.wav,abnormal,18.38639259338379,51.204532623291016
fan,id_06,00000355.wav,abnormal,20.39984130859375,45.86021423339844
fan,id_06,00000356.wav,abnormal,18.424985885620117,54.19961166381836
fan,id_06,00000357.wav,abnormal,19.52361488342285,36.441524505615234
fan,id_06,00000358.wav,abnormal,19.304515838623047,58.87743377685547
fan,id_06,00000359.wav,abnormal,18.272777557373047,66.3462905883789
fan,id_06,00000360.wav,abnormal,19.39100456237793,30.379535675048828
pump,id_00,00000764.wav,normal,15.285612106323242,9.770064353942871
pump,id_00,00000269.wav,normal,16.232147216796875,10.43966007232666
pump,id_00,00000551.wav,normal,12.065208435058594,22.10062026977539
pump,id_00,00000980.wav,normal,16.691730499267578,11.053175926208496
pump,id_00,00000762.wav,normal,15.384730339050293,10.333958625793457
pump,id_00,00000252.wav,normal,15.817732810974121,15.636487007141113
pump,id_00,00000998.wav,normal,15.943222045898438,10.123373985290527
pump,id_00,00000271.wav,normal,13.772249221801758,53.683067321777344
pump,id_00,00000146.wav,normal,14.075034141540527,24.808443069458008
pump,id_00,00000469.wav,normal,15.199198722839355,9.284327507019043
pump,id_00,00000658.wav,normal,16.724956512451172,14.638745307922363
pump,id_00,00000405.wav,normal,16.35866355895996,9.55367660522461
pump,id_00,00000511.wav,normal,11.729232788085938,36.559139251708984
pump,id_00,00000671.wav,normal,15.10805892944336,7.815834045410156
pump,id_00,00000217.wav,normal,13.504155158996582,18.257522583007812
pump,id_00,00000322.wav,normal,15.988938331604004,7.118770599365234
pump,id_00,00000735.wav,normal,17.193166732788086,17.614473342895508
pump,id_00,00000580.wav,normal,15.030853271484375,10.159930229187012
pump,id_00,00000216.wav,normal,14.970362663269043,11.5493803024292
pump,id_00,00000067.wav,normal,17.28114128112793,12.286707878112793
pump,id_00,00000274.wav,normal,16.140962600708008,12.180191040039062
pump,id_00,00000410.wav,normal,16.488330841064453,9.29995059967041
pump,id_00,00000323.wav,normal,15.82331657409668,10.219927787780762
pump,id_00,00000824.wav,normal,17.414859771728516,9.570752143859863
pump,id_00,00000988.wav,normal,14.593094825744629,11.293088912963867
pump,id_00,00000841.wav,normal,16.928817749023438,10.328451156616211
pump,id_00,00000234.wav,normal,14.97611141204834,5.845538139343262
pump,id_00,00000057.wav,normal,17.556442260742188,11.924540519714355
pump,id_00,00000794.wav,normal,15.930895805358887,10.697287559509277
pump,id_00,00000786.wav,normal,14.332294464111328,23.497905731201172
pump,id_00,00000863.wav,normal,16.19034767150879,8.066442489624023
pump,id_00,00000332.wav,normal,16.430156707763672,15.006880760192871
pump,id_00,00000701.wav,normal,15.994028091430664,19.393075942993164
pump,id_00,00000224.wav,normal,15.204798698425293,5.601702690124512
pump,id_00,00000570.wav,normal,10.934350967407227,21.284912109375
pump,id_00,00000704.wav,normal,16.543235778808594,13.812541007995605
pump,id_00,00000655.wav,normal,15.21788215637207,13.461797714233398
pump,id_00,00000276.wav,normal,11.846383094787598,31.6241512298584
pump,id_00,00000388.wav,normal,14.934759140014648,16.65557289123535
pump,id_00,00000473.wav,normal,14.93777847290039,10.456981658935547
pump,id_00,00000167.wav,normal,15.905834197998047,7.715826034545898
pump,id_00,00001000.wav,normal,15.092646598815918,4.7873921394348145
pump,id_00,00000746.wav,normal,9.908709526062012,32.54386520385742
pump,id_00,00000546.wav,normal,15.881148338317871,12.263293266296387
pump,id_00,00000175.wav,normal,17.744808197021484,16.04726219177246
pump,id_00,00000993.wav,normal,15.958230972290039,9.635468482971191
pump,id_00,00000623.wav,normal,15.956808090209961,8.644110679626465
pump,id_00,00000073.wav,normal,17.456008911132812,11.892659187316895
pump,id_00,00000663.wav,normal,15.385321617126465,11.261980056762695
pump,id_00,00000699.wav,normal,15.258075714111328,12.09442138671875
pump,id_00,00000976.wav,normal,15.673700332641602,14.942422866821289
pump,id_00,00000273.wav,normal,15.703362464904785,20.038360595703125
pump,id_00,00000686.wav,normal,16.815704345703125,9.449647903442383
pump,id_00,00000214.wav,normal,15.290364265441895,8.594037055969238
pump,id_00,00000363.wav,normal,16.67516326904297,13.309355735778809
pump,id_00,00000379.wav,normal,14.907633781433105,11.33523178100586
pump,id_00,00000166.wav,normal,17.569849014282227,19.490495681762695
pump,id_00,00000373.wav,normal,15.559849739074707,11.84424877166748
pump,id_00,00000854.wav,normal,17.23188018798828,21.956666946411133
pump,id_00,00000650.wav,normal,14.140717506408691,26.00592041015625
pump,id_00,00000464.wav,normal,12.6783447265625,14.18066120147705
pump,id_00,00000960.wav,normal,11.450765609741211,18.69778823852539
pump,id_00,00000953.wav,normal,14.547852516174316,9.375219345092773
pump,id_00,00000103.wav,normal,17.87287712097168,16.983665466308594
pump,id_00,00000887.wav,normal,15.112510681152344,7.743228435516357
pump,id_00,00000984.wav,normal,13.638262748718262,9.322229385375977
pump,id_00,00000875.wav,normal,16.59404945373535,12.823457717895508
pump,id_00,00000081.wav,normal,17.01310920715332,11.35501480102539
pump,id_00,00000296.wav,normal,11.250053405761719,19.502155303955078
pump,id_00,00000791.wav,normal,13.925925254821777,11.33906078338623
pump,id_00,00000233.wav,normal,15.432510375976562,16.207530975341797
pump,id_00,00000677.wav,normal,15.704387664794922,5.556672096252441
pump,id_00,00000046.wav,normal,14.01407527923584,26.400117874145508
pump,id_00,00000071.wav,normal,17.451642990112305,14.425418853759766
pump,id_00,00000721.wav,normal,16.735889434814453,16.961729049682617
pump,id_00,00000196.wav,normal,17.801149368286133,23.62840461730957
pump,id_00,00000591.wav,normal,14.92298412322998,14.5191650390625
pump,id_00,00000370.wav,normal,14.700675964355469,7.941492080688477
pump,id_00,00000882.wav,normal,12.01644515991211,22.73552894592285
pump,id_00,00000906.wav,normal,14.197461128234863,8.372003555297852
pump,id_00,00000633.wav,normal,15.086886405944824,12.562806129455566
pump,id_00,00000643.wav,normal,15.280128479003906,12.01554012298584
pump,id_00,00000849.wav,normal,9.809346199035645,26.053329467773438
pump,id_00,00000300.wav,normal,14.973551750183105,17.857582092285156
pump,id_00,00000565.wav,normal,17.04390525817871,14.88309097290039
pump,id_00,00000080.wav,normal,16.6529541015625,13.631168365478516
pump,id_00,00000387.wav,normal,15.31568717956543,9.148015975952148
pump,id_00,00000127.wav,normal,17.129074096679688,10.533100128173828
pump,id_00,00000549.wav,normal,15.423433303833008,10.8152494430542
pump,id_00,00000470.wav,normal,15.30259895324707,13.25376033782959
pump,id_00,00000747.wav,normal,15.3406982421875,5.05191707611084
pump,id_00,00000044.wav,normal,18.416458129882812,16.049156188964844
pump,id_00,00000826.wav,normal,12.793704986572266,29.1202392578125
pump,id_00,00000270.wav,normal,14.432044982910156,10.663150787353516
pump,id_00,00000618.wav,normal,13.35888957977295,9.489394187927246
pump,id_00,00000352.wav,normal,14.84211254119873,8.803008079528809
pump,id_00,00000867.wav,normal,17.149063110351562,10.109533309936523
pump,id_00,00000367.wav,normal,14.901707649230957,11.088762283325195
pump,id_00,00000099.wav,normal,18.343677520751953,19.673919677734375
pump,id_00,00000389.wav,normal,16.293094635009766,10.718854904174805
pump,id_00,00000094.wav,normal,18.4224796295166,15.4744291305542
pump,id_00,00000996.wav,normal,15.177254676818848,6.270731449127197
pump,id_00,00000344.wav,normal,13.773568153381348,11.681127548217773
pump,id_00,00000781.wav,normal,16.407724380493164,8.698568344116211
pump,id_00,00000220.wav,normal,15.550076484680176,8.898713111877441
pump,id_00,00000159.wav,normal,17.560184478759766,17.572782516479492
pump,id_00,00000970.wav,normal,15.714994430541992,12.166359901428223
pump,id_00,00000348.wav,normal,12.691377639770508,11.585553169250488
pump,id_00,00000989.wav,normal,16.21544647216797,5.908400535583496
pump,id_00,00000714.wav,normal,16.574697494506836,13.683877944946289
pump,id_00,00000163.wav,normal,17.877479553222656,14.369035720825195
pump,id_00,00000825.wav,normal,16.848405838012695,11.811392784118652
pump,id_00,00000777.wav,normal,16.711008071899414,10.517609596252441
pump,id_00,00000006.wav,normal,16.277544021606445,16.536832809448242
pump,id_00,00000890.wav,normal,14.80879020690918,6.919774055480957
pump,id_00,00000828.wav,normal,12.541650772094727,12.86083698272705
pump,id_00,00000284.wav,normal,15.74134349822998,10.288336753845215
pump,id_00,00000603.wav,normal,15.100805282592773,9.503079414367676
pump,id_00,00000459.wav,normal,15.484004020690918,14.10673999786377
pump,id_00,00000225.wav,normal,13.671639442443848,7.544865608215332
pump,id_00,00000429.wav,normal,15.692021369934082,20.609127044677734
pump,id_00,00000992.wav,normal,15.09299373626709,10.806915283203125
pump,id_00,00000718.wav,normal,14.640721321105957,12.689409255981445
pump,id_00,00000665.wav,normal,15.516358375549316,16.562822341918945
pump,id_00,00000733.wav,normal,15.72941780090332,47.606685638427734
pump,id_00,00000203.wav,normal,15.374154090881348,18.62876319885254
pump,id_00,00000574.wav,normal,14.819576263427734,8.870903968811035
pump,id_00,00000027.wav,normal,15.88086223602295,21.939559936523438
pump,id_00,00000616.wav,normal,15.14024543762207,15.645792007446289
pump,id_00,00000517.wav,normal,15.995760917663574,18.430002212524414
pump,id_00,00000238.wav,normal,13.789257049560547,11.619479179382324
pump,id_00,00000223.wav,normal,14.853809356689453,11.263169288635254
pump,id_00,00000095.wav,normal,16.86019515991211,15.819622039794922
pump,id_00,00000030.wav,normal,17.99971580505371,14.168298721313477
pump,id_00,00000032.wav,normal,20.203805923461914,24.19544219970703
pump,id_00,00000432.wav,normal,15.334020614624023,11.245650291442871
pump,id_00,00000604.wav,normal,14.959392547607422,8.67912769317627
pump,id_00,00000089.wav,normal,17.024818420410156,10.74651050567627
pump,id_00,00000558.wav,normal,15.272693634033203,10.759521484375
pump,id_00,00000913.wav,normal,15.591588020324707,8.474323272705078
pump,id_00,00000758.wav,normal,16.770116806030273,11.152851104736328
pump,id_00,00000692.wav,normal,15.704200744628906,7.51776123046875
pump,id_00,00000104.wav,normal,17.726911544799805,12.353824615478516
pump,id_00,00000754.wav,normal,16.53917121887207,10.499076843261719
pump,id_00,00000142.wav,normal,17.504594802856445,11.792539596557617
pump,id_00,00000228.wav,normal,15.630181312561035,15.087956428527832
pump,id_00,00000250.wav,normal,15.359674453735352,9.112241744995117
pump,id_00,00000281.wav,normal,15.394615173339844,12.595185279846191
pump,id_00,00000759.wav,normal,15.328970909118652,8.767602920532227
pump,id_00,00000025.wav,normal,17.2318058013916,12.461039543151855
pump,id_00,00000114.wav,normal,17.337095260620117,10.135375022888184
pump,id_00,00000654.wav,normal,12.080225944519043,25.625431060791016
pump,id_02,00000095.wav,normal,16.56136131286621,11.692556381225586
pump,id_02,00000417.wav,normal,10.801855087280273,41.73200988769531
pump,id_02,00000565.wav,normal,13.964466094970703,26.490623474121094
pump,id_02,00000014.wav,normal,16.06127166748047,19.760345458984375
pump,id_02,00000564.wav,normal,17.617841720581055,12.23311996459961
pump,id_02,00000318.wav,normal,17.1296443939209,13.637137413024902
pump,id_02,00000162.wav,normal,16.632583618164062,6.329705238342285
pump,id_02,00000726.wav,normal,14.984336853027344,11.914666175842285
pump,id_02,00000245.wav,normal,13.160008430480957,30.83843231201172
pump,id_02,00000818.wav,normal,15.042552947998047,23.486711502075195
pump,id_02,00000623.wav,normal,18.905656814575195,30.59343147277832
pump,id_02,00000645.wav,normal,17.026695251464844,11.775019645690918
pump,id_02,00000029.wav,normal,16.2847843170166,15.981634140014648
pump,id_02,00000124.wav,normal,16.181798934936523,15.56899642944336
pump,id_02,00000496.wav,normal,13.074393272399902,19.443580627441406
pump,id_02,00000715.wav,normal,15.26663589477539,22.9492130279541
pump,id_02,00000961.wav,normal,18.15300178527832,15.339775085449219
pump,id_02,00000294.wav,normal,16.07186508178711,11.480667114257812
pump,id_02,00000134.wav,normal,16.356109619140625,8.782922744750977
pump,id_02,00000562.wav,normal,15.875012397766113,15.430350303649902
pump,id_02,00000273.wav,normal,17.69795036315918,19.206472396850586
pump,id_02,00000208.wav,normal,17.3514404296875,8.77612590789795
pump,id_02,00000052.wav,normal,17.41058349609375,15.321976661682129
pump,id_02,00000904.wav,normal,14.582132339477539,16.931472778320312
pump,id_02,00000988.wav,normal,17.284936904907227,12.335783958435059
pump,id_02,00001000.wav,normal,17.584917068481445,14.441740989685059
pump,id_02,00000510.wav,normal,15.82891845703125,14.441096305847168
pump,id_02,00000935.wav,normal,17.899810791015625,11.604907035827637
pump,id_02,00000637.wav,normal,14.153854370117188,13.0551176071167
pump,id_02,00000370.wav,normal,18.061477661132812,13.132535934448242
pump,id_02,00000530.wav,normal,13.755452156066895,17.885719299316406
pump,id_02,00000192.wav,normal,16.121318817138672,14.546342849731445
pump,id_02,00000055.wav,normal,15.237162590026855,14.776527404785156
pump,id_02,00000423.wav,normal,16.653167724609375,7.158054828643799
pump,id_02,00000473.wav,normal,15.755833625793457,19.61640739440918
pump,id_02,00000555.wav,normal,15.308834075927734,9.836214065551758
pump,id_02,00000673.wav,normal,15.9938383102417,7.104347229003906
pump,id_02,00000001.wav,normal,16.529279708862305,15.239395141601562
pump,id_02,00000977.wav,normal,17.543916702270508,11.867884635925293
pump,id_02,00000526.wav,normal,16.02889633178711,11.977635383605957
pump,id_02,00000885.wav,normal,18.926326751708984,16.92698860168457
pump,id_02,00000413.wav,normal,16.091323852539062,7.249229907989502
pump,id_02,00000791.wav,normal,16.37782096862793,10.436522483825684
pump,id_02,00000118.wav,normal,17.001272201538086,11.533947944641113
pump,id_02,00000331.wav,normal,8.719060897827148,58.23785400390625
pump,id_02,00000258.wav,normal,10.1654634475708,35.8170280456543
pump,id_02,00000322.wav,normal,15.428686141967773,31.85297203063965
pump,id_02,00000090.wav,normal,11.48271656036377,28.455373764038086
pump,id_02,00000465.wav,normal,16.372005462646484,13.874933242797852
pump,id_02,00000037.wav,normal,17.91670799255371,13.30515193939209
pump,id_02,00000563.wav,normal,15.431499481201172,14.13447380065918
pump,id_02,00000778.wav,normal,18.003379821777344,23.33087730407715
pump,id_02,00000924.wav,normal,18.353479385375977,12.360407829284668
pump,id_02,00000410.wav,normal,13.62866497039795,24.16398811340332
pump,id_02,00000678.wav,normal,15.452878952026367,13.408802032470703
pump,id_02,00000974.wav,normal,16.472734451293945,12.785919189453125
pump,id_02,00000507.wav,normal,16.011974334716797,12.71793270111084
pump,id_02,00000710.wav,normal,14.494759559631348,14.756170272827148
pump,id_02,00000421.wav,normal,17.580411911010742,10.593343734741211
pump,id_02,00000337.wav,normal,17.920385360717773,16.325305938720703
pump,id_02,00000164.wav,normal,17.553199768066406,9.605751037597656
pump,id_02,00000878.wav,normal,19.494644165039062,15.841901779174805
pump,id_02,00000107.wav,normal,15.358981132507324,13.87514877319336
pump,id_02,00000686.wav,normal,15.201703071594238,8.800162315368652
pump,id_02,00000328.wav,normal,15.300322532653809,7.661076068878174
pump,id_02,00000341.wav,normal,16.2164249420166,11.179004669189453
pump,id_02,00000418.wav,normal,17.074378967285156,22.16210174560547
pump,id_02,00000356.wav,normal,16.79389762878418,12.124658584594727
pump,id_02,00000933.wav,normal,17.98963165283203,16.314115524291992
pump,id_02,00000950.wav,normal,17.553688049316406,9.46622085571289
pump,id_02,00000503.wav,normal,15.455669403076172,21.11607551574707
pump,id_02,00000833.wav,normal,16.406179428100586,12.155261039733887
pump,id_02,00000650.wav,normal,16.18568229675293,15.594298362731934
pump,id_02,00000446.wav,normal,13.168989181518555,13.973773002624512
pump,id_02,00000599.wav,normal,15.378671646118164,16.74953269958496
pump,id_02,00000185.wav,normal,19.032230377197266,14.718104362487793
pump,id_02,00000284.wav,normal,18.21404457092285,14.624787330627441
pump,id_02,00000452.wav,normal,14.925664901733398,16.026758193969727
pump,id_02,00000667.wav,normal,17.642370223999023,11.283845901489258
pump,id_02,00000531.wav,normal,16.188854217529297,6.534883499145508
pump,id_02,00000481.wav,normal,16.02566146850586,13.472858428955078
pump,id_02,00000179.wav,normal,16.294225692749023,12.398157119750977
pump,id_02,00000774.wav,normal,14.946728706359863,9.565600395202637
pump,id_02,00000781.wav,normal,18.385635375976562,15.522123336791992
pump,id_02,00000041.wav,normal,17.12153434753418,11.453214645385742
pump,id_02,00000590.wav,normal,15.55807876586914,25.89236068725586
pump,id_02,00000275.wav,normal,18.839677810668945,15.40075969696045
pump,id_02,00000841.wav,normal,16.471223831176758,8.787283897399902
pump,id_02,00000688.wav,normal,16.374406814575195,5.318001747131348
pump,id_02,00000783.wav,normal,17.54389190673828,12.634745597839355
pump,id_02,00000021.wav,normal,16.864530563354492,8.214282035827637
pump,id_02,00000601.wav,normal,16.473825454711914,19.25559425354004
pump,id_02,00000589.wav,normal,16.05025291442871,14.024676322937012
pump,id_02,00000881.wav,normal,17.414409637451172,10.377830505371094
pump,id_02,00000856.wav,normal,18.885406494140625,17.99831771850586
pump,id_02,00000690.wav,normal,15.949552536010742,5.844188690185547
pump,id_02,00000234.wav,normal,13.376977920532227,37.21433639526367
pump,id_02,00000093.wav,normal,16.32097053527832,12.197763442993164
pump,id_02,00000026.wav,normal,16.07903289794922,16.306055068969727
pump,id_02,00000256.wav,normal,16.00361442565918,7.780397891998291
pump,id_02,00000618.wav,normal,16.447246551513672,14.222153663635254
pump,id_02,00000330.wav,normal,14.449585914611816,30.895307540893555
pump,id_02,00000752.wav,normal,15.951088905334473,12.182792663574219
pump,id_02,00000442.wav,normal,16.94118309020996,6.936128616333008
pump,id_02,00000910.wav,normal,18.09158706665039,10.801992416381836
pump,id_02,00000040.wav,normal,17.725393295288086,8.922042846679688
pump,id_02,00000612.wav,normal,16.276586532592773,7.814645290374756
pump,id_02,00000082.wav,normal,16.7348575592041,11.402956008911133
pump,id_02,00000448.wav,normal,15.690738677978516,21.37862777709961
pump,id_02,00000505.wav,normal,15.39531135559082,10.576478004455566
pump,id_02,00000552.wav,normal,15.627116203308105,14.287067413330078
pump,id_02,00000512.wav,normal,16.764488220214844,10.371991157531738
pump,id_02,00000278.wav,normal,16.36833953857422,6.5425124168396
pump,id_02,00000965.wav,normal,15.135761260986328,24.71820831298828
pump,id_02,00000412.wav,normal,17.049747467041016,15.548778533935547
pump,id_02,00000716.wav,normal,16.669628143310547,21.260183334350586
pump,id_02,00000311.wav,normal,11.064330101013184,29.246362686157227
pump,id_02,00000705.wav,normal,16.270334243774414,25.20281219482422
pump,id_02,00000479.wav,normal,17.298351287841797,13.302617073059082
pump,id_02,00000127.wav,normal,16.732112884521484,4.449763298034668
pump,id_02,00000449.wav,normal,17.125680923461914,11.102960586547852
pump,id_02,00000295.wav,normal,16.132158279418945,7.954975128173828
pump,id_02,00000943.wav,normal,18.50929069519043,12.743102073669434
pump,id_02,00000582.wav,normal,16.66980743408203,6.318517684936523
pump,id_02,00000844.wav,normal,16.37946128845215,15.93927001953125
pump,id_02,00000766.wav,normal,17.286441802978516,25.050010681152344
pump,id_02,00000609.wav,normal,17.067760467529297,7.399555206298828
pump,id_02,00000314.wav,normal,16.247831344604492,3.9314286708831787
pump,id_02,00000811.wav,normal,16.21179962158203,13.483748435974121
pump,id_02,00000169.wav,normal,16.57685661315918,8.064278602600098
pump,id_02,00000061.wav,normal,18.59493064880371,14.691326141357422
pump,id_02,00000073.wav,normal,16.45993995666504,21.795780181884766
pump,id_02,00000145.wav,normal,16.447458267211914,16.107528686523438
pump,id_02,00000846.wav,normal,17.859302520751953,15.314531326293945
pump,id_02,00000272.wav,normal,18.064374923706055,13.959773063659668
pump,id_02,00000930.wav,normal,17.041072845458984,16.186864852905273
pump,id_02,00000152.wav,normal,15.165568351745605,14.803911209106445
pump,id_02,00000663.wav,normal,14.572339057922363,12.076647758483887
pump,id_02,00000230.wav,normal,16.015869140625,11.324519157409668
pump,id_02,00000557.wav,normal,15.725366592407227,6.6031060218811035
pump,id_02,00000117.wav,normal,16.335298538208008,15.037593841552734
pump,id_02,00000435.wav,normal,16.907203674316406,15.28471851348877
pump,id_02,00000202.wav,normal,15.287690162658691,10.966483116149902
pump,id_02,00000956.wav,normal,13.898823738098145,31.87421417236328
pump,id_02,00000823.wav,normal,17.34105682373047,7.111132621765137
pump,id_02,00000677.wav,normal,15.589550971984863,26.050748825073242
pump,id_02,00000603.wav,normal,13.738770484924316,18.214929580688477
pump,id_02,00000640.wav,normal,16.276987075805664,7.7192230224609375
pump,id_02,00000810.wav,normal,16.300823211669922,14.295467376708984
pump,id_02,00000806.wav,normal,16.013315200805664,12.865752220153809
pump,id_02,00000270.wav,normal,16.394929885864258,7.628988265991211
pump,id_02,00000946.wav,normal,16.356670379638672,21.411888122558594
pump,id_04,00000081.wav,normal,19.081315994262695,17.67464828491211
pump,id_04,00000105.wav,normal,18.785541534423828,14.32241153717041
pump,id_04,00000328.wav,normal,21.614538192749023,16.465295791625977
pump,id_04,00000698.wav,normal,20.968286514282227,7.912998676300049
pump,id_04,00000558.wav,normal,20.20920753479004,15.139287948608398
pump,id_04,00000184.wav,normal,17.85838508605957,11.026317596435547
pump,id_04,00000440.wav,normal,19.37961196899414,13.81966781616211
pump,id_04,00000080.wav,normal,19.800579071044922,11.795414924621582
pump,id_04,00000434.wav,normal,20.670806884765625,10.867802619934082
pump,id_04,00000084.wav,normal,18.301355361938477,13.818466186523438
pump,id_04,00000273.wav,normal,18.935062408447266,16.92945098876953
pump,id_04,00000531.wav,normal,20.325960159301758,11.874259948730469
pump,id_04,00000617.wav,normal,20.36640167236328,4.513095378875732
pump,id_04,00000509.wav,normal,19.821256637573242,11.053202629089355
pump,id_04,00000508.wav,normal,19.513263702392578,10.002751350402832
pump,id_04,00000677.wav,normal,20.790393829345703,8.289496421813965
pump,id_04,00000347.wav,normal,19.494457244873047,20.48027992248535
pump,id_04,00000395.wav,normal,21.626916885375977,16.153696060180664
pump,id_04,00000450.wav,normal,17.52821922302246,15.11928653717041
pump,id_04,00000409.wav,normal,20.357952117919922,10.380386352539062
pump,id_04,00000447.wav,normal,18.02344512939453,21.545923233032227
pump,id_04,00000376.wav,normal,20.840335845947266,7.436895847320557
pump,id_04,00000127.wav,normal,18.416831970214844,16.513099670410156
pump,id_04,00000279.wav,normal,20.432422637939453,12.697142601013184
pump,id_04,00000339.wav,normal,21.464895248413086,13.912042617797852
pump,id_04,00000048.wav,normal,17.49822235107422,18.170391082763672
pump,id_04,00000658.wav,normal,20.503250122070312,6.469625473022461
pump,id_04,00000292.wav,normal,20.496732711791992,5.001938819885254
pump,id_04,00000195.wav,normal,19.45861053466797,9.196307182312012
pump,id_04,00000638.wav,normal,20.658815383911133,9.494729042053223
pump,id_04,00000660.wav,normal,20.81991958618164,8.065738677978516
pump,id_04,00000484.wav,normal,18.36663055419922,17.735246658325195
pump,id_04,00000556.wav,normal,21.023590087890625,9.079859733581543
pump,id_04,00000407.wav,normal,20.35816192626953,7.1837968826293945
pump,id_04,00000689.wav,normal,18.999914169311523,11.429089546203613
pump,id_04,00000317.wav,normal,21.416471481323242,19.372577667236328
pump,id_04,00000323.wav,normal,20.518932342529297,21.499568939208984
pump,id_04,00000042.wav,normal,18.82411003112793,10.841286659240723
pump,id_04,00000204.wav,normal,20.80748748779297,9.399466514587402
pump,id_04,00000664.wav,normal,20.543867111206055,5.646980285644531
pump,id_04,00000206.wav,normal,20.56769371032715,7.370175361633301
pump,id_04,00000300.wav,normal,19.526203155517578,16.668914794921875
pump,id_04,00000037.wav,normal,20.730670928955078,17.34820556640625
pump,id_04,00000697.wav,normal,19.720537185668945,9.969579696655273
pump,id_04,00000696.wav,normal,21.065189361572266,10.492453575134277
pump,id_04,00000138.wav,normal,18.016162872314453,11.960834503173828
pump,id_04,00000186.wav,normal,19.471696853637695,7.544862747192383
pump,id_04,00000490.wav,normal,20.353097915649414,7.156124591827393
pump,id_04,00000475.wav,normal,19.323959350585938,14.221827507019043
pump,id_04,00000179.wav,normal,17.897119522094727,16.125478744506836
pump,id_04,00000346.wav,normal,21.78598976135254,11.682579040527344
pump,id_04,00000559.wav,normal,19.22102928161621,8.52086353302002
pump,id_04,00000360.wav,normal,21.327680587768555,12.746232032775879
pump,id_04,00000045.wav,normal,20.937700271606445,21.114051818847656
pump,id_04,00000136.wav,normal,16.32231903076172,22.766088485717773
pump,id_04,00000340.wav,normal,21.879732131958008,11.823055267333984
pump,id_04,00000595.wav,normal,17.543354034423828,20.564157485961914
pump,id_04,00000106.wav,normal,19.4882755279541,10.912246704101562
pump,id_04,00000643.wav,normal,22.198505401611328,14.868956565856934
pump,id_04,00000680.wav,normal,20.8392333984375,6.068780899047852
pump,id_04,00000353.wav,normal,21.79669952392578,17.13633918762207
pump,id_04,00000673.wav,normal,21.05614471435547,7.631984710693359
pump,id_04,00000365.wav,normal,21.9140625,20.52849578857422
pump,id_04,00000691.wav,normal,20.10588264465332,9.254007339477539
pump,id_04,00000259.wav,normal,18.91997528076172,12.762723922729492
pump,id_04,00000382.wav,normal,21.718544006347656,13.26230525970459
pump,id_04,00000396.wav,normal,21.538000106811523,9.866514205932617
pump,id_04,00000650.wav,normal,21.02593421936035,6.872180461883545
pump,id_04,00000044.wav,normal,15.563151359558105,23.919010162353516
pump,id_04,00000481.wav,normal,20.269441604614258,17.071876525878906
pump,id_04,00000399.wav,normal,22.248069763183594,15.655563354492188
pump,id_04,00000020.wav,normal,19.170272827148438,12.83020305633545
pump,id_04,00000567.wav,normal,17.506141662597656,15.622852325439453
pump,id_04,00000670.wav,normal,21.01376724243164,8.21692180633545
pump,id_04,00000519.wav,normal,19.188020706176758,8.102509498596191
pump,id_04,00000557.wav,normal,19.242164611816406,55.9937744140625
pump,id_04,00000538.wav,normal,19.235671997070312,9.402365684509277
pump,id_04,00000069.wav,normal,19.502456665039062,14.915909767150879
pump,id_04,00000369.wav,normal,20.510894775390625,11.98713207244873
pump,id_04,00000536.wav,normal,17.045019149780273,21.79657554626465
pump,id_04,00000087.wav,normal,18.3822078704834,17.04104232788086
pump,id_04,00000191.wav,normal,19.891096115112305,8.145333290100098
pump,id_04,00000426.wav,normal,16.92695426940918,29.93844985961914
pump,id_04,00000584.wav,normal,18.1796817779541,18.461814880371094
pump,id_04,00000246.wav,normal,20.989076614379883,17.19681739807129
pump,id_04,00000361.wav,normal,18.720563888549805,21.558034896850586
pump,id_04,00000629.wav,normal,20.93549919128418,9.895065307617188
pump,id_04,00000001.wav,normal,17.59410285949707,33.65846252441406
pump,id_04,00000439.wav,normal,19.116390228271484,9.935131072998047
pump,id_04,00000298.wav,normal,20.58046531677246,14.5875825881958
pump,id_04,00000147.wav,normal,19.224199295043945,13.063106536865234
pump,id_04,00000247.wav,normal,21.00652503967285,9.127617835998535
pump,id_04,00000588.wav,normal,19.779054641723633,7.47210168838501
pump,id_04,00000527.wav,normal,18.125343322753906,20.498348236083984
pump,id_04,00000647.wav,normal,21.123947143554688,8.900131225585938
pump,id_04,00000016.wav,normal,18.124052047729492,23.2383975982666
pump,id_04,00000548.wav,normal,19.14482879638672,7.653626918792725
pump,id_04,00000611.wav,normal,20.677349090576172,7.263882160186768
pump,id_04,00000511.wav,normal,18.839073181152344,8.424907684326172
pump,id_04,00000113.wav,normal,15.41409683227539,33.81928634643555
pump,id_04,00000064.wav,normal,15.725600242614746,40.07905197143555
pump,id_04,00000468.wav,normal,19.80943489074707,10.901351928710938
pump,id_04,00000637.wav,normal,20.833574295043945,5.7222771644592285
pump,id_04,00000654.wav,normal,20.624507904052734,5.790371894836426
pump,id_04,00000429.wav,normal,19.469730377197266,20.79539680480957
pump,id_04,00000244.wav,normal,20.882938385009766,8.108599662780762
pump,id_06,00000048.wav,normal,12.916932106018066,10.092351913452148
pump,id_06,00000507.wav,normal,11.86323070526123,8.866055488586426
pump,id_06,00000569.wav,normal,11.287007331848145,18.459232330322266
pump,id_06,00000437.wav,normal,15.346282005310059,18.236482620239258
pump,id_06,00000695.wav,normal,11.491238594055176,25.273962020874023
pump,id_06,00000641.wav,normal,11.171276092529297,18.754959106445312
pump,id_06,00000179.wav,normal,14.763798713684082,12.449748039245605
pump,id_06,00000752.wav,normal,12.15124797821045,9.009966850280762
pump,id_06,00000605.wav,normal,12.204551696777344,11.18051528930664
pump,id_06,00000570.wav,normal,13.43891716003418,23.447694778442383
pump,id_06,00000062.wav,normal,12.43852424621582,14.341845512390137
pump,id_06,00000281.wav,normal,12.533904075622559,8.220758438110352
pump,id_06,00000307.wav,normal,12.175396919250488,7.764577865600586
pump,id_06,00000423.wav,normal,13.94066333770752,16.803146362304688
pump,id_06,00000226.wav,normal,12.239192962646484,20.164390563964844
pump,id_06,00000533.wav,normal,12.194832801818848,11.0731840133667
pump,id_06,00000945.wav,normal,12.95834732055664,11.656905174255371
pump,id_06,00000146.wav,normal,13.153251647949219,10.94698715209961
pump,id_06,00000897.wav,normal,14.933587074279785,17.6245059967041
pump,id_06,00000309.wav,normal,11.680099487304688,9.997736930847168
pump,id_06,00000242.wav,normal,11.493707656860352,25.46050453186035
pump,id_06,00000328.wav,normal,12.398273468017578,19.002317428588867
pump,id_06,00000838.wav,normal,12.807509422302246,27.3808650970459
pump,id_06,00000930.wav,normal,14.036291122436523,19.265480041503906
pump,id_06,00000791.wav,normal,14.316000938415527,12.458041191101074
pump,id_06,00000931.wav,normal,13.289140701293945,9.211051940917969
pump,id_06,00000591.wav,normal,13.331910133361816,9.020151138305664
pump,id_06,00000326.wav,normal,12.231729507446289,11.50178337097168
pump,id_06,00000589.wav,normal,11.316722869873047,8.170088768005371
pump,id_06,00000749.wav,normal,16.044761657714844,30.83601951599121
pump,id_06,00000835.wav,normal,13.864700317382812,8.9376802444458
pump,id_06,00000921.wav,normal,12.138635635375977,14.80650520324707
pump,id_06,00000296.wav,normal,14.01606559753418,17.63140869140625
pump,id_06,00000515.wav,normal,13.440056800842285,9.690134048461914
pump,id_06,00000143.wav,normal,15.080798149108887,15.032824516296387
pump,id_06,00000057.wav,normal,14.158177375793457,10.761070251464844
pump,id_06,00000794.wav,normal,14.125086784362793,10.45715618133545
pump,id_06,00000884.wav,normal,13.089826583862305,19.131364822387695
pump,id_06,00000772.wav,normal,14.785462379455566,16.420536041259766
pump,id_06,00000222.wav,normal,14.228780746459961,12.067489624023438
pump,id_06,00000984.wav,normal,12.034337997436523,7.313093662261963
pump,id_06,00000239.wav,normal,10.234794616699219,28.40144920349121
pump,id_06,00000449.wav,normal,13.352242469787598,21.35675811767578
pump,id_06,00000411.wav,normal,13.049905776977539,17.35713768005371
pump,id_06,00000045.wav,normal,10.486034393310547,12.724961280822754
pump,id_06,00000758.wav,normal,13.820207595825195,9.251091003417969
pump,id_06,00000250.wav,normal,12.268511772155762,13.181161880493164
pump,id_06,00000049.wav,normal,13.409854888916016,9.394490242004395
pump,id_06,00000893.wav,normal,14.80358600616455,13.930132865905762
pump,id_06,00000720.wav,normal,12.883827209472656,10.335882186889648
pump,id_06,00000688.wav,normal,12.271203994750977,17.138587951660156
pump,id_06,00000612.wav,normal,11.353607177734375,16.72980499267578
pump,id_06,00000457.wav,normal,13.13347053527832,18.707046508789062
pump,id_06,00000034.wav,normal,14.17802906036377,8.484162330627441
pump,id_06,00000608.wav,normal,13.237110137939453,22.88445472717285
pump,id_06,00000103.wav,normal,13.832674980163574,10.012929916381836
pump,id_06,00000068.wav,normal,13.416990280151367,12.86750316619873
pump,id_06,00000211.wav,normal,13.355965614318848,23.576499938964844
pump,id_06,00000246.wav,normal,14.099008560180664,19.97345542907715
pump,id_06,00000016.wav,normal,14.120713233947754,12.124610900878906
pump,id_06,00000910.wav,normal,13.372529029846191,21.602264404296875
pump,id_06,00000904.wav,normal,13.832846641540527,12.695886611938477
pump,id_06,00001005.wav,normal,13.304492950439453,14.884016990661621
pump,id_06,00000629.wav,normal,12.034080505371094,23.306039810180664
pump,id_06,00000429.wav,normal,12.995010375976562,16.692432403564453
pump,id_06,00000676.wav,normal,14.745738983154297,17.199094772338867
pump,id_06,00000828.wav,normal,14.708996772766113,10.138517379760742
pump,id_06,00001011.wav,normal,12.823216438293457,8.127674102783203
pump,id_06,00000115.wav,normal,14.544468879699707,12.329414367675781
pump,id_06,00000783.wav,normal,12.433937072753906,17.012468338012695
pump,id_06,00000742.wav,normal,13.227420806884766,20.292512893676758
pump,id_06,00000896.wav,normal,14.721122741699219,14.902356147766113
pump,id_06,00000193.wav,normal,11.348684310913086,12.750500679016113
pump,id_06,00000282.wav,normal,12.21458911895752,9.573346138000488
pump,id_06,00000158.wav,normal,13.678359985351562,8.752616882324219
pump,id_06,00000354.wav,normal,13.084607124328613,17.21562385559082
pump,id_06,00000471.wav,normal,10.270222663879395,12.211935043334961
pump,id_06,00000253.wav,normal,12.049346923828125,13.2240629196167
pump,id_06,00000235.wav,normal,11.048352241516113,8.270828247070312
pump,id_06,00000843.wav,normal,12.437932014465332,8.627121925354004
pump,id_06,00000388.wav,normal,13.868640899658203,15.082236289978027
pump,id_06,00000544.wav,normal,12.072318077087402,14.558333396911621
pump,id_06,00000434.wav,normal,13.77418327331543,8.89948558807373
pump,id_06,00000557.wav,normal,12.876251220703125,19.06904411315918
pump,id_06,00000736.wav,normal,10.336187362670898,13.81301498413086
pump,id_06,00000689.wav,normal,12.824034690856934,32.968650817871094
pump,id_06,00000474.wav,normal,9.686031341552734,16.22890281677246
pump,id_06,00000305.wav,normal,12.896478652954102,17.270479202270508
pump,id_06,00000023.wav,normal,14.06059741973877,11.655252456665039
pump,id_06,00000774.wav,normal,14.108007431030273,16.434816360473633
pump,id_06,00000003.wav,normal,15.595730781555176,20.659072875976562
pump,id_06,00000854.wav,normal,13.323503494262695,24.57887077331543
pump,id_06,00000228.wav,normal,13.090134620666504,14.959426879882812
pump,id_06,00000745.wav,normal,14.395387649536133,10.327064514160156
pump,id_06,00000130.wav,normal,13.821715354919434,8.756810188293457
pump,id_06,00000541.wav,normal,12.560188293457031,12.812750816345215
pump,id_06,00000402.wav,normal,11.954947471618652,7.213846683502197
pump,id_06,00000550.wav,normal,12.466632843017578,9.341927528381348
pump,id_06,00000182.wav,normal,12.567838668823242,7.65391206741333
pump,id_06,00000121.wav,normal,13.808710098266602,14.122260093688965
pump,id_06,00000356.wav,normal,10.757490158081055,22.937801361083984
pump,id_06,00000880.wav,normal,11.484621047973633,7.621955871582031
pump,id_06,00000669.wav,normal,12.259577751159668,7.945910453796387
pump,id_06,00000136.wav,normal,13.681026458740234,16.864439010620117
pump,id_06,00000552.wav,normal,10.582066535949707,8.60377025604248
pump,id_06,00000895.wav,normal,10.499801635742188,12.403708457946777
pump,id_06,00000677.wav,normal,14.89559268951416,13.084695816040039
pump,id_06,00000987.wav,normal,14.472208976745605,19.398447036743164
pump,id_06,00000699.wav,normal,14.062448501586914,14.027480125427246
pump,id_06,00000082.wav,normal,12.600848197937012,8.853918075561523
pump,id_06,00000384.wav,normal,12.69323444366455,25.051284790039062
pump,id_06,00000386.wav,normal,14.03114128112793,25.015308380126953
pump,id_06,00000928.wav,normal,11.858443260192871,17.174171447753906
pump,id_06,00000939.wav,normal,14.208621978759766,14.980547904968262
pump,id_06,00000890.wav,normal,13.685805320739746,20.85880470275879
pump,id_06,00000459.wav,normal,14.056856155395508,16.624982833862305
pump,id_06,00000391.wav,normal,12.682479858398438,14.293557167053223
pump,id_06,00000912.wav,normal,14.885272026062012,17.732254028320312
pump,id_06,00000383.wav,normal,12.74007511138916,17.625
pump,id_06,00000430.wav,normal,11.189538955688477,10.417624473571777
pump,id_06,00000986.wav,normal,14.92934799194336,14.644511222839355
pump,id_06,00000661.wav,normal,13.867959976196289,10.504898071289062
pump,id_06,00000746.wav,normal,12.973864555358887,15.817534446716309
pump,id_06,00001001.wav,normal,13.096711158752441,27.187515258789062
pump,id_06,00000656.wav,normal,11.836345672607422,18.70400047302246
pump,id_06,00000784.wav,normal,12.730280876159668,26.489852905273438
pump,id_06,00000138.wav,normal,15.312710762023926,20.040321350097656
pump,id_06,00000787.wav,normal,15.721622467041016,28.02495574951172
pump,id_06,00000184.wav,normal,13.749383926391602,17.33577537536621
pump,id_06,00000418.wav,normal,11.508784294128418,13.557162284851074
pump,id_06,00000293.wav,normal,11.36719036102295,17.60758399963379
pump,id_06,00000032.wav,normal,13.735904693603516,10.086023330688477
pump,id_06,00000483.wav,normal,13.962059020996094,14.833812713623047
pump,id_06,00000956.wav,normal,13.79793930053711,16.56655502319336
pump,id_06,00001009.wav,normal,13.427543640136719,13.04144287109375
pump,id_06,00000070.wav,normal,10.074075698852539,10.603885650634766
pump,id_06,00000915.wav,normal,11.278874397277832,16.9901065826416
pump,id_06,00000957.wav,normal,12.069962501525879,9.825603485107422
pump,id_06,00000061.wav,normal,14.349441528320312,13.936224937438965
pump,id_06,00001017.wav,normal,13.998554229736328,25.012306213378906
pump,id_06,00000554.wav,normal,12.829034805297852,15.230743408203125
pump,id_06,00000065.wav,normal,13.211944580078125,7.80061674118042
pump,id_06,00000717.wav,normal,11.85494613647461,16.056785583496094
pump,id_06,00000705.wav,normal,12.811050415039062,15.278794288635254
pump,id_06,00000867.wav,normal,14.290767669677734,23.47736167907715
pump,id_06,00000092.wav,normal,13.934846878051758,9.735939025878906
pump,id_06,00000149.wav,normal,13.386943817138672,8.792451858520508
pump,id_06,00000446.wav,normal,11.003870964050293,30.86631965637207
pump,id_06,00000006.wav,normal,14.241364479064941,12.589850425720215
pump,id_06,00000521.wav,normal,14.625052452087402,19.73517608642578
pump,id_06,00000810.wav,normal,10.17702865600586,18.24842643737793
pump,id_06,00000044.wav,normal,12.122401237487793,29.79219627380371
pump,id_06,00000631.wav,normal,12.459882736206055,13.492630958557129
pump,id_06,00000946.wav,normal,10.532675743103027,19.882415771484375
pump,id_06,00000118.wav,normal,13.912797927856445,12.147189140319824
pump,id_06,00000935.wav,normal,14.428396224975586,21.348569869995117
pump,id_00,00000000.wav,abnormal,16.609010696411133,17.023120880126953
pump,id_00,00000001.wav,abnormal,18.282230377197266,29.449813842773438
pump,id_00,00000002.wav,abnormal,15.271052360534668,16.482196807861328
pump,id_00,00000003.wav,abnormal,18.993640899658203,45.51658248901367
pump,id_00,00000004.wav,abnormal,17.758438110351562,13.321365356445312
pump,id_00,00000005.wav,abnormal,18.708148956298828,44.98851013183594
pump,id_00,00000006.wav,abnormal,16.277544021606445,19.130775451660156
pump,id_00,00000007.wav,abnormal,18.153900146484375,35.33058166503906
pump,id_00,00000008.wav,abnormal,16.36161994934082,15.879898071289062
pump,id_00,00000009.wav,abnormal,16.459823608398438,38.56678771972656
pump,id_00,00000010.wav,abnormal,18.00182342529297,19.856571197509766
pump,id_00,00000011.wav,abnormal,17.77926254272461,28.635236740112305
pump,id_00,00000012.wav,abnormal,17.700437545776367,17.139694213867188
pump,id_00,00000013.wav,abnormal,16.852556228637695,18.264890670776367
pump,id_00,00000014.wav,abnormal,17.60720443725586,9.356264114379883
pump,id_00,00000015.wav,abnormal,18.822887420654297,24.669994354248047
pump,id_00,00000016.wav,abnormal,17.87691879272461,22.879520416259766
pump,id_00,00000017.wav,abnormal,19.17906951904297,20.928916931152344
pump,id_00,00000018.wav,abnormal,17.47075080871582,17.8948974609375
pump,id_00,00000019.wav,abnormal,16.708105087280273,20.060850143432617
pump,id_00,00000020.wav,abnormal,18.922203063964844,15.571877479553223
pump,id_00,00000021.wav,abnormal,19.265167236328125,29.257123947143555
pump,id_00,00000022.wav,abnormal,17.487030029296875,21.54842185974121
pump,id_00,00000023.wav,abnormal,16.15920066833496,24.024274826049805
pump,id_00,00000024.wav,abnormal,17.778854370117188,11.709556579589844
pump,id_00,00000025.wav,abnormal,17.2318058013916,23.79881477355957
pump,id_00,00000026.wav,abnormal,17.3199405670166,18.398405075073242
pump,id_00,00000027.wav,abnormal,15.88086223602295,17.988895416259766
pump,id_00,00000028.wav,abnormal,16.899795532226562,15.274482727050781
pump,id_00,00000029.wav,abnormal,18.4461727142334,18.24968719482422
pump,id_00,00000030.wav,abnormal,17.99971580505371,22.729263305664062
pump,id_00,00000031.wav,abnormal,17.27229881286621,16.105894088745117
pump,id_00,00000032.wav,abnormal,20.203805923461914,12.779653549194336
pump,id_00,00000033.wav,abnormal,15.118576049804688,18.286975860595703
pump,id_00,00000034.wav,abnormal,16.42740249633789,16.121967315673828
pump,id_00,00000035.wav,abnormal,17.25896453857422,45.63398742675781
pump,id_00,00000036.wav,abnormal,17.72518539428711,14.022590637207031
pump,id_00,00000037.wav,abnormal,17.287582397460938,31.148706436157227
pump,id_00,00000038.wav,abnormal,17.939727783203125,15.587547302246094
pump,id_00,00000039.wav,abnormal,18.914291381835938,26.69973373413086
pump,id_00,00000040.wav,abnormal,16.699464797973633,14.24661636352539
pump,id_00,00000041.wav,abnormal,17.640213012695312,17.724197387695312
pump,id_00,00000042.wav,abnormal,17.04694938659668,12.25390911102295
pump,id_00,00000043.wav,abnormal,17.510297775268555,26.691347122192383
pump,id_00,00000044.wav,abnormal,18.416458129882812,60.4383544921875
pump,id_00,00000045.wav,abnormal,17.367164611816406,19.003475189208984
pump,id_00,00000046.wav,abnormal,14.01407527923584,69.6584243774414
pump,id_00,00000047.wav,abnormal,18.199331283569336,21.23422622680664
pump,id_00,00000048.wav,abnormal,18.522430419921875,59.655391693115234
pump,id_00,00000049.wav,abnormal,15.907651901245117,18.34225845336914
pump,id_00,00000050.wav,abnormal,18.29091453552246,74.12916564941406
pump,id_00,00000051.wav,abnormal,18.242050170898438,22.881954193115234
pump,id_00,00000052.wav,abnormal,16.592941284179688,56.91304397583008
pump,id_00,00000053.wav,abnormal,18.63718032836914,11.913780212402344
pump,id_00,00000054.wav,abnormal,17.784591674804688,58.53851318359375
pump,id_00,00000055.wav,abnormal,17.828561782836914,15.35710620880127
pump,id_00,00000056.wav,abnormal,17.770137786865234,67.41053771972656
pump,id_00,00000057.wav,abnormal,17.556442260742188,11.839259147644043
pump,id_00,00000058.wav,abnormal,17.49069595336914,69.30492401123047
pump,id_00,00000059.wav,abnormal,13.877958297729492,20.4789981842041
pump,id_00,00000060.wav,abnormal,17.315753936767578,61.34495544433594
pump,id_00,00000061.wav,abnormal,17.578340530395508,19.52889633178711
pump,id_00,00000062.wav,abnormal,15.36124324798584,64.77327728271484
pump,id_00,00000063.wav,abnormal,17.771202087402344,19.142620086669922
pump,id_00,00000064.wav,abnormal,14.448748588562012,49.523014068603516
pump,id_00,00000065.wav,abnormal,17.66654396057129,18.533979415893555
pump,id_00,00000066.wav,abnormal,16.1267147064209,67.03697204589844
pump,id_00,00000067.wav,abnormal,17.28114128112793,11.334940910339355
pump,id_00,00000068.wav,abnormal,16.49944305419922,58.14359664916992
pump,id_00,00000069.wav,abnormal,17.90167236328125,15.378171920776367
pump,id_00,00000070.wav,abnormal,18.25038719177246,57.224037170410156
pump,id_00,00000071.wav,abnormal,17.451642990112305,15.295190811157227
pump,id_00,00000072.wav,abnormal,18.30559539794922,49.92538070678711
pump,id_00,00000073.wav,abnormal,17.456008911132812,19.17928123474121
pump,id_00,00000074.wav,abnormal,17.73135757446289,58.87879943847656
pump,id_00,00000075.wav,abnormal,17.79779052734375,19.307336807250977
pump,id_00,00000076.wav,abnormal,17.25545310974121,61.771324157714844
pump,id_00,00000077.wav,abnormal,17.495250701904297,13.406335830688477
pump,id_00,00000078.wav,abnormal,16.67279624938965,53.0087776184082
pump,id_00,00000079.wav,abnormal,12.834815979003906,17.873794555664062
pump,id_00,00000080.wav,abnormal,16.6529541015625,61.666297912597656
pump,id_00,00000081.wav,abnormal,17.01310920715332,16.1658992767334
pump,id_00,00000082.wav,abnormal,16.23860740661621,71.4506607055664
pump,id_00,00000083.wav,abnormal,17.159385681152344,18.928730010986328
pump,id_00,00000084.wav,abnormal,17.78957176208496,66.46131896972656
pump,id_00,00000085.wav,abnormal,17.888031005859375,16.62632942199707
pump,id_00,00000086.wav,abnormal,16.825597763061523,51.69835662841797
pump,id_00,00000087.wav,abnormal,17.35611915588379,16.128986358642578
pump,id_00,00000088.wav,abnormal,17.402400970458984,46.55449295043945
pump,id_00,00000089.wav,abnormal,17.024818420410156,17.463523864746094
pump,id_00,00000090.wav,abnormal,16.170442581176758,71.45976257324219
pump,id_00,00000091.wav,abnormal,18.40687370300293,9.351943969726562
pump,id_00,00000092.wav,abnormal,18.16936492919922,72.40544128417969
pump,id_00,00000093.wav,abnormal,17.322528839111328,15.261837005615234
pump,id_00,00000094.wav,abnormal,18.4224796295166,12.490557670593262
pump,id_00,00000095.wav,abnormal,16.86019515991211,17.311511993408203
pump,id_00,00000096.wav,abnormal,18.12091636657715,8.176492691040039
pump,id_00,00000097.wav,abnormal,17.19844627380371,21.8000545501709
pump,id_00,00000098.wav,abnormal,17.451372146606445,43.016822814941406
pump,id_00,00000099.wav,abnormal,18.343677520751953,19.917524337768555
pump,id_00,00000100.wav,abnormal,17.6373233795166,10.343582153320312
pump,id_00,00000101.wav,abnormal,18.007417678833008,10.017505645751953
pump,id_00,00000102.wav,abnormal,19.491926193237305,11.118330955505371
pump,id_00,00000103.wav,abnormal,17.87287712097168,12.023833274841309
pump,id_00,00000104.wav,abnormal,17.726911544799805,6.239143371582031
pump,id_00,00000105.wav,abnormal,17.829177856445312,11.036585807800293
pump,id_00,00000106.wav,abnormal,17.256837844848633,14.53022289276123
pump,id_00,00000107.wav,abnormal,17.897336959838867,25.228111267089844
pump,id_00,00000108.wav,abnormal,15.79240894317627,21.194828033447266
pump,id_00,00000109.wav,abnormal,18.060712814331055,13.640481948852539
pump,id_00,00000110.wav,abnormal,17.887462615966797,21.946109771728516
pump,id_00,00000111.wav,abnormal,17.527793884277344,15.364045143127441
pump,id_00,00000112.wav,abnormal,18.90875244140625,15.839924812316895
pump,id_00,00000113.wav,abnormal,17.032726287841797,12.015952110290527
pump,id_00,00000114.wav,abnormal,17.337095260620117,14.897619247436523
pump,id_00,00000115.wav,abnormal,17.52808380126953,19.978052139282227
pump,id_00,00000116.wav,abnormal,17.272809982299805,36.09836959838867
pump,id_00,00000117.wav,abnormal,17.131792068481445,26.522384643554688
pump,id_00,00000118.wav,abnormal,18.253278732299805,14.442893981933594
pump,id_00,00000119.wav,abnormal,16.55282974243164,16.056562423706055
pump,id_00,00000120.wav,abnormal,15.648746490478516,22.035768508911133
pump,id_00,00000121.wav,abnormal,17.989322662353516,16.99103355407715
pump,id_00,00000122.wav,abnormal,17.14625358581543,57.88166046142578
pump,id_00,00000123.wav,abnormal,17.53087615966797,59.1459846496582
pump,id_00,00000124.wav,abnormal,17.98430633544922,67.96845245361328
pump,id_00,00000125.wav,abnormal,17.730789184570312,53.47414779663086
pump,id_00,00000126.wav,abnormal,14.902405738830566,60.31670379638672
pump,id_00,00000127.wav,abnormal,17.129074096679688,60.751583099365234
pump,id_00,00000128.wav,abnormal,18.11204719543457,78.70539855957031
pump,id_00,00000129.wav,abnormal,16.989849090576172,51.72514343261719
pump,id_00,00000130.wav,abnormal,18.237777709960938,47.91547775268555
pump,id_00,00000131.wav,abnormal,17.943065643310547,62.578102111816406
pump,id_00,00000132.wav,abnormal,17.139314651489258,65.7452621459961
pump,id_00,00000133.wav,abnormal,17.501420974731445,36.5894775390625
pump,id_00,00000134.wav,abnormal,18.060331344604492,32.94446563720703
pump,id_00,00000135.wav,abnormal,17.656463623046875,62.67593765258789
pump,id_00,00000136.wav,abnormal,17.439863204956055,38.92116165161133
pump,id_00,00000137.wav,abnormal,17.46510887145996,42.636905670166016
pump,id_00,00000138.wav,abnormal,17.554157257080078,32.305973052978516
pump,id_00,00000139.wav,abnormal,17.4929256439209,36.5736083984375
pump,id_00,00000140.wav,abnormal,17.882320404052734,59.84426498413086
pump,id_00,00000141.wav,abnormal,18.179996490478516,27.474206924438477
pump,id_00,00000142.wav,abnormal,17.504594802856445,46.943180084228516
pump,id_02,00000000.wav,abnormal,18.233097076416016,18.15896987915039
pump,id_02,00000001.wav,abnormal,16.529279708862305,16.668712615966797
pump,id_02,00000002.wav,abnormal,16.297317504882812,22.051631927490234
pump,id_02,00000003.wav,abnormal,14.25010871887207,11.03593921661377
pump,id_02,00000004.wav,abnormal,14.87746524810791,21.5655460357666
pump,id_02,00000005.wav,abnormal,14.353375434875488,19.32263946533203
pump,id_02,00000006.wav,abnormal,17.3719539642334,38.57569122314453
pump,id_02,00000007.wav,abnormal,17.72464942932129,14.94614315032959
pump,id_02,00000008.wav,abnormal,18.224170684814453,23.411300659179688
pump,id_02,00000009.wav,abnormal,15.609253883361816,46.27083206176758
pump,id_02,00000010.wav,abnormal,16.496158599853516,29.689517974853516
pump,id_02,00000011.wav,abnormal,16.094100952148438,24.603803634643555
pump,id_02,00000012.wav,abnormal,17.561996459960938,24.311767578125
pump,id_02,00000013.wav,abnormal,16.159059524536133,22.97476577758789
pump,id_02,00000014.wav,abnormal,16.06127166748047,29.973480224609375
pump,id_02,00000015.wav,abnormal,16.276472091674805,17.74354362487793
pump,id_02,00000016.wav,abnormal,16.759822845458984,29.345745086669922
pump,id_02,00000017.wav,abnormal,15.69770622253418,17.95057487487793
pump,id_02,00000018.wav,abnormal,16.925355911254883,15.343091011047363
pump,id_02,00000019.wav,abnormal,14.090413093566895,12.32018756866455
pump,id_02,00000020.wav,abnormal,15.97961139678955,36.0990104675293
pump,id_02,00000021.wav,abnormal,16.864530563354492,24.24886703491211
pump,id_02,00000022.wav,abnormal,15.942195892333984,28.625524520874023
pump,id_02,00000023.wav,abnormal,14.646146774291992,24.67797088623047
pump,id_02,00000024.wav,abnormal,16.342140197753906,25.08812141418457
pump,id_02,00000025.wav,abnormal,18.196229934692383,31.824865341186523
pump,id_02,00000026.wav,abnormal,16.07903289794922,26.06167984008789
pump,id_02,00000027.wav,abnormal,10.934012413024902,14.713329315185547
pump,id_02,00000028.wav,abnormal,15.88784122467041,20.137269973754883
pump,id_02,00000029.wav,abnormal,16.2847843170166,18.760082244873047
pump,id_02,00000030.wav,abnormal,12.06534481048584,18.658905029296875
pump,id_02,00000031.wav,abnormal,16.084455490112305,25.41315460205078
pump,id_02,00000032.wav,abnormal,16.707189559936523,28.91659927368164
pump,id_02,00000033.wav,abnormal,16.400535583496094,30.026254653930664
pump,id_02,00000034.wav,abnormal,16.395374298095703,25.883634567260742
pump,id_02,00000035.wav,abnormal,17.280731201171875,22.62393569946289
pump,id_02,00000036.wav,abnormal,17.44303321838379,33.856353759765625
pump,id_02,00000037.wav,abnormal,17.91670799255371,22.268415451049805
pump,id_02,00000038.wav,abnormal,16.415884017944336,17.16350555419922
pump,id_02,00000039.wav,abnormal,16.354183197021484,12.69332504272461
pump,id_02,00000040.wav,abnormal,17.725393295288086,19.244998931884766
pump,id_02,00000041.wav,abnormal,17.12153434753418,22.98776626586914
pump,id_02,00000042.wav,abnormal,16.787076950073242,9.672000885009766
pump,id_02,00000043.wav,abnormal,16.636003494262695,18.17750358581543
pump,id_02,00000044.wav,abnormal,15.672545433044434,15.067612648010254
pump,id_02,00000045.wav,abnormal,17.152006149291992,15.543070793151855
pump,id_02,00000046.wav,abnormal,16.69380760192871,8.457487106323242
pump,id_02,00000047.wav,abnormal,16.644611358642578,19.11478614807129
pump,id_02,00000048.wav,abnormal,16.6705322265625,33.338226318359375
pump,id_02,00000049.wav,abnormal,16.824909210205078,25.859317779541016
pump,id_02,00000050.wav,abnormal,16.351993560791016,25.208898544311523
pump,id_02,00000051.wav,abnormal,14.604498863220215,20.281780242919922
pump,id_02,00000052.wav,abnormal,17.41058349609375,14.070333480834961
pump,id_02,00000053.wav,abnormal,16.222261428833008,30.511690139770508
pump,id_02,00000054.wav,abnormal,16.473413467407227,16.555479049682617
pump,id_02,00000055.wav,abnormal,15.237162590026855,17.085460662841797
pump,id_02,00000056.wav,abnormal,12.290000915527344,13.813017845153809
pump,id_02,00000057.wav,abnormal,16.1447696685791,19.5653133392334
pump,id_02,00000058.wav,abnormal,18.253950119018555,11.90102481842041
pump,id_02,00000059.wav,abnormal,17.06731414794922,21.6182918548584
pump,id_02,00000060.wav,abnormal,16.676971435546875,25.131811141967773
pump,id_02,00000061.wav,abnormal,18.59493064880371,21.826412200927734
pump,id_02,00000062.wav,abnormal,13.957037925720215,22.426315307617188
pump,id_02,00000063.wav,abnormal,16.841360092163086,20.13059425354004
pump,id_02,00000064.wav,abnormal,18.08800506591797,11.71951961517334
pump,id_02,00000065.wav,abnormal,12.186487197875977,18.197099685668945
pump,id_02,00000066.wav,abnormal,14.836091041564941,20.273845672607422
pump,id_02,00000067.wav,abnormal,16.510013580322266,25.199790954589844
pump,id_02,00000068.wav,abnormal,16.31903076171875,14.131242752075195
pump,id_02,00000069.wav,abnormal,16.325965881347656,19.90755844116211
pump,id_02,00000070.wav,abnormal,18.170372009277344,24.118560791015625
pump,id_02,00000071.wav,abnormal,15.297198295593262,17.673799514770508
pump,id_02,00000072.wav,abnormal,19.178112030029297,16.234262466430664
pump,id_02,00000073.wav,abnormal,16.45993995666504,18.133155822753906
pump,id_02,00000074.wav,abnormal,15.955754280090332,22.1058349609375
pump,id_02,00000075.wav,abnormal,16.873672485351562,29.329252243041992
pump,id_02,00000076.wav,abnormal,16.397193908691406,19.464553833007812
pump,id_02,00000077.wav,abnormal,17.457674026489258,18.43329429626465
pump,id_02,00000078.wav,abnormal,17.165742874145508,17.36853790283203
pump,id_02,00000079.wav,abnormal,16.64838409423828,18.915752410888672
pump,id_02,00000080.wav,abnormal,16.88990592956543,16.140085220336914
pump,id_02,00000081.wav,abnormal,17.348064422607422,19.581525802612305
pump,id_02,00000082.wav,abnormal,16.7348575592041,14.56784725189209
pump,id_02,00000083.wav,abnormal,15.461302757263184,20.525650024414062
pump,id_02,00000084.wav,abnormal,16.9533748626709,8.039523124694824
pump,id_02,00000085.wav,abnormal,13.440122604370117,19.24614143371582
pump,id_02,00000086.wav,abnormal,15.95033073425293,14.513313293457031
pump,id_02,00000087.wav,abnormal,15.211359977722168,18.996309280395508
pump,id_02,00000088.wav,abnormal,15.368398666381836,10.92494010925293
pump,id_02,00000089.wav,abnormal,16.466672897338867,32.697566986083984
pump,id_02,00000090.wav,abnormal,11.48271656036377,57.592926025390625
pump,id_02,00000091.wav,abnormal,15.875911712646484,19.50670051574707
pump,id_02,00000092.wav,abnormal,15.692253112792969,50.5819206237793
pump,id_02,00000093.wav,abnormal,16.32097053527832,18.893325805664062
pump,id_02,00000094.wav,abnormal,14.705495834350586,55.503562927246094
pump,id_02,00000095.wav,abnormal,16.56136131286621,21.595277786254883
pump,id_02,00000096.wav,abnormal,13.9288330078125,63.23318862915039
pump,id_02,00000097.wav,abnormal,13.205215454101562,21.169269561767578
pump,id_02,00000098.wav,abnormal,17.17707061767578,57.32823181152344
pump,id_02,00000099.wav,abnormal,14.41455078125,20.760719299316406
pump,id_02,00000100.wav,abnormal,16.014659881591797,24.46636390686035
pump,id_02,00000101.wav,abnormal,17.018016815185547,52.356143951416016
pump,id_02,00000102.wav,abnormal,16.74803924560547,27.56167221069336
pump,id_02,00000103.wav,abnormal,17.306184768676758,54.52670669555664
pump,id_02,00000104.wav,abnormal,16.515361785888672,25.22810935974121
pump,id_02,00000105.wav,abnormal,12.045886993408203,51.924041748046875
pump,id_02,00000106.wav,abnormal,17.019153594970703,27.165849685668945
pump,id_02,00000107.wav,abnormal,15.358981132507324,59.26874542236328
pump,id_02,00000108.wav,abnormal,17.219039916992188,26.09857177734375
pump,id_02,00000109.wav,abnormal,11.58340072631836,59.624839782714844
pump,id_02,00000110.wav,abnormal,16.629316329956055,51.761619567871094
pump,id_04,00000000.wav,abnormal,18.783470153808594,50.1808967590332
pump,id_04,00000001.wav,abnormal,17.59410285949707,18.075307846069336
pump,id_04,00000002.wav,abnormal,19.560285568237305,74.45492553710938
pump,id_04,00000003.wav,abnormal,21.631555557250977,27.20830535888672
pump,id_04,00000004.wav,abnormal,18.27517318725586,68.9319076538086
pump,id_04,00000005.wav,abnormal,21.28435707092285,8.527233123779297
pump,id_04,00000006.wav,abnormal,19.40380859375,93.53496551513672
pump,id_04,00000007.wav,abnormal,19.8439884185791,24.39826774597168
pump,id_04,00000008.wav,abnormal,17.023042678833008,70.81163787841797
pump,id_04,00000009.wav,abnormal,19.822912216186523,20.47938346862793
pump,id_04,00000010.wav,abnormal,17.709976196289062,75.46929168701172
pump,id_04,00000011.wav,abnormal,20.7713680267334,9.384184837341309
pump,id_04,00000012.wav,abnormal,16.148855209350586,55.53078842163086
pump,id_04,00000013.wav,abnormal,21.15687370300293,10.871889114379883
pump,id_04,00000014.wav,abnormal,18.635513305664062,90.44326782226562
pump,id_04,00000015.wav,abnormal,21.000593185424805,16.36412811279297
pump,id_04,00000016.wav,abnormal,18.124052047729492,71.96711730957031
pump,id_04,00000017.wav,abnormal,21.268251419067383,5.816852569580078
pump,id_04,00000018.wav,abnormal,16.90761375427246,72.3739242553711
pump,id_04,00000019.wav,abnormal,21.86330795288086,27.40095329284668
pump,id_04,00000020.wav,abnormal,19.170272827148438,102.9803695678711
pump,id_04,00000021.wav,abnormal,21.945693969726562,52.09524154663086
pump,id_04,00000022.wav,abnormal,18.419097900390625,84.14606475830078
pump,id_04,00000023.wav,abnormal,20.259857177734375,42.26371765136719
pump,id_04,00000024.wav,abnormal,19.27828598022461,77.0074234008789
pump,id_04,00000025.wav,abnormal,21.778364181518555,61.42518615722656
pump,id_04,00000026.wav,abnormal,20.013057708740234,89.37887573242188
pump,id_04,00000027.wav,abnormal,21.625511169433594,52.75321960449219
pump,id_04,00000028.wav,abnormal,19.24870491027832,53.680240631103516
pump,id_04,00000029.wav,abnormal,20.260351181030273,53.51255798339844
pump,id_04,00000030.wav,abnormal,18.871864318847656,45.99707794189453
pump,id_04,00000031.wav,abnormal,20.911300659179688,39.07201385498047
pump,id_04,00000032.wav,abnormal,19.155132293701172,47.70489501953125
pump,id_04,00000033.wav,abnormal,20.968473434448242,47.318294525146484
pump,id_04,00000034.wav,abnormal,16.37581443786621,56.04392623901367
pump,id_04,00000035.wav,abnormal,21.028892517089844,34.58244323730469
pump,id_04,00000036.wav,abnormal,19.078271865844727,49.265625
pump,id_04,00000037.wav,abnormal,20.730670928955078,56.10648727416992
pump,id_04,00000038.wav,abnormal,19.404539108276367,55.465206146240234
pump,id_04,00000039.wav,abnormal,20.19974708557129,41.795440673828125
pump,id_04,00000040.wav,abnormal,18.15289878845215,59.988616943359375
pump,id_04,00000041.wav,abnormal,21.014057159423828,90.34107971191406
pump,id_04,00000042.wav,abnormal,18.82411003112793,67.44877624511719
pump,id_04,00000043.wav,abnormal,20.598377227783203,61.155555725097656
pump,id_04,00000044.wav,abnormal,15.563151359558105,72.95113372802734
pump,id_04,00000045.wav,abnormal,20.937700271606445,55.50705337524414
pump,id_04,00000046.wav,abnormal,15.706326484680176,50.03086853027344
pump,id_04,00000047.wav,abnormal,20.788827896118164,59.03514862060547
pump,id_04,00000048.wav,abnormal,17.49822235107422,41.921695709228516
pump,id_04,00000049.wav,abnormal,20.506635665893555,38.24392318725586
pump,id_04,00000050.wav,abnormal,18.115055084228516,49.486289978027344
pump,id_04,00000051.wav,abnormal,20.335512161254883,41.312339782714844
pump,id_04,00000052.wav,abnormal,18.98689842224121,53.343196868896484
pump,id_04,00000053.wav,abnormal,21.235952377319336,31.702495574951172
pump,id_04,00000054.wav,abnormal,20.09752082824707,44.0911750793457
pump,id_04,00000055.wav,abnormal,19.34857177734375,43.677650451660156
pump,id_04,00000056.wav,abnormal,19.499540328979492,52.8779296875
pump,id_04,00000057.wav,abnormal,19.184751510620117,55.646121978759766
pump,id_04,00000058.wav,abnormal,15.10714340209961,90.0200424194336
pump,id_04,00000059.wav,abnormal,18.652711868286133,37.32767105102539
pump,id_04,00000060.wav,abnormal,16.520008087158203,61.79803466796875
pump,id_04,00000061.wav,abnormal,20.226333618164062,30.931623458862305
pump,id_04,00000062.wav,abnormal,16.440837860107422,52.69792556762695
pump,id_04,00000063.wav,abnormal,19.505128860473633,53.814300537109375
pump,id_04,00000064.wav,abnormal,15.725600242614746,50.83967208862305
pump,id_04,00000065.wav,abnormal,18.9482479095459,41.03049850463867
pump,id_04,00000066.wav,abnormal,18.09005355834961,50.8486328125
pump,id_04,00000067.wav,abnormal,17.32525062561035,30.936386108398438
pump,id_04,00000068.wav,abnormal,19.295822143554688,55.360286712646484
pump,id_04,00000069.wav,abnormal,19.502456665039062,32.89027404785156
pump,id_04,00000070.wav,abnormal,19.02634620666504,41.37412643432617
pump,id_04,00000071.wav,abnormal,18.53126335144043,26.935258865356445
pump,id_04,00000072.wav,abnormal,18.567827224731445,56.618980407714844
pump,id_04,00000073.wav,abnormal,20.06662940979004,40.858394622802734
pump,id_04,00000074.wav,abnormal,18.723648071289062,33.73740005493164
pump,id_04,00000075.wav,abnormal,14.244213104248047,48.95508575439453
pump,id_04,00000076.wav,abnormal,19.47465705871582,41.53670883178711
pump,id_04,00000077.wav,abnormal,19.41790199279785,41.12815475463867
pump,id_04,00000078.wav,abnormal,19.09037971496582,53.38715744018555
pump,id_04,00000079.wav,abnormal,18.247472763061523,46.64680480957031
pump,id_04,00000080.wav,abnormal,19.800579071044922,49.46482467651367
pump,id_04,00000081.wav,abnormal,19.081315994262695,36.39978790283203
pump,id_04,00000082.wav,abnormal,15.493577003479004,46.703651428222656
pump,id_04,00000083.wav,abnormal,19.16337776184082,42.23044967651367
pump,id_04,00000084.wav,abnormal,18.301355361938477,49.40073776245117
pump,id_04,00000085.wav,abnormal,15.786632537841797,49.73256301879883
pump,id_04,00000086.wav,abnormal,19.301061630249023,47.35054397583008
pump,id_04,00000087.wav,abnormal,18.3822078704834,35.705284118652344
pump,id_04,00000088.wav,abnormal,17.201702117919922,61.030521392822266
pump,id_04,00000089.wav,abnormal,19.66336441040039,36.193885803222656
pump,id_04,00000090.wav,abnormal,19.968109130859375,34.852603912353516
pump,id_04,00000091.wav,abnormal,17.50439453125,50.243778228759766
pump,id_04,00000092.wav,abnormal,20.12917137145996,33.56840133666992
pump,id_04,00000093.wav,abnormal,19.330392837524414,48.55116271972656
pump,id_04,00000094.wav,abnormal,19.387451171875,53.961055755615234
pump,id_04,00000095.wav,abnormal,19.87437629699707,50.19038772583008
pump,id_04,00000096.wav,abnormal,19.149887084960938,61.847137451171875
pump,id_04,00000097.wav,abnormal,18.485984802246094,63.96866989135742
pump,id_04,00000098.wav,abnormal,19.373083114624023,51.17121124267578
pump,id_04,00000099.wav,abnormal,19.47910499572754,60.2947883605957
pump,id_06,00000000.wav,abnormal,12.95218563079834,35.594444274902344
pump,id_06,00000001.wav,abnormal,9.306379318237305,17.764429092407227
pump,id_06,00000002.wav,abnormal,12.3814697265625,42.27547073364258
pump,id_06,00000003.wav,abnormal,15.595730781555176,26.770854949951172
pump,id_06,00000004.wav,abnormal,14.072929382324219,39.40534591674805
pump,id_06,00000005.wav,abnormal,12.658729553222656,26.814096450805664
pump,id_06,00000006.wav,abnormal,14.241364479064941,43.733154296875
pump,id_06,00000007.wav,abnormal,13.4713716506958,7.9784088134765625
pump,id_06,00000008.wav,abnormal,13.732609748840332,35.85341262817383
pump,id_06,00000009.wav,abnormal,9.728154182434082,36.327537536621094
pump,id_06,00000010.wav,abnormal,14.278485298156738,50.826873779296875
pump,id_06,00000011.wav,abnormal,15.911515235900879,34.785606384277344
pump,id_06,00000012.wav,abnormal,14.759103775024414,30.421653747558594
pump,id_06,00000013.wav,abnormal,14.632582664489746,22.30997085571289
pump,id_06,00000014.wav,abnormal,12.792519569396973,38.930809020996094
pump,id_06,00000015.wav,abnormal,13.094032287597656,20.116039276123047
pump,id_06,00000016.wav,abnormal,14.120713233947754,43.707366943359375
pump,id_06,00000017.wav,abnormal,12.666600227355957,28.456787109375
pump,id_06,00000018.wav,abnormal,12.672246932983398,26.149999618530273
pump,id_06,00000019.wav,abnormal,11.013883590698242,25.27854347229004
pump,id_06,00000020.wav,abnormal,14.035429000854492,31.776714324951172
pump,id_06,00000021.wav,abnormal,11.680882453918457,32.06522750854492
pump,id_06,00000022.wav,abnormal,13.310619354248047,13.918370246887207
pump,id_06,00000023.wav,abnormal,14.06059741973877,29.09259033203125
pump,id_06,00000024.wav,abnormal,15.082706451416016,17.83890151977539
pump,id_06,00000025.wav,abnormal,15.30237865447998,37.14950180053711
pump,id_06,00000026.wav,abnormal,14.201072692871094,22.442766189575195
pump,id_06,00000027.wav,abnormal,14.406464576721191,30.41774559020996
pump,id_06,00000028.wav,abnormal,13.397202491760254,21.58473777770996
pump,id_06,00000029.wav,abnormal,12.890993118286133,35.397705078125
pump,id_06,00000030.wav,abnormal,14.35499382019043,25.940013885498047
pump,id_06,00000031.wav,abnormal,13.022613525390625,26.809085845947266
pump,id_06,00000032.wav,abnormal,13.735904693603516,31.66012954711914
pump,id_06,00000033.wav,abnormal,13.66441822052002,27.284753799438477
pump,id_06,00000034.wav,abnormal,14.17802906036377,15.67745304107666
pump,id_06,00000035.wav,abnormal,14.326045989990234,29.13043212890625
pump,id_06,00000036.wav,abnormal,13.425475120544434,30.191404342651367
pump,id_06,00000037.wav,abnormal,13.15306568145752,19.21240234375
pump,id_06,00000038.wav,abnormal,12.517263412475586,20.990966796875
pump,id_06,00000039.wav,abnormal,15.916193008422852,20.397113800048828
pump,id_06,00000040.wav,abnormal,13.924721717834473,31.611967086791992
pump,id_06,00000041.wav,abnormal,11.563826560974121,37.790733337402344
pump,id_06,00000042.wav,abnormal,14.018296241760254,33.22943115234375
pump,id_06,00000043.wav,abnormal,13.966723442077637,23.46518898010254
pump,id_06,00000044.wav,abnormal,12.122401237487793,39.85858917236328
pump,id_06,00000045.wav,abnormal,10.486034393310547,29.876829147338867
pump,id_06,00000046.wav,abnormal,10.931801795959473,23.33619499206543
pump,id_06,00000047.wav,abnormal,11.944098472595215,20.547733306884766
pump,id_06,00000048.wav,abnormal,12.916932106018066,29.33989143371582
pump,id_06,00000049.wav,abnormal,13.409854888916016,26.624195098876953
pump,id_06,00000050.wav,abnormal,12.274104118347168,26.964672088623047
pump,id_06,00000051.wav,abnormal,11.11286735534668,27.36870574951172
pump,id_06,00000052.wav,abnormal,14.137935638427734,26.75750160217285
pump,id_06,00000053.wav,abnormal,14.130728721618652,36.40809631347656
pump,id_06,00000054.wav,abnormal,14.381805419921875,35.85356521606445
pump,id_06,00000055.wav,abnormal,12.564166069030762,29.17283058166504
pump,id_06,00000056.wav,abnormal,12.020764350891113,18.487030029296875
pump,id_06,00000057.wav,abnormal,14.158177375793457,22.55466651916504
pump,id_06,00000058.wav,abnormal,10.838302612304688,34.17106628417969
pump,id_06,00000059.wav,abnormal,14.406851768493652,27.069393157958984
pump,id_06,00000060.wav,abnormal,13.647709846496582,27.1202449798584
pump,id_06,00000061.wav,abnormal,14.349441528320312,27.044809341430664
pump,id_06,00000062.wav,abnormal,12.43852424621582,25.48940086364746
pump,id_06,00000063.wav,abnormal,11.46285629272461,23.87421989440918
pump,id_06,00000064.wav,abnormal,13.941089630126953,26.916444778442383
pump,id_06,00000065.wav,abnormal,13.211944580078125,28.62580108642578
pump,id_06,00000066.wav,abnormal,11.742222785949707,27.017011642456055
pump,id_06,00000067.wav,abnormal,15.690779685974121,27.779052734375
pump,id_06,00000068.wav,abnormal,13.416990280151367,31.495635986328125
pump,id_06,00000069.wav,abnormal,13.374845504760742,42.468040466308594
pump,id_06,00000070.wav,abnormal,10.074075698852539,25.5655517578125
pump,id_06,00000071.wav,abnormal,13.047718048095703,39.8265266418457
pump,id_06,00000072.wav,abnormal,13.610648155212402,34.14964294433594
pump,id_06,00000073.wav,abnormal,14.166536331176758,38.47761917114258
pump,id_06,00000074.wav,abnormal,13.896602630615234,17.379314422607422
pump,id_06,00000075.wav,abnormal,13.366290092468262,39.82463836669922
pump,id_06,00000076.wav,abnormal,10.046990394592285,37.128501892089844
pump,id_06,00000077.wav,abnormal,14.376845359802246,40.02883529663086
pump,id_06,00000078.wav,abnormal,12.685114860534668,25.719263076782227
pump,id_06,00000079.wav,abnormal,13.11680793762207,35.983482360839844
pump,id_06,00000080.wav,abnormal,10.616538047790527,39.21316909790039
pump,id_06,00000081.wav,abnormal,13.145624160766602,41.250205993652344
pump,id_06,00000082.wav,abnormal,12.600848197937012,24.167932510375977
pump,id_06,00000083.wav,abnormal,13.922507286071777,35.41183090209961
pump,id_06,00000084.wav,abnormal,13.8199462890625,28.949798583984375
pump,id_06,00000085.wav,abnormal,14.718378067016602,35.04146194458008
pump,id_06,00000086.wav,abnormal,12.687816619873047,26.43457794189453
pump,id_06,00000087.wav,abnormal,13.427401542663574,40.88429641723633
pump,id_06,00000088.wav,abnormal,15.193937301635742,13.926216125488281
pump,id_06,00000089.wav,abnormal,13.662463188171387,34.957218170166016
pump,id_06,00000090.wav,abnormal,12.28121566772461,27.00404930114746
pump,id_06,00000091.wav,abnormal,13.247461318969727,33.886329650878906
pump,id_06,00000092.wav,abnormal,13.934846878051758,41.114471435546875
pump,id_06,00000093.wav,abnormal,13.396127700805664,38.682918548583984
pump,id_06,00000094.wav,abnormal,14.64445686340332,40.225242614746094
pump,id_06,00000095.wav,abnormal,12.808465957641602,42.4057502746582
pump,id_06,00000096.wav,abnormal,14.30474853515625,39.30910873413086
pump,id_06,00000097.wav,abnormal,11.573801040649414,40.996437072753906
pump,id_06,00000098.wav,abnormal,13.177626609802246,40.80671310424805
pump,id_06,00000099.wav,abnormal,14.427179336547852,36.2392578125
pump,id_06,00000100.wav,abnormal,11.921207427978516,42.97136306762695
pump,id_06,00000101.wav,abnormal,12.116984367370605,44.11802673339844
slider,id_00,00000698.wav,normal,13.038999557495117,9.960403442382812
slider,id_00,00000117.wav,normal,13.444056510925293,10.60680103302002
slider,id_00,00000738.wav,normal,12.029704093933105,30.867855072021484
slider,id_00,00000923.wav,normal,12.978985786437988,9.641425132751465
slider,id_00,00000011.wav,normal,11.483887672424316,11.577704429626465
slider,id_00,00000929.wav,normal,10.496322631835938,17.130413055419922
slider,id_00,00000566.wav,normal,12.192351341247559,14.46528434753418
slider,id_00,00000257.wav,normal,12.822893142700195,6.97191047668457
slider,id_00,00001032.wav,normal,10.49721622467041,10.30726432800293
slider,id_00,00000479.wav,normal,13.068251609802246,11.894622802734375
slider,id_00,00000921.wav,normal,11.252543449401855,14.414905548095703
slider,id_00,00000390.wav,normal,11.108107566833496,20.285587310791016
slider,id_00,00000394.wav,normal,12.089080810546875,15.969754219055176
slider,id_00,00001058.wav,normal,11.348348617553711,8.073439598083496
slider,id_00,00000610.wav,normal,12.54980182647705,22.214418411254883
slider,id_00,00000432.wav,normal,13.136484146118164,13.6692533493042
slider,id_00,00001043.wav,normal,11.853449821472168,11.50283145904541
slider,id_00,00000811.wav,normal,19.12482452392578,40.7686653137207
slider,id_00,00000163.wav,normal,15.819930076599121,24.373767852783203
slider,id_00,00000642.wav,normal,11.889851570129395,23.458599090576172
slider,id_00,00000156.wav,normal,11.409441947937012,10.02375602722168
slider,id_00,00000112.wav,normal,10.025583267211914,12.097721099853516
slider,id_00,00000881.wav,normal,11.750216484069824,14.728610038757324
slider,id_00,00000048.wav,normal,13.769474983215332,14.032429695129395
slider,id_00,00000773.wav,normal,9.176048278808594,24.310226440429688
slider,id_00,00000093.wav,normal,11.539910316467285,10.39910888671875
slider,id_00,00000505.wav,normal,14.813849449157715,16.325809478759766
slider,id_00,00000521.wav,normal,14.20101547241211,24.86661720275879
slider,id_00,00000141.wav,normal,14.340263366699219,13.135198593139648
slider,id_00,00000980.wav,normal,13.052742004394531,15.685446739196777
slider,id_00,00000370.wav,normal,11.76695728302002,12.059148788452148
slider,id_00,00000408.wav,normal,14.880592346191406,17.067705154418945
slider,id_00,00000597.wav,normal,14.557252883911133,18.70244789123535
slider,id_00,00001048.wav,normal,13.860897064208984,20.47420310974121
slider,id_00,00000438.wav,normal,12.392058372497559,8.217069625854492
slider,id_00,00000598.wav,normal,11.344132423400879,11.782845497131348
slider,id_00,00000764.wav,normal,12.15483283996582,18.223648071289062
slider,id_00,00000269.wav,normal,12.254281997680664,11.910815238952637
slider,id_00,00000551.wav,normal,12.654762268066406,17.546436309814453
slider,id_00,00000574.wav,normal,14.078229904174805,23.545063018798828
slider,id_00,00000762.wav,normal,12.318828582763672,13.986754417419434
slider,id_00,00000252.wav,normal,12.894927978515625,8.264845848083496
slider,id_00,00001023.wav,normal,12.480498313903809,6.112651348114014
slider,id_00,00000271.wav,normal,12.916641235351562,30.052827835083008
slider,id_00,00000146.wav,normal,12.121630668640137,16.430011749267578
slider,id_00,00000469.wav,normal,11.379620552062988,5.432718753814697
slider,id_00,00000658.wav,normal,10.06398868560791,10.085309982299805
slider,id_00,00000936.wav,normal,12.752699851989746,11.25791072845459
slider,id_00,00000905.wav,normal,11.128976821899414,14.876931190490723
slider,id_00,00000405.wav,normal,13.111038208007812,16.016584396362305
slider,id_00,00000511.wav,normal,13.939410209655762,12.300827026367188
slider,id_00,00000671.wav,normal,12.432967185974121,11.513628959655762
slider,id_00,00000217.wav,normal,13.938446044921875,13.387484550476074
slider,id_00,00000322.wav,normal,14.255158424377441,12.479134559631348
slider,id_00,00001053.wav,normal,17.049625396728516,31.331127166748047
slider,id_00,00000897.wav,normal,12.423481941223145,9.451655387878418
slider,id_00,00000580.wav,normal,12.545170783996582,14.160858154296875
slider,id_00,00000935.wav,normal,13.876409530639648,18.062744140625
slider,id_00,00000216.wav,normal,9.622020721435547,15.977823257446289
slider,id_00,00000067.wav,normal,14.72341537475586,22.394004821777344
slider,id_00,00000274.wav,normal,12.912296295166016,14.678339004516602
slider,id_00,00000410.wav,normal,12.569242477416992,10.067395210266113
slider,id_00,00000323.wav,normal,11.269815444946289,17.419649124145508
slider,id_00,00000824.wav,normal,12.801833152770996,10.741166114807129
slider,id_00,00000032.wav,normal,14.51468563079834,13.28569221496582
slider,id_00,00000841.wav,normal,12.266366004943848,18.75758934020996
slider,id_00,00000234.wav,normal,12.657471656799316,13.124547004699707
slider,id_00,00000057.wav,normal,12.545673370361328,18.924663543701172
slider,id_00,00000794.wav,normal,15.658868789672852,34.01960372924805
slider,id_00,00000786.wav,normal,9.922113418579102,11.634747505187988
slider,id_00,00000863.wav,normal,12.282923698425293,19.71593475341797
slider,id_00,00000332.wav,normal,15.628912925720215,28.089702606201172
slider,id_00,00000701.wav,normal,12.042401313781738,10.310824394226074
slider,id_00,00000224.wav,normal,13.7574462890625,13.933012962341309
slider,id_00,00000570.wav,normal,11.202842712402344,12.744745254516602
slider,id_00,00001033.wav,normal,12.564705848693848,12.35814094543457
slider,id_00,00000655.wav,normal,11.994970321655273,11.831274032592773
slider,id_00,00000947.wav,normal,12.721349716186523,10.911141395568848
slider,id_00,00000276.wav,normal,15.165674209594727,23.675912857055664
slider,id_00,00000388.wav,normal,11.143054962158203,9.345667839050293
slider,id_00,00000473.wav,normal,13.732911109924316,17.56777572631836
slider,id_00,00000167.wav,normal,10.203232765197754,15.955583572387695
slider,id_00,00000250.wav,normal,13.334249496459961,12.276223182678223
slider,id_00,00000746.wav,normal,10.573509216308594,12.173444747924805
slider,id_00,00000546.wav,normal,11.012078285217285,23.332965850830078
slider,id_00,00000175.wav,normal,11.442890167236328,38.4952507019043
slider,id_00,00001017.wav,normal,9.443934440612793,16.762134552001953
slider,id_00,00000623.wav,normal,12.493833541870117,20.280353546142578
slider,id_00,00000073.wav,normal,14.140530586242676,19.899337768554688
slider,id_00,00000663.wav,normal,13.503756523132324,17.12856101989746
slider,id_00,00000699.wav,normal,12.420310974121094,12.5347900390625
slider,id_00,00000959.wav,normal,12.208559036254883,7.421543598175049
slider,id_00,00000718.wav,normal,10.726633071899414,9.535603523254395
slider,id_00,00000273.wav,normal,11.326215744018555,10.642197608947754
slider,id_00,00000686.wav,normal,10.89068603515625,13.777913093566895
slider,id_00,00000214.wav,normal,14.078493118286133,11.891849517822266
slider,id_00,00000363.wav,normal,13.003368377685547,8.301508903503418
slider,id_00,00000379.wav,normal,11.613499641418457,6.922985553741455
slider,id_00,00000166.wav,normal,13.14841079711914,13.921396255493164
slider,id_00,00000373.wav,normal,11.012101173400879,12.14372444152832
slider,id_00,00000854.wav,normal,10.951068878173828,18.485034942626953
slider,id_00,00000650.wav,normal,12.028974533081055,17.288618087768555
slider,id_00,00000464.wav,normal,12.12870979309082,13.674564361572266
slider,id_00,00000284.wav,normal,12.646098136901855,20.86503791809082
slider,id_00,00000389.wav,normal,13.185954093933105,10.220816612243652
slider,id_00,00000103.wav,normal,13.163528442382812,9.013587951660156
slider,id_00,00000887.wav,normal,11.568926811218262,15.466819763183594
slider,id_00,00000238.wav,normal,13.382657051086426,31.787521362304688
slider,id_00,00000875.wav,normal,15.352520942687988,34.07046127319336
slider,id_00,00000081.wav,normal,11.357904434204102,5.095152378082275
slider,id_00,00001008.wav,normal,12.825902938842773,16.427627563476562
slider,id_00,00000296.wav,normal,11.963956832885742,9.81843376159668
slider,id_00,00000791.wav,normal,12.391342163085938,14.694494247436523
slider,id_00,00000233.wav,normal,12.941304206848145,12.357486724853516
slider,id_00,00000677.wav,normal,11.118340492248535,10.390542030334473
slider,id_00,00000046.wav,normal,10.6702880859375,11.11180305480957
slider,id_00,00000142.wav,normal,15.383697509765625,22.01483726501465
slider,id_00,00000393.wav,normal,13.207704544067383,8.27248477935791
slider,id_00,00000740.wav,normal,14.023819923400879,17.265594482421875
slider,id_00,00000600.wav,normal,13.193790435791016,13.071889877319336
slider,id_00,00000161.wav,normal,12.359979629516602,16.379976272583008
slider,id_00,00000775.wav,normal,14.09778118133545,26.412742614746094
slider,id_00,00000255.wav,normal,13.748473167419434,25.456361770629883
slider,id_00,00000940.wav,normal,14.849396705627441,20.495168685913086
slider,id_00,00000088.wav,normal,14.747771263122559,14.816659927368164
slider,id_00,00000541.wav,normal,11.80693531036377,16.793445587158203
slider,id_00,00000704.wav,normal,13.348140716552734,21.950332641601562
slider,id_00,00000735.wav,normal,12.397282600402832,11.388914108276367
slider,id_00,00000198.wav,normal,13.441288948059082,11.840065002441406
slider,id_00,00000778.wav,normal,13.067850112915039,10.239704132080078
slider,id_00,00000189.wav,normal,10.997525215148926,9.128039360046387
slider,id_00,00001061.wav,normal,14.03521728515625,12.186226844787598
slider,id_00,00000689.wav,normal,13.019209861755371,14.149333953857422
slider,id_00,00000440.wav,normal,16.0576229095459,19.49838638305664
slider,id_00,00000318.wav,normal,13.267707824707031,17.05512046813965
slider,id_00,00001047.wav,normal,13.064355850219727,14.562459945678711
slider,id_00,00000696.wav,normal,10.638480186462402,14.049232482910156
slider,id_00,00000865.wav,normal,12.176932334899902,11.399613380432129
slider,id_00,00000326.wav,normal,11.994001388549805,16.913930892944336
slider,id_00,00000013.wav,normal,9.648937225341797,15.02192211151123
slider,id_00,00000569.wav,normal,13.975424766540527,26.885229110717773
slider,id_00,00000919.wav,normal,12.350639343261719,15.725809097290039
slider,id_00,00000451.wav,normal,11.7868013381958,22.543254852294922
slider,id_00,00000859.wav,normal,11.402034759521484,11.2649507522583
slider,id_00,00000407.wav,normal,13.384671211242676,20.25164031982422
slider,id_00,00000054.wav,normal,10.858782768249512,17.647737503051758
slider,id_00,00001034.wav,normal,13.138762474060059,9.704742431640625
slider,id_00,00000476.wav,normal,13.392786026000977,12.745121955871582
slider,id_00,00000447.wav,normal,16.005231857299805,20.85860824584961
slider,id_00,00000191.wav,normal,9.944082260131836,10.306988716125488
slider,id_00,00000061.wav,normal,16.436986923217773,32.47144317626953
slider,id_00,00000065.wav,normal,14.162262916564941,16.365007400512695
slider,id_00,00000864.wav,normal,11.534904479980469,13.669153213500977
slider,id_00,00000178.wav,normal,10.992015838623047,11.44059944152832
slider,id_00,00000209.wav,normal,13.00928783416748,13.823558807373047
slider,id_00,00000285.wav,normal,14.493350982666016,21.47509765625
slider,id_00,00000457.wav,normal,14.954936027526855,23.8884334564209
slider,id_00,00000501.wav,normal,14.304896354675293,26.935028076171875
slider,id_00,00000563.wav,normal,14.985072135925293,20.95357322692871
slider,id_00,00000051.wav,normal,11.014147758483887,13.482978820800781
slider,id_00,00000228.wav,normal,11.871855735778809,8.655211448669434
slider,id_02,00000306.wav,normal,16.07094955444336,6.660817623138428
slider,id_02,00000710.wav,normal,16.790721893310547,7.6104278564453125
slider,id_02,00000170.wav,normal,19.073238372802734,14.434812545776367
slider,id_02,00000454.wav,normal,14.339835166931152,10.301569938659668
slider,id_02,00000963.wav,normal,18.680744171142578,15.728652954101562
slider,id_02,00000929.wav,normal,17.373991012573242,12.816449165344238
slider,id_02,00000720.wav,normal,13.472591400146484,18.341272354125977
slider,id_02,00000648.wav,normal,17.556074142456055,12.451775550842285
slider,id_02,00000778.wav,normal,16.2112979888916,8.928051948547363
slider,id_02,00000100.wav,normal,16.63625144958496,11.728771209716797
slider,id_02,00000444.wav,normal,15.810284614562988,10.883877754211426
slider,id_02,00000092.wav,normal,18.84228515625,21.01885986328125
slider,id_02,00000764.wav,normal,17.00282096862793,9.29214096069336
slider,id_02,00001043.wav,normal,16.483112335205078,9.206446647644043
slider,id_02,00000294.wav,normal,15.886475563049316,9.016599655151367
slider,id_02,00000700.wav,normal,13.10684585571289,18.60833168029785
slider,id_02,00000646.wav,normal,12.473987579345703,19.437929153442383
slider,id_02,00001041.wav,normal,15.523902893066406,12.077672004699707
slider,id_02,00000070.wav,normal,15.392058372497559,12.99594783782959
slider,id_02,00000632.wav,normal,12.902021408081055,17.35187339782715
slider,id_02,00000036.wav,normal,15.610283851623535,19.439529418945312
slider,id_02,00000554.wav,normal,11.301440238952637,27.090097427368164
slider,id_02,00000893.wav,normal,18.0880184173584,19.140657424926758
slider,id_02,00001033.wav,normal,16.660079956054688,19.26504135131836
slider,id_02,00000777.wav,normal,16.38231086730957,19.23456573486328
slider,id_02,00000908.wav,normal,18.16656494140625,15.186241149902344
slider,id_02,00000735.wav,normal,16.42654800415039,16.292469024658203
slider,id_02,00000641.wav,normal,15.30062484741211,13.467568397521973
slider,id_02,00001049.wav,normal,17.91067123413086,20.82349395751953
slider,id_02,00000389.wav,normal,14.774957656860352,11.755925178527832
slider,id_02,00001057.wav,normal,14.966227531433105,18.191993713378906
slider,id_02,00000879.wav,normal,15.600202560424805,16.04323387145996
slider,id_02,00000690.wav,normal,18.4975643157959,14.162056922912598
slider,id_02,00000942.wav,normal,17.170141220092773,10.979671478271484
slider,id_02,00000336.wav,normal,15.23047161102295,49.103519439697266
slider,id_02,00000872.wav,normal,14.132475852966309,16.200138092041016
slider,id_02,00000082.wav,normal,12.223329544067383,16.55050277709961
slider,id_02,00000665.wav,normal,15.407692909240723,28.752779006958008
slider,id_02,00000407.wav,normal,19.976329803466797,20.392078399658203
slider,id_02,00000709.wav,normal,16.7485408782959,16.269569396972656
slider,id_02,00000638.wav,normal,15.86805534362793,10.772866249084473
slider,id_02,00000346.wav,normal,12.407023429870605,41.27206039428711
slider,id_02,00000271.wav,normal,15.898563385009766,10.303434371948242
slider,id_02,00000800.wav,normal,14.505146980285645,12.393364906311035
slider,id_02,00000480.wav,normal,19.293270111083984,13.953507423400879
slider,id_02,00000076.wav,normal,18.35214614868164,18.825767517089844
slider,id_02,00000158.wav,normal,16.71051597595215,10.031225204467773
slider,id_02,00000670.wav,normal,13.540980339050293,14.569845199584961
slider,id_02,00000891.wav,normal,17.448991775512695,17.002294540405273
slider,id_02,00000419.wav,normal,17.428253173828125,17.1368350982666
slider,id_02,00000147.wav,normal,16.261577606201172,13.607197761535645
slider,id_02,00000739.wav,normal,19.424779891967773,19.70281219482422
slider,id_02,00000015.wav,normal,13.35369873046875,12.600122451782227
slider,id_02,00000467.wav,normal,18.72597312927246,11.956509590148926
slider,id_02,00000932.wav,normal,18.345748901367188,18.343530654907227
slider,id_02,00000538.wav,normal,10.397936820983887,52.80198287963867
slider,id_02,00001034.wav,normal,17.380704879760742,13.384469985961914
slider,id_02,00000450.wav,normal,13.86328411102295,11.195256233215332
slider,id_02,00000865.wav,normal,15.930930137634277,16.194530487060547
slider,id_02,00000895.wav,normal,16.298383712768555,17.586223602294922
slider,id_02,00000102.wav,normal,14.237317085266113,18.389394760131836
slider,id_02,00000998.wav,normal,16.562578201293945,14.491437911987305
slider,id_02,00000339.wav,normal,16.301345825195312,8.056259155273438
slider,id_02,00000604.wav,normal,19.759607315063477,24.2626953125
slider,id_02,00000514.wav,normal,18.7761173248291,18.62284278869629
slider,id_02,00000129.wav,normal,17.34699249267578,8.830833435058594
slider,id_02,00000037.wav,normal,19.018047332763672,15.762083053588867
slider,id_02,00000507.wav,normal,18.643348693847656,15.717236518859863
slider,id_02,00000155.wav,normal,15.516879081726074,8.22848129272461
slider,id_02,00000667.wav,normal,16.801063537597656,11.650944709777832
slider,id_02,00001022.wav,normal,14.176277160644531,24.571584701538086
slider,id_02,00000811.wav,normal,15.772939682006836,8.798797607421875
slider,id_02,00000679.wav,normal,14.03366470336914,16.482118606567383
slider,id_02,00000395.wav,normal,16.04667091369629,6.997454643249512
slider,id_02,00001029.wav,normal,15.817663192749023,10.867847442626953
slider,id_02,00000830.wav,normal,16.16727066040039,8.742794036865234
slider,id_02,00001032.wav,normal,18.47891616821289,16.072959899902344
slider,id_02,00000722.wav,normal,17.418310165405273,15.433639526367188
slider,id_02,00000484.wav,normal,16.30327796936035,7.140484809875488
slider,id_02,00000762.wav,normal,16.634061813354492,17.390378952026367
slider,id_02,00000325.wav,normal,14.481581687927246,8.694296836853027
slider,id_02,00000044.wav,normal,17.110498428344727,13.969522476196289
slider,id_02,00000420.wav,normal,16.76776695251465,5.7271270751953125
slider,id_02,00000794.wav,normal,18.115671157836914,14.383138656616211
slider,id_02,00000876.wav,normal,16.7141170501709,8.795351028442383
slider,id_02,00000239.wav,normal,19.092580795288086,16.551406860351562
slider,id_02,00000392.wav,normal,15.17490005493164,6.923376560211182
slider,id_02,00000585.wav,normal,14.539017677307129,7.794398307800293
slider,id_02,00000244.wav,normal,15.611220359802246,9.111330032348633
slider,id_02,00000714.wav,normal,16.5776309967041,15.368610382080078
slider,id_02,00000193.wav,normal,18.425983428955078,16.3746280670166
slider,id_02,00000890.wav,normal,16.346223831176758,11.774706840515137
slider,id_02,00000329.wav,normal,17.931657791137695,13.91713809967041
slider,id_02,00000955.wav,normal,18.727888107299805,25.82567024230957
slider,id_02,00000466.wav,normal,18.07912826538086,11.59852409362793
slider,id_02,00000386.wav,normal,17.864198684692383,8.800766944885254
slider,id_02,00000556.wav,normal,12.054738998413086,32.873069763183594
slider,id_02,00000781.wav,normal,17.642196655273438,8.512605667114258
slider,id_02,00001026.wav,normal,17.769092559814453,13.565567970275879
slider,id_02,00000340.wav,normal,18.798694610595703,18.839427947998047
slider,id_02,00000353.wav,normal,15.956092834472656,6.1049699783325195
slider,id_02,00000495.wav,normal,14.983284950256348,16.225404739379883
slider,id_02,00000551.wav,normal,11.090926170349121,34.2173957824707
slider,id_02,00000457.wav,normal,16.837791442871094,11.80648136138916
slider,id_02,00000152.wav,normal,14.765880584716797,7.834885597229004
slider,id_02,00000886.wav,normal,16.497236251831055,9.795578956604004
slider,id_02,00000501.wav,normal,15.496922492980957,8.107303619384766
slider,id_02,00000675.wav,normal,12.713428497314453,16.43912696838379
slider,id_02,00000593.wav,normal,14.551216125488281,15.930782318115234
slider,id_02,00000601.wav,normal,12.624082565307617,23.305198669433594
slider,id_02,00000857.wav,normal,13.11101245880127,16.685714721679688
slider,id_02,00000305.wav,normal,16.604755401611328,10.43930435180664
slider,id_02,00000743.wav,normal,15.91353988647461,18.416109085083008
slider,id_02,00000289.wav,normal,13.647345542907715,17.70954704284668
slider,id_02,00000002.wav,normal,15.82724666595459,16.156452178955078
slider,id_02,00000840.wav,normal,16.46520233154297,20.39055633544922
slider,id_02,00000547.wav,normal,12.808761596679688,30.100793838500977
slider,id_02,00000696.wav,normal,16.14455795288086,14.927109718322754
slider,id_02,00000849.wav,normal,17.699359893798828,12.715038299560547
slider,id_02,00000565.wav,normal,14.493895530700684,24.689666748046875
slider,id_02,00000142.wav,normal,18.57731056213379,13.332216262817383
slider,id_02,00000279.wav,normal,19.245328903198242,13.117191314697266
slider,id_02,00000390.wav,normal,16.07070541381836,8.946028709411621
slider,id_02,00000785.wav,normal,14.13659381866455,20.626737594604492
slider,id_02,00000296.wav,normal,17.036029815673828,9.927440643310547
slider,id_02,00000935.wav,normal,15.834847450256348,20.98518180847168
slider,id_02,00000499.wav,normal,16.971351623535156,7.829394817352295
slider,id_02,00000967.wav,normal,17.343442916870117,12.555475234985352
slider,id_02,00000988.wav,normal,16.75920295715332,12.87267017364502
slider,id_02,00000850.wav,normal,16.176546096801758,8.530263900756836
slider,id_02,00000559.wav,normal,12.721298217773438,44.925079345703125
slider,id_02,00000597.wav,normal,14.820077896118164,9.009778022766113
slider,id_02,00001063.wav,normal,17.51597785949707,20.09068489074707
slider,id_02,00000315.wav,normal,16.97807502746582,8.681962013244629
slider,id_02,00000240.wav,normal,18.652952194213867,11.685731887817383
slider,id_02,00000945.wav,normal,17.843366622924805,13.331656455993652
slider,id_02,00000232.wav,normal,17.511646270751953,7.48557710647583
slider,id_02,00000460.wav,normal,20.134061813354492,17.594669342041016
slider,id_02,00000190.wav,normal,17.682083129882812,12.313034057617188
slider,id_02,00000835.wav,normal,17.37594223022461,9.796546936035156
slider,id_02,00000028.wav,normal,13.860282897949219,9.833988189697266
slider,id_02,00000636.wav,normal,15.818731307983398,9.73336410522461
slider,id_02,00000324.wav,normal,17.443363189697266,12.38841724395752
slider,id_02,00000490.wav,normal,15.34753131866455,6.192442893981934
slider,id_02,00000059.wav,normal,15.34536075592041,19.50734519958496
slider,id_02,00000248.wav,normal,19.513259887695312,15.723925590515137
slider,id_02,00000992.wav,normal,12.766682624816895,25.606197357177734
slider,id_02,00000897.wav,normal,16.67292594909668,13.307280540466309
slider,id_02,00000589.wav,normal,14.25613784790039,15.599912643432617
slider,id_02,00000268.wav,normal,13.99874210357666,17.120771408081055
slider,id_02,00000546.wav,normal,13.949111938476562,31.742210388183594
slider,id_02,00000416.wav,normal,16.874605178833008,21.111520767211914
slider,id_02,00000105.wav,normal,15.742990493774414,17.036298751831055
slider,id_02,00000905.wav,normal,13.61415958404541,19.91307830810547
slider,id_02,00001020.wav,normal,16.946271896362305,14.024215698242188
slider,id_02,00000740.wav,normal,16.305438995361328,10.521255493164062
slider,id_02,00001061.wav,normal,18.986068725585938,18.86463737487793
slider,id_02,00000384.wav,normal,18.039165496826172,10.961040496826172
slider,id_02,00000111.wav,normal,14.994091987609863,14.338685035705566
slider,id_02,00000846.wav,normal,14.02316665649414,17.508577346801758
slider,id_02,00000946.wav,normal,12.973196983337402,16.080791473388672
slider,id_04,00000497.wav,normal,17.76329803466797,13.835160255432129
slider,id_04,00000452.wav,normal,19.633567810058594,43.80684280395508
slider,id_04,00000313.wav,normal,16.1561336517334,15.5828218460083
slider,id_04,00000066.wav,normal,18.20610809326172,10.222490310668945
slider,id_04,00000282.wav,normal,20.295795440673828,14.861672401428223
slider,id_04,00000411.wav,normal,17.080299377441406,39.511260986328125
slider,id_04,00000239.wav,normal,19.638248443603516,14.455211639404297
slider,id_04,00000188.wav,normal,17.456979751586914,4.811738014221191
slider,id_04,00000293.wav,normal,17.657752990722656,11.600309371948242
slider,id_04,00000283.wav,normal,18.011661529541016,9.372961044311523
slider,id_04,00000184.wav,normal,18.335342407226562,23.969987869262695
slider,id_04,00000013.wav,normal,19.21762466430664,22.62698745727539
slider,id_04,00000252.wav,normal,16.79445457458496,26.278308868408203
slider,id_04,00000404.wav,normal,16.6436824798584,16.89762306213379
slider,id_04,00000121.wav,normal,15.164122581481934,44.17094802856445
slider,id_04,00000071.wav,normal,17.656002044677734,15.796819686889648
slider,id_04,00000405.wav,normal,19.660385131835938,14.991698265075684
slider,id_04,00000507.wav,normal,16.73641586303711,11.785496711730957
slider,id_04,00000506.wav,normal,20.657800674438477,18.356979370117188
slider,id_04,00000114.wav,normal,17.49842643737793,13.4734525680542
slider,id_04,00000260.wav,normal,18.24309539794922,10.499984741210938
slider,id_04,00000185.wav,normal,18.052112579345703,9.208769798278809
slider,id_04,00000406.wav,normal,16.842695236206055,16.96411895751953
slider,id_04,00000089.wav,normal,19.243837356567383,11.41501522064209
slider,id_04,00000326.wav,normal,17.776199340820312,16.451648712158203
slider,id_04,00000358.wav,normal,17.845489501953125,5.830020904541016
slider,id_04,00000474.wav,normal,18.41926383972168,10.755308151245117
slider,id_04,00000490.wav,normal,17.230613708496094,7.337039470672607
slider,id_04,00000364.wav,normal,16.596790313720703,12.889225959777832
slider,id_04,00000080.wav,normal,16.75638771057129,17.288576126098633
slider,id_04,00000435.wav,normal,16.872867584228516,14.587553024291992
slider,id_04,00000153.wav,normal,18.154024124145508,6.351336479187012
slider,id_04,00000513.wav,normal,18.13730239868164,12.243401527404785
slider,id_04,00000148.wav,normal,18.117935180664062,11.229640007019043
slider,id_04,00000277.wav,normal,17.041868209838867,10.854292869567871
slider,id_04,00000281.wav,normal,16.424091339111328,15.926206588745117
slider,id_04,00000033.wav,normal,16.912765502929688,14.150818824768066
slider,id_04,00000363.wav,normal,17.160972595214844,10.158903121948242
slider,id_04,00000177.wav,normal,17.63568878173828,12.144502639770508
slider,id_04,00000341.wav,normal,17.53359603881836,19.59111976623535
slider,id_04,00000163.wav,normal,17.79046058654785,11.10934066772461
slider,id_04,00000432.wav,normal,16.29863929748535,17.67618751525879
slider,id_04,00000349.wav,normal,18.125423431396484,7.443781852722168
slider,id_04,00000414.wav,normal,16.600465774536133,8.773241996765137
slider,id_04,00000044.wav,normal,19.612276077270508,16.545368194580078
slider,id_04,00000227.wav,normal,17.402437210083008,12.662858963012695
slider,id_04,00000365.wav,normal,17.780014038085938,5.6940131187438965
slider,id_04,00000532.wav,normal,18.361690521240234,8.436787605285645
slider,id_04,00000088.wav,normal,18.004955291748047,12.811066627502441
slider,id_04,00000231.wav,normal,17.66510581970215,9.946903228759766
slider,id_04,00000037.wav,normal,19.727628707885742,14.297135353088379
slider,id_04,00000436.wav,normal,17.81780433654785,12.980878829956055
slider,id_04,00000069.wav,normal,19.3704776763916,19.308242797851562
slider,id_04,00000062.wav,normal,17.323715209960938,16.866554260253906
slider,id_04,00000102.wav,normal,14.63558578491211,20.743009567260742
slider,id_04,00000251.wav,normal,17.528268814086914,10.367280006408691
slider,id_04,00000469.wav,normal,16.194055557250977,13.170555114746094
slider,id_04,00000355.wav,normal,17.269147872924805,8.568163871765137
slider,id_04,00000292.wav,normal,18.520214080810547,14.56264591217041
slider,id_04,00000219.wav,normal,15.886937141418457,24.038822174072266
slider,id_04,00000456.wav,normal,19.297605514526367,14.402277946472168
slider,id_04,00000266.wav,normal,20.146913528442383,23.879802703857422
slider,id_04,00000268.wav,normal,14.287673950195312,38.91813278198242
slider,id_04,00000120.wav,normal,18.582990646362305,8.383072853088379
slider,id_04,00000396.wav,normal,17.557483673095703,8.175741195678711
slider,id_04,00000511.wav,normal,18.15118408203125,11.233430862426758
slider,id_04,00000190.wav,normal,18.066165924072266,6.021800994873047
slider,id_04,00000026.wav,normal,18.064844131469727,13.94128704071045
slider,id_04,00000116.wav,normal,18.774362564086914,7.447629928588867
slider,id_04,00000255.wav,normal,17.811429977416992,10.635506629943848
slider,id_04,00000285.wav,normal,11.67431926727295,49.425880432128906
slider,id_04,00000321.wav,normal,19.528684616088867,12.598516464233398
slider,id_04,00000407.wav,normal,18.09465789794922,26.320585250854492
slider,id_04,00000375.wav,normal,19.125547409057617,24.5372257232666
slider,id_04,00000140.wav,normal,19.713117599487305,14.600069046020508
slider,id_04,00000078.wav,normal,18.306013107299805,12.318717002868652
slider,id_04,00000454.wav,normal,14.946531295776367,24.139101028442383
slider,id_04,00000380.wav,normal,17.710548400878906,5.083702087402344
slider,id_04,00000379.wav,normal,17.24579429626465,9.416766166687012
slider,id_04,00000460.wav,normal,19.10645866394043,15.997822761535645
slider,id_04,00000157.wav,normal,20.337032318115234,15.403206825256348
slider,id_06,00000215.wav,normal,18.059911727905273,16.87204360961914
slider,id_06,00000330.wav,normal,17.24639320373535,10.072927474975586
slider,id_06,00000373.wav,normal,16.734405517578125,6.562744617462158
slider,id_06,00000328.wav,normal,16.698307037353516,7.437232971191406
slider,id_06,00000392.wav,normal,16.750783920288086,23.664697647094727
slider,id_06,00000069.wav,normal,15.580269813537598,12.752915382385254
slider,id_06,00000393.wav,normal,14.263063430786133,11.648133277893066
slider,id_06,00000092.wav,normal,17.03305435180664,14.0001859664917
slider,id_06,00000209.wav,normal,15.81647777557373,13.345240592956543
slider,id_06,00000146.wav,normal,14.695032119750977,18.198930740356445
slider,id_06,00000016.wav,normal,15.278177261352539,6.900271892547607
slider,id_06,00000241.wav,normal,16.810741424560547,18.898090362548828
slider,id_06,00000035.wav,normal,16.46721839904785,16.03723907470703
slider,id_06,00000519.wav,normal,15.131686210632324,6.48894739151001
slider,id_06,00000030.wav,normal,15.69765567779541,10.192801475524902
slider,id_06,00000277.wav,normal,15.191143989562988,13.048553466796875
slider,id_06,00000032.wav,normal,14.750298500061035,17.98472785949707
slider,id_06,00000358.wav,normal,17.740304946899414,13.317962646484375
slider,id_06,00000176.wav,normal,15.572275161743164,5.164957523345947
slider,id_06,00000216.wav,normal,16.670028686523438,8.91043472290039
slider,id_06,00000023.wav,normal,16.841829299926758,13.671919822692871
slider,id_06,00000037.wav,normal,16.97034454345703,10.233312606811523
slider,id_06,00000296.wav,normal,16.830942153930664,9.081665992736816
slider,id_06,00000111.wav,normal,14.945436477661133,10.855344772338867
slider,id_06,00000381.wav,normal,15.013060569763184,16.8900089263916
slider,id_06,00000001.wav,normal,15.590063095092773,15.686930656433105
slider,id_06,00000418.wav,normal,17.18681526184082,21.455734252929688
slider,id_06,00000130.wav,normal,14.634654998779297,21.729631423950195
slider,id_06,00000202.wav,normal,16.32861328125,6.704296588897705
slider,id_06,00000011.wav,normal,15.672425270080566,7.505630970001221
slider,id_06,00000518.wav,normal,17.59379005432129,14.496490478515625
slider,id_06,00000157.wav,normal,17.200395584106445,14.826369285583496
slider,id_06,00000413.wav,normal,15.326263427734375,16.51902961730957
slider,id_06,00000344.wav,normal,15.541365623474121,20.59319496154785
slider,id_06,00000236.wav,normal,17.482332229614258,24.158601760864258
slider,id_06,00000286.wav,normal,16.971364974975586,11.364618301391602
slider,id_06,00000029.wav,normal,14.545226097106934,21.54669189453125
slider,id_06,00000288.wav,normal,15.684432029724121,16.241872787475586
slider,id_06,00000233.wav,normal,14.472818374633789,24.69729232788086
slider,id_06,00000212.wav,normal,18.052757263183594,13.648295402526855
slider,id_06,00000262.wav,normal,16.763813018798828,12.327035903930664
slider,id_06,00000067.wav,normal,14.237017631530762,45.58935546875
slider,id_06,00000232.wav,normal,17.88623046875,14.571105003356934
slider,id_06,00000028.wav,normal,16.848615646362305,12.372314453125
slider,id_06,00000414.wav,normal,16.87704849243164,13.939908027648926
slider,id_06,00000228.wav,normal,17.839475631713867,13.340359687805176
slider,id_06,00000261.wav,normal,17.804689407348633,24.10100746154785
slider,id_06,00000460.wav,normal,17.24318504333496,9.429238319396973
slider,id_06,00000046.wav,normal,16.367677688598633,13.957183837890625
slider,id_06,00000250.wav,normal,16.98345947265625,12.993396759033203
slider,id_06,00000298.wav,normal,16.92365264892578,12.043561935424805
slider,id_06,00000367.wav,normal,17.796085357666016,13.184111595153809
slider,id_06,00000105.wav,normal,16.167631149291992,13.040042877197266
slider,id_06,00000348.wav,normal,19.501089096069336,29.560476303100586
slider,id_06,00000059.wav,normal,17.292903900146484,12.580320358276367
slider,id_06,00000531.wav,normal,16.34388542175293,7.0640788078308105
slider,id_06,00000266.wav,normal,16.85003089904785,16.6829776763916
slider,id_06,00000437.wav,normal,14.746641159057617,14.655876159667969
slider,id_06,00000335.wav,normal,16.730731964111328,14.013688087463379
slider,id_06,00000168.wav,normal,15.887870788574219,13.641862869262695
slider,id_06,00000153.wav,normal,16.850631713867188,12.446138381958008
slider,id_06,00000207.wav,normal,15.531950950622559,19.92778778076172
slider,id_06,00000063.wav,normal,15.743349075317383,22.68128204345703
slider,id_06,00000114.wav,normal,16.64365577697754,13.404088020324707
slider,id_06,00000079.wav,normal,15.62977123260498,10.516033172607422
slider,id_06,00000370.wav,normal,15.134627342224121,9.266634941101074
slider,id_06,00000457.wav,normal,16.826148986816406,12.230449676513672
slider,id_06,00000083.wav,normal,15.20615005493164,11.895527839660645
slider,id_06,00000253.wav,normal,16.80030632019043,12.437698364257812
slider,id_06,00000223.wav,normal,16.639076232910156,12.218342781066895
slider,id_06,00000482.wav,normal,16.2432804107666,7.363723278045654
slider,id_06,00000425.wav,normal,16.96978187561035,9.70444393157959
slider,id_06,00000382.wav,normal,20.641023635864258,46.465843200683594
slider,id_06,00000465.wav,normal,16.018970489501953,7.190511703491211
slider,id_06,00000156.wav,normal,15.652789115905762,11.808456420898438
slider,id_06,00000489.wav,normal,14.73204231262207,6.923452854156494
slider,id_06,00000136.wav,normal,9.457255363464355,37.052040100097656
slider,id_06,00000224.wav,normal,13.111063957214355,16.926273345947266
slider,id_06,00000226.wav,normal,17.7039794921875,20.050045013427734
slider,id_06,00000376.wav,normal,16.308773040771484,8.310955047607422
slider,id_06,00000302.wav,normal,15.82586669921875,4.829004764556885
slider,id_00,00000000.wav,abnormal,11.921194076538086,63.038307189941406
slider,id_00,00000001.wav,abnormal,17.1109676361084,56.25380325317383
slider,id_00,00000002.wav,abnormal,18.611167907714844,59.52137756347656
slider,id_00,00000003.wav,abnormal,12.258076667785645,58.959129333496094
slider,id_00,00000004.wav,abnormal,14.600874900817871,59.7336311340332
slider,id_00,00000005.wav,abnormal,12.476236343383789,58.7147102355957
slider,id_00,00000006.wav,abnormal,14.723454475402832,60.528568267822266
slider,id_00,00000007.wav,abnormal,14.447897911071777,59.43165588378906
slider,id_00,00000008.wav,abnormal,12.434012413024902,56.655879974365234
slider,id_00,00000009.wav,abnormal,10.7924165725708,58.55908966064453
slider,id_00,00000010.wav,abnormal,11.47515869140625,59.7634391784668
slider,id_00,00000011.wav,abnormal,11.483887672424316,56.82726287841797
slider,id_00,00000012.wav,abnormal,11.530962944030762,59.381317138671875
slider,id_00,00000013.wav,abnormal,9.648937225341797,58.26423263549805
slider,id_00,00000014.wav,abnormal,13.817148208618164,55.66978073120117
slider,id_00,00000015.wav,abnormal,14.459741592407227,56.97100830078125
slider,id_00,00000016.wav,abnormal,11.178122520446777,60.74601745605469
slider,id_00,00000017.wav,abnormal,11.043100357055664,54.257259368896484
slider,id_00,00000018.wav,abnormal,12.514983177185059,52.81967544555664
slider,id_00,00000019.wav,abnormal,12.586515426635742,59.028560638427734
slider,id_00,00000020.wav,abnormal,11.56835651397705,60.80019760131836
slider,id_00,00000021.wav,abnormal,10.722729682922363,63.45579528808594
slider,id_00,00000022.wav,abnormal,10.579109191894531,60.99766540527344
slider,id_00,00000023.wav,abnormal,11.003129959106445,57.890480041503906
slider,id_00,00000024.wav,abnormal,14.264923095703125,55.06352233886719
slider,id_00,00000025.wav,abnormal,13.235572814941406,58.15811538696289
slider,id_00,00000026.wav,abnormal,12.85720443725586,63.614681243896484
slider,id_00,00000027.wav,abnormal,10.008383750915527,59.06522750854492
slider,id_00,00000028.wav,abnormal,11.21329402923584,55.468414306640625
slider,id_00,00000029.wav,abnormal,10.895858764648438,56.46395492553711
slider,id_00,00000030.wav,abnormal,12.879819869995117,58.17174530029297
slider,id_00,00000031.wav,abnormal,13.972341537475586,59.22718811035156
slider,id_00,00000032.wav,abnormal,14.51468563079834,62.89567565917969
slider,id_00,00000033.wav,abnormal,10.49300765991211,59.13676452636719
slider,id_00,00000034.wav,abnormal,12.33737564086914,58.070960998535156
slider,id_00,00000035.wav,abnormal,10.852676391601562,58.069061279296875
slider,id_00,00000036.wav,abnormal,12.386577606201172,61.31248092651367
slider,id_00,00000037.wav,abnormal,11.53133773803711,59.373355865478516
slider,id_00,00000038.wav,abnormal,11.304484367370605,61.652713775634766
slider,id_00,00000039.wav,abnormal,12.960039138793945,62.93524169921875
slider,id_00,00000040.wav,abnormal,11.002503395080566,61.517547607421875
slider,id_00,00000041.wav,abnormal,12.82919692993164,57.83274841308594
slider,id_00,00000042.wav,abnormal,13.922701835632324,63.355506896972656
slider,id_00,00000043.wav,abnormal,13.26257038116455,61.0253791809082
slider,id_00,00000044.wav,abnormal,13.556978225708008,61.51273727416992
slider,id_00,00000045.wav,abnormal,10.991297721862793,61.9537467956543
slider,id_00,00000046.wav,abnormal,10.6702880859375,56.34646987915039
slider,id_00,00000047.wav,abnormal,12.16532039642334,57.82931900024414
slider,id_00,00000048.wav,abnormal,13.769474983215332,61.200748443603516
slider,id_00,00000049.wav,abnormal,11.466425895690918,66.43205261230469
slider,id_00,00000050.wav,abnormal,12.648011207580566,58.579471588134766
slider,id_00,00000051.wav,abnormal,11.014147758483887,62.73683547973633
slider,id_00,00000052.wav,abnormal,13.728819847106934,61.64334487915039
slider,id_00,00000053.wav,abnormal,11.90362548828125,59.34772491455078
slider,id_00,00000054.wav,abnormal,10.858782768249512,57.265289306640625
slider,id_00,00000055.wav,abnormal,12.70364761352539,57.411983489990234
slider,id_00,00000056.wav,abnormal,16.313600540161133,59.33821487426758
slider,id_00,00000057.wav,abnormal,12.545673370361328,54.88544464111328
slider,id_00,00000058.wav,abnormal,10.987702369689941,59.17512512207031
slider,id_00,00000059.wav,abnormal,13.177149772644043,55.905372619628906
slider,id_00,00000060.wav,abnormal,13.783594131469727,54.862239837646484
slider,id_00,00000061.wav,abnormal,16.436986923217773,56.29314422607422
slider,id_00,00000062.wav,abnormal,12.264902114868164,58.09072494506836
slider,id_00,00000063.wav,abnormal,12.314573287963867,63.61066436767578
slider,id_00,00000064.wav,abnormal,13.672164916992188,58.06595230102539
slider,id_00,00000065.wav,abnormal,14.162262916564941,62.11854934692383
slider,id_00,00000066.wav,abnormal,12.013663291931152,59.80207443237305
slider,id_00,00000067.wav,abnormal,14.72341537475586,60.4766731262207
slider,id_00,00000068.wav,abnormal,11.722618103027344,52.44737243652344
slider,id_00,00000069.wav,abnormal,11.169626235961914,59.1865234375
slider,id_00,00000070.wav,abnormal,13.964916229248047,52.94950485229492
slider,id_00,00000071.wav,abnormal,14.212839126586914,57.80321502685547
slider,id_00,00000072.wav,abnormal,11.431855201721191,59.59428787231445
slider,id_00,00000073.wav,abnormal,14.140530586242676,56.19377136230469
slider,id_00,00000074.wav,abnormal,12.504323959350586,63.91252517700195
slider,id_00,00000075.wav,abnormal,10.204069137573242,60.4400634765625
slider,id_00,00000076.wav,abnormal,13.754528045654297,58.07443618774414
slider,id_00,00000077.wav,abnormal,12.422224044799805,56.665740966796875
slider,id_00,00000078.wav,abnormal,13.742144584655762,60.635772705078125
slider,id_00,00000079.wav,abnormal,10.588094711303711,63.79389190673828
slider,id_00,00000080.wav,abnormal,12.376622200012207,56.984764099121094
slider,id_00,00000081.wav,abnormal,11.357904434204102,56.706546783447266
slider,id_00,00000082.wav,abnormal,11.796664237976074,44.76235580444336
slider,id_00,00000083.wav,abnormal,11.686722755432129,57.45318603515625
slider,id_00,00000084.wav,abnormal,12.932188034057617,53.996124267578125
slider,id_00,00000085.wav,abnormal,14.142998695373535,60.20308303833008
slider,id_00,00000086.wav,abnormal,14.078817367553711,59.156951904296875
slider,id_00,00000087.wav,abnormal,12.469558715820312,60.303627014160156
slider,id_00,00000088.wav,abnormal,14.747771263122559,57.98832702636719
slider,id_00,00000089.wav,abnormal,10.935789108276367,56.109867095947266
slider,id_00,00000090.wav,abnormal,10.32196044921875,56.787662506103516
slider,id_00,00000091.wav,abnormal,10.934921264648438,55.80344772338867
slider,id_00,00000092.wav,abnormal,14.06181526184082,58.79491424560547
slider,id_00,00000093.wav,abnormal,11.539910316467285,52.97384262084961
slider,id_00,00000094.wav,abnormal,10.299664497375488,58.350040435791016
slider,id_00,00000095.wav,abnormal,15.321449279785156,56.89332962036133
slider,id_00,00000096.wav,abnormal,12.769411087036133,55.29038619995117
slider,id_00,00000097.wav,abnormal,12.474745750427246,57.72023010253906
slider,id_00,00000098.wav,abnormal,11.650370597839355,56.3618278503418
slider,id_00,00000099.wav,abnormal,12.427857398986816,47.71986389160156
slider,id_00,00000100.wav,abnormal,13.178122520446777,51.838287353515625
slider,id_00,00000101.wav,abnormal,9.48633098602295,49.165260314941406
slider,id_00,00000102.wav,abnormal,13.869086265563965,47.391754150390625
slider,id_00,00000103.wav,abnormal,13.163528442382812,54.91675567626953
slider,id_00,00000104.wav,abnormal,14.004859924316406,53.803382873535156
slider,id_00,00000105.wav,abnormal,15.885176658630371,49.160621643066406
slider,id_00,00000106.wav,abnormal,10.431367874145508,50.1441764831543
slider,id_00,00000107.wav,abnormal,10.620162010192871,50.654075622558594
slider,id_00,00000108.wav,abnormal,11.686424255371094,54.9670524597168
slider,id_00,00000109.wav,abnormal,12.533624649047852,51.17250061035156
slider,id_00,00000110.wav,abnormal,11.65236759185791,54.54169464111328
slider,id_00,00000111.wav,abnormal,16.339981079101562,48.41069030761719
slider,id_00,00000112.wav,abnormal,10.025583267211914,40.9816780090332
slider,id_00,00000113.wav,abnormal,11.575410842895508,53.165000915527344
slider,id_00,00000114.wav,abnormal,13.340832710266113,50.382293701171875
slider,id_00,00000115.wav,abnormal,11.25609302520752,54.34025955200195
slider,id_00,00000116.wav,abnormal,11.955852508544922,51.09381103515625
slider,id_00,00000117.wav,abnormal,13.444056510925293,51.70991134643555
slider,id_00,00000118.wav,abnormal,12.220598220825195,56.18359375
slider,id_00,00000119.wav,abnormal,11.511865615844727,54.07215881347656
slider,id_00,00000120.wav,abnormal,11.200358390808105,55.45075607299805
slider,id_00,00000121.wav,abnormal,11.078609466552734,48.877437591552734
slider,id_00,00000122.wav,abnormal,16.571880340576172,36.76025390625
slider,id_00,00000123.wav,abnormal,12.07832145690918,51.639591217041016
slider,id_00,00000124.wav,abnormal,13.333772659301758,54.89993667602539
slider,id_00,00000125.wav,abnormal,11.16285514831543,53.717830657958984
slider,id_00,00000126.wav,abnormal,12.741429328918457,51.90290069580078
slider,id_00,00000127.wav,abnormal,11.44752025604248,50.89392852783203
slider,id_00,00000128.wav,abnormal,13.267518043518066,52.403621673583984
slider,id_00,00000129.wav,abnormal,13.415822982788086,51.52819061279297
slider,id_00,00000130.wav,abnormal,13.584662437438965,55.86149215698242
slider,id_00,00000131.wav,abnormal,11.777959823608398,48.74106216430664
slider,id_00,00000132.wav,abnormal,11.959510803222656,48.934608459472656
slider,id_00,00000133.wav,abnormal,12.087547302246094,51.20624542236328
slider,id_00,00000134.wav,abnormal,10.939711570739746,48.50676345825195
slider,id_00,00000135.wav,abnormal,12.340593338012695,52.042022705078125
slider,id_00,00000136.wav,abnormal,11.00370979309082,46.874420166015625
slider,id_00,00000137.wav,abnormal,11.882713317871094,49.963768005371094
slider,id_00,00000138.wav,abnormal,12.64145565032959,47.72290802001953
slider,id_00,00000139.wav,abnormal,13.388808250427246,55.875301361083984
slider,id_00,00000140.wav,abnormal,11.477002143859863,51.69722366333008
slider,id_00,00000141.wav,abnormal,14.340263366699219,52.671409606933594
slider,id_00,00000142.wav,abnormal,15.383697509765625,50.5684928894043
slider,id_00,00000143.wav,abnormal,11.38798713684082,53.39735412597656
slider,id_00,00000144.wav,abnormal,14.986295700073242,53.53278350830078
slider,id_00,00000145.wav,abnormal,12.152753829956055,50.693424224853516
slider,id_00,00000146.wav,abnormal,12.121630668640137,42.3148307800293
slider,id_00,00000147.wav,abnormal,10.243281364440918,47.947879791259766
slider,id_00,00000148.wav,abnormal,14.117834091186523,51.81829071044922
slider,id_00,00000149.wav,abnormal,12.962394714355469,36.3770866394043
slider,id_00,00000150.wav,abnormal,12.629260063171387,47.92719268798828
slider,id_00,00000151.wav,abnormal,13.037612915039062,55.611087799072266
slider,id_00,00000152.wav,abnormal,11.5971040725708,55.70969772338867
slider,id_00,00000153.wav,abnormal,10.577350616455078,56.90163803100586
slider,id_00,00000154.wav,abnormal,12.605829238891602,48.28290557861328
slider,id_00,00000155.wav,abnormal,17.402761459350586,50.63844680786133
slider,id_00,00000156.wav,abnormal,11.409441947937012,54.30921936035156
slider,id_00,00000157.wav,abnormal,13.658400535583496,51.889766693115234
slider,id_00,00000158.wav,abnormal,13.637731552124023,54.55636215209961
slider,id_00,00000159.wav,abnormal,10.853209495544434,54.12417984008789
slider,id_00,00000160.wav,abnormal,21.321563720703125,49.962005615234375
slider,id_00,00000161.wav,abnormal,12.359979629516602,51.8717041015625
slider,id_00,00000162.wav,abnormal,13.477967262268066,53.73618698120117
slider,id_00,00000163.wav,abnormal,15.819930076599121,52.40567398071289
slider,id_00,00000164.wav,abnormal,13.395720481872559,53.53858184814453
slider,id_00,00000165.wav,abnormal,11.125405311584473,53.53364944458008
slider,id_00,00000166.wav,abnormal,13.14841079711914,53.50094985961914
slider,id_00,00000167.wav,abnormal,10.203232765197754,50.16984176635742
slider,id_00,00000168.wav,abnormal,9.390522003173828,53.28342056274414
slider,id_00,00000169.wav,abnormal,13.293902397155762,49.86983871459961
slider,id_00,00000170.wav,abnormal,11.68729019165039,51.17979049682617
slider,id_00,00000171.wav,abnormal,14.556022644042969,48.675331115722656
slider,id_00,00000172.wav,abnormal,12.624249458312988,54.867801666259766
slider,id_00,00000173.wav,abnormal,13.894270896911621,52.4776725769043
slider,id_00,00000174.wav,abnormal,12.670669555664062,55.987510681152344
slider,id_00,00000175.wav,abnormal,11.442890167236328,48.46772384643555
slider,id_00,00000176.wav,abnormal,14.880621910095215,50.37736511230469
slider,id_00,00000177.wav,abnormal,13.79610538482666,48.310367584228516
slider,id_00,00000178.wav,abnormal,10.992015838623047,50.803306579589844
slider,id_00,00000179.wav,abnormal,12.472358703613281,26.90696144104004
slider,id_00,00000180.wav,abnormal,12.661638259887695,47.3157844543457
slider,id_00,00000181.wav,abnormal,13.393471717834473,49.10914993286133
slider,id_00,00000182.wav,abnormal,15.272586822509766,43.9570198059082
slider,id_00,00000183.wav,abnormal,13.445557594299316,53.869964599609375
slider,id_00,00000184.wav,abnormal,15.417272567749023,48.590797424316406
slider,id_00,00000185.wav,abnormal,10.494998931884766,47.22446823120117
slider,id_00,00000186.wav,abnormal,12.43156623840332,53.09992218017578
slider,id_00,00000187.wav,abnormal,13.439535140991211,38.60517883300781
slider,id_00,00000188.wav,abnormal,10.82022762298584,37.799224853515625
slider,id_00,00000189.wav,abnormal,10.997525215148926,47.35760498046875
slider,id_00,00000190.wav,abnormal,11.479150772094727,34.31938552856445
slider,id_00,00000191.wav,abnormal,9.944082260131836,33.060516357421875
slider,id_00,00000192.wav,abnormal,14.785584449768066,39.337005615234375
slider,id_00,00000193.wav,abnormal,15.142470359802246,29.02593421936035
slider,id_00,00000194.wav,abnormal,10.214020729064941,38.83456802368164
slider,id_00,00000195.wav,abnormal,15.332505226135254,39.68769836425781
slider,id_00,00000196.wav,abnormal,12.102097511291504,38.45064926147461
slider,id_00,00000197.wav,abnormal,11.467599868774414,38.46345901489258
slider,id_00,00000198.wav,abnormal,13.441288948059082,39.905975341796875
slider,id_00,00000199.wav,abnormal,9.753037452697754,27.54020118713379
slider,id_00,00000200.wav,abnormal,15.860774040222168,27.143985748291016
slider,id_00,00000201.wav,abnormal,10.680034637451172,29.11328125
slider,id_00,00000202.wav,abnormal,11.521971702575684,39.54031753540039
slider,id_00,00000203.wav,abnormal,11.195626258850098,28.3405818939209
slider,id_00,00000204.wav,abnormal,12.31613826751709,31.94862937927246
slider,id_00,00000205.wav,abnormal,12.066898345947266,36.89104080200195
slider,id_00,00000206.wav,abnormal,12.594128608703613,37.161590576171875
slider,id_00,00000207.wav,abnormal,10.08454418182373,44.83424758911133
slider,id_00,00000208.wav,abnormal,11.678921699523926,39.514137268066406
slider,id_00,00000209.wav,abnormal,13.00928783416748,41.105064392089844
slider,id_00,00000210.wav,abnormal,10.649787902832031,33.96323013305664
slider,id_00,00000211.wav,abnormal,11.811850547790527,29.74703598022461
slider,id_00,00000212.wav,abnormal,9.904290199279785,29.308578491210938
slider,id_00,00000213.wav,abnormal,12.167926788330078,32.05218505859375
slider,id_00,00000214.wav,abnormal,14.078493118286133,31.86419677734375
slider,id_00,00000215.wav,abnormal,11.563410758972168,43.92448806762695
slider,id_00,00000216.wav,abnormal,9.622020721435547,25.752565383911133
slider,id_00,00000217.wav,abnormal,13.938446044921875,35.93108367919922
slider,id_00,00000218.wav,abnormal,12.682683944702148,27.515987396240234
slider,id_00,00000219.wav,abnormal,11.095183372497559,32.3325080871582
slider,id_00,00000220.wav,abnormal,12.07409954071045,42.23561477661133
slider,id_00,00000221.wav,abnormal,13.365835189819336,33.081790924072266
slider,id_00,00000222.wav,abnormal,10.346033096313477,42.05966567993164
slider,id_00,00000223.wav,abnormal,13.87986946105957,32.104122161865234
slider,id_00,00000224.wav,abnormal,13.7574462890625,26.253448486328125
slider,id_00,00000225.wav,abnormal,11.884101867675781,30.449501037597656
slider,id_00,00000226.wav,abnormal,11.73703670501709,34.165348052978516
slider,id_00,00000227.wav,abnormal,10.903182029724121,31.734756469726562
slider,id_00,00000228.wav,abnormal,11.871855735778809,33.67307662963867
slider,id_00,00000229.wav,abnormal,12.45449447631836,33.94154357910156
slider,id_00,00000230.wav,abnormal,11.951208114624023,28.788288116455078
slider,id_00,00000231.wav,abnormal,12.19841480255127,26.41609764099121
slider,id_00,00000232.wav,abnormal,12.355880737304688,32.57328414916992
slider,id_00,00000233.wav,abnormal,12.941304206848145,32.38416290283203
slider,id_00,00000234.wav,abnormal,12.657471656799316,34.12112045288086
slider,id_00,00000235.wav,abnormal,11.856711387634277,34.84660339355469
slider,id_00,00000236.wav,abnormal,10.698619842529297,29.952945709228516
slider,id_00,00000237.wav,abnormal,13.817280769348145,27.926034927368164
slider,id_00,00000238.wav,abnormal,13.382657051086426,29.496326446533203
slider,id_00,00000239.wav,abnormal,13.094511985778809,32.179649353027344
slider,id_00,00000240.wav,abnormal,13.989837646484375,37.41374206542969
slider,id_00,00000241.wav,abnormal,10.869065284729004,28.856813430786133
slider,id_00,00000242.wav,abnormal,11.712879180908203,31.123817443847656
slider,id_00,00000243.wav,abnormal,10.853962898254395,28.165742874145508
slider,id_00,00000244.wav,abnormal,10.264778137207031,35.506080627441406
slider,id_00,00000245.wav,abnormal,14.415987014770508,34.529052734375
slider,id_00,00000246.wav,abnormal,15.5693359375,32.45942687988281
slider,id_00,00000247.wav,abnormal,11.83999252319336,30.236854553222656
slider,id_00,00000248.wav,abnormal,10.956990242004395,35.15186309814453
slider,id_00,00000249.wav,abnormal,11.4157075881958,32.44415283203125
slider,id_00,00000250.wav,abnormal,13.334249496459961,32.8642692565918
slider,id_00,00000251.wav,abnormal,10.650007247924805,28.8759822845459
slider,id_00,00000252.wav,abnormal,12.894927978515625,30.773822784423828
slider,id_00,00000253.wav,abnormal,11.858758926391602,31.17222023010254
slider,id_00,00000254.wav,abnormal,10.905641555786133,26.320510864257812
slider,id_00,00000255.wav,abnormal,13.748473167419434,36.104103088378906
slider,id_00,00000256.wav,abnormal,11.211417198181152,33.78390121459961
slider,id_00,00000257.wav,abnormal,12.822893142700195,32.31947326660156
slider,id_00,00000258.wav,abnormal,12.701709747314453,39.388187408447266
slider,id_00,00000259.wav,abnormal,13.33071517944336,37.80819320678711
slider,id_00,00000260.wav,abnormal,10.502680778503418,37.98991394042969
slider,id_00,00000261.wav,abnormal,10.647598266601562,27.978055953979492
slider,id_00,00000262.wav,abnormal,12.514107704162598,31.1374568939209
slider,id_00,00000263.wav,abnormal,12.905405044555664,36.64875411987305
slider,id_00,00000264.wav,abnormal,10.937113761901855,39.76276779174805
slider,id_00,00000265.wav,abnormal,13.200475692749023,37.65241241455078
slider,id_00,00000266.wav,abnormal,11.871241569519043,31.688323974609375
slider,id_00,00000267.wav,abnormal,10.633386611938477,48.19939422607422
slider,id_00,00000268.wav,abnormal,11.995356559753418,44.76985549926758
slider,id_00,00000269.wav,abnormal,12.254281997680664,47.005680084228516
slider,id_00,00000270.wav,abnormal,12.567127227783203,48.5845947265625
slider,id_00,00000271.wav,abnormal,12.916641235351562,44.45840835571289
slider,id_00,00000272.wav,abnormal,12.417256355285645,44.92380142211914
slider,id_00,00000273.wav,abnormal,11.326215744018555,38.74058151245117
slider,id_00,00000274.wav,abnormal,12.912296295166016,46.540870666503906
slider,id_00,00000275.wav,abnormal,14.628815650939941,43.03249740600586
slider,id_00,00000276.wav,abnormal,15.165674209594727,38.2632942199707
slider,id_00,00000277.wav,abnormal,12.915698051452637,44.10838317871094
slider,id_00,00000278.wav,abnormal,11.484830856323242,42.100914001464844
slider,id_00,00000279.wav,abnormal,11.095996856689453,37.46816635131836
slider,id_00,00000280.wav,abnormal,19.416790008544922,44.72564697265625
slider,id_00,00000281.wav,abnormal,10.418580055236816,39.756195068359375
slider,id_00,00000282.wav,abnormal,11.249963760375977,41.63825607299805
slider,id_00,00000283.wav,abnormal,11.34878921508789,47.17963409423828
slider,id_00,00000284.wav,abnormal,12.646098136901855,42.8134651184082
slider,id_00,00000285.wav,abnormal,14.493350982666016,48.22447204589844
slider,id_00,00000286.wav,abnormal,13.295183181762695,48.063514709472656
slider,id_00,00000287.wav,abnormal,10.345646858215332,40.33673095703125
slider,id_00,00000288.wav,abnormal,15.501952171325684,51.34710693359375
slider,id_00,00000289.wav,abnormal,11.741254806518555,40.426109313964844
slider,id_00,00000290.wav,abnormal,12.099117279052734,50.240440368652344
slider,id_00,00000291.wav,abnormal,12.893963813781738,45.42498779296875
slider,id_00,00000292.wav,abnormal,13.46028995513916,47.159828186035156
slider,id_00,00000293.wav,abnormal,13.290884017944336,44.01387405395508
slider,id_00,00000294.wav,abnormal,12.038945198059082,47.245513916015625
slider,id_00,00000295.wav,abnormal,11.82540512084961,49.7483024597168
slider,id_00,00000296.wav,abnormal,11.963956832885742,45.41421890258789
slider,id_00,00000297.wav,abnormal,11.197439193725586,45.24165725708008
slider,id_00,00000298.wav,abnormal,14.081296920776367,48.117881774902344
slider,id_00,00000299.wav,abnormal,10.659193992614746,52.23659133911133
slider,id_00,00000300.wav,abnormal,10.221117973327637,47.22627258300781
slider,id_00,00000301.wav,abnormal,13.597414016723633,43.95246505737305
slider,id_00,00000302.wav,abnormal,13.40661907196045,44.62002944946289
slider,id_00,00000303.wav,abnormal,10.998955726623535,43.06871032714844
slider,id_00,00000304.wav,abnormal,13.776802062988281,51.1769905090332
slider,id_00,00000305.wav,abnormal,12.550089836120605,47.63268280029297
slider,id_00,00000306.wav,abnormal,10.352543830871582,45.37937545776367
slider,id_00,00000307.wav,abnormal,14.548868179321289,46.32073211669922
slider,id_00,00000308.wav,abnormal,12.039163589477539,40.95028305053711
slider,id_00,00000309.wav,abnormal,9.719661712646484,39.81832504272461
slider,id_00,00000310.wav,abnormal,12.000560760498047,37.6302375793457
slider,id_00,00000311.wav,abnormal,10.99720287322998,45.933284759521484
slider,id_00,00000312.wav,abnormal,11.323372840881348,53.64402770996094
slider,id_00,00000313.wav,abnormal,12.079201698303223,42.717201232910156
slider,id_00,00000314.wav,abnormal,11.214030265808105,49.65471267700195
slider,id_00,00000315.wav,abnormal,13.619917869567871,44.42649459838867
slider,id_00,00000316.wav,abnormal,15.212623596191406,42.19647216796875
slider,id_00,00000317.wav,abnormal,13.733570098876953,50.65443420410156
slider,id_00,00000318.wav,abnormal,13.267707824707031,48.62995147705078
slider,id_00,00000319.wav,abnormal,12.639713287353516,48.57704544067383
slider,id_00,00000320.wav,abnormal,14.889533042907715,48.362510681152344
slider,id_00,00000321.wav,abnormal,10.753938674926758,42.60965347290039
slider,id_00,00000322.wav,abnormal,14.255158424377441,51.25636291503906
slider,id_00,00000323.wav,abnormal,11.269815444946289,44.83378219604492
slider,id_00,00000324.wav,abnormal,12.909051895141602,49.829219818115234
slider,id_00,00000325.wav,abnormal,11.188411712646484,50.896263122558594
slider,id_00,00000326.wav,abnormal,11.994001388549805,44.684871673583984
slider,id_00,00000327.wav,abnormal,10.186299324035645,45.152992248535156
slider,id_00,00000328.wav,abnormal,13.655957221984863,48.386756896972656
slider,id_00,00000329.wav,abnormal,11.53617000579834,51.48481369018555
slider,id_00,00000330.wav,abnormal,11.737497329711914,47.8668212890625
slider,id_00,00000331.wav,abnormal,11.357126235961914,48.30002212524414
slider,id_00,00000332.wav,abnormal,15.628912925720215,43.874908447265625
slider,id_00,00000333.wav,abnormal,11.548047065734863,47.43776321411133
slider,id_00,00000334.wav,abnormal,12.91331672668457,44.92350769042969
slider,id_00,00000335.wav,abnormal,12.033390045166016,44.97281265258789
slider,id_00,00000336.wav,abnormal,11.323765754699707,40.38996505737305
slider,id_00,00000337.wav,abnormal,11.446781158447266,46.31179428100586
slider,id_00,00000338.wav,abnormal,11.051255226135254,46.463680267333984
slider,id_00,00000339.wav,abnormal,12.538162231445312,38.971824645996094
slider,id_00,00000340.wav,abnormal,11.891214370727539,42.29522705078125
slider,id_00,00000341.wav,abnormal,13.399930953979492,42.29941940307617
slider,id_00,00000342.wav,abnormal,11.550434112548828,47.93342971801758
slider,id_00,00000343.wav,abnormal,10.89040756225586,48.28242874145508
slider,id_00,00000344.wav,abnormal,11.372894287109375,44.23772048950195
slider,id_00,00000345.wav,abnormal,12.4674654006958,42.15517044067383
slider,id_00,00000346.wav,abnormal,11.636672019958496,41.72030258178711
slider,id_00,00000347.wav,abnormal,11.456829071044922,47.06976318359375
slider,id_00,00000348.wav,abnormal,12.969003677368164,49.11524963378906
slider,id_00,00000349.wav,abnormal,10.996925354003906,43.9858283996582
slider,id_00,00000350.wav,abnormal,12.977062225341797,48.11125564575195
slider,id_00,00000351.wav,abnormal,14.165238380432129,41.65863037109375
slider,id_00,00000352.wav,abnormal,12.343390464782715,43.793418884277344
slider,id_00,00000353.wav,abnormal,13.865139961242676,48.9510612487793
slider,id_00,00000354.wav,abnormal,13.133654594421387,50.1175537109375
slider,id_00,00000355.wav,abnormal,9.512466430664062,43.796051025390625
slider,id_02,00000000.wav,abnormal,17.833988189697266,31.408615112304688
slider,id_02,00000001.wav,abnormal,16.905366897583008,32.52131271362305
slider,id_02,00000002.wav,abnormal,15.82724666595459,30.477880477905273
slider,id_02,00000003.wav,abnormal,14.360732078552246,32.498165130615234
slider,id_02,00000004.wav,abnormal,15.877264022827148,17.375457763671875
slider,id_02,00000005.wav,abnormal,15.65359878540039,31.21448516845703
slider,id_02,00000006.wav,abnormal,19.463869094848633,29.084936141967773
slider,id_02,00000007.wav,abnormal,18.72342300415039,32.45508575439453
slider,id_02,00000008.wav,abnormal,19.59854507446289,22.1181583404541
slider,id_02,00000009.wav,abnormal,18.319347381591797,35.41834259033203
slider,id_02,00000010.wav,abnormal,12.995818138122559,30.26109504699707
slider,id_02,00000011.wav,abnormal,15.672143936157227,29.14957046508789
slider,id_02,00000012.wav,abnormal,16.703889846801758,15.410484313964844
slider,id_02,00000013.wav,abnormal,18.594120025634766,34.46866989135742
slider,id_02,00000014.wav,abnormal,16.81889533996582,30.019502639770508
slider,id_02,00000015.wav,abnormal,13.35369873046875,28.526506423950195
slider,id_02,00000016.wav,abnormal,16.9649715423584,29.721378326416016
slider,id_02,00000017.wav,abnormal,17.256502151489258,27.39911460876465
slider,id_02,00000018.wav,abnormal,18.01678466796875,27.285520553588867
slider,id_02,00000019.wav,abnormal,17.45011329650879,32.34531784057617
slider,id_02,00000020.wav,abnormal,20.689775466918945,31.158546447753906
slider,id_02,00000021.wav,abnormal,15.854729652404785,33.18685531616211
slider,id_02,00000022.wav,abnormal,15.821978569030762,28.387283325195312
slider,id_02,00000023.wav,abnormal,17.124290466308594,30.78646469116211
slider,id_02,00000024.wav,abnormal,17.01729965209961,18.51825523376465
slider,id_02,00000025.wav,abnormal,16.661678314208984,27.97677230834961
slider,id_02,00000026.wav,abnormal,15.096969604492188,15.153879165649414
slider,id_02,00000027.wav,abnormal,15.530539512634277,30.17439079284668
slider,id_02,00000028.wav,abnormal,13.860282897949219,28.59568214416504
slider,id_02,00000029.wav,abnormal,14.090285301208496,26.501998901367188
slider,id_02,00000030.wav,abnormal,13.720155715942383,30.76017951965332
slider,id_02,00000031.wav,abnormal,18.285266876220703,27.738685607910156
slider,id_02,00000032.wav,abnormal,16.567340850830078,26.31393814086914
slider,id_02,00000033.wav,abnormal,14.23758316040039,34.81214904785156
slider,id_02,00000034.wav,abnormal,15.478785514831543,23.288772583007812
slider,id_02,00000035.wav,abnormal,13.290961265563965,26.205127716064453
slider,id_02,00000036.wav,abnormal,15.610283851623535,28.184364318847656
slider,id_02,00000037.wav,abnormal,19.018047332763672,32.03447341918945
slider,id_02,00000038.wav,abnormal,16.658599853515625,30.245952606201172
slider,id_02,00000039.wav,abnormal,14.524553298950195,31.58795738220215
slider,id_02,00000040.wav,abnormal,16.42609214782715,33.193267822265625
slider,id_02,00000041.wav,abnormal,17.52880096435547,34.21096420288086
slider,id_02,00000042.wav,abnormal,15.914714813232422,28.15199851989746
slider,id_02,00000043.wav,abnormal,16.39994239807129,25.805265426635742
slider,id_02,00000044.wav,abnormal,17.110498428344727,26.171283721923828
slider,id_02,00000045.wav,abnormal,19.186429977416992,18.211633682250977
slider,id_02,00000046.wav,abnormal,15.564831733703613,35.36048126220703
slider,id_02,00000047.wav,abnormal,15.532364845275879,34.17205047607422
slider,id_02,00000048.wav,abnormal,16.982810974121094,18.58196258544922
slider,id_02,00000049.wav,abnormal,19.411027908325195,25.508052825927734
slider,id_02,00000050.wav,abnormal,14.00841999053955,30.756410598754883
slider,id_02,00000051.wav,abnormal,14.539305686950684,28.807756423950195
slider,id_02,00000052.wav,abnormal,18.99710464477539,27.76059913635254
slider,id_02,00000053.wav,abnormal,18.670673370361328,31.046960830688477
slider,id_02,00000054.wav,abnormal,17.066341400146484,33.05680465698242
slider,id_02,00000055.wav,abnormal,15.365928649902344,25.714340209960938
slider,id_02,00000056.wav,abnormal,12.150334358215332,30.770809173583984
slider,id_02,00000057.wav,abnormal,11.549463272094727,36.66706466674805
slider,id_02,00000058.wav,abnormal,17.216814041137695,31.145414352416992
slider,id_02,00000059.wav,abnormal,15.34536075592041,30.087188720703125
slider,id_02,00000060.wav,abnormal,14.826132774353027,27.47698974609375
slider,id_02,00000061.wav,abnormal,17.41292953491211,28.7449951171875
slider,id_02,00000062.wav,abnormal,19.029455184936523,25.604150772094727
slider,id_02,00000063.wav,abnormal,14.304920196533203,28.670373916625977
slider,id_02,00000064.wav,abnormal,14.82045841217041,30.291650772094727
slider,id_02,00000065.wav,abnormal,19.778614044189453,28.566051483154297
slider,id_02,00000066.wav,abnormal,16.882722854614258,32.141971588134766
slider,id_02,00000067.wav,abnormal,20.147581100463867,28.83469009399414
slider,id_02,00000068.wav,abnormal,15.254344940185547,23.024282455444336
slider,id_02,00000069.wav,abnormal,13.242513656616211,24.088130950927734
slider,id_02,00000070.wav,abnormal,15.392058372497559,28.568939208984375
slider,id_02,00000071.wav,abnormal,15.647443771362305,30.686511993408203
slider,id_02,00000072.wav,abnormal,16.981908798217773,24.640443801879883
slider,id_02,00000073.wav,abnormal,17.598814010620117,29.616758346557617
slider,id_02,00000074.wav,abnormal,14.837424278259277,29.54454803466797
slider,id_02,00000075.wav,abnormal,16.274925231933594,33.225440979003906
slider,id_02,00000076.wav,abnormal,18.35214614868164,32.72416305541992
slider,id_02,00000077.wav,abnormal,17.87236213684082,25.175954818725586
slider,id_02,00000078.wav,abnormal,17.360692977905273,30.63144874572754
slider,id_02,00000079.wav,abnormal,15.089112281799316,28.58308982849121
slider,id_02,00000080.wav,abnormal,14.691277503967285,33.94248962402344
slider,id_02,00000081.wav,abnormal,17.598955154418945,19.955652236938477
slider,id_02,00000082.wav,abnormal,12.223329544067383,30.27692985534668
slider,id_02,00000083.wav,abnormal,16.847745895385742,28.85266876220703
slider,id_02,00000084.wav,abnormal,19.839916229248047,29.638851165771484
slider,id_02,00000085.wav,abnormal,18.65751075744629,24.77235984802246
slider,id_02,00000086.wav,abnormal,14.33098030090332,28.008758544921875
slider,id_02,00000087.wav,abnormal,18.580970764160156,37.31741714477539
slider,id_02,00000088.wav,abnormal,16.555261611938477,30.020526885986328
slider,id_02,00000089.wav,abnormal,14.068867683410645,29.75286865234375
slider,id_02,00000090.wav,abnormal,13.865364074707031,31.22852325439453
slider,id_02,00000091.wav,abnormal,18.279510498046875,32.29313278198242
slider,id_02,00000092.wav,abnormal,18.84228515625,28.608121871948242
slider,id_02,00000093.wav,abnormal,18.063854217529297,32.202598571777344
slider,id_02,00000094.wav,abnormal,18.54098892211914,28.04785919189453
slider,id_02,00000095.wav,abnormal,17.26517105102539,38.36529541015625
slider,id_02,00000096.wav,abnormal,16.042451858520508,29.615894317626953
slider,id_02,00000097.wav,abnormal,15.81679916381836,19.379976272583008
slider,id_02,00000098.wav,abnormal,18.936372756958008,29.672286987304688
slider,id_02,00000099.wav,abnormal,17.47813606262207,31.39451789855957
slider,id_02,00000100.wav,abnormal,16.63625144958496,30.492719650268555
slider,id_02,00000101.wav,abnormal,19.786535263061523,28.171663284301758
slider,id_02,00000102.wav,abnormal,14.237317085266113,26.52863121032715
slider,id_02,00000103.wav,abnormal,14.769964218139648,29.08317756652832
slider,id_02,00000104.wav,abnormal,16.219310760498047,29.735916137695312
slider,id_02,00000105.wav,abnormal,15.742990493774414,27.78506851196289
slider,id_02,00000106.wav,abnormal,14.912586212158203,27.790613174438477
slider,id_02,00000107.wav,abnormal,19.354400634765625,33.13230514526367
slider,id_02,00000108.wav,abnormal,15.723133087158203,30.117511749267578
slider,id_02,00000109.wav,abnormal,15.79430103302002,32.98664855957031
slider,id_02,00000110.wav,abnormal,19.58987045288086,28.38368034362793
slider,id_02,00000111.wav,abnormal,14.994091987609863,30.519147872924805
slider,id_02,00000112.wav,abnormal,17.876792907714844,34.86820983886719
slider,id_02,00000113.wav,abnormal,18.145503997802734,31.23341178894043
slider,id_02,00000114.wav,abnormal,17.13117218017578,31.302593231201172
slider,id_02,00000115.wav,abnormal,15.460470199584961,20.181442260742188
slider,id_02,00000116.wav,abnormal,16.066110610961914,30.08553123474121
slider,id_02,00000117.wav,abnormal,20.46258544921875,32.923587799072266
slider,id_02,00000118.wav,abnormal,15.146655082702637,29.774179458618164
slider,id_02,00000119.wav,abnormal,14.568676948547363,29.071027755737305
slider,id_02,00000120.wav,abnormal,18.936708450317383,27.691465377807617
slider,id_02,00000121.wav,abnormal,18.255884170532227,29.2626895904541
slider,id_02,00000122.wav,abnormal,14.090896606445312,21.895042419433594
slider,id_02,00000123.wav,abnormal,15.891779899597168,33.06200408935547
slider,id_02,00000124.wav,abnormal,14.668242454528809,23.366525650024414
slider,id_02,00000125.wav,abnormal,17.81604766845703,26.427249908447266
slider,id_02,00000126.wav,abnormal,12.573280334472656,31.516489028930664
slider,id_02,00000127.wav,abnormal,17.53704261779785,26.246490478515625
slider,id_02,00000128.wav,abnormal,16.526512145996094,31.111923217773438
slider,id_02,00000129.wav,abnormal,17.34699249267578,29.458786010742188
slider,id_02,00000130.wav,abnormal,18.97233772277832,31.132810592651367
slider,id_02,00000131.wav,abnormal,19.754436492919922,26.921987533569336
slider,id_02,00000132.wav,abnormal,17.616186141967773,29.49058723449707
slider,id_02,00000133.wav,abnormal,16.016965866088867,26.32049560546875
slider,id_02,00000134.wav,abnormal,15.171374320983887,32.876502990722656
slider,id_02,00000135.wav,abnormal,15.868049621582031,27.758190155029297
slider,id_02,00000136.wav,abnormal,18.92793083190918,30.972848892211914
slider,id_02,00000137.wav,abnormal,12.123558044433594,26.986257553100586
slider,id_02,00000138.wav,abnormal,14.117818832397461,14.972358703613281
slider,id_02,00000139.wav,abnormal,18.91202735900879,26.308162689208984
slider,id_02,00000140.wav,abnormal,18.76243019104004,25.3475284576416
slider,id_02,00000141.wav,abnormal,14.93404769897461,28.4705867767334
slider,id_02,00000142.wav,abnormal,18.57731056213379,32.51308822631836
slider,id_02,00000143.wav,abnormal,19.373910903930664,24.161855697631836
slider,id_02,00000144.wav,abnormal,19.175500869750977,28.75792121887207
slider,id_02,00000145.wav,abnormal,18.093711853027344,19.029630661010742
slider,id_02,00000146.wav,abnormal,16.69141387939453,23.49817657470703
slider,id_02,00000147.wav,abnormal,16.261577606201172,31.755653381347656
slider,id_02,00000148.wav,abnormal,15.779834747314453,19.80022621154785
slider,id_02,00000149.wav,abnormal,15.723456382751465,30.598175048828125
slider,id_02,00000150.wav,abnormal,16.946643829345703,28.712404251098633
slider,id_02,00000151.wav,abnormal,17.506929397583008,28.47509002685547
slider,id_02,00000152.wav,abnormal,14.765880584716797,28.326034545898438
slider,id_02,00000153.wav,abnormal,19.053619384765625,33.36147689819336
slider,id_02,00000154.wav,abnormal,19.42992401123047,29.873851776123047
slider,id_02,00000155.wav,abnormal,15.516879081726074,27.467960357666016
slider,id_02,00000156.wav,abnormal,15.750582695007324,28.66208267211914
slider,id_02,00000157.wav,abnormal,17.974693298339844,33.241844177246094
slider,id_02,00000158.wav,abnormal,16.71051597595215,29.09963607788086
slider,id_02,00000159.wav,abnormal,14.662473678588867,27.49370765686035
slider,id_02,00000160.wav,abnormal,18.0716495513916,24.371110916137695
slider,id_02,00000161.wav,abnormal,17.855939865112305,32.37157440185547
slider,id_02,00000162.wav,abnormal,17.9488468170166,28.898601531982422
slider,id_02,00000163.wav,abnormal,14.495882034301758,27.430543899536133
slider,id_02,00000164.wav,abnormal,16.153915405273438,32.513275146484375
slider,id_02,00000165.wav,abnormal,13.788226127624512,26.124988555908203
slider,id_02,00000166.wav,abnormal,17.412614822387695,30.100522994995117
slider,id_02,00000167.wav,abnormal,12.463764190673828,27.39281463623047
slider,id_02,00000168.wav,abnormal,13.938163757324219,15.317251205444336
slider,id_02,00000169.wav,abnormal,19.723628997802734,32.837039947509766
slider,id_02,00000170.wav,abnormal,19.073238372802734,27.61396026611328
slider,id_02,00000171.wav,abnormal,16.136131286621094,30.33633804321289
slider,id_02,00000172.wav,abnormal,14.294685363769531,22.365209579467773
slider,id_02,00000173.wav,abnormal,16.799589157104492,30.763916015625
slider,id_02,00000174.wav,abnormal,18.31636619567871,31.700855255126953
slider,id_02,00000175.wav,abnormal,17.759048461914062,29.60255241394043
slider,id_02,00000176.wav,abnormal,16.917865753173828,29.998538970947266
slider,id_02,00000177.wav,abnormal,16.423004150390625,28.866287231445312
slider,id_02,00000178.wav,abnormal,16.33287239074707,29.795608520507812
slider,id_02,00000179.wav,abnormal,18.604785919189453,25.566665649414062
slider,id_02,00000180.wav,abnormal,18.269729614257812,30.714632034301758
slider,id_02,00000181.wav,abnormal,18.069114685058594,27.850631713867188
slider,id_02,00000182.wav,abnormal,18.544822692871094,32.22090148925781
slider,id_02,00000183.wav,abnormal,16.605836868286133,26.79729461669922
slider,id_02,00000184.wav,abnormal,18.710603713989258,35.32919692993164
slider,id_02,00000185.wav,abnormal,17.276193618774414,39.007118225097656
slider,id_02,00000186.wav,abnormal,17.693132400512695,27.780277252197266
slider,id_02,00000187.wav,abnormal,16.96549415588379,30.123645782470703
slider,id_02,00000188.wav,abnormal,18.5004940032959,30.974788665771484
slider,id_02,00000189.wav,abnormal,20.303918838500977,34.667999267578125
slider,id_02,00000190.wav,abnormal,17.682083129882812,32.37049865722656
slider,id_02,00000191.wav,abnormal,16.787105560302734,43.57820510864258
slider,id_02,00000192.wav,abnormal,14.36037826538086,40.84711837768555
slider,id_02,00000193.wav,abnormal,18.425983428955078,29.410646438598633
slider,id_02,00000194.wav,abnormal,18.383472442626953,29.21940040588379
slider,id_02,00000195.wav,abnormal,14.531143188476562,29.077409744262695
slider,id_02,00000196.wav,abnormal,13.06924819946289,31.380582809448242
slider,id_02,00000197.wav,abnormal,16.30411148071289,31.34828758239746
slider,id_02,00000198.wav,abnormal,20.889976501464844,17.12442970275879
slider,id_02,00000199.wav,abnormal,16.270639419555664,42.021385192871094
slider,id_02,00000200.wav,abnormal,14.877867698669434,28.509817123413086
slider,id_02,00000201.wav,abnormal,18.100698471069336,28.951316833496094
slider,id_02,00000202.wav,abnormal,15.604814529418945,24.886293411254883
slider,id_02,00000203.wav,abnormal,16.263713836669922,26.282188415527344
slider,id_02,00000204.wav,abnormal,14.787559509277344,26.48736572265625
slider,id_02,00000205.wav,abnormal,18.232385635375977,29.6737003326416
slider,id_02,00000206.wav,abnormal,18.45489501953125,29.55559539794922
slider,id_02,00000207.wav,abnormal,15.155116081237793,37.66563415527344
slider,id_02,00000208.wav,abnormal,19.169471740722656,18.78731918334961
slider,id_02,00000209.wav,abnormal,17.765010833740234,30.347511291503906
slider,id_02,00000210.wav,abnormal,15.7886381149292,35.162498474121094
slider,id_02,00000211.wav,abnormal,19.13190269470215,35.917823791503906
slider,id_02,00000212.wav,abnormal,16.20017433166504,28.87673568725586
slider,id_02,00000213.wav,abnormal,18.332834243774414,38.32123947143555
slider,id_02,00000214.wav,abnormal,15.038840293884277,54.30112075805664
slider,id_02,00000215.wav,abnormal,17.92222023010254,24.33205223083496
slider,id_02,00000216.wav,abnormal,17.235570907592773,41.004615783691406
slider,id_02,00000217.wav,abnormal,19.715160369873047,20.4155216217041
slider,id_02,00000218.wav,abnormal,20.026315689086914,30.975574493408203
slider,id_02,00000219.wav,abnormal,12.815258026123047,36.680728912353516
slider,id_02,00000220.wav,abnormal,16.826345443725586,39.36082458496094
slider,id_02,00000221.wav,abnormal,16.27458953857422,28.063526153564453
slider,id_02,00000222.wav,abnormal,16.471025466918945,23.704408645629883
slider,id_02,00000223.wav,abnormal,18.088258743286133,24.27265739440918
slider,id_02,00000224.wav,abnormal,16.279325485229492,34.91960525512695
slider,id_02,00000225.wav,abnormal,18.123498916625977,27.798181533813477
slider,id_02,00000226.wav,abnormal,19.133146286010742,30.232715606689453
slider,id_02,00000227.wav,abnormal,13.621376991271973,22.738706588745117
slider,id_02,00000228.wav,abnormal,19.166593551635742,34.81637191772461
slider,id_02,00000229.wav,abnormal,16.197622299194336,26.649024963378906
slider,id_02,00000230.wav,abnormal,15.818349838256836,34.56813430786133
slider,id_02,00000231.wav,abnormal,20.183095932006836,36.789268493652344
slider,id_02,00000232.wav,abnormal,17.511646270751953,29.680145263671875
slider,id_02,00000233.wav,abnormal,20.335834503173828,31.696828842163086
slider,id_02,00000234.wav,abnormal,19.444652557373047,41.836158752441406
slider,id_02,00000235.wav,abnormal,18.86514663696289,30.910507202148438
slider,id_02,00000236.wav,abnormal,12.45565414428711,30.364704132080078
slider,id_02,00000237.wav,abnormal,19.14704704284668,25.30743980407715
slider,id_02,00000238.wav,abnormal,17.688533782958984,32.2682991027832
slider,id_02,00000239.wav,abnormal,19.092580795288086,32.66610336303711
slider,id_02,00000240.wav,abnormal,18.652952194213867,29.998497009277344
slider,id_02,00000241.wav,abnormal,18.09117317199707,42.21214294433594
slider,id_02,00000242.wav,abnormal,15.655617713928223,38.953453063964844
slider,id_02,00000243.wav,abnormal,16.876909255981445,17.409536361694336
slider,id_02,00000244.wav,abnormal,15.611220359802246,37.63563537597656
slider,id_02,00000245.wav,abnormal,15.657470703125,43.86189651489258
slider,id_02,00000246.wav,abnormal,15.625738143920898,32.517494201660156
slider,id_02,00000247.wav,abnormal,15.747382164001465,27.028179168701172
slider,id_02,00000248.wav,abnormal,19.513259887695312,40.12055206298828
slider,id_02,00000249.wav,abnormal,19.548873901367188,21.642988204956055
slider,id_02,00000250.wav,abnormal,17.160715103149414,30.916629791259766
slider,id_02,00000251.wav,abnormal,16.897138595581055,50.67200469970703
slider,id_02,00000252.wav,abnormal,16.631183624267578,33.56663513183594
slider,id_02,00000253.wav,abnormal,15.024452209472656,29.447471618652344
slider,id_02,00000254.wav,abnormal,17.52496337890625,35.37843704223633
slider,id_02,00000255.wav,abnormal,17.870431900024414,19.7722225189209
slider,id_02,00000256.wav,abnormal,14.26149845123291,26.108930587768555
slider,id_02,00000257.wav,abnormal,16.026132583618164,24.64315414428711
slider,id_02,00000258.wav,abnormal,17.712087631225586,37.65599822998047
slider,id_02,00000259.wav,abnormal,14.682541847229004,33.176963806152344
slider,id_02,00000260.wav,abnormal,16.79486656188965,31.069700241088867
slider,id_02,00000261.wav,abnormal,17.023725509643555,60.380699157714844
slider,id_02,00000262.wav,abnormal,16.18313217163086,36.830238342285156
slider,id_02,00000263.wav,abnormal,11.875596046447754,29.30196189880371
slider,id_02,00000264.wav,abnormal,15.101224899291992,23.79999542236328
slider,id_02,00000265.wav,abnormal,20.37641143798828,32.50983428955078
slider,id_02,00000266.wav,abnormal,14.454805374145508,41.66425323486328
slider,id_04,00000000.wav,abnormal,19.49102020263672,5.498499870300293
slider,id_04,00000001.wav,abnormal,17.443389892578125,13.178448677062988
slider,id_04,00000002.wav,abnormal,18.953840255737305,24.6163330078125
slider,id_04,00000003.wav,abnormal,17.37000846862793,27.25885772705078
slider,id_04,00000004.wav,abnormal,21.21098518371582,49.147796630859375
slider,id_04,00000005.wav,abnormal,17.352304458618164,41.93100357055664
slider,id_04,00000006.wav,abnormal,19.947338104248047,21.10601234436035
slider,id_04,00000007.wav,abnormal,17.829113006591797,16.333383560180664
slider,id_04,00000008.wav,abnormal,17.606056213378906,22.155792236328125
slider,id_04,00000009.wav,abnormal,17.221454620361328,27.872026443481445
slider,id_04,00000010.wav,abnormal,15.613337516784668,12.629274368286133
slider,id_04,00000011.wav,abnormal,17.314529418945312,41.951881408691406
slider,id_04,00000012.wav,abnormal,18.566974639892578,21.07196807861328
slider,id_04,00000013.wav,abnormal,19.21762466430664,17.204317092895508
slider,id_04,00000014.wav,abnormal,17.531333923339844,8.57219409942627
slider,id_04,00000015.wav,abnormal,18.61960792541504,29.89464569091797
slider,id_04,00000016.wav,abnormal,16.659204483032227,34.12821578979492
slider,id_04,00000017.wav,abnormal,17.844865798950195,13.448892593383789
slider,id_04,00000018.wav,abnormal,17.957626342773438,48.00667953491211
slider,id_04,00000019.wav,abnormal,19.711957931518555,34.69389343261719
slider,id_04,00000020.wav,abnormal,16.63737678527832,13.860761642456055
slider,id_04,00000021.wav,abnormal,19.82744026184082,13.51737117767334
slider,id_04,00000022.wav,abnormal,17.937532424926758,32.10771179199219
slider,id_04,00000023.wav,abnormal,18.67593002319336,21.044740676879883
slider,id_04,00000024.wav,abnormal,19.43643569946289,15.54802131652832
slider,id_04,00000025.wav,abnormal,17.716203689575195,29.626386642456055
slider,id_04,00000026.wav,abnormal,18.064844131469727,28.444660186767578
slider,id_04,00000027.wav,abnormal,18.79666519165039,13.963188171386719
slider,id_04,00000028.wav,abnormal,18.287351608276367,23.92610740661621
slider,id_04,00000029.wav,abnormal,18.563121795654297,19.776655197143555
slider,id_04,00000030.wav,abnormal,18.279369354248047,20.899991989135742
slider,id_04,00000031.wav,abnormal,16.923967361450195,12.311400413513184
slider,id_04,00000032.wav,abnormal,18.938268661499023,22.657676696777344
slider,id_04,00000033.wav,abnormal,16.912765502929688,38.835426330566406
slider,id_04,00000034.wav,abnormal,17.89110565185547,12.192898750305176
slider,id_04,00000035.wav,abnormal,17.595714569091797,12.834115982055664
slider,id_04,00000036.wav,abnormal,18.628341674804688,12.111502647399902
slider,id_04,00000037.wav,abnormal,19.727628707885742,14.022659301757812
slider,id_04,00000038.wav,abnormal,20.39217185974121,23.361181259155273
slider,id_04,00000039.wav,abnormal,18.504962921142578,48.0596809387207
slider,id_04,00000040.wav,abnormal,16.53582000732422,24.385961532592773
slider,id_04,00000041.wav,abnormal,17.31513214111328,23.640483856201172
slider,id_04,00000042.wav,abnormal,19.5570068359375,20.506235122680664
slider,id_04,00000043.wav,abnormal,15.629949569702148,19.837873458862305
slider,id_04,00000044.wav,abnormal,19.612276077270508,15.0039701461792
slider,id_04,00000045.wav,abnormal,18.373653411865234,28.70403480529785
slider,id_04,00000046.wav,abnormal,17.093666076660156,14.349706649780273
slider,id_04,00000047.wav,abnormal,17.059900283813477,19.097900390625
slider,id_04,00000048.wav,abnormal,17.763580322265625,12.990185737609863
slider,id_04,00000049.wav,abnormal,18.229854583740234,27.39659881591797
slider,id_04,00000050.wav,abnormal,19.95984649658203,16.698383331298828
slider,id_04,00000051.wav,abnormal,13.095122337341309,10.167488098144531
slider,id_04,00000052.wav,abnormal,18.13571548461914,19.249149322509766
slider,id_04,00000053.wav,abnormal,20.25325584411621,22.60389518737793
slider,id_04,00000054.wav,abnormal,18.81403923034668,23.952373504638672
slider,id_04,00000055.wav,abnormal,19.160907745361328,20.574668884277344
slider,id_04,00000056.wav,abnormal,16.49721908569336,24.99077796936035
slider,id_04,00000057.wav,abnormal,17.502395629882812,20.494365692138672
slider,id_04,00000058.wav,abnormal,17.878828048706055,27.51382827758789
slider,id_04,00000059.wav,abnormal,16.507068634033203,13.669442176818848
slider,id_04,00000060.wav,abnormal,17.968862533569336,43.00323486328125
slider,id_04,00000061.wav,abnormal,15.945840835571289,14.894487380981445
slider,id_04,00000062.wav,abnormal,17.323715209960938,30.42411994934082
slider,id_04,00000063.wav,abnormal,16.1734619140625,18.59239387512207
slider,id_04,00000064.wav,abnormal,17.8734073638916,20.1673526763916
slider,id_04,00000065.wav,abnormal,16.519472122192383,25.50062370300293
slider,id_04,00000066.wav,abnormal,18.20610809326172,49.1489372253418
slider,id_04,00000067.wav,abnormal,17.92227554321289,18.568078994750977
slider,id_04,00000068.wav,abnormal,17.004249572753906,20.766338348388672
slider,id_04,00000069.wav,abnormal,19.3704776763916,30.023164749145508
slider,id_04,00000070.wav,abnormal,18.433462142944336,26.565471649169922
slider,id_04,00000071.wav,abnormal,17.656002044677734,21.238269805908203
slider,id_04,00000072.wav,abnormal,18.208894729614258,12.213033676147461
slider,id_04,00000073.wav,abnormal,17.784866333007812,17.62554931640625
slider,id_04,00000074.wav,abnormal,17.67977523803711,14.61302661895752
slider,id_04,00000075.wav,abnormal,17.98710823059082,18.62839126586914
slider,id_04,00000076.wav,abnormal,18.278352737426758,13.38712215423584
slider,id_04,00000077.wav,abnormal,18.481992721557617,9.437504768371582
slider,id_04,00000078.wav,abnormal,18.306013107299805,13.852208137512207
slider,id_04,00000079.wav,abnormal,17.71407699584961,10.463374137878418
slider,id_04,00000080.wav,abnormal,16.75638771057129,22.298450469970703
slider,id_04,00000081.wav,abnormal,18.348928451538086,24.085668563842773
slider,id_04,00000082.wav,abnormal,18.42401695251465,17.54152488708496
slider,id_04,00000083.wav,abnormal,20.014116287231445,18.342519760131836
slider,id_04,00000084.wav,abnormal,15.823217391967773,24.144014358520508
slider,id_04,00000085.wav,abnormal,18.29130744934082,15.725208282470703
slider,id_04,00000086.wav,abnormal,19.280282974243164,14.438986778259277
slider,id_04,00000087.wav,abnormal,18.164024353027344,12.140312194824219
slider,id_04,00000088.wav,abnormal,18.004955291748047,30.78004264831543
slider,id_04,00000089.wav,abnormal,19.243837356567383,20.604585647583008
slider,id_04,00000090.wav,abnormal,19.029733657836914,22.081642150878906
slider,id_04,00000091.wav,abnormal,17.41303253173828,16.72771453857422
slider,id_04,00000092.wav,abnormal,14.011730194091797,6.7174973487854
slider,id_04,00000093.wav,abnormal,20.508831024169922,14.549023628234863
slider,id_04,00000094.wav,abnormal,18.913135528564453,22.171369552612305
slider,id_04,00000095.wav,abnormal,18.15163803100586,9.001309394836426
slider,id_04,00000096.wav,abnormal,16.42551040649414,7.626456260681152
slider,id_04,00000097.wav,abnormal,18.8023681640625,14.362873077392578
slider,id_04,00000098.wav,abnormal,16.24251937866211,21.398515701293945
slider,id_04,00000099.wav,abnormal,19.24180030822754,19.518630981445312
slider,id_04,00000100.wav,abnormal,17.922325134277344,14.80533504486084
slider,id_04,00000101.wav,abnormal,17.841157913208008,29.90630340576172
slider,id_04,00000102.wav,abnormal,14.63558578491211,34.783409118652344
slider,id_04,00000103.wav,abnormal,19.115819931030273,12.829651832580566
slider,id_04,00000104.wav,abnormal,17.686649322509766,18.938879013061523
slider,id_04,00000105.wav,abnormal,17.734792709350586,9.86555004119873
slider,id_04,00000106.wav,abnormal,17.915584564208984,10.344695091247559
slider,id_04,00000107.wav,abnormal,17.640289306640625,22.78712272644043
slider,id_04,00000108.wav,abnormal,17.668968200683594,23.648197174072266
slider,id_04,00000109.wav,abnormal,14.300463676452637,25.36625099182129
slider,id_04,00000110.wav,abnormal,16.011558532714844,10.721919059753418
slider,id_04,00000111.wav,abnormal,16.64576530456543,13.674858093261719
slider,id_04,00000112.wav,abnormal,18.051328659057617,9.014105796813965
slider,id_04,00000113.wav,abnormal,17.088024139404297,16.923728942871094
slider,id_04,00000114.wav,abnormal,17.49842643737793,14.682392120361328
slider,id_04,00000115.wav,abnormal,17.919267654418945,14.64210319519043
slider,id_04,00000116.wav,abnormal,18.774362564086914,7.047102451324463
slider,id_04,00000117.wav,abnormal,17.00230598449707,18.496749877929688
slider,id_04,00000118.wav,abnormal,17.530879974365234,13.813088417053223
slider,id_04,00000119.wav,abnormal,19.394189834594727,19.498645782470703
slider,id_04,00000120.wav,abnormal,18.582990646362305,20.40348243713379
slider,id_04,00000121.wav,abnormal,15.164122581481934,11.091761589050293
slider,id_04,00000122.wav,abnormal,19.616273880004883,14.740321159362793
slider,id_04,00000123.wav,abnormal,17.16312026977539,11.628993034362793
slider,id_04,00000124.wav,abnormal,18.182830810546875,22.35303497314453
slider,id_04,00000125.wav,abnormal,18.93134117126465,10.97111988067627
slider,id_04,00000126.wav,abnormal,18.84494972229004,10.363022804260254
slider,id_04,00000127.wav,abnormal,18.8232479095459,11.583122253417969
slider,id_04,00000128.wav,abnormal,17.773866653442383,15.761316299438477
slider,id_04,00000129.wav,abnormal,18.342994689941406,24.854446411132812
slider,id_04,00000130.wav,abnormal,16.327777862548828,11.942374229431152
slider,id_04,00000131.wav,abnormal,19.448986053466797,27.242298126220703
slider,id_04,00000132.wav,abnormal,17.462549209594727,15.063867568969727
slider,id_04,00000133.wav,abnormal,16.935840606689453,9.461122512817383
slider,id_04,00000134.wav,abnormal,16.82234001159668,14.515573501586914
slider,id_04,00000135.wav,abnormal,18.353321075439453,21.951311111450195
slider,id_04,00000136.wav,abnormal,18.157760620117188,13.661764144897461
slider,id_04,00000137.wav,abnormal,17.34272575378418,16.803497314453125
slider,id_04,00000138.wav,abnormal,17.926626205444336,9.229973793029785
slider,id_04,00000139.wav,abnormal,17.552181243896484,16.63607406616211
slider,id_04,00000140.wav,abnormal,19.713117599487305,11.44845962524414
slider,id_04,00000141.wav,abnormal,15.87801456451416,16.945323944091797
slider,id_04,00000142.wav,abnormal,19.106904983520508,17.10610008239746
slider,id_04,00000143.wav,abnormal,16.77357292175293,29.43010902404785
slider,id_04,00000144.wav,abnormal,18.3814697265625,28.452573776245117
slider,id_04,00000145.wav,abnormal,17.159820556640625,17.40587615966797
slider,id_04,00000146.wav,abnormal,20.1901912689209,12.48531723022461
slider,id_04,00000147.wav,abnormal,16.066164016723633,14.78070068359375
slider,id_04,00000148.wav,abnormal,18.117935180664062,34.82691192626953
slider,id_04,00000149.wav,abnormal,17.88736343383789,9.960381507873535
slider,id_04,00000150.wav,abnormal,19.968292236328125,18.876928329467773
slider,id_04,00000151.wav,abnormal,17.21258544921875,20.7080078125
slider,id_04,00000152.wav,abnormal,17.92872428894043,24.61882972717285
slider,id_04,00000153.wav,abnormal,18.154024124145508,30.274110794067383
slider,id_04,00000154.wav,abnormal,17.269739151000977,18.236902236938477
slider,id_04,00000155.wav,abnormal,17.705188751220703,10.401226997375488
slider,id_04,00000156.wav,abnormal,19.532974243164062,13.934102058410645
slider,id_04,00000157.wav,abnormal,20.337032318115234,13.875225067138672
slider,id_04,00000158.wav,abnormal,17.671573638916016,21.697208404541016
slider,id_04,00000159.wav,abnormal,18.448123931884766,13.016427040100098
slider,id_04,00000160.wav,abnormal,17.392940521240234,16.832216262817383
slider,id_04,00000161.wav,abnormal,19.080121994018555,8.64367389678955
slider,id_04,00000162.wav,abnormal,18.145662307739258,13.392756462097168
slider,id_04,00000163.wav,abnormal,17.79046058654785,12.952875137329102
slider,id_04,00000164.wav,abnormal,19.561891555786133,12.019598960876465
slider,id_04,00000165.wav,abnormal,18.51117515563965,23.820446014404297
slider,id_04,00000166.wav,abnormal,16.580852508544922,13.629980087280273
slider,id_04,00000167.wav,abnormal,19.842885971069336,22.737255096435547
slider,id_04,00000168.wav,abnormal,18.14626693725586,16.64372444152832
slider,id_04,00000169.wav,abnormal,17.9453125,19.95119285583496
slider,id_04,00000170.wav,abnormal,17.798063278198242,19.102514266967773
slider,id_04,00000171.wav,abnormal,17.903417587280273,16.732269287109375
slider,id_04,00000172.wav,abnormal,19.430559158325195,16.25702476501465
slider,id_04,00000173.wav,abnormal,17.353557586669922,10.147045135498047
slider,id_04,00000174.wav,abnormal,17.645648956298828,12.295123100280762
slider,id_04,00000175.wav,abnormal,17.3662166595459,12.518821716308594
slider,id_04,00000176.wav,abnormal,18.441242218017578,15.125911712646484
slider,id_04,00000177.wav,abnormal,17.63568878173828,28.677597045898438
slider,id_06,00000000.wav,abnormal,17.034141540527344,23.745046615600586
slider,id_06,00000001.wav,abnormal,15.590063095092773,11.858470916748047
slider,id_06,00000002.wav,abnormal,11.575883865356445,34.93537139892578
slider,id_06,00000003.wav,abnormal,16.71883773803711,31.44025993347168
slider,id_06,00000004.wav,abnormal,16.576457977294922,28.43309211730957
slider,id_06,00000005.wav,abnormal,15.752674102783203,20.41530990600586
slider,id_06,00000006.wav,abnormal,15.82708740234375,36.92259216308594
slider,id_06,00000007.wav,abnormal,14.80893325805664,30.64173698425293
slider,id_06,00000008.wav,abnormal,16.16855812072754,40.798309326171875
slider,id_06,00000009.wav,abnormal,14.718676567077637,20.774765014648438
slider,id_06,00000010.wav,abnormal,14.108159065246582,11.5375394821167
slider,id_06,00000011.wav,abnormal,15.672425270080566,22.488550186157227
slider,id_06,00000012.wav,abnormal,14.393549919128418,19.97075843811035
slider,id_06,00000013.wav,abnormal,16.135042190551758,17.988792419433594
slider,id_06,00000014.wav,abnormal,15.800862312316895,16.63214683532715
slider,id_06,00000015.wav,abnormal,17.344961166381836,25.5781192779541
slider,id_06,00000016.wav,abnormal,15.278177261352539,16.32761573791504
slider,id_06,00000017.wav,abnormal,17.46379280090332,18.606563568115234
slider,id_06,00000018.wav,abnormal,15.214871406555176,34.11736297607422
slider,id_06,00000019.wav,abnormal,15.682265281677246,21.523054122924805
slider,id_06,00000020.wav,abnormal,11.947696685791016,19.179529190063477
slider,id_06,00000021.wav,abnormal,16.178504943847656,31.865177154541016
slider,id_06,00000022.wav,abnormal,16.210195541381836,41.67127990722656
slider,id_06,00000023.wav,abnormal,16.841829299926758,23.30715560913086
slider,id_06,00000024.wav,abnormal,16.13109016418457,15.113895416259766
slider,id_06,00000025.wav,abnormal,14.38720703125,25.789649963378906
slider,id_06,00000026.wav,abnormal,18.1391544342041,16.318952560424805
slider,id_06,00000027.wav,abnormal,15.098697662353516,19.209516525268555
slider,id_06,00000028.wav,abnormal,16.848615646362305,22.43702507019043
slider,id_06,00000029.wav,abnormal,14.545226097106934,15.626945495605469
slider,id_06,00000030.wav,abnormal,15.69765567779541,23.927692413330078
slider,id_06,00000031.wav,abnormal,15.21583080291748,37.21651840209961
slider,id_06,00000032.wav,abnormal,14.750298500061035,28.75240135192871
slider,id_06,00000033.wav,abnormal,17.36728858947754,14.047065734863281
slider,id_06,00000034.wav,abnormal,10.367989540100098,18.047452926635742
slider,id_06,00000035.wav,abnormal,16.46721839904785,22.61321449279785
slider,id_06,00000036.wav,abnormal,13.80723762512207,18.226665496826172
slider,id_06,00000037.wav,abnormal,16.97034454345703,17.723169326782227
slider,id_06,00000038.wav,abnormal,11.264177322387695,10.59532356262207
slider,id_06,00000039.wav,abnormal,15.797099113464355,12.609380722045898
slider,id_06,00000040.wav,abnormal,15.341497421264648,19.493549346923828
slider,id_06,00000041.wav,abnormal,12.915236473083496,32.92207717895508
slider,id_06,00000042.wav,abnormal,16.394840240478516,19.640087127685547
slider,id_06,00000043.wav,abnormal,15.515168190002441,29.910934448242188
slider,id_06,00000044.wav,abnormal,18.39189338684082,12.396130561828613
slider,id_06,00000045.wav,abnormal,13.129473686218262,18.621971130371094
slider,id_06,00000046.wav,abnormal,16.367677688598633,19.32740020751953
slider,id_06,00000047.wav,abnormal,15.58785343170166,24.402629852294922
slider,id_06,00000048.wav,abnormal,16.34646224975586,13.636848449707031
slider,id_06,00000049.wav,abnormal,15.657301902770996,16.06895637512207
slider,id_06,00000050.wav,abnormal,16.23956298828125,26.646099090576172
slider,id_06,00000051.wav,abnormal,15.402074813842773,21.81051254272461
slider,id_06,00000052.wav,abnormal,14.743293762207031,19.935575485229492
slider,id_06,00000053.wav,abnormal,17.232757568359375,14.216280937194824
slider,id_06,00000054.wav,abnormal,13.72712516784668,12.950372695922852
slider,id_06,00000055.wav,abnormal,17.600820541381836,21.169286727905273
slider,id_06,00000056.wav,abnormal,14.388690948486328,30.75432014465332
slider,id_06,00000057.wav,abnormal,14.141818046569824,15.85200023651123
slider,id_06,00000058.wav,abnormal,15.49941349029541,34.161842346191406
slider,id_06,00000059.wav,abnormal,17.292903900146484,14.750601768493652
slider,id_06,00000060.wav,abnormal,15.793434143066406,15.584882736206055
slider,id_06,00000061.wav,abnormal,15.486658096313477,17.801912307739258
slider,id_06,00000062.wav,abnormal,17.214847564697266,14.518952369689941
slider,id_06,00000063.wav,abnormal,15.743349075317383,29.604055404663086
slider,id_06,00000064.wav,abnormal,17.5942440032959,16.680782318115234
slider,id_06,00000065.wav,abnormal,13.102829933166504,12.385602951049805
slider,id_06,00000066.wav,abnormal,17.450138092041016,17.23175621032715
slider,id_06,00000067.wav,abnormal,14.237017631530762,31.947154998779297
slider,id_06,00000068.wav,abnormal,16.191743850708008,23.895986557006836
slider,id_06,00000069.wav,abnormal,15.580269813537598,17.55425453186035
slider,id_06,00000070.wav,abnormal,14.198858261108398,22.20404052734375
slider,id_06,00000071.wav,abnormal,16.842700958251953,17.44968032836914
slider,id_06,00000072.wav,abnormal,14.273308753967285,14.415356636047363
slider,id_06,00000073.wav,abnormal,16.665771484375,15.827638626098633
slider,id_06,00000074.wav,abnormal,14.277268409729004,29.626689910888672
slider,id_06,00000075.wav,abnormal,18.62310791015625,13.912210464477539
slider,id_06,00000076.wav,abnormal,12.32375717163086,23.00763511657715
slider,id_06,00000077.wav,abnormal,14.533014297485352,24.627349853515625
slider,id_06,00000078.wav,abnormal,16.38642692565918,17.511926651000977
slider,id_06,00000079.wav,abnormal,15.62977123260498,33.34873962402344
slider,id_06,00000080.wav,abnormal,16.81257438659668,18.767257690429688
slider,id_06,00000081.wav,abnormal,11.397642135620117,26.216129302978516
slider,id_06,00000082.wav,abnormal,16.03350067138672,27.74315643310547
slider,id_06,00000083.wav,abnormal,15.20615005493164,22.956628799438477
slider,id_06,00000084.wav,abnormal,16.38604164123535,20.55050277709961
slider,id_06,00000085.wav,abnormal,12.77767276763916,21.757137298583984
slider,id_06,00000086.wav,abnormal,16.833637237548828,19.1943416595459
slider,id_06,00000087.wav,abnormal,15.185508728027344,11.30640697479248
slider,id_06,00000088.wav,abnormal,14.386391639709473,31.285249710083008
valve,id_00,00000551.wav,normal,18.346385955810547,15.07180118560791
valve,id_00,00000965.wav,normal,17.100576400756836,7.054296016693115
valve,id_00,00000762.wav,normal,18.34469985961914,9.436304092407227
valve,id_00,00000252.wav,normal,20.124509811401367,12.570671081542969
valve,id_00,00000983.wav,normal,15.42641830444336,11.133251190185547
valve,id_00,00000271.wav,normal,18.787147521972656,8.578824996948242
valve,id_00,00000146.wav,normal,18.322355270385742,7.9639787673950195
valve,id_00,00000469.wav,normal,20.264205932617188,14.353188514709473
valve,id_00,00000658.wav,normal,16.42326545715332,14.87974739074707
valve,id_00,00000405.wav,normal,15.51812744140625,14.538601875305176
valve,id_00,00000511.wav,normal,17.355432510375977,19.276897430419922
valve,id_00,00000671.wav,normal,17.679893493652344,6.138942718505859
valve,id_00,00000217.wav,normal,19.134334564208984,13.034845352172852
valve,id_00,00000322.wav,normal,18.76782989501953,7.630788803100586
valve,id_00,00000735.wav,normal,17.16094970703125,10.216370582580566
valve,id_00,00000580.wav,normal,19.171504974365234,11.50728702545166
valve,id_00,00000216.wav,normal,20.151866912841797,11.097766876220703
valve,id_00,00000067.wav,normal,20.86761474609375,13.226858139038086
valve,id_00,00000274.wav,normal,19.605167388916016,9.562936782836914
valve,id_00,00000410.wav,normal,19.335107803344727,11.194973945617676
valve,id_00,00000323.wav,normal,20.76160430908203,12.940606117248535
valve,id_00,00000824.wav,normal,17.415952682495117,23.34818458557129
valve,id_00,00000973.wav,normal,15.09792423248291,11.821057319641113
valve,id_00,00000841.wav,normal,18.78439712524414,7.089479923248291
valve,id_00,00000234.wav,normal,19.31944465637207,9.51058578491211
valve,id_00,00000057.wav,normal,19.001468658447266,9.21371841430664
valve,id_00,00000794.wav,normal,17.49262809753418,18.765954971313477
valve,id_00,00000786.wav,normal,18.58699607849121,18.6364688873291
valve,id_00,00000863.wav,normal,16.54624366760254,12.115021705627441
valve,id_00,00000332.wav,normal,19.965232849121094,11.218297004699707
valve,id_00,00000701.wav,normal,19.685176849365234,19.6950740814209
valve,id_00,00000224.wav,normal,17.711666107177734,12.722859382629395
valve,id_00,00000570.wav,normal,14.772077560424805,17.467817306518555
valve,id_00,00000704.wav,normal,17.700159072875977,11.648967742919922
valve,id_00,00000655.wav,normal,16.3906307220459,13.185776710510254
valve,id_00,00000276.wav,normal,18.134132385253906,10.003507614135742
valve,id_00,00000388.wav,normal,18.48854637145996,8.62923526763916
valve,id_00,00000473.wav,normal,14.065824508666992,23.36224365234375
valve,id_00,00000167.wav,normal,19.830978393554688,10.593607902526855
valve,id_00,00000985.wav,normal,14.811773300170898,18.291122436523438
valve,id_00,00000746.wav,normal,16.128755569458008,8.912891387939453
valve,id_00,00000546.wav,normal,16.959997177124023,7.736542224884033
valve,id_00,00000175.wav,normal,19.229530334472656,9.873684883117676
valve,id_00,00000898.wav,normal,16.993301391601562,13.075150489807129
valve,id_00,00000623.wav,normal,14.035111427307129,20.2639217376709
valve,id_00,00000073.wav,normal,19.352201461791992,11.071080207824707
valve,id_00,00000663.wav,normal,12.605238914489746,26.56100082397461
valve,id_00,00000699.wav,normal,18.084430694580078,8.504836082458496
valve,id_00,00000961.wav,normal,18.615459442138672,8.22128963470459
valve,id_00,00000273.wav,normal,19.48200225830078,8.344134330749512
valve,id_00,00000686.wav,normal,19.05124282836914,18.350753784179688
valve,id_00,00000214.wav,normal,20.6317081451416,12.778550148010254
valve,id_00,00000363.wav,normal,18.855506896972656,11.480840682983398
valve,id_00,00000379.wav,normal,18.956100463867188,27.24915313720703
valve,id_00,00000166.wav,normal,20.11227798461914,12.7955904006958
valve,id_00,00000373.wav,normal,20.36541175842285,14.631004333496094
valve,id_00,00000854.wav,normal,17.730300903320312,12.898483276367188
valve,id_00,00000650.wav,normal,16.826316833496094,12.213586807250977
valve,id_00,00000464.wav,normal,19.973825454711914,10.48935317993164
valve,id_00,00000945.wav,normal,16.543258666992188,15.710721015930176
valve,id_00,00000938.wav,normal,18.606971740722656,9.860405921936035
valve,id_00,00000103.wav,normal,19.666030883789062,11.446500778198242
valve,id_00,00000887.wav,normal,17.04525375366211,13.40276050567627
valve,id_00,00000969.wav,normal,14.741252899169922,13.194636344909668
valve,id_00,00000875.wav,normal,17.173248291015625,17.921977996826172
valve,id_00,00000081.wav,normal,18.955549240112305,9.980741500854492
valve,id_00,00000296.wav,normal,17.631771087646484,11.824797630310059
valve,id_00,00000791.wav,normal,19.354747772216797,15.70007038116455
valve,id_00,00000233.wav,normal,20.65300750732422,11.829818725585938
valve,id_00,00000677.wav,normal,17.944856643676758,15.634564399719238
valve,id_00,00000046.wav,normal,19.658037185668945,9.901822090148926
valve,id_00,00000071.wav,normal,15.172061920166016,40.02094268798828
valve,id_00,00000721.wav,normal,16.899614334106445,30.377323150634766
valve,id_00,00000196.wav,normal,20.089990615844727,11.074639320373535
valve,id_00,00000591.wav,normal,18.878198623657227,17.415390014648438
valve,id_00,00000370.wav,normal,20.752403259277344,14.525091171264648
valve,id_00,00000882.wav,normal,17.563772201538086,5.7767252922058105
valve,id_00,00000906.wav,normal,18.277545928955078,9.698807716369629
valve,id_00,00000633.wav,normal,17.374807357788086,9.78847599029541
valve,id_00,00000643.wav,normal,18.5614013671875,17.05316162109375
valve,id_00,00000849.wav,normal,17.04897689819336,9.418769836425781
valve,id_00,00000300.wav,normal,19.0252628326416,7.9700212478637695
valve,id_00,00000565.wav,normal,18.691967010498047,11.607366561889648
valve,id_00,00000080.wav,normal,20.678110122680664,15.144875526428223
valve,id_00,00000387.wav,normal,20.301607131958008,13.184308052062988
valve,id_00,00000127.wav,normal,19.636091232299805,11.174782752990723
valve,id_00,00000549.wav,normal,16.906051635742188,10.95486068725586
valve,id_00,00000470.wav,normal,16.43174171447754,26.216785430908203
valve,id_00,00000747.wav,normal,16.641035079956055,7.115097999572754
valve,id_00,00000044.wav,normal,21.250444412231445,27.579715728759766
valve,id_00,00000826.wav,normal,16.444347381591797,13.679216384887695
valve,id_00,00000270.wav,normal,19.241500854492188,10.393604278564453
valve,id_00,00000618.wav,normal,17.758190155029297,23.671323776245117
valve,id_00,00000352.wav,normal,18.682750701904297,16.26800537109375
valve,id_00,00000867.wav,normal,19.82245445251465,10.464256286621094
valve,id_00,00000367.wav,normal,19.79851722717285,12.696920394897461
valve,id_00,00000099.wav,normal,17.833776473999023,9.714654922485352
valve,id_00,00000389.wav,normal,16.1928768157959,37.68766784667969
valve,id_00,00000094.wav,normal,20.16181755065918,12.663395881652832
valve,id_00,00000981.wav,normal,17.258182525634766,17.918010711669922
valve,id_00,00000344.wav,normal,19.23960304260254,10.509033203125
valve,id_00,00000781.wav,normal,18.440025329589844,9.881555557250977
valve,id_00,00000220.wav,normal,19.183391571044922,13.161017417907715
valve,id_00,00000159.wav,normal,20.70590591430664,14.064587593078613
valve,id_00,00000955.wav,normal,16.772951126098633,8.100577354431152
valve,id_00,00000348.wav,normal,19.882415771484375,10.993366241455078
valve,id_00,00000974.wav,normal,12.385185241699219,20.355127334594727
valve,id_00,00000714.wav,normal,15.585457801818848,30.759244918823242
valve,id_00,00000163.wav,normal,18.93929100036621,10.860614776611328
valve,id_00,00000825.wav,normal,16.211231231689453,8.69058895111084
valve,id_00,00000777.wav,normal,16.593494415283203,6.018929958343506
valve,id_00,00000006.wav,normal,21.070621490478516,14.083349227905273
valve,id_00,00000890.wav,normal,13.808757781982422,22.387271881103516
valve,id_00,00000828.wav,normal,17.926340103149414,14.092238426208496
valve,id_00,00000284.wav,normal,20.495403289794922,13.149568557739258
valve,id_00,00000603.wav,normal,18.188404083251953,9.892951011657715
valve,id_00,00000459.wav,normal,18.382585525512695,9.599932670593262
valve,id_00,00000225.wav,normal,20.199485778808594,11.668329238891602
valve,id_00,00000429.wav,normal,19.42469024658203,9.453728675842285
valve,id_00,00000977.wav,normal,15.8220796585083,11.699854850769043
valve,id_00,00000718.wav,normal,16.23191261291504,9.678569793701172
valve,id_00,00000665.wav,normal,12.281471252441406,28.942241668701172
valve,id_00,00000733.wav,normal,12.250019073486328,23.37579917907715
valve,id_00,00000203.wav,normal,19.342134475708008,11.48019790649414
valve,id_00,00000574.wav,normal,18.891448974609375,17.337032318115234
valve,id_00,00000027.wav,normal,17.934967041015625,9.465231895446777
valve,id_00,00000616.wav,normal,17.700767517089844,11.089595794677734
valve,id_00,00000517.wav,normal,17.922771453857422,16.243051528930664
valve,id_00,00000238.wav,normal,19.706634521484375,9.829092979431152
valve,id_00,00000223.wav,normal,20.5013484954834,19.995412826538086
valve,id_00,00000095.wav,normal,20.57242774963379,13.683308601379395
valve,id_00,00000030.wav,normal,17.85858154296875,16.648622512817383
valve,id_00,00000032.wav,normal,16.556209564208984,11.644758224487305
valve,id_00,00000432.wav,normal,18.77509307861328,9.958155632019043
valve,id_00,00000604.wav,normal,15.628183364868164,15.427166938781738
valve,id_00,00000089.wav,normal,20.479454040527344,12.377947807312012
valve,id_00,00000558.wav,normal,16.74225616455078,4.939517498016357
valve,id_00,00000913.wav,normal,18.088665008544922,11.768973350524902
valve,id_00,00000758.wav,normal,12.214624404907227,28.546586990356445
valve,id_00,00000692.wav,normal,14.904088973999023,18.80575942993164
valve,id_00,00000104.wav,normal,21.373884201049805,69.43138885498047
valve,id_00,00000754.wav,normal,12.198759078979492,33.74941635131836
valve,id_00,00000142.wav,normal,19.527225494384766,10.502828598022461
valve,id_00,00000228.wav,normal,20.106216430664062,14.878780364990234
valve,id_00,00000250.wav,normal,16.9776554107666,28.411771774291992
valve,id_00,00000281.wav,normal,18.920988082885742,7.334989547729492
valve,id_00,00000759.wav,normal,17.226272583007812,7.540086269378662
valve,id_00,00000025.wav,normal,19.97859001159668,10.641959190368652
valve,id_00,00000114.wav,normal,18.47066879272461,10.747746467590332
valve,id_00,00000654.wav,normal,17.235261917114258,13.43925952911377
valve,id_02,00000294.wav,normal,11.378924369812012,35.87922286987305
valve,id_02,00000134.wav,normal,12.362687110900879,12.329028129577637
valve,id_02,00000562.wav,normal,16.237491607666016,12.259807586669922
valve,id_02,00000273.wav,normal,14.2175931930542,5.368915557861328
valve,id_02,00000208.wav,normal,14.545367240905762,11.904586791992188
valve,id_02,00000052.wav,normal,12.524585723876953,10.306766510009766
valve,id_02,00000645.wav,normal,17.55561065673828,11.229731559753418
valve,id_02,00000510.wav,normal,15.463106155395508,8.697247505187988
valve,id_02,00000370.wav,normal,14.228325843811035,10.212276458740234
valve,id_02,00000530.wav,normal,17.234107971191406,14.145048141479492
valve,id_02,00000192.wav,normal,15.947471618652344,15.510690689086914
valve,id_02,00000055.wav,normal,12.074567794799805,22.27236557006836
valve,id_02,00000423.wav,normal,14.544363975524902,6.830775260925293
valve,id_02,00000473.wav,normal,18.509429931640625,15.148797035217285
valve,id_02,00000555.wav,normal,17.422256469726562,10.991192817687988
valve,id_02,00000001.wav,normal,15.415771484375,5.046014308929443
valve,id_02,00000526.wav,normal,15.251151084899902,14.718046188354492
valve,id_02,00000413.wav,normal,16.07709312438965,14.197331428527832
valve,id_02,00000118.wav,normal,15.062213897705078,8.111198425292969
valve,id_02,00000331.wav,normal,16.05501937866211,9.525940895080566
valve,id_02,00000258.wav,normal,15.697166442871094,22.57107162475586
valve,id_02,00000322.wav,normal,15.860398292541504,11.422776222229004
valve,id_02,00000090.wav,normal,12.259708404541016,11.741313934326172
valve,id_02,00000465.wav,normal,15.455879211425781,10.611031532287598
valve,id_02,00000037.wav,normal,15.446747779846191,7.422380447387695
valve,id_02,00000563.wav,normal,18.526777267456055,13.627547264099121
valve,id_02,00000410.wav,normal,13.18134880065918,20.208541870117188
valve,id_02,00000675.wav,normal,11.088590621948242,27.96927833557129
valve,id_02,00000507.wav,normal,17.564456939697266,11.402726173400879
valve,id_02,00000421.wav,normal,14.44227409362793,10.299066543579102
valve,id_02,00000337.wav,normal,11.32600212097168,25.251066207885742
valve,id_02,00000164.wav,normal,13.912540435791016,9.024334907531738
valve,id_02,00000107.wav,normal,14.478730201721191,16.703718185424805
valve,id_02,00000328.wav,normal,15.537253379821777,12.548373222351074
valve,id_02,00000341.wav,normal,16.32903480529785,15.892763137817383
valve,id_02,00000707.wav,normal,15.830079078674316,19.116683959960938
valve,id_02,00000356.wav,normal,16.603647232055664,12.825620651245117
valve,id_02,00000647.wav,normal,18.738300323486328,15.2944917678833
valve,id_02,00000656.wav,normal,17.99334144592285,14.99398136138916
valve,id_02,00000503.wav,normal,16.865158081054688,14.67357349395752
valve,id_02,00000446.wav,normal,15.24766731262207,8.606764793395996
valve,id_02,00000599.wav,normal,19.433269500732422,16.55351448059082
valve,id_02,00000185.wav,normal,14.30788803100586,12.477598190307617
valve,id_02,00000284.wav,normal,15.442530632019043,7.158884525299072
valve,id_02,00000452.wav,normal,13.905929565429688,11.48574161529541
valve,id_02,00000531.wav,normal,17.999855041503906,21.33735466003418
valve,id_02,00000703.wav,normal,18.317291259765625,14.087635040283203
valve,id_02,00000179.wav,normal,15.353482246398926,8.903507232666016
valve,id_02,00000041.wav,normal,15.305113792419434,4.491976737976074
valve,id_02,00000590.wav,normal,16.154834747314453,20.373838424682617
valve,id_02,00000275.wav,normal,16.524166107177734,10.244354248046875
valve,id_02,00000021.wav,normal,17.208606719970703,10.163018226623535
valve,id_02,00000601.wav,normal,17.388057708740234,12.645742416381836
valve,id_02,00000589.wav,normal,16.247270584106445,12.51199722290039
valve,id_02,00000234.wav,normal,14.048765182495117,12.864013671875
valve,id_02,00000093.wav,normal,14.477678298950195,5.397871494293213
valve,id_02,00000026.wav,normal,16.05525779724121,18.68266487121582
valve,id_02,00000256.wav,normal,13.821671485900879,15.387215614318848
valve,id_02,00000618.wav,normal,18.609575271606445,14.322299003601074
valve,id_02,00000330.wav,normal,15.756880760192871,33.57436752319336
valve,id_02,00000442.wav,normal,15.144155502319336,6.602696895599365
valve,id_02,00000040.wav,normal,12.101921081542969,11.436928749084473
valve,id_02,00000612.wav,normal,17.367589950561523,11.264369010925293
valve,id_02,00000082.wav,normal,12.455253601074219,14.595211029052734
valve,id_02,00000448.wav,normal,16.194469451904297,11.250561714172363
valve,id_02,00000505.wav,normal,16.45456886291504,8.927740097045898
valve,id_02,00000552.wav,normal,16.093313217163086,9.54332160949707
valve,id_02,00000512.wav,normal,17.462644577026367,9.767711639404297
valve,id_02,00000278.wav,normal,17.345924377441406,9.811624526977539
valve,id_02,00000412.wav,normal,16.079120635986328,9.87161922454834
valve,id_02,00000311.wav,normal,14.013199806213379,12.810381889343262
valve,id_02,00000479.wav,normal,16.287883758544922,7.2395758628845215
valve,id_02,00000127.wav,normal,16.94876480102539,11.586898803710938
valve,id_02,00000449.wav,normal,13.306824684143066,9.359387397766113
valve,id_02,00000699.wav,normal,14.714288711547852,18.732759475708008
valve,id_02,00000582.wav,normal,16.26589584350586,10.020414352416992
valve,id_02,00000609.wav,normal,17.433841705322266,17.222326278686523
valve,id_02,00000314.wav,normal,13.548840522766113,10.06369400024414
valve,id_02,00000169.wav,normal,18.324569702148438,19.226526260375977
valve,id_02,00000061.wav,normal,13.025304794311523,13.78099250793457
valve,id_02,00000073.wav,normal,11.890911102294922,15.26901626586914
valve,id_02,00000145.wav,normal,14.844688415527344,8.659280776977539
valve,id_02,00000272.wav,normal,15.206778526306152,6.825706481933594
valve,id_02,00000152.wav,normal,16.817873001098633,12.880522727966309
valve,id_02,00000663.wav,normal,15.836017608642578,15.480677604675293
valve,id_02,00000230.wav,normal,14.550424575805664,5.635766506195068
valve,id_02,00000557.wav,normal,14.010536193847656,9.359649658203125
valve,id_02,00000117.wav,normal,15.042601585388184,15.336894989013672
valve,id_02,00000435.wav,normal,14.649043083190918,16.665054321289062
valve,id_02,00000202.wav,normal,13.732941627502441,49.669158935546875
valve,id_02,00000677.wav,normal,14.068785667419434,16.438934326171875
valve,id_02,00000603.wav,normal,18.0456600189209,13.09495735168457
valve,id_02,00000640.wav,normal,18.77375602722168,14.858210563659668
valve,id_02,00000270.wav,normal,17.591907501220703,13.196746826171875
valve,id_02,00000239.wav,normal,15.410404205322266,19.18498420715332
valve,id_02,00000072.wav,normal,17.10895347595215,16.923917770385742
valve,id_02,00000464.wav,normal,17.34843635559082,12.759648323059082
valve,id_02,00000289.wav,normal,17.670495986938477,18.090560913085938
valve,id_02,00000295.wav,normal,12.783150672912598,31.48680877685547
valve,id_02,00000237.wav,normal,14.937691688537598,7.997165679931641
valve,id_02,00000033.wav,normal,14.925541877746582,25.367704391479492
valve,id_02,00000298.wav,normal,13.068822860717773,13.623637199401855
valve,id_02,00000481.wav,normal,15.648419380187988,8.831387519836426
valve,id_02,00000608.wav,normal,17.290054321289062,10.001994132995605
valve,id_02,00000705.wav,normal,17.79546546936035,13.92856502532959
valve,id_02,00000461.wav,normal,17.64000701904297,15.972615242004395
valve,id_02,00000418.wav,normal,14.758594512939453,5.661919593811035
valve,id_04,00000859.wav,normal,11.845992088317871,13.333495140075684
valve,id_04,00000904.wav,normal,16.452802658081055,21.91245460510254
valve,id_04,00000725.wav,normal,16.787511825561523,26.126794815063477
valve,id_04,00000609.wav,normal,10.806025505065918,28.539636611938477
valve,id_04,00000132.wav,normal,16.089277267456055,15.492074012756348
valve,id_04,00000401.wav,normal,12.546541213989258,10.62341594696045
valve,id_04,00000678.wav,normal,11.165962219238281,16.299057006835938
valve,id_04,00000715.wav,normal,10.118143081665039,30.493824005126953
valve,id_04,00000983.wav,normal,12.261876106262207,14.085676193237305
valve,id_04,00000945.wav,normal,11.114789009094238,10.986654281616211
valve,id_04,00000358.wav,normal,15.823923110961914,14.63072395324707
valve,id_04,00000144.wav,normal,17.015926361083984,30.495128631591797
valve,id_04,00000679.wav,normal,15.300355911254883,13.747332572937012
valve,id_04,00000596.wav,normal,14.124482154846191,11.846220970153809
valve,id_04,00000083.wav,normal,15.364083290100098,16.020761489868164
valve,id_04,00000341.wav,normal,11.53654670715332,8.958603858947754
valve,id_04,00000153.wav,normal,17.53984260559082,23.481632232666016
valve,id_04,00000617.wav,normal,10.337458610534668,12.920413970947266
valve,id_04,00000672.wav,normal,15.053393363952637,15.2366943359375
valve,id_04,00000741.wav,normal,10.827630043029785,19.239768981933594
valve,id_04,00000258.wav,normal,16.527442932128906,19.083541870117188
valve,id_04,00000290.wav,normal,16.16710662841797,13.937540054321289
valve,id_04,00000395.wav,normal,15.307256698608398,14.245768547058105
valve,id_04,00000694.wav,normal,18.943058013916016,31.83340072631836
valve,id_04,00000571.wav,normal,12.781183242797852,30.33336067199707
valve,id_04,00000096.wav,normal,10.319314002990723,12.709781646728516
valve,id_04,00000337.wav,normal,13.862772941589355,8.77567195892334
valve,id_04,00000067.wav,normal,13.834553718566895,20.18683624267578
valve,id_04,00000342.wav,normal,12.889272689819336,7.091127872467041
valve,id_04,00000662.wav,normal,13.375337600708008,11.173820495605469
valve,id_04,00000954.wav,normal,11.310138702392578,12.931370735168457
valve,id_04,00000808.wav,normal,10.972021102905273,9.287796020507812
valve,id_04,00000053.wav,normal,19.8232364654541,24.698884963989258
valve,id_04,00000612.wav,normal,15.279932022094727,18.772123336791992
valve,id_04,00000695.wav,normal,12.76322078704834,7.341251373291016
valve,id_04,00000346.wav,normal,19.46600914001465,25.85880470275879
valve,id_04,00000793.wav,normal,16.63105010986328,25.854936599731445
valve,id_04,00000418.wav,normal,14.32255744934082,11.406350135803223
valve,id_04,00000396.wav,normal,13.036198616027832,15.623800277709961
valve,id_04,00000289.wav,normal,13.047350883483887,17.263683319091797
valve,id_04,00000381.wav,normal,15.722593307495117,12.80556583404541
valve,id_04,00000372.wav,normal,15.932979583740234,14.189682960510254
valve,id_04,00000162.wav,normal,17.48919105529785,18.48770523071289
valve,id_04,00000624.wav,normal,18.300893783569336,25.406679153442383
valve,id_04,00000535.wav,normal,11.524807929992676,17.185117721557617
valve,id_04,00000536.wav,normal,9.704002380371094,13.449658393859863
valve,id_04,00000449.wav,normal,16.081127166748047,17.005643844604492
valve,id_04,00000448.wav,normal,12.013278007507324,8.121835708618164
valve,id_04,00000724.wav,normal,9.807781219482422,16.75808334350586
valve,id_04,00000253.wav,normal,16.169788360595703,14.474576950073242
valve,id_04,00000040.wav,normal,13.68506908416748,18.611160278320312
valve,id_04,00000176.wav,normal,17.468137741088867,18.21908950805664
valve,id_04,00000661.wav,normal,10.908018112182617,21.437599182128906
valve,id_04,00000516.wav,normal,11.271507263183594,33.7408447265625
valve,id_04,00000086.wav,normal,15.756436347961426,17.68187141418457
valve,id_04,00000731.wav,normal,11.452305793762207,13.89417839050293
valve,id_04,00000351.wav,normal,14.361172676086426,10.626874923706055
valve,id_04,00000857.wav,normal,15.147947311401367,23.102108001708984
valve,id_04,00000830.wav,normal,13.489901542663574,11.193331718444824
valve,id_04,00000992.wav,normal,15.089329719543457,13.644452095031738
valve,id_04,00000461.wav,normal,13.394777297973633,9.4727144241333
valve,id_04,00000063.wav,normal,19.671628952026367,32.63372802734375
valve,id_04,00000959.wav,normal,14.118298530578613,12.71535873413086
valve,id_04,00000513.wav,normal,17.44664192199707,26.932268142700195
valve,id_04,00000487.wav,normal,14.558272361755371,13.86592960357666
valve,id_04,00000619.wav,normal,13.056706428527832,23.503128051757812
valve,id_04,00000329.wav,normal,14.502449035644531,17.059555053710938
valve,id_04,00000192.wav,normal,11.422131538391113,5.90919303894043
valve,id_04,00000667.wav,normal,9.49628734588623,19.510826110839844
valve,id_04,00000585.wav,normal,10.888725280761719,13.579598426818848
valve,id_04,00000829.wav,normal,13.371054649353027,11.014122009277344
valve,id_04,00000460.wav,normal,13.14450454711914,10.741345405578613
valve,id_04,00000042.wav,normal,12.114971160888672,7.084291934967041
valve,id_04,00000917.wav,normal,14.420279502868652,17.352277755737305
valve,id_04,00000756.wav,normal,11.721203804016113,8.59304428100586
valve,id_04,00000810.wav,normal,14.668540000915527,13.400343894958496
valve,id_04,00000567.wav,normal,11.99399471282959,9.209883689880371
valve,id_04,00000594.wav,normal,14.021036148071289,23.106386184692383
valve,id_04,00000473.wav,normal,18.242267608642578,21.348575592041016
valve,id_04,00000393.wav,normal,13.108863830566406,13.696478843688965
valve,id_04,00000947.wav,normal,9.952658653259277,18.322484970092773
valve,id_04,00000608.wav,normal,18.71086311340332,21.73300552368164
valve,id_04,00000629.wav,normal,12.046632766723633,8.209039688110352
valve,id_04,00000092.wav,normal,14.813790321350098,11.595273971557617
valve,id_04,00000875.wav,normal,9.116256713867188,19.518936157226562
valve,id_04,00000962.wav,normal,11.257892608642578,10.666641235351562
valve,id_04,00000996.wav,normal,12.794249534606934,11.329509735107422
valve,id_04,00000078.wav,normal,14.561556816101074,9.637581825256348
valve,id_04,00000293.wav,normal,15.659996032714844,15.141597747802734
valve,id_04,00000851.wav,normal,14.234190940856934,13.205034255981445
valve,id_04,00000377.wav,normal,16.15343475341797,16.122112274169922
valve,id_04,00000058.wav,normal,15.646949768066406,14.503922462463379
valve,id_04,00000038.wav,normal,19.501583099365234,25.366037368774414
valve,id_04,00000462.wav,normal,14.848955154418945,13.169071197509766
valve,id_04,00000472.wav,normal,15.178333282470703,12.622015953063965
valve,id_04,00000317.wav,normal,14.026069641113281,12.015875816345215
valve,id_04,00000075.wav,normal,11.874802589416504,7.936299800872803
valve,id_04,00000519.wav,normal,11.599989891052246,10.007699966430664
valve,id_04,00000360.wav,normal,14.926238059997559,11.509593963623047
valve,id_04,00000057.wav,normal,17.13568878173828,22.23143768310547
valve,id_04,00000605.wav,normal,16.728073120117188,16.547245025634766
valve,id_04,00000281.wav,normal,11.552898406982422,14.528584480285645
valve,id_04,00000815.wav,normal,12.061820030212402,10.207101821899414
valve,id_04,00000310.wav,normal,12.295120239257812,13.553749084472656
valve,id_04,00000646.wav,normal,12.282485008239746,13.19240951538086
valve,id_04,00000452.wav,normal,13.030546188354492,8.6973237991333
valve,id_04,00000480.wav,normal,16.570070266723633,15.255037307739258
valve,id_04,00000069.wav,normal,15.571803092956543,16.743946075439453
valve,id_04,00000450.wav,normal,15.348591804504395,15.85595417022705
valve,id_04,00000154.wav,normal,13.16571044921875,6.8468017578125
valve,id_04,00000323.wav,normal,16.207290649414062,18.435165405273438
valve,id_04,00000642.wav,normal,17.975053787231445,28.283658981323242
valve,id_04,00000884.wav,normal,16.402551651000977,21.794645309448242
valve,id_04,00000330.wav,normal,12.950687408447266,13.78275203704834
valve,id_04,00000639.wav,normal,12.089296340942383,14.379655838012695
valve,id_04,00000650.wav,normal,10.892160415649414,8.025444984436035
valve,id_04,00000658.wav,normal,12.722989082336426,9.807785034179688
valve,id_04,00000578.wav,normal,14.30263900756836,15.473272323608398
valve,id_04,00000903.wav,normal,9.137716293334961,20.785017013549805
valve,id_04,00000946.wav,normal,17.427536010742188,20.66889190673828
valve,id_04,00000697.wav,normal,12.468560218811035,10.658166885375977
valve,id_04,00000459.wav,normal,12.789998054504395,9.71101188659668
valve,id_04,00000593.wav,normal,12.030328750610352,25.339963912963867
valve,id_04,00000985.wav,normal,12.3784818649292,13.359362602233887
valve,id_04,00000577.wav,normal,11.081791877746582,11.196586608886719
valve,id_04,00000772.wav,normal,11.11708927154541,8.213834762573242
valve,id_04,00000475.wav,normal,11.906758308410645,14.212119102478027
valve,id_04,00000505.wav,normal,12.116836547851562,24.270795822143555
valve,id_04,00000643.wav,normal,11.698983192443848,22.026914596557617
valve,id_04,00000791.wav,normal,15.510339736938477,15.457952499389648
valve,id_04,00000974.wav,normal,10.789794921875,10.985915184020996
valve,id_04,00000181.wav,normal,14.119783401489258,9.725163459777832
valve,id_04,00000077.wav,normal,12.525162696838379,8.204792976379395
valve,id_04,00000671.wav,normal,11.060412406921387,14.166463851928711
valve,id_04,00000777.wav,normal,14.45936107635498,16.494680404663086
valve,id_04,00000778.wav,normal,14.58484172821045,15.538111686706543
valve,id_04,00000156.wav,normal,19.011737823486328,30.11736297607422
valve,id_04,00000616.wav,normal,10.217066764831543,15.28494930267334
valve,id_04,00000177.wav,normal,14.03178596496582,12.342047691345215
valve,id_04,00000202.wav,normal,13.997212409973145,13.395636558532715
valve,id_04,00000262.wav,normal,15.777230262756348,19.590408325195312
valve,id_04,00000149.wav,normal,15.32065486907959,14.040931701660156
valve,id_04,00000105.wav,normal,14.249724388122559,13.647440910339355
valve,id_04,00000241.wav,normal,13.878284454345703,9.202251434326172
valve,id_04,00000151.wav,normal,12.493488311767578,5.823731899261475
valve,id_04,00000834.wav,normal,15.646474838256836,18.866907119750977
valve,id_04,00000660.wav,normal,13.114514350891113,16.73241424560547
valve,id_04,00000838.wav,normal,12.443047523498535,8.349296569824219
valve,id_04,00000981.wav,normal,12.045697212219238,19.483600616455078
valve,id_04,00000744.wav,normal,9.513238906860352,15.659050941467285
valve,id_06,00000423.wav,normal,19.662660598754883,8.848906517028809
valve,id_06,00000226.wav,normal,16.74335479736328,14.119906425476074
valve,id_06,00000533.wav,normal,19.414854049682617,9.616496086120605
valve,id_06,00000889.wav,normal,18.505273818969727,8.628742218017578
valve,id_06,00000146.wav,normal,17.626266479492188,15.388277053833008
valve,id_06,00000309.wav,normal,18.02750587463379,10.197662353515625
valve,id_06,00000242.wav,normal,13.761771202087402,28.126609802246094
valve,id_06,00000328.wav,normal,16.787391662597656,10.061247825622559
valve,id_06,00000838.wav,normal,18.32245445251465,15.627238273620605
valve,id_06,00000876.wav,normal,14.079500198364258,27.145437240600586
valve,id_06,00000791.wav,normal,18.92400550842285,31.504596710205078
valve,id_06,00000877.wav,normal,18.656661987304688,5.490445613861084
valve,id_06,00000591.wav,normal,20.195573806762695,13.403153419494629
valve,id_06,00000326.wav,normal,17.230396270751953,24.60346794128418
valve,id_06,00000589.wav,normal,19.076675415039062,9.985664367675781
valve,id_06,00000749.wav,normal,19.370168685913086,6.563007354736328
valve,id_06,00000835.wav,normal,19.466644287109375,7.035188674926758
valve,id_06,00000868.wav,normal,19.094402313232422,6.675067901611328
valve,id_06,00000296.wav,normal,19.674299240112305,16.241252899169922
valve,id_06,00000515.wav,normal,20.713287353515625,11.487151145935059
valve,id_06,00000143.wav,normal,17.402647018432617,18.993757247924805
valve,id_06,00000057.wav,normal,18.104257583618164,11.329167366027832
valve,id_06,00000794.wav,normal,19.302162170410156,10.27277946472168
valve,id_06,00000772.wav,normal,17.762401580810547,8.527921676635742
valve,id_06,00000222.wav,normal,18.98468017578125,10.621403694152832
valve,id_06,00000927.wav,normal,18.867219924926758,12.130094528198242
valve,id_06,00000239.wav,normal,17.72159194946289,15.679049491882324
valve,id_06,00000449.wav,normal,18.419570922851562,9.587112426757812
valve,id_06,00000411.wav,normal,17.590566635131836,9.695068359375
valve,id_06,00000045.wav,normal,19.465913772583008,8.872227668762207
valve,id_06,00000758.wav,normal,19.758329391479492,10.154206275939941
valve,id_06,00000250.wav,normal,18.563518524169922,10.776192665100098
valve,id_06,00000049.wav,normal,18.887683868408203,26.21233367919922
valve,id_06,00000720.wav,normal,20.318939208984375,10.900211334228516
valve,id_06,00000973.wav,normal,18.638120651245117,11.417593002319336
valve,id_06,00000612.wav,normal,20.13689613342285,14.554625511169434
valve,id_06,00000457.wav,normal,16.832881927490234,7.786656856536865
valve,id_06,00000034.wav,normal,14.29970645904541,31.0374698638916
valve,id_06,00000608.wav,normal,19.156269073486328,26.326387405395508
valve,id_06,00000103.wav,normal,18.591882705688477,9.669902801513672
valve,id_06,00000068.wav,normal,19.719520568847656,9.661345481872559
valve,id_06,00000211.wav,normal,19.079721450805664,7.241169452667236
valve,id_06,00000246.wav,normal,18.93585777282715,10.901946067810059
valve,id_06,00000016.wav,normal,17.833707809448242,7.699306964874268
valve,id_06,00000944.wav,normal,19.913442611694336,9.096090316772461
valve,id_06,00000629.wav,normal,18.833192825317383,9.62257194519043
valve,id_06,00000429.wav,normal,15.001267433166504,29.031801223754883
valve,id_06,00000676.wav,normal,19.88611602783203,11.331565856933594
valve,id_06,00000984.wav,normal,18.41730499267578,16.91382598876953
valve,id_06,00000950.wav,normal,17.942068099975586,8.96612548828125
valve,id_06,00000115.wav,normal,20.549673080444336,10.46442985534668
valve,id_06,00000783.wav,normal,19.06931495666504,14.762059211730957
valve,id_06,00000742.wav,normal,19.841630935668945,11.712662696838379
valve,id_06,00000193.wav,normal,19.388599395751953,13.099193572998047
valve,id_06,00000282.wav,normal,19.4215030670166,9.995439529418945
valve,id_06,00000158.wav,normal,18.381004333496094,12.35982608795166
valve,id_06,00000354.wav,normal,17.5086727142334,7.840605735778809
valve,id_06,00000471.wav,normal,18.207334518432617,12.11233139038086
valve,id_06,00000253.wav,normal,18.41938018798828,6.838191986083984
valve,id_06,00000235.wav,normal,16.16217613220215,16.864858627319336
valve,id_06,00000843.wav,normal,18.118946075439453,8.779977798461914
valve,id_06,00000388.wav,normal,17.88123321533203,11.537346839904785
valve,id_06,00000544.wav,normal,20.141307830810547,14.944597244262695
valve,id_06,00000434.wav,normal,18.449466705322266,7.484591007232666
valve,id_06,00000557.wav,normal,19.748868942260742,8.445798873901367
valve,id_06,00000736.wav,normal,18.625492095947266,10.835458755493164
valve,id_06,00000689.wav,normal,20.32813262939453,11.432382583618164
valve,id_06,00000474.wav,normal,16.53829002380371,9.9031343460083
valve,id_06,00000305.wav,normal,18.230201721191406,14.522868156433105
valve,id_06,00000023.wav,normal,18.141582489013672,6.363511085510254
valve,id_06,00000774.wav,normal,18.84955596923828,7.7826972007751465
valve,id_06,00000965.wav,normal,18.28573989868164,5.919803142547607
valve,id_06,00000854.wav,normal,18.85782814025879,9.663389205932617
valve,id_06,00000228.wav,normal,16.511762619018555,9.144371032714844
valve,id_06,00000745.wav,normal,21.441272735595703,15.679228782653809
valve,id_06,00000130.wav,normal,16.761451721191406,29.89859962463379
valve,id_06,00000541.wav,normal,20.066410064697266,13.993880271911621
valve,id_06,00000402.wav,normal,17.59597396850586,5.082247257232666
valve,id_06,00000550.wav,normal,19.125843048095703,12.984966278076172
valve,id_06,00000182.wav,normal,17.675865173339844,10.97690486907959
valve,id_06,00000121.wav,normal,18.490646362304688,12.317965507507324
valve,id_06,00000356.wav,normal,17.774295806884766,22.841983795166016
valve,id_06,00000880.wav,normal,18.86635971069336,5.843931674957275
valve,id_06,00000669.wav,normal,21.128252029418945,24.297914505004883
valve,id_06,00000136.wav,normal,18.964269638061523,10.456571578979492
valve,id_06,00000552.wav,normal,19.5974178314209,6.715581893920898
valve,id_06,00000895.wav,normal,19.82697296142578,10.341043472290039
valve,id_06,00000677.wav,normal,19.5094051361084,7.693078517913818
valve,id_06,00000699.wav,normal,20.5880184173584,20.903366088867188
valve,id_06,00000082.wav,normal,19.476299285888672,7.508208274841309
valve,id_06,00000384.wav,normal,20.228853225708008,30.436708450317383
valve,id_06,00000386.wav,normal,20.642549514770508,12.389810562133789
valve,id_06,00000928.wav,normal,20.034488677978516,12.02189826965332
valve,id_06,00000890.wav,normal,18.13228416442871,6.194379806518555
valve,id_06,00000459.wav,normal,19.674856185913086,12.439128875732422
valve,id_06,00000391.wav,normal,16.65641212463379,14.879561424255371
valve,id_06,00000912.wav,normal,16.737993240356445,17.18266487121582
valve,id_06,00000383.wav,normal,18.517539978027344,5.142200469970703
valve,id_06,00000430.wav,normal,17.2001895904541,33.8594856262207
valve,id_06,00000661.wav,normal,21.779014587402344,16.51409149169922
valve,id_06,00000746.wav,normal,18.778564453125,8.869803428649902
valve,id_06,00000656.wav,normal,21.355073928833008,13.348675727844238
valve,id_06,00000784.wav,normal,17.55486297607422,16.202295303344727
valve,id_06,00000138.wav,normal,19.472991943359375,9.41542911529541
valve,id_06,00000787.wav,normal,18.959104537963867,17.415267944335938
valve,id_06,00000184.wav,normal,18.97210121154785,5.1479973793029785
valve,id_06,00000418.wav,normal,17.081632614135742,11.901382446289062
valve,id_06,00000293.wav,normal,18.65684700012207,12.18413257598877
valve,id_06,00000032.wav,normal,15.26292610168457,21.413089752197266
valve,id_06,00000483.wav,normal,16.56140899658203,10.802154541015625
valve,id_06,00000070.wav,normal,19.325878143310547,10.54691219329834
valve,id_06,00000915.wav,normal,18.008390426635742,13.537079811096191
valve,id_06,00000061.wav,normal,17.45836639404297,10.22668743133545
valve,id_06,00000554.wav,normal,19.688907623291016,8.82033634185791
valve,id_06,00000065.wav,normal,20.062467575073242,14.227270126342773
valve,id_06,00000717.wav,normal,20.7924861907959,21.12885093688965
valve,id_06,00000352.wav,normal,17.26894760131836,23.4637451171875
valve,id_06,00000433.wav,normal,18.311452865600586,21.861053466796875
valve,id_06,00000046.wav,normal,19.503297805786133,7.688425064086914
valve,id_06,00000074.wav,normal,20.882705688476562,14.836483001708984
valve,id_06,00000592.wav,normal,20.05837631225586,10.432293891906738
valve,id_06,00000223.wav,normal,16.839126586914062,19.577882766723633
valve,id_06,00000763.wav,normal,19.811511993408203,8.169997215270996
valve,id_06,00000003.wav,normal,20.267009735107422,18.99129867553711
valve,id_06,00000836.wav,normal,20.11070442199707,11.580817222595215
valve,id_06,00000260.wav,normal,15.547587394714355,15.662116050720215
valve,id_06,00000405.wav,normal,18.86185073852539,12.608158111572266
valve,id_06,00000022.wav,normal,14.0028715133667,29.720901489257812
valve,id_06,00000740.wav,normal,18.159025192260742,14.194247245788574
valve,id_06,00000315.wav,normal,20.402950286865234,10.814359664916992
valve,id_06,00000826.wav,normal,18.681320190429688,6.775176525115967
valve,id_06,00000688.wav,normal,19.775754928588867,12.945035934448242
valve,id_06,00000473.wav,normal,18.557941436767578,4.5197930335998535
valve,id_06,00000572.wav,normal,21.208431243896484,12.964678764343262
valve,id_06,00000059.wav,normal,17.01738929748535,14.697339057922363
valve,id_06,00000577.wav,normal,19.075607299804688,12.107967376708984
valve,id_06,00000467.wav,normal,17.678211212158203,7.970508098602295
valve,id_06,00000425.wav,normal,18.330833435058594,16.193906784057617
valve,id_06,00000525.wav,normal,18.092924118041992,12.025440216064453
valve,id_06,00000135.wav,normal,19.465829849243164,14.385557174682617
valve,id_06,00000464.wav,normal,16.96192741394043,9.114715576171875
valve,id_06,00000056.wav,normal,18.84316635131836,20.474573135375977
valve,id_06,00000828.wav,normal,18.58055305480957,7.850433826446533
valve,id_06,00000456.wav,normal,17.793127059936523,13.063085556030273
valve,id_06,00000522.wav,normal,20.32859992980957,12.912009239196777
valve,id_06,00000920.wav,normal,18.570472717285156,14.687338829040527
valve,id_06,00000093.wav,normal,19.403539657592773,13.533573150634766
valve,id_06,00000500.wav,normal,20.3148136138916,13.730377197265625
valve,id_06,00000597.wav,normal,21.134950637817383,14.333322525024414
valve,id_06,00000734.wav,normal,20.802356719970703,13.549147605895996
valve,id_00,00000000.wav,abnormal,15.056218147277832,31.1326904296875
valve,id_00,00000001.wav,abnormal,18.883569717407227,35.499855041503906
valve,id_00,00000002.wav,abnormal,20.015594482421875,34.36640167236328
valve,id_00,00000003.wav,abnormal,18.32213592529297,40.41739273071289
valve,id_00,00000004.wav,abnormal,19.074068069458008,37.11975860595703
valve,id_00,00000005.wav,abnormal,19.131084442138672,25.473230361938477
valve,id_00,00000006.wav,abnormal,21.070621490478516,40.828556060791016
valve,id_00,00000007.wav,abnormal,18.531042098999023,50.623680114746094
valve,id_00,00000008.wav,abnormal,19.374116897583008,26.947219848632812
valve,id_00,00000009.wav,abnormal,18.877971649169922,27.402925491333008
valve,id_00,00000010.wav,abnormal,19.92364501953125,32.65660858154297
valve,id_00,00000011.wav,abnormal,18.32404136657715,32.461753845214844
valve,id_00,00000012.wav,abnormal,19.965547561645508,27.6951961517334
valve,id_00,00000013.wav,abnormal,18.66505241394043,26.117116928100586
valve,id_00,00000014.wav,abnormal,19.192964553833008,43.14776611328125
valve,id_00,00000015.wav,abnormal,19.842426300048828,32.052921295166016
valve,id_00,00000016.wav,abnormal,20.638242721557617,28.990211486816406
valve,id_00,00000017.wav,abnormal,19.9764347076416,26.557769775390625
valve,id_00,00000018.wav,abnormal,20.35256004333496,35.769264221191406
valve,id_00,00000019.wav,abnormal,17.543935775756836,29.908077239990234
valve,id_00,00000020.wav,abnormal,20.262393951416016,34.961669921875
valve,id_00,00000021.wav,abnormal,20.16312026977539,23.38286781311035
valve,id_00,00000022.wav,abnormal,18.966014862060547,31.15020751953125
valve,id_00,00000023.wav,abnormal,20.108890533447266,23.83234405517578
valve,id_00,00000024.wav,abnormal,19.837505340576172,32.95048141479492
valve,id_00,00000025.wav,abnormal,19.97859001159668,38.597755432128906
valve,id_00,00000026.wav,abnormal,17.277637481689453,33.85420227050781
valve,id_00,00000027.wav,abnormal,17.934967041015625,28.968551635742188
valve,id_00,00000028.wav,abnormal,19.995826721191406,35.94709396362305
valve,id_00,00000029.wav,abnormal,19.45787811279297,36.279720306396484
valve,id_00,00000030.wav,abnormal,17.85858154296875,36.2801513671875
valve,id_00,00000031.wav,abnormal,19.709827423095703,49.67924499511719
valve,id_00,00000032.wav,abnormal,16.556209564208984,35.80781555175781
valve,id_00,00000033.wav,abnormal,20.994539260864258,31.66629409790039
valve,id_00,00000034.wav,abnormal,18.213642120361328,57.012168884277344
valve,id_00,00000035.wav,abnormal,19.25636100769043,22.099071502685547
valve,id_00,00000036.wav,abnormal,18.45408058166504,31.889108657836914
valve,id_00,00000037.wav,abnormal,19.92674446105957,32.29741287231445
valve,id_00,00000038.wav,abnormal,18.506399154663086,43.71903991699219
valve,id_00,00000039.wav,abnormal,19.244728088378906,30.239906311035156
valve,id_00,00000040.wav,abnormal,20.391427993774414,32.28864669799805
valve,id_00,00000041.wav,abnormal,20.201457977294922,35.1317253112793
valve,id_00,00000042.wav,abnormal,19.051563262939453,22.52119255065918
valve,id_00,00000043.wav,abnormal,18.7005558013916,30.406436920166016
valve,id_00,00000044.wav,abnormal,21.250444412231445,36.051387786865234
valve,id_00,00000045.wav,abnormal,17.99783706665039,29.73175621032715
valve,id_00,00000046.wav,abnormal,19.658037185668945,26.924808502197266
valve,id_00,00000047.wav,abnormal,19.949745178222656,35.133323669433594
valve,id_00,00000048.wav,abnormal,19.762386322021484,45.369529724121094
valve,id_00,00000049.wav,abnormal,20.293655395507812,33.63014602661133
valve,id_00,00000050.wav,abnormal,17.816652297973633,31.685638427734375
valve,id_00,00000051.wav,abnormal,19.57218360900879,25.220325469970703
valve,id_00,00000052.wav,abnormal,18.620820999145508,38.41022872924805
valve,id_00,00000053.wav,abnormal,17.03665542602539,34.31709671020508
valve,id_00,00000054.wav,abnormal,20.4906005859375,33.568931579589844
valve,id_00,00000055.wav,abnormal,20.72317123413086,46.529972076416016
valve,id_00,00000056.wav,abnormal,19.95564079284668,41.288787841796875
valve,id_00,00000057.wav,abnormal,19.001468658447266,45.39147186279297
valve,id_00,00000058.wav,abnormal,19.133501052856445,34.742210388183594
valve,id_00,00000059.wav,abnormal,20.175758361816406,32.096439361572266
valve,id_00,00000060.wav,abnormal,19.574071884155273,29.498825073242188
valve,id_00,00000061.wav,abnormal,19.15209197998047,43.26803207397461
valve,id_00,00000062.wav,abnormal,18.949138641357422,39.37741470336914
valve,id_00,00000063.wav,abnormal,19.51986312866211,48.92582321166992
valve,id_00,00000064.wav,abnormal,19.395328521728516,31.93195915222168
valve,id_00,00000065.wav,abnormal,20.180849075317383,40.735618591308594
valve,id_00,00000066.wav,abnormal,19.662321090698242,32.729949951171875
valve,id_00,00000067.wav,abnormal,20.86761474609375,21.880573272705078
valve,id_00,00000068.wav,abnormal,18.07511329650879,35.300350189208984
valve,id_00,00000069.wav,abnormal,18.571229934692383,31.146251678466797
valve,id_00,00000070.wav,abnormal,19.586305618286133,37.63108825683594
valve,id_00,00000071.wav,abnormal,15.172061920166016,25.544435501098633
valve,id_00,00000072.wav,abnormal,20.172618865966797,40.530311584472656
valve,id_00,00000073.wav,abnormal,19.352201461791992,60.26534652709961
valve,id_00,00000074.wav,abnormal,19.858707427978516,35.128570556640625
valve,id_00,00000075.wav,abnormal,19.424768447875977,31.582372665405273
valve,id_00,00000076.wav,abnormal,19.041973114013672,31.3909912109375
valve,id_00,00000077.wav,abnormal,20.161270141601562,31.89830780029297
valve,id_00,00000078.wav,abnormal,19.049558639526367,40.6883430480957
valve,id_00,00000079.wav,abnormal,18.682838439941406,36.39638900756836
valve,id_00,00000080.wav,abnormal,20.678110122680664,43.578102111816406
valve,id_00,00000081.wav,abnormal,18.955549240112305,40.37421417236328
valve,id_00,00000082.wav,abnormal,19.85264015197754,68.36752319335938
valve,id_00,00000083.wav,abnormal,19.309219360351562,33.1767692565918
valve,id_00,00000084.wav,abnormal,17.8918399810791,41.31945037841797
valve,id_00,00000085.wav,abnormal,20.750844955444336,61.12714767456055
valve,id_00,00000086.wav,abnormal,14.03550910949707,44.09532928466797
valve,id_00,00000087.wav,abnormal,19.65959358215332,43.176605224609375
valve,id_00,00000088.wav,abnormal,19.9605770111084,17.150964736938477
valve,id_00,00000089.wav,abnormal,20.479454040527344,42.28302764892578
valve,id_00,00000090.wav,abnormal,18.357681274414062,39.65835952758789
valve,id_00,00000091.wav,abnormal,20.32805824279785,39.965572357177734
valve,id_00,00000092.wav,abnormal,18.684476852416992,42.32939529418945
valve,id_00,00000093.wav,abnormal,16.282001495361328,38.303218841552734
valve,id_00,00000094.wav,abnormal,20.16181755065918,33.449588775634766
valve,id_00,00000095.wav,abnormal,20.57242774963379,44.02903366088867
valve,id_00,00000096.wav,abnormal,19.571401596069336,38.90060043334961
valve,id_00,00000097.wav,abnormal,19.422319412231445,38.49513626098633
valve,id_00,00000098.wav,abnormal,19.534042358398438,33.64008712768555
valve,id_00,00000099.wav,abnormal,17.833776473999023,28.46791648864746
valve,id_00,00000100.wav,abnormal,19.07566261291504,21.48893928527832
valve,id_00,00000101.wav,abnormal,19.770797729492188,37.16872787475586
valve,id_00,00000102.wav,abnormal,14.154725074768066,25.799449920654297
valve,id_00,00000103.wav,abnormal,19.666030883789062,50.146060943603516
valve,id_00,00000104.wav,abnormal,21.373884201049805,31.06431007385254
valve,id_00,00000105.wav,abnormal,18.553176879882812,26.293838500976562
valve,id_00,00000106.wav,abnormal,20.105884552001953,32.32433319091797
valve,id_00,00000107.wav,abnormal,19.99647331237793,40.050235748291016
valve,id_00,00000108.wav,abnormal,18.673728942871094,35.98537063598633
valve,id_00,00000109.wav,abnormal,18.817035675048828,30.569299697875977
valve,id_00,00000110.wav,abnormal,20.181169509887695,33.463043212890625
valve,id_00,00000111.wav,abnormal,21.091835021972656,29.809755325317383
valve,id_00,00000112.wav,abnormal,18.791227340698242,43.02861022949219
valve,id_00,00000113.wav,abnormal,19.172025680541992,63.420963287353516
valve,id_00,00000114.wav,abnormal,18.47066879272461,29.766401290893555
valve,id_00,00000115.wav,abnormal,20.854290008544922,35.60457992553711
valve,id_00,00000116.wav,abnormal,19.438371658325195,55.041133880615234
valve,id_00,00000117.wav,abnormal,18.173795700073242,39.56770706176758
valve,id_00,00000118.wav,abnormal,20.479394912719727,30.91613006591797
valve,id_02,00000000.wav,abnormal,14.203064918518066,22.242643356323242
valve,id_02,00000001.wav,abnormal,15.415771484375,18.627872467041016
valve,id_02,00000002.wav,abnormal,11.275809288024902,18.880687713623047
valve,id_02,00000003.wav,abnormal,15.228264808654785,22.330799102783203
valve,id_02,00000004.wav,abnormal,15.98078441619873,7.819065093994141
valve,id_02,00000005.wav,abnormal,15.553695678710938,29.65587615966797
valve,id_02,00000006.wav,abnormal,14.766186714172363,27.646289825439453
valve,id_02,00000007.wav,abnormal,15.982085227966309,26.807626724243164
valve,id_02,00000008.wav,abnormal,13.350956916809082,14.072957992553711
valve,id_02,00000009.wav,abnormal,17.641836166381836,6.859756946563721
valve,id_02,00000010.wav,abnormal,17.391183853149414,14.194706916809082
valve,id_02,00000011.wav,abnormal,14.633190155029297,32.486114501953125
valve,id_02,00000012.wav,abnormal,14.825398445129395,20.674636840820312
valve,id_02,00000013.wav,abnormal,17.142894744873047,21.67203712463379
valve,id_02,00000014.wav,abnormal,12.757240295410156,13.487927436828613
valve,id_02,00000015.wav,abnormal,14.699247360229492,21.00892448425293
valve,id_02,00000016.wav,abnormal,11.040068626403809,13.834724426269531
valve,id_02,00000017.wav,abnormal,14.59896469116211,20.95025634765625
valve,id_02,00000018.wav,abnormal,17.517627716064453,20.319183349609375
valve,id_02,00000019.wav,abnormal,16.061853408813477,14.689824104309082
valve,id_02,00000020.wav,abnormal,10.794720649719238,11.61912727355957
valve,id_02,00000021.wav,abnormal,17.208606719970703,17.296245574951172
valve,id_02,00000022.wav,abnormal,12.211719512939453,16.306806564331055
valve,id_02,00000023.wav,abnormal,13.965521812438965,17.22861671447754
valve,id_02,00000024.wav,abnormal,16.055360794067383,14.634583473205566
valve,id_02,00000025.wav,abnormal,15.856176376342773,32.73921585083008
valve,id_02,00000026.wav,abnormal,16.05525779724121,17.27198600769043
valve,id_02,00000027.wav,abnormal,15.248867988586426,19.13353157043457
valve,id_02,00000028.wav,abnormal,14.588968276977539,17.78412628173828
valve,id_02,00000029.wav,abnormal,16.455154418945312,25.904260635375977
valve,id_02,00000030.wav,abnormal,13.98529052734375,20.780641555786133
valve,id_02,00000031.wav,abnormal,14.73118782043457,25.530838012695312
valve,id_02,00000032.wav,abnormal,13.177647590637207,13.793661117553711
valve,id_02,00000033.wav,abnormal,14.925541877746582,25.67787742614746
valve,id_02,00000034.wav,abnormal,16.521453857421875,16.59128189086914
valve,id_02,00000035.wav,abnormal,13.11738109588623,25.223329544067383
valve,id_02,00000036.wav,abnormal,16.459110260009766,11.471394538879395
valve,id_02,00000037.wav,abnormal,15.446747779846191,15.097384452819824
valve,id_02,00000038.wav,abnormal,18.69594383239746,16.825756072998047
valve,id_02,00000039.wav,abnormal,14.17041301727295,13.276108741760254
valve,id_02,00000040.wav,abnormal,12.101921081542969,18.875228881835938
valve,id_02,00000041.wav,abnormal,15.305113792419434,20.42002296447754
valve,id_02,00000042.wav,abnormal,13.182746887207031,19.191333770751953
valve,id_02,00000043.wav,abnormal,16.264949798583984,13.669816017150879
valve,id_02,00000044.wav,abnormal,13.378453254699707,16.899333953857422
valve,id_02,00000045.wav,abnormal,16.645614624023438,18.697309494018555
valve,id_02,00000046.wav,abnormal,15.962577819824219,18.680265426635742
valve,id_02,00000047.wav,abnormal,14.14689826965332,27.531982421875
valve,id_02,00000048.wav,abnormal,17.392505645751953,22.880172729492188
valve,id_02,00000049.wav,abnormal,12.962149620056152,15.678208351135254
valve,id_02,00000050.wav,abnormal,15.630062103271484,9.348796844482422
valve,id_02,00000051.wav,abnormal,14.276582717895508,55.7590217590332
valve,id_02,00000052.wav,abnormal,12.524585723876953,19.90298080444336
valve,id_02,00000053.wav,abnormal,12.393792152404785,12.709012031555176
valve,id_02,00000054.wav,abnormal,14.50096607208252,12.531549453735352
valve,id_02,00000055.wav,abnormal,12.074567794799805,18.16277313232422
valve,id_02,00000056.wav,abnormal,13.205080032348633,16.823545455932617
valve,id_02,00000057.wav,abnormal,16.04559898376465,13.842937469482422
valve,id_02,00000058.wav,abnormal,14.98449993133545,12.928001403808594
valve,id_02,00000059.wav,abnormal,14.141794204711914,18.959659576416016
valve,id_02,00000060.wav,abnormal,15.23707103729248,25.242475509643555
valve,id_02,00000061.wav,abnormal,13.025304794311523,19.750444412231445
valve,id_02,00000062.wav,abnormal,16.021093368530273,17.70342445373535
valve,id_02,00000063.wav,abnormal,13.128177642822266,15.960399627685547
valve,id_02,00000064.wav,abnormal,16.567310333251953,9.707143783569336
valve,id_02,00000065.wav,abnormal,12.868314743041992,16.223285675048828
valve,id_02,00000066.wav,abnormal,14.570486068725586,14.566032409667969
valve,id_02,00000067.wav,abnormal,14.138854026794434,13.266044616699219
valve,id_02,00000068.wav,abnormal,14.557421684265137,20.77560806274414
valve,id_02,00000069.wav,abnormal,13.847713470458984,47.85750961303711
valve,id_02,00000070.wav,abnormal,16.482519149780273,11.065768241882324
valve,id_02,00000071.wav,abnormal,14.113280296325684,21.794343948364258
valve,id_02,00000072.wav,abnormal,17.10895347595215,20.729185104370117
valve,id_02,00000073.wav,abnormal,11.890911102294922,16.89535903930664
valve,id_02,00000074.wav,abnormal,14.868484497070312,12.876221656799316
valve,id_02,00000075.wav,abnormal,14.699644088745117,13.961193084716797
valve,id_02,00000076.wav,abnormal,16.08616065979004,13.314895629882812
valve,id_02,00000077.wav,abnormal,11.138843536376953,16.658023834228516
valve,id_02,00000078.wav,abnormal,16.88957977294922,16.1223201751709
valve,id_02,00000079.wav,abnormal,15.710577011108398,10.896047592163086
valve,id_02,00000080.wav,abnormal,15.08282470703125,17.16704750061035
valve,id_02,00000081.wav,abnormal,12.779653549194336,20.094039916992188
valve,id_02,00000082.wav,abnormal,12.455253601074219,15.481566429138184
valve,id_02,00000083.wav,abnormal,13.878042221069336,15.957236289978027
valve,id_02,00000084.wav,abnormal,14.391643524169922,16.31255531311035
valve,id_02,00000085.wav,abnormal,13.567440032958984,16.593204498291016
valve,id_02,00000086.wav,abnormal,17.84164047241211,19.998157501220703
valve,id_02,00000087.wav,abnormal,14.132121086120605,27.39910316467285
valve,id_02,00000088.wav,abnormal,15.498953819274902,20.06310272216797
valve,id_02,00000089.wav,abnormal,16.702106475830078,17.09532928466797
valve,id_02,00000090.wav,abnormal,12.259708404541016,22.253488540649414
valve,id_02,00000091.wav,abnormal,14.783905029296875,17.40163230895996
valve,id_02,00000092.wav,abnormal,17.207763671875,19.48756217956543
valve,id_02,00000093.wav,abnormal,14.477678298950195,15.581988334655762
valve,id_02,00000094.wav,abnormal,15.886555671691895,18.163663864135742
valve,id_02,00000095.wav,abnormal,15.126434326171875,21.925331115722656
valve,id_02,00000096.wav,abnormal,15.336095809936523,15.42690658569336
valve,id_02,00000097.wav,abnormal,15.87532901763916,16.653486251831055
valve,id_02,00000098.wav,abnormal,16.54907989501953,16.909934997558594
valve,id_02,00000099.wav,abnormal,13.050531387329102,23.688583374023438
valve,id_02,00000100.wav,abnormal,14.236612319946289,12.908087730407715
valve,id_02,00000101.wav,abnormal,13.479501724243164,20.284996032714844
valve,id_02,00000102.wav,abnormal,12.908724784851074,16.741384506225586
valve,id_02,00000103.wav,abnormal,15.0125093460083,16.227495193481445
valve,id_02,00000104.wav,abnormal,14.129372596740723,12.05197811126709
valve,id_02,00000105.wav,abnormal,17.009986877441406,15.969999313354492
valve,id_02,00000106.wav,abnormal,16.106761932373047,23.25174331665039
valve,id_02,00000107.wav,abnormal,14.478730201721191,12.164946556091309
valve,id_02,00000108.wav,abnormal,12.898398399353027,18.3543758392334
valve,id_02,00000109.wav,abnormal,17.957719802856445,19.271146774291992
valve,id_02,00000110.wav,abnormal,14.18452262878418,15.462615013122559
valve,id_02,00000111.wav,abnormal,13.367559432983398,16.830507278442383
valve,id_02,00000112.wav,abnormal,12.050880432128906,15.408645629882812
valve,id_02,00000113.wav,abnormal,17.76871109008789,20.047710418701172
valve,id_02,00000114.wav,abnormal,15.190589904785156,17.872406005859375
valve,id_02,00000115.wav,abnormal,17.205541610717773,22.168010711669922
valve,id_02,00000116.wav,abnormal,15.37984561920166,19.61222267150879
valve,id_02,00000117.wav,abnormal,15.042601585388184,17.439470291137695
valve,id_02,00000118.wav,abnormal,15.062213897705078,20.704931259155273
valve,id_02,00000119.wav,abnormal,11.600310325622559,14.033612251281738
valve,id_04,00000000.wav,abnormal,17.129087448120117,17.427867889404297
valve,id_04,00000001.wav,abnormal,14.969466209411621,47.68570327758789
valve,id_04,00000002.wav,abnormal,17.250545501708984,23.183805465698242
valve,id_04,00000003.wav,abnormal,15.341379165649414,25.37653923034668
valve,id_04,00000004.wav,abnormal,18.73652458190918,36.018009185791016
valve,id_04,00000005.wav,abnormal,15.38986873626709,36.49483108520508
valve,id_04,00000006.wav,abnormal,13.072603225708008,18.718063354492188
valve,id_04,00000007.wav,abnormal,20.80492401123047,24.24190902709961
valve,id_04,00000008.wav,abnormal,15.96116828918457,27.036754608154297
valve,id_04,00000009.wav,abnormal,13.148231506347656,21.132423400878906
valve,id_04,00000010.wav,abnormal,16.249340057373047,36.1976432800293
valve,id_04,00000011.wav,abnormal,12.229697227478027,38.302947998046875
valve,id_04,00000012.wav,abnormal,11.186186790466309,26.90182876586914
valve,id_04,00000013.wav,abnormal,18.178606033325195,34.58474349975586
valve,id_04,00000014.wav,abnormal,11.934915542602539,35.635616302490234
valve,id_04,00000015.wav,abnormal,12.761953353881836,33.55049133300781
valve,id_04,00000016.wav,abnormal,15.779291152954102,37.08564758300781
valve,id_04,00000017.wav,abnormal,12.91550064086914,29.456464767456055
valve,id_04,00000018.wav,abnormal,10.97191047668457,25.569061279296875
valve,id_04,00000019.wav,abnormal,13.972188949584961,23.901124954223633
valve,id_04,00000020.wav,abnormal,15.631217956542969,34.270301818847656
valve,id_04,00000021.wav,abnormal,12.84714412689209,29.745092391967773
valve,id_04,00000022.wav,abnormal,18.04853630065918,26.888050079345703
valve,id_04,00000023.wav,abnormal,16.001384735107422,32.34158706665039
valve,id_04,00000024.wav,abnormal,15.846977233886719,33.68228530883789
valve,id_04,00000025.wav,abnormal,13.06293773651123,32.23925018310547
valve,id_04,00000026.wav,abnormal,15.882116317749023,31.48127555847168
valve,id_04,00000027.wav,abnormal,13.604806900024414,19.423961639404297
valve,id_04,00000028.wav,abnormal,17.053733825683594,43.59581756591797
valve,id_04,00000029.wav,abnormal,18.20753288269043,30.42546844482422
valve,id_04,00000030.wav,abnormal,14.103039741516113,39.73546600341797
valve,id_04,00000031.wav,abnormal,14.273571014404297,28.85910987854004
valve,id_04,00000032.wav,abnormal,16.274272918701172,28.946680068969727
valve,id_04,00000033.wav,abnormal,16.774600982666016,16.908159255981445
valve,id_04,00000034.wav,abnormal,17.127695083618164,21.43707275390625
valve,id_04,00000035.wav,abnormal,14.6303071975708,32.741851806640625
valve,id_04,00000036.wav,abnormal,15.09101676940918,26.361757278442383
valve,id_04,00000037.wav,abnormal,12.392902374267578,32.36684799194336
valve,id_04,00000038.wav,abnormal,19.501583099365234,28.129995346069336
valve,id_04,00000039.wav,abnormal,18.536293029785156,27.248260498046875
valve,id_04,00000040.wav,abnormal,13.68506908416748,18.228069305419922
valve,id_04,00000041.wav,abnormal,18.357349395751953,36.87928771972656
valve,id_04,00000042.wav,abnormal,12.114971160888672,30.430124282836914
valve,id_04,00000043.wav,abnormal,14.879694938659668,31.696128845214844
valve,id_04,00000044.wav,abnormal,14.30027961730957,39.0167236328125
valve,id_04,00000045.wav,abnormal,19.26061248779297,41.0499382019043
valve,id_04,00000046.wav,abnormal,11.761674880981445,31.160825729370117
valve,id_04,00000047.wav,abnormal,11.879424095153809,27.15403175354004
valve,id_04,00000048.wav,abnormal,17.374727249145508,32.060523986816406
valve,id_04,00000049.wav,abnormal,13.857685089111328,31.867828369140625
valve,id_04,00000050.wav,abnormal,14.516965866088867,44.173675537109375
valve,id_04,00000051.wav,abnormal,12.576559066772461,27.769590377807617
valve,id_04,00000052.wav,abnormal,12.588067054748535,47.414730072021484
valve,id_04,00000053.wav,abnormal,19.8232364654541,34.221553802490234
valve,id_04,00000054.wav,abnormal,20.634836196899414,36.88475036621094
valve,id_04,00000055.wav,abnormal,19.586898803710938,24.4887638092041
valve,id_04,00000056.wav,abnormal,14.182008743286133,33.508358001708984
valve,id_04,00000057.wav,abnormal,17.13568878173828,41.15528106689453
valve,id_04,00000058.wav,abnormal,15.646949768066406,21.500076293945312
valve,id_04,00000059.wav,abnormal,13.96513843536377,21.172563552856445
valve,id_04,00000060.wav,abnormal,17.72478485107422,30.907320022583008
valve,id_04,00000061.wav,abnormal,12.682129859924316,36.07541275024414
valve,id_04,00000062.wav,abnormal,13.314245223999023,27.891632080078125
valve,id_04,00000063.wav,abnormal,19.671628952026367,18.98166847229004
valve,id_04,00000064.wav,abnormal,12.709494590759277,38.892757415771484
valve,id_04,00000065.wav,abnormal,11.81629753112793,27.112098693847656
valve,id_04,00000066.wav,abnormal,15.363986015319824,28.60658073425293
valve,id_04,00000067.wav,abnormal,13.834553718566895,16.966262817382812
valve,id_04,00000068.wav,abnormal,10.30494499206543,27.948213577270508
valve,id_04,00000069.wav,abnormal,15.571803092956543,30.502731323242188
valve,id_04,00000070.wav,abnormal,20.684314727783203,26.32759666442871
valve,id_04,00000071.wav,abnormal,20.594205856323242,27.768543243408203
valve,id_04,00000072.wav,abnormal,13.339469909667969,18.389129638671875
valve,id_04,00000073.wav,abnormal,14.08851432800293,33.87205505371094
valve,id_04,00000074.wav,abnormal,13.507070541381836,29.910728454589844
valve,id_04,00000075.wav,abnormal,11.874802589416504,18.40486717224121
valve,id_04,00000076.wav,abnormal,13.502312660217285,32.457313537597656
valve,id_04,00000077.wav,abnormal,12.525162696838379,20.951614379882812
valve,id_04,00000078.wav,abnormal,14.561556816101074,34.37045669555664
valve,id_04,00000079.wav,abnormal,13.545571327209473,30.182777404785156
valve,id_04,00000080.wav,abnormal,12.092516899108887,32.74549865722656
valve,id_04,00000081.wav,abnormal,13.621345520019531,18.874101638793945
valve,id_04,00000082.wav,abnormal,12.978837966918945,31.121999740600586
valve,id_04,00000083.wav,abnormal,15.364083290100098,26.45392608642578
valve,id_04,00000084.wav,abnormal,15.061583518981934,34.619510650634766
valve,id_04,00000085.wav,abnormal,13.162606239318848,35.73120880126953
valve,id_04,00000086.wav,abnormal,15.756436347961426,31.767526626586914
valve,id_04,00000087.wav,abnormal,13.100540161132812,22.92454719543457
valve,id_04,00000088.wav,abnormal,14.628104209899902,23.34750747680664
valve,id_04,00000089.wav,abnormal,13.041460037231445,22.623476028442383
valve,id_04,00000090.wav,abnormal,12.233024597167969,21.158803939819336
valve,id_04,00000091.wav,abnormal,11.197319030761719,29.438499450683594
valve,id_04,00000092.wav,abnormal,14.813790321350098,34.345306396484375
valve,id_04,00000093.wav,abnormal,12.155033111572266,17.305927276611328
valve,id_04,00000094.wav,abnormal,17.35112190246582,23.492074966430664
valve,id_04,00000095.wav,abnormal,11.61169719696045,27.593599319458008
valve,id_04,00000096.wav,abnormal,10.319314002990723,27.231170654296875
valve,id_04,00000097.wav,abnormal,10.636821746826172,38.6140022277832
valve,id_04,00000098.wav,abnormal,13.227477073669434,31.51856231689453
valve,id_04,00000099.wav,abnormal,11.977246284484863,29.132553100585938
valve,id_04,00000100.wav,abnormal,14.281641006469727,29.692363739013672
valve,id_04,00000101.wav,abnormal,15.17110538482666,14.29896068572998
valve,id_04,00000102.wav,abnormal,11.129231452941895,30.983335494995117
valve,id_04,00000103.wav,abnormal,12.23569107055664,32.18091583251953
valve,id_04,00000104.wav,abnormal,14.596756935119629,22.767879486083984
valve,id_04,00000105.wav,abnormal,14.249724388122559,25.43954849243164
valve,id_04,00000106.wav,abnormal,16.009971618652344,16.56785011291504
valve,id_04,00000107.wav,abnormal,12.753275871276855,24.063013076782227
valve,id_04,00000108.wav,abnormal,10.327288627624512,25.16165542602539
valve,id_04,00000109.wav,abnormal,15.73164176940918,28.333097457885742
valve,id_04,00000110.wav,abnormal,11.363043785095215,24.065170288085938
valve,id_04,00000111.wav,abnormal,11.19495964050293,28.75411605834961
valve,id_04,00000112.wav,abnormal,12.46615219116211,15.62852954864502
valve,id_04,00000113.wav,abnormal,12.273772239685059,27.630901336669922
valve,id_04,00000114.wav,abnormal,18.150253295898438,24.875507354736328
valve,id_04,00000115.wav,abnormal,17.89638900756836,26.608301162719727
valve,id_04,00000116.wav,abnormal,15.226421356201172,27.077608108520508
valve,id_04,00000117.wav,abnormal,12.901606559753418,21.830472946166992
valve,id_04,00000118.wav,abnormal,11.40134048461914,15.250431060791016
valve,id_04,00000119.wav,abnormal,12.269200325012207,21.750507354736328
valve,id_06,00000000.wav,abnormal,16.19695472717285,17.576068878173828
valve,id_06,00000001.wav,abnormal,18.53110122680664,46.65633773803711
valve,id_06,00000002.wav,abnormal,11.983762741088867,13.03891658782959
valve,id_06,00000003.wav,abnormal,20.267009735107422,40.86716842651367
valve,id_06,00000004.wav,abnormal,18.03358268737793,23.539222717285156
valve,id_06,00000005.wav,abnormal,18.295866012573242,53.801368713378906
valve,id_06,00000006.wav,abnormal,19.400529861450195,27.373802185058594
valve,id_06,00000007.wav,abnormal,18.727083206176758,47.760807037353516
valve,id_06,00000008.wav,abnormal,16.926605224609375,14.910438537597656
valve,id_06,00000009.wav,abnormal,19.628217697143555,66.82039642333984
valve,id_06,00000010.wav,abnormal,15.597439765930176,9.646862983703613
valve,id_06,00000011.wav,abnormal,19.085325241088867,47.54924392700195
valve,id_06,00000012.wav,abnormal,18.31519317626953,11.27047348022461
valve,id_06,00000013.wav,abnormal,19.086849212646484,42.51473617553711
valve,id_06,00000014.wav,abnormal,19.593786239624023,9.262236595153809
valve,id_06,00000015.wav,abnormal,15.561365127563477,43.89284896850586
valve,id_06,00000016.wav,abnormal,17.833707809448242,22.203414916992188
valve,id_06,00000017.wav,abnormal,19.039268493652344,34.27031707763672
valve,id_06,00000018.wav,abnormal,15.13601303100586,7.518648624420166
valve,id_06,00000019.wav,abnormal,19.63224983215332,53.47169494628906
valve,id_06,00000020.wav,abnormal,18.11775016784668,12.714011192321777
valve,id_06,00000021.wav,abnormal,18.1328067779541,40.728904724121094
valve,id_06,00000022.wav,abnormal,14.0028715133667,9.36937141418457
valve,id_06,00000023.wav,abnormal,18.141582489013672,33.833255767822266
valve,id_06,00000024.wav,abnormal,19.251602172851562,6.559406280517578
valve,id_06,00000025.wav,abnormal,15.317100524902344,33.51292419433594
valve,id_06,00000026.wav,abnormal,18.13812828063965,7.967523574829102
valve,id_06,00000027.wav,abnormal,16.970870971679688,45.797767639160156
valve,id_06,00000028.wav,abnormal,21.048751831054688,26.01528549194336
valve,id_06,00000029.wav,abnormal,18.193904876708984,46.25065612792969
valve,id_06,00000030.wav,abnormal,18.626651763916016,9.636412620544434
valve,id_06,00000031.wav,abnormal,20.777734756469727,23.956201553344727
valve,id_06,00000032.wav,abnormal,15.26292610168457,12.94100570678711
valve,id_06,00000033.wav,abnormal,18.88817024230957,33.090110778808594
valve,id_06,00000034.wav,abnormal,14.29970645904541,10.90609359741211
valve,id_06,00000035.wav,abnormal,19.109472274780273,26.195871353149414
valve,id_06,00000036.wav,abnormal,19.760704040527344,12.64674186706543
valve,id_06,00000037.wav,abnormal,18.491857528686523,29.284954071044922
valve,id_06,00000038.wav,abnormal,17.119054794311523,17.053054809570312
valve,id_06,00000039.wav,abnormal,18.719083786010742,26.01758575439453
valve,id_06,00000040.wav,abnormal,17.75077247619629,14.016653060913086
valve,id_06,00000041.wav,abnormal,18.681751251220703,30.195533752441406
valve,id_06,00000042.wav,abnormal,15.597558975219727,8.22905445098877
valve,id_06,00000043.wav,abnormal,18.728839874267578,16.674949645996094
valve,id_06,00000044.wav,abnormal,18.453449249267578,15.13233757019043
valve,id_06,00000045.wav,abnormal,19.465913772583008,29.33803367614746
valve,id_06,00000046.wav,abnormal,19.503297805786133,9.4208402633667
valve,id_06,00000047.wav,abnormal,17.028846740722656,22.023778915405273
valve,id_06,00000048.wav,abnormal,16.98102569580078,17.243099212646484
valve,id_06,00000049.wav,abnormal,18.887683868408203,44.21319580078125
valve,id_06,00000050.wav,abnormal,17.709529876708984,12.796751976013184
valve,id_06,00000051.wav,abnormal,19.040191650390625,8.043396949768066
valve,id_06,00000052.wav,abnormal,17.553144454956055,16.860443115234375
valve,id_06,00000053.wav,abnormal,18.035608291625977,25.575557708740234
valve,id_06,00000054.wav,abnormal,19.25215721130371,14.784302711486816
valve,id_06,00000055.wav,abnormal,17.41827392578125,16.25691795349121
valve,id_06,00000056.wav,abnormal,18.84316635131836,21.159900665283203
valve,id_06,00000057.wav,abnormal,18.104257583618164,32.452754974365234
valve,id_06,00000058.wav,abnormal,18.0460147857666,11.62951946258545
valve,id_06,00000059.wav,abnormal,17.01738929748535,14.516200065612793
valve,id_06,00000060.wav,abnormal,19.054492950439453,9.68083381652832
valve,id_06,00000061.wav,abnormal,17.45836639404297,21.187612533569336
valve,id_06,00000062.wav,abnormal,16.664737701416016,10.698530197143555
valve,id_06,00000063.wav,abnormal,16.926170349121094,23.75586700439453
valve,id_06,00000064.wav,abnormal,17.528656005859375,9.625064849853516
valve,id_06,00000065.wav,abnormal,20.062467575073242,31.438018798828125
valve,id_06,00000066.wav,abnormal,17.330245971679688,12.968864440917969
valve,id_06,00000067.wav,abnormal,16.602184295654297,16.434906005859375
valve,id_06,00000068.wav,abnormal,19.719520568847656,16.66649055480957
valve,id_06,00000069.wav,abnormal,18.601093292236328,19.0516414642334
valve,id_06,00000070.wav,abnormal,19.325878143310547,23.670495986938477
valve,id_06,00000071.wav,abnormal,18.633056640625,11.689446449279785
valve,id_06,00000072.wav,abnormal,17.274198532104492,17.416933059692383
valve,id_06,00000073.wav,abnormal,19.332542419433594,13.849893569946289
valve,id_06,00000074.wav,abnormal,20.882705688476562,6.477474689483643
valve,id_06,00000075.wav,abnormal,19.308406829833984,26.300729751586914
valve,id_06,00000076.wav,abnormal,20.890348434448242,24.448623657226562
valve,id_06,00000077.wav,abnormal,19.259904861450195,17.06690788269043
valve,id_06,00000078.wav,abnormal,17.472421646118164,31.525423049926758
valve,id_06,00000079.wav,abnormal,16.441869735717773,19.66448974609375
valve,id_06,00000080.wav,abnormal,19.425281524658203,12.870316505432129
valve,id_06,00000081.wav,abnormal,17.270326614379883,23.129030227661133
valve,id_06,00000082.wav,abnormal,19.476299285888672,18.125211715698242
valve,id_06,00000083.wav,abnormal,19.56972885131836,32.1695556640625
valve,id_06,00000084.wav,abnormal,18.81655502319336,9.114521980285645
valve,id_06,00000085.wav,abnormal,18.785531997680664,22.645261764526367
valve,id_06,00000086.wav,abnormal,17.572328567504883,8.714411735534668
valve,id_06,00000087.wav,abnormal,16.908294677734375,12.033130645751953
valve,id_06,00000088.wav,abnormal,18.110742568969727,16.565431594848633
valve,id_06,00000089.wav,abnormal,19.74476432800293,12.29121208190918
valve,id_06,00000090.wav,abnormal,18.710308074951172,13.932008743286133
valve,id_06,00000091.wav,abnormal,18.591140747070312,20.340551376342773
valve,id_06,00000092.wav,abnormal,15.844226837158203,23.543231964111328
valve,id_06,00000093.wav,abnormal,19.403539657592773,19.420198440551758
valve,id_06,00000094.wav,abnormal,18.89103126525879,8.423577308654785
valve,id_06,00000095.wav,abnormal,17.4758243560791,18.37873077392578
valve,id_06,00000096.wav,abnormal,18.4261474609375,10.51490592956543
valve,id_06,00000097.wav,abnormal,22.012968063354492,18.616090774536133
valve,id_06,00000098.wav,abnormal,18.559545516967773,10.854222297668457
valve,id_06,00000099.wav,abnormal,15.179864883422852,38.83756637573242
valve,id_06,00000100.wav,abnormal,19.12236785888672,24.260971069335938
valve,id_06,00000101.wav,abnormal,19.13338279724121,15.903862953186035
valve,id_06,00000102.wav,abnormal,17.743440628051758,22.172361373901367
valve,id_06,00000103.wav,abnormal,18.591882705688477,28.06343650817871
valve,id_06,00000104.wav,abnormal,16.013216018676758,12.795331001281738
valve,id_06,00000105.wav,abnormal,20.303571701049805,16.59285545349121
valve,id_06,00000106.wav,abnormal,18.413105010986328,22.247377395629883
valve,id_06,00000107.wav,abnormal,18.824676513671875,10.837589263916016
valve,id_06,00000108.wav,abnormal,20.173362731933594,16.727222442626953
valve,id_06,00000109.wav,abnormal,17.11387062072754,15.453178405761719
valve,id_06,00000110.wav,abnormal,18.800491333007812,14.53191089630127
valve,id_06,00000111.wav,abnormal,19.048542022705078,12.426711082458496
valve,id_06,00000112.wav,abnormal,17.872600555419922,35.8281135559082
valve,id_06,00000113.wav,abnormal,17.102428436279297,23.292373657226562
valve,id_06,00000114.wav,abnormal,19.52615737915039,18.08216667175293
valve,id_06,00000115.wav,abnormal,20.549673080444336,10.075090408325195
valve,id_06,00000116.wav,abnormal,18.185516357421875,17.590124130249023
valve,id_06,00000117.wav,abnormal,17.69072723388672,11.2775297164917
valve,id_06,00000118.wav,abnormal,18.90074348449707,13.340191841125488
valve,id_06,00000119.wav,abnormal,16.423847198486328,16.096303939819336
