machine_type,machine_id,filename,true_label,health_score,health_percentage,health_state,normalized_euclidean,normalized_manhattan,normalized_cosine,euclidean_health_score,manhattan_health_score,cosine_health_score
pump,id_00,00000764.wav,normal,95.59679649865464,95.6%,EXCELLENT,12.961474418640137,187.3851623535156,-0.0861301273107528,56.13236152258209,58.20561500481156,100.0
pump,id_00,00000269.wav,normal,99.12646873179708,99.1%,EXCELLENT,7.184118747711182,98.63961791992188,-0.0520052537322044,75.68561154198547,77.99942046987715,100.0
pump,id_00,00000551.wav,normal,2.965140538489187,3.0%,CRITICAL,43.88799285888672,617.388916015625,-0.0087868459522724,0.0,0.0,100.0
pump,id_00,00000980.wav,normal,99.48902904944748,99.5%,EXCELLENT,5.533754348754883,79.75062561035156,0.0622393302619457,81.27120979038378,82.21242115169193,79.3791002488166
pump,id_00,00000762.wav,normal,97.96109156054192,98.0%,EXCELLENT,10.033157348632812,143.17848205566406,-0.0740331187844276,66.04314407904764,68.06547259717529,100.0
pump,id_00,00000252.wav,normal,95.6725707286705,95.7%,EXCELLENT,12.890931129455566,185.15963745117188,0.1325084567070007,56.371112717624094,58.701996059835835,56.09779876423646
pump,id_00,00000998.wav,normal,99.72340616843954,99.7%,EXCELLENT,3.759987592697144,51.96160888671875,-0.0786192491650581,87.27445882554771,88.41048320205923,100.0
pump,id_00,00000271.wav,normal,5.8528902783242005,5.9%,CRITICAL,41.14377975463867,584.9786376953125,-0.0705537647008895,0.0,0.0,100.0
pump,id_00,00000146.wav,normal,0.0137615481773079,0.0%,CRITICAL,58.97065734863281,808.822509765625,0.0397505760192871,0.0,0.0,86.8299893380008
pump,id_00,00000469.wav,normal,99.2562192565465,99.3%,EXCELLENT,6.678304672241211,93.27218627929688,-0.1078968346118927,77.39752087288657,79.1965723767097,100.0
pump,id_00,00000658.wav,normal,98.65403562855916,98.7%,EXCELLENT,8.595966339111328,109.57083129882812,-0.0723507925868034,70.90726474868502,75.56132273212427,100.0
pump,id_00,00000405.wav,normal,98.78502854281294,98.8%,EXCELLENT,8.25433349609375,119.61724853515624,-0.1121417209506034,72.06350867321531,73.32056991838091,100.0
pump,id_00,00000511.wav,normal,78.36459882478428,78.4%,GOOD,20.893070220947266,264.981689453125,-0.0251357275992631,29.2881641753856,40.898486269760994,100.0
pump,id_00,00000671.wav,normal,95.00680882931768,95.0%,EXCELLENT,13.479710578918455,190.40838623046875,-0.0552144721150398,54.37841009771019,57.53131517737031,100.0
pump,id_00,00000217.wav,normal,86.86969759228238,86.9%,GOOD,18.002574920654297,259.33526611328125,-0.1000669747591018,39.07094032865835,42.15786448278106,100.0
pump,id_00,00000322.wav,normal,99.53432275208594,99.5%,EXCELLENT,5.25812578201294,73.40010070800781,0.1206809803843498,82.20406464387915,83.62884217113935,60.01643353315846
pump,id_00,00000735.wav,normal,87.65522036136959,87.7%,GOOD,17.678211212158203,257.1305847167969,-0.1122269928455352,40.16873749585702,42.64959660243824,100.0
pump,id_00,00000580.wav,normal,94.78316492386382,94.8%,EXCELLENT,13.663384437561035,199.7093811035156,-0.1211901530623436,53.756772607372085,55.45682136110418,100.0
pump,id_00,00000216.wav,normal,99.350277691573,99.4%,EXCELLENT,6.260442733764648,83.18406677246094,0.0606293641030788,78.81175939687743,81.44662646450743,79.9125081538353
pump,id_00,00000067.wav,normal,81.78193342796123,81.8%,GOOD,19.83808898925781,288.38690185546875,0.1239414811134338,32.858709761284274,35.67818789740503,58.93617675034712
pump,id_00,00000274.wav,normal,96.11256507354982,96.1%,EXCELLENT,12.460320472717283,167.35205078125,0.0406282544136047,57.82849881462187,62.673800037110226,86.53920024841979
pump,id_00,00000410.wav,normal,98.6343467508322,98.6%,EXCELLENT,8.644805908203125,122.00227355957033,-0.0613458976149559,70.74196900445774,72.7886139575057,100.0
pump,id_00,00000323.wav,normal,98.48901471630607,98.5%,EXCELLENT,8.987645149230957,122.21151733398438,0.0323204286396503,69.58164206976484,72.74194422786506,89.29171769541033
pump,id_00,00000824.wav,normal,97.22119739960937,97.2%,EXCELLENT,11.164888381958008,160.1216583251953,0.139017567038536,62.21284158258265,64.28646670814875,53.94122492176297
pump,id_00,00000988.wav,normal,96.53500968055552,96.5%,EXCELLENT,12.007746696472168,163.94027709960938,0.0210272073745727,59.36021829031123,63.43476200963784,93.0333450971673
pump,id_00,00000841.wav,normal,99.35377927926898,99.4%,EXCELLENT,6.243877410888672,86.42698669433594,0.1171559765934944,78.86782412930786,80.72332563310162,61.18432447105652
pump,id_00,00000234.wav,normal,93.59274855169764,93.6%,EXCELLENT,14.54792308807373,203.84671020507807,0.0566053800284862,50.76308373473957,54.53403151397489,81.24571935410536
pump,id_00,00000057.wav,normal,89.23310161744979,89.2%,GOOD,16.979904174804688,246.16897583007807,0.127700462937355,42.53213225107151,45.09447375399148,57.69076509454412
pump,id_00,00000794.wav,normal,98.59539931765448,98.6%,EXCELLENT,8.739654541015625,128.04896545410156,-0.1120673641562461,70.42095725842425,71.43995984950034,100.0
pump,id_00,00000786.wav,normal,98.3618685515198,98.4%,EXCELLENT,9.265069007873535,130.7658233642578,0.1231801435351371,68.64271111616583,70.83399188465116,59.1884202403203
pump,id_00,00000863.wav,normal,99.3751309356945,99.4%,EXCELLENT,6.14111328125,85.00736999511719,0.1437513679265976,79.21562558628969,81.03995692945162,52.3728398966679
pump,id_00,00000332.wav,normal,96.31979010312412,96.3%,EXCELLENT,12.243630409240724,178.34979248046875,0.1007410809397697,58.56187844869869,60.220863823368646,66.62284568066781
pump,id_00,00000701.wav,normal,97.3421015496812,97.3%,EXCELLENT,10.998786926269531,146.30618286132812,-0.0915165618062019,62.77500591461545,67.36787023645543,100.0
pump,id_00,00000224.wav,normal,99.7758543083331,99.8%,EXCELLENT,3.1769943237304688,45.645751953125,0.0588169805705547,89.24757832814217,89.81917187805564,80.51298021832547
pump,id_00,00000570.wav,normal,93.35132715318235,93.4%,EXCELLENT,14.711342811584473,184.39300537109372,-0.0137468418106436,50.20999562766904,58.8729856723645,100.0
pump,id_00,00000704.wav,normal,91.88712869402428,91.9%,EXCELLENT,15.615117073059082,225.0037841796875,-0.0930767953395843,47.15120452975603,49.81515791715129,100.0
pump,id_00,00000655.wav,normal,99.69268828693032,99.7%,EXCELLENT,4.056495666503906,54.49763107299805,0.0821771547198295,86.27093804023606,87.84484883550391,72.77337557805981
pump,id_00,00000276.wav,normal,32.49124618256064,32.5%,CRITICAL,31.558029174804688,448.3714294433594,-0.0339220315217971,0.0,0.0,100.0
pump,id_00,00000388.wav,normal,98.01190649135005,98.0%,EXCELLENT,9.94329833984375,131.65496826171875,0.0717907398939132,66.3472686241556,70.63567701439007,76.21456329646907
pump,id_00,00000473.wav,normal,95.08309015805094,95.1%,EXCELLENT,13.415562629699709,194.15733337402344,-0.0888248309493064,54.59551649737633,56.69515003880541,100.0
pump,id_00,00000167.wav,normal,99.16936356330774,99.2%,EXCELLENT,7.024667263031006,100.93316650390624,0.1327277868986129,76.22526928914564,77.48786741348643,56.025131113819796
pump,id_00,00001000.wav,normal,97.6299448356524,97.6%,EXCELLENT,10.576318740844728,145.64633178710938,0.1180678755044937,64.20483411377262,67.51504341435816,60.882197569179695
pump,id_00,00000746.wav,normal,47.26114953679436,47.3%,CRITICAL,28.24034118652344,400.86468505859375,-0.130398690700531,4.421592973423538,10.59114410186649,100.0
pump,id_00,00000546.wav,normal,98.1374823806529,98.1%,EXCELLENT,9.71257209777832,138.80372619628906,-0.0760625824332237,67.1281531938635,69.04121810631936,100.0
pump,id_00,00000175.wav,normal,78.38137393128439,78.4%,GOOD,20.88814353942871,306.79248046875,0.1260460615158081,29.30483834969393,31.57300780224127,58.238895122909696
pump,id_00,00000993.wav,normal,99.2517595091574,99.3%,EXCELLENT,6.696935176849365,95.19499206542967,0.0719456523656845,77.33446660803943,78.76770979075425,76.16323828160854
pump,id_00,00000623.wav,normal,95.88169655264122,95.9%,EXCELLENT,12.690924644470217,186.43060302734372,-0.1178182363510131,57.048027387444264,58.41851990868816,100.0
pump,id_00,00000073.wav,normal,90.1940705769538,90.2%,EXCELLENT,16.517778396606445,240.18527221679688,0.1309244483709335,44.09618012975588,46.429078956290105,56.62260642147843
pump,id_00,00000663.wav,normal,88.17713427625392,88.2%,GOOD,17.45462989807129,250.3149871826172,-0.088087223470211,40.925440316839,44.169747417679226,100.0
pump,id_00,00000699.wav,normal,92.4754173434655,92.5%,EXCELLENT,15.268299102783203,218.4986572265625,-0.0807605385780334,48.324997328795504,51.26606137667156,100.0
pump,id_00,00000976.wav,normal,98.82393181981726,98.8%,EXCELLENT,8.146726608276367,109.76488494873048,0.0960963144898414,72.4277002690159,75.5180410077237,68.16173215210839
pump,id_00,00000273.wav,normal,83.14946077464387,83.1%,GOOD,19.381702423095703,272.07989501953125,0.1040076240897178,34.40333348569309,39.315302561449585,65.54058694580512
pump,id_00,00000686.wav,normal,99.24505876441172,99.2%,EXCELLENT,6.724744319915772,93.08786010742188,0.0438259951770305,77.24034757535827,79.23768448449493,85.47973686031207
pump,id_00,00000214.wav,normal,99.36562323330122,99.4%,EXCELLENT,6.187251091003418,84.6019287109375,0.1143133118748664,79.05947384822106,81.13038654997825,62.12614540554197
pump,id_00,00000363.wav,normal,99.12134808667456,99.1%,EXCELLENT,7.202692031860352,90.57946014404295,0.0482640750706195,75.6227509376994,79.79715799069278,84.00932899781944
pump,id_00,00000379.wav,normal,99.5331517991202,99.5%,EXCELLENT,5.265546798706055,71.83438873291016,0.1391234397888183,82.17894848294608,83.97805855656134,53.90614756214542
pump,id_00,00000166.wav,normal,98.22742346894432,98.2%,EXCELLENT,9.539037704467772,134.27877807617188,0.0829802528023719,67.71547403277958,70.050462496004,72.50729615559854
pump,id_00,00000373.wav,normal,86.0091384067066,86.0%,GOOD,18.342893600463867,257.3045654296875,0.0591348819434642,37.91914414168068,42.610791945735635,80.40765433654073
pump,id_00,00000854.wav,normal,97.63815726902018,97.6%,EXCELLENT,10.56364631652832,146.35247802734375,-0.0044967918656766,64.2477234726981,67.35754456302658,100.0
pump,id_00,00000650.wav,normal,98.51421847384798,98.5%,EXCELLENT,8.93028450012207,117.67855072021484,-0.0743055641651153,69.7757770992118,73.75297706230477,100.0
pump,id_00,00000464.wav,normal,92.39261425196278,92.4%,EXCELLENT,15.31833267211914,214.55987548828125,-0.1198621466755867,48.155660534193856,52.14456722160702,100.0
pump,id_00,00000960.wav,normal,76.87276616279574,76.9%,GOOD,21.322769165039062,270.602783203125,-0.0325660072267055,27.833863736660913,39.644757568241204,100.0
pump,id_00,00000953.wav,normal,99.58267481826948,99.6%,EXCELLENT,4.936115741729736,69.88619995117188,-0.0739879757165908,83.29389590666571,84.41258256563772,100.0
pump,id_00,00000103.wav,normal,95.43976059967927,95.4%,EXCELLENT,13.104609489440918,183.8616943359375,0.1270886808633804,55.647926084411694,58.991489281063345,57.893458419872445
pump,id_00,00000887.wav,normal,99.28105184794975,99.3%,EXCELLENT,6.57273006439209,89.2041015625,-0.0659527033567428,77.75483429109306,80.10391795685807,100.0
pump,id_00,00000984.wav,normal,79.86102558125718,79.9%,GOOD,20.444440841674805,283.2992553710937,-0.1123072579503059,30.806533983065055,36.81293652540065,100.0
pump,id_00,00000875.wav,normal,96.8755049123527,96.9%,EXCELLENT,11.608697891235352,163.46499633789062,0.1058672592043876,60.710784449497524,63.54076862663245,64.92445966564328
pump,id_00,00000081.wav,normal,94.3338316181562,94.3%,EXCELLENT,14.014293670654297,199.8316650390625,0.1321905851364135,52.569133078215934,55.42954715317446,56.20311477202837
pump,id_00,00000296.wav,normal,73.73147959771191,73.7%,WARNING,22.18017196655273,302.4567565917969,-0.1174696013331413,24.932015157440944,32.5400476183626,100.0
pump,id_00,00000791.wav,normal,97.2697468275951,97.3%,EXCELLENT,11.098928451538086,161.2663116455078,-0.0999379605054855,62.43608056668275,64.03116324145853,100.0
pump,id_00,00000233.wav,normal,63.1691755175755,63.2%,WARNING,24.75263023376465,348.3589782714844,0.0586254447698593,16.2256237686643,22.30201649081771,80.57643913615571
pump,id_00,00000677.wav,normal,96.88950428747285,96.9%,EXCELLENT,11.59153652191162,170.31312561035156,-0.1173476949334144,60.76886647943913,62.01336193276579,100.0
pump,id_00,00000046.wav,normal,0.2353319920093832,0.2%,CRITICAL,51.9864616394043,724.0216064453125,0.0594845190644264,0.0,0.0,80.29181388661446
pump,id_00,00000071.wav,normal,92.44651382952372,92.4%,EXCELLENT,15.285811424255373,218.20700073242188,0.130002275109291,48.2657275140793,51.33111243860924,56.92813738239204
pump,id_00,00000721.wav,normal,98.10788847139472,98.1%,EXCELLENT,9.768111228942873,118.5282211303711,0.0079374052584171,66.94018302561066,73.56346658135166,97.37020887870302
pump,id_00,00000196.wav,normal,94.93664601002467,94.9%,EXCELLENT,13.538026809692385,191.06494140625,0.124846912920475,54.18104093689331,57.384877116626654,58.63619250491985
pump,id_00,00000591.wav,normal,95.88082671316144,95.9%,EXCELLENT,12.691773414611816,182.6556396484375,-0.1224920824170112,57.04515475578836,59.260487708161506,100.0
pump,id_00,00000370.wav,normal,96.39796877826694,96.4%,EXCELLENT,12.15928554534912,173.96307373046875,-0.1121929064393043,58.84734057107135,61.199277535534534,100.0
pump,id_00,00000882.wav,normal,82.79459476206188,82.8%,GOOD,19.502328872680664,257.5692138671875,-0.077942244708538,33.99507765689651,42.551764760518154,100.0
pump,id_00,00000906.wav,normal,99.32026814541824,99.3%,EXCELLENT,6.399262428283691,82.50668334960938,-0.0553137697279453,78.3419291926879,81.59771005729802,100.0
pump,id_00,00000633.wav,normal,96.00442406899556,96.0%,EXCELLENT,12.569684982299805,174.5500946044922,-0.036769650876522,57.458358611920346,61.06834840485522,100.0
pump,id_00,00000643.wav,normal,99.44124049414836,99.4%,EXCELLENT,5.801915168762207,79.90450286865234,0.1300363838672638,80.36362925394639,82.17810036932767,56.91683659756941
pump,id_00,00000849.wav,normal,94.98669897055498,95.0%,EXCELLENT,13.49649143218994,169.73727416992188,-0.0236285012215375,54.32161591049971,62.141799833072675,100.0
pump,id_00,00000300.wav,normal,98.070116087563,98.1%,EXCELLENT,9.837935447692873,135.0813446044922,0.0622722245752811,66.70386549828613,69.87145806444931,79.36820182920286
pump,id_00,00000565.wav,normal,95.7799269540519,95.8%,EXCELLENT,12.789258003234863,177.40869140625,-0.0882617682218551,56.71522171324148,60.43076699884568,100.0
pump,id_00,00000080.wav,normal,97.65497291658323,97.7%,EXCELLENT,10.537582397460938,146.1724853515625,0.1056010797619819,64.33593585826655,67.39769012788047,65.0126492328281
pump,id_00,00000387.wav,normal,99.79134441996698,99.8%,EXCELLENT,2.9810659885406494,38.33346557617188,-0.0353115126490592,89.91069064839094,91.45010416850504,100.0
pump,id_00,00000127.wav,normal,91.846089651639,91.8%,EXCELLENT,15.638591766357422,224.729736328125,0.1330351531505584,47.0717552845761,49.87628154760021,55.92329568850931
pump,id_00,00000549.wav,normal,95.2646087685618,95.3%,EXCELLENT,13.259655952453612,193.9328765869141,-0.1203839629888534,55.12317697277809,56.74521287866641,100.0
pump,id_00,00000470.wav,normal,93.59580454124196,93.6%,EXCELLENT,14.54582405090332,210.38140869140625,-0.0891545340418815,50.7701878496549,53.07653241994402,100.0
pump,id_00,00000747.wav,normal,99.15162657774782,99.2%,EXCELLENT,7.091456890106201,96.81379699707033,-0.0199572760611772,75.99922222690998,78.40665155276281,100.0
pump,id_00,00000044.wav,normal,88.36341805388652,88.4%,GOOD,17.37314224243164,252.68069458007807,0.1320786327123642,41.201232321862115,43.642100060153055,56.24020642618831
pump,id_00,00000826.wav,normal,99.01322394940075,99.0%,EXCELLENT,7.574288368225098,106.98284912109376,-0.0759165734052658,74.36509666036358,76.13854625472558,100.0
pump,id_00,00000270.wav,normal,91.14307874294056,91.1%,EXCELLENT,16.027578353881836,231.4176025390625,0.0934429243206977,45.75524433505438,48.38461992559351,69.04084335797145
pump,id_00,00000618.wav,normal,99.28084388514552,99.3%,EXCELLENT,6.573627471923828,93.60704040527344,-0.1045415550470352,77.75179704796025,79.1218865153399,100.0
pump,id_00,00000352.wav,normal,99.73951119578469,99.7%,EXCELLENT,3.592445135116577,49.451602935791016,-0.0539480783045291,87.84150017604351,88.97031490770611,100.0
pump,id_00,00000867.wav,normal,99.21077000298932,99.2%,EXCELLENT,6.863735198974609,96.46615600585938,0.1424678564071655,76.76993800332355,78.48418939644421,52.79808808395248
pump,id_00,00000367.wav,normal,92.29129138043308,92.3%,EXCELLENT,15.378995895385742,217.05221557617188,-0.0623367801308631,47.95034806269701,51.58867570989957,100.0
pump,id_00,00000099.wav,normal,79.3249691899129,79.3%,GOOD,20.60734367370605,300.8150634765625,0.1171844154596328,30.25519527639622,32.90621083662537,61.17490221337461
pump,id_00,00000389.wav,normal,99.50613991981396,99.5%,EXCELLENT,5.43228816986084,77.07158660888672,0.1206613332033157,81.61461838030529,82.80995398747275,60.02294296294816
pump,id_00,00000094.wav,normal,70.67008704168862,70.7%,WARNING,22.966472625732425,337.584716796875,0.1225357428193092,22.270809191409413,24.705107677189886,59.40192065082843
pump,id_00,00000996.wav,normal,98.58621187582952,98.6%,EXCELLENT,8.761697769165039,118.59249877929688,-0.087455503642559,70.34635275494716,73.54913009508964,100.0
pump,id_00,00000344.wav,normal,93.54541088746332,93.5%,EXCELLENT,14.58033847808838,184.692626953125,-0.0267359856516122,50.65337502689209,58.806158077292395,100.0
pump,id_00,00000781.wav,normal,97.35640082179764,97.4%,EXCELLENT,10.978727340698242,157.7081298828125,-0.0849827751517295,62.84289685197536,64.82478007112186,100.0
pump,id_00,00000220.wav,normal,96.27434964425156,96.3%,EXCELLENT,12.291983604431152,175.61642456054688,0.1189113855361938,58.39822881924055,60.83051418065355,60.602729012406996
pump,id_00,00000159.wav,normal,78.67634824550045,78.7%,GOOD,20.8011474609375,303.92059326171875,0.1128387525677681,29.599273411396265,32.21355350012837,62.614690824023754
pump,id_00,00000970.wav,normal,98.92168457124812,98.9%,EXCELLENT,7.862039089202881,103.28165435791016,-0.0012675173347815,73.39121481700504,76.9640607027844,100.0
pump,id_00,00000348.wav,normal,99.47139376606702,99.5%,EXCELLENT,5.6352128982543945,73.02547454833984,0.0436061508953571,80.92782702187043,83.71239878656066,85.5525748371055
pump,id_00,00000989.wav,normal,98.70850398063166,98.7%,EXCELLENT,8.457565307617188,115.6775360107422,0.0664742961525917,71.37567800310269,74.1992833658474,77.97598735037838
pump,id_00,00000714.wav,normal,95.69345023630244,95.7%,EXCELLENT,12.871317863464355,185.6351318359375,-0.0837101265788078,56.43749310260765,58.59594179635871,100.0
pump,id_00,00000163.wav,normal,87.07901877422213,87.1%,GOOD,17.91748809814453,261.3439636230469,0.1328794062137603,39.35891358297291,41.70984460752734,55.97489717516977
pump,id_00,00000825.wav,normal,98.0560625278885,98.1%,EXCELLENT,9.863617897033691,137.303955078125,0.1160444170236587,66.61694418312484,69.37572704357959,61.552602188065705
pump,id_00,00000777.wav,normal,98.71406914217924,98.7%,EXCELLENT,8.44314193725586,117.08775329589844,-0.0222016610205173,71.42449337519699,73.88474851472886,100.0
pump,id_00,00000006.wav,normal,86.11090706693365,86.1%,GOOD,18.303407669067383,262.9435729980469,0.1073877736926078,38.05278283952466,41.35306774632348,64.420688550179
pump,id_00,00000890.wav,normal,99.00662584688388,99.0%,EXCELLENT,7.595791816711426,97.35767364501952,-0.023187855258584,74.29231902151258,78.28534530989499,100.0
pump,id_00,00000828.wav,normal,82.39282658725826,82.4%,GOOD,19.63699722290039,276.15216064453125,0.0462244376540184,33.539297526412795,38.40702447157164,84.68509396057658
pump,id_00,00000284.wav,normal,98.62645974778872,98.6%,EXCELLENT,8.664199829101562,109.2222137451172,-0.0719453617930412,70.6763309849583,75.63907838829724,100.0
pump,id_00,00000603.wav,normal,60.09626279033744,60.1%,WARNING,25.445772171020508,369.0303039550781,-0.1235884875059127,13.87971010676261,17.69148418863282,100.0
pump,id_00,00000459.wav,normal,96.17715919017682,96.2%,EXCELLENT,12.393808364868164,180.766845703125,-0.1255053579807281,58.053606623136325,59.68176429343372,100.0
pump,id_00,00000225.wav,normal,98.35379139822092,98.4%,EXCELLENT,9.282061576843262,130.2995147705078,0.0802018493413925,68.58520038487939,70.93799734937937,73.42782629299025
pump,id_00,00000429.wav,normal,95.10667676613338,95.1%,EXCELLENT,13.395566940307615,161.11878967285156,0.0282702185213565,54.66319118044307,64.06406654096745,90.63361800939282
pump,id_00,00000992.wav,normal,99.46319997098,99.5%,EXCELLENT,5.681332111358643,79.22911071777344,-0.073298841714859,80.77173822348414,82.32873982883466,100.0
pump,id_00,00000718.wav,normal,97.36389580308568,97.4%,EXCELLENT,10.96817684173584,159.29806518554688,-0.0948206782341003,62.87860463176108,64.47016091491268,100.0
pump,id_00,00000665.wav,normal,86.49962043293525,86.5%,GOOD,18.150745391845703,261.43182373046875,-0.0905204936861991,38.56946276111359,41.690248289925734,100.0
pump,id_00,00000733.wav,normal,0.9728527679769852,1.0%,CRITICAL,47.76895904541016,660.9767456054688,-0.1251441389322281,0.0,0.0,100.0
pump,id_00,00000203.wav,normal,98.23312288663716,98.2%,EXCELLENT,9.527790069580078,129.9810791015625,0.0650907754898071,67.75354124373436,71.00902123823454,78.43437018918627
pump,id_00,00000574.wav,normal,93.3860747447185,93.4%,EXCELLENT,14.688108444213867,213.69720458984372,-0.1251855194568634,50.28863149849245,52.33697733135425,100.0
pump,id_00,00000027.wav,normal,56.67436563442559,56.7%,WARNING,26.201358795166016,378.4351196289063,0.0927494838833808,11.322454674562687,15.593834181855847,69.27059142372259
pump,id_00,00000616.wav,normal,73.95743498285535,74.0%,WARNING,22.1203727722168,314.7047424316406,-0.0821190401911735,25.134403354465572,29.80825696227898,100.0
pump,id_00,00000517.wav,normal,95.36766046736588,95.4%,EXCELLENT,13.169002532958984,182.87843322753903,-0.0330854877829551,55.42999017200895,59.21079583020021,100.0
pump,id_00,00000238.wav,normal,95.42464212947722,95.4%,EXCELLENT,13.118179321289062,175.2308807373047,-0.0135977016761899,55.60199948235338,60.916505871664285,100.0
pump,id_00,00000223.wav,normal,98.75581574273596,98.8%,EXCELLENT,8.333189964294434,110.35616302490234,0.056935291737318,71.79662182632552,75.38616235071392,81.13641425320003
pump,id_00,00000095.wav,normal,86.48233723755948,86.5%,GOOD,18.15759658813477,262.0678405761719,0.1215613782405853,38.546275136601196,41.54839109814555,59.72474344172942
pump,id_00,00000030.wav,normal,96.23195677073664,96.2%,EXCELLENT,12.336661338806152,173.79884338378906,0.1280958652496338,58.247018653155266,61.235907470641536,57.55976189433982
pump,id_00,00000032.wav,normal,9.801069156274943,9.8%,CRITICAL,38.78209686279297,561.9932861328125,0.0944201946258544,0.0,0.0,68.7170578527671
pump,id_00,00000432.wav,normal,96.25748035464312,96.3%,EXCELLENT,12.30981159210205,174.72891235351562,-0.087260365486145,58.33789064376245,61.028464895655276,100.0
pump,id_00,00000604.wav,normal,97.75476330436526,97.8%,EXCELLENT,10.379589080810549,147.6981201171875,-0.0694280341267585,64.87065848879539,67.0574125629136,100.0
pump,id_00,00000089.wav,normal,92.57204537701622,92.6%,EXCELLENT,15.209378242492676,220.95187377929688,0.1263229846954345,48.524412836207695,50.71889597790793,58.14714598130066
pump,id_00,00000558.wav,normal,95.465016667413,95.5%,EXCELLENT,13.081859588623049,187.77325439453125,-0.0789817348122596,55.724922295818025,58.119054959330605,100.0
pump,id_00,00000913.wav,normal,99.4991611202736,99.5%,EXCELLENT,5.474044322967529,75.23336791992188,0.0420930795371532,81.47329619970077,83.2199502680054,86.05387992285426
pump,id_00,00000758.wav,normal,97.85301686749322,97.9%,EXCELLENT,10.218132972717283,148.49539184570312,-0.0958672761917114,65.41710081094514,66.87958908346168,100.0
pump,id_00,00000692.wav,normal,95.37649299689627,95.4%,EXCELLENT,13.161157608032228,189.07589721679688,0.1361376494169235,55.45654103493196,57.82851351548739,54.89538834731717
pump,id_00,00000104.wav,normal,93.01191033022756,93.0%,EXCELLENT,14.933501243591309,215.35455322265625,0.1333415061235427,49.45810849930571,51.96732230658587,55.82179597895589
pump,id_00,00000754.wav,normal,95.55309740270508,95.6%,EXCELLENT,13.001712799072266,187.6190185546875,-0.0929319858551025,55.99617618836001,58.153455719719126,100.0
pump,id_00,00000142.wav,normal,91.85199795113768,91.9%,EXCELLENT,15.635217666625977,218.67166137695312,0.120191216468811,47.083174802327335,51.22747453246055,60.17870026324004
pump,id_00,00000228.wav,normal,86.32043335213507,86.3%,GOOD,18.22148704528809,266.0048217773437,-0.1309176832437515,38.33004020945986,40.67028684499145,100.0
pump,id_00,00000250.wav,normal,96.93865388360108,96.9%,EXCELLENT,11.53077507019043,167.5989990234375,-0.1020364165306091,60.97451140156582,62.618720703302586,100.0
pump,id_00,00000281.wav,normal,98.1081790285027,98.1%,EXCELLENT,9.767569541931152,141.48162841796875,0.1248797103762626,66.94201634558883,68.443938817892,58.62532617578289
pump,id_00,00000759.wav,normal,98.85173289982744,98.9%,EXCELLENT,8.067919731140137,117.59325408935548,-0.1157034486532211,72.69441927675277,73.772001622116,100.0
pump,id_00,00000025.wav,normal,89.40498978948293,89.4%,GOOD,16.899505615234375,242.5936584472656,0.1315730363130569,42.80423825008221,45.89191251221795,56.407718714974145
pump,id_00,00000114.wav,normal,96.3897282632429,96.4%,EXCELLENT,12.168246269226074,172.92437744140625,0.1347104758024215,58.81701332720741,61.43094834688859,55.368234117159496
pump,id_00,00000654.wav,normal,91.7559216964082,91.8%,EXCELLENT,15.689857482910156,225.0876922607422,0.1150323078036308,46.89824833255937,49.79644305947654,61.8879303909176
pump,id_02,00000095.wav,normal,98.78855635343416,98.8%,EXCELLENT,9.913208961486816,132.05690002441406,-0.0004496499313972,66.4491050301955,70.54603015750504,100.0
pump,id_02,00000417.wav,normal,82.86668686084238,82.9%,GOOD,19.29806327819824,270.2440795898437,-0.1253502070903778,34.68640712781252,39.72476281905376,100.0
pump,id_02,00000565.wav,normal,16.67311231324017,16.7%,CRITICAL,33.08197021484375,454.0305786132813,-0.079904705286026,0.0,0.0,100.0
pump,id_02,00000014.wav,normal,93.04600368629384,93.0%,EXCELLENT,15.483062744140623,197.2872314453125,0.010314468294382,47.59813760027477,55.997057599979506,96.58264933459196
pump,id_02,00000564.wav,normal,99.59190146598678,99.6%,EXCELLENT,7.094561576843262,98.21601104736328,-0.0909174233675003,75.98871452763379,78.09390174307913,100.0
pump,id_02,00000318.wav,normal,99.68378808472548,99.7%,EXCELLENT,6.48176383972168,90.01322937011719,-0.1023984029889106,78.0627061680578,79.92345009762562,100.0
pump,id_02,00000162.wav,normal,99.31619003898815,99.3%,EXCELLENT,8.386842727661133,115.96514892578124,0.1271973252296447,71.61503600123605,74.13513418375769,57.85746277891941
pump,id_02,00000726.wav,normal,98.01205359530198,98.0%,EXCELLENT,11.332088470458984,150.913330078125,0.001835988368839,61.646958967777266,66.3402921609563,99.39170727032524
pump,id_02,00000245.wav,normal,18.42604919225864,18.4%,CRITICAL,32.59339141845703,469.9498901367188,-0.1409855931997299,0.0,0.0,100.0
pump,id_02,00000818.wav,normal,89.16178014565621,89.2%,GOOD,17.238704681396484,243.51617431640625,0.1248175650835037,41.65623135474951,45.68615458072124,58.64591591938385
pump,id_02,00000623.wav,normal,3.2275289280591117,3.2%,CRITICAL,39.4211311340332,552.2106323242188,0.0628133490681648,0.0,0.0,79.18891850668473
pump,id_02,00000645.wav,normal,98.02429133052628,98.0%,EXCELLENT,11.313764572143556,155.44467163085938,0.0827175825834274,61.70897553478465,65.32962178011586,72.59432306012465
pump,id_02,00000029.wav,normal,93.08736319297569,93.1%,EXCELLENT,15.460739135742188,221.32711791992188,-0.1187301203608512,47.67369104050112,50.635201528019294,100.0
pump,id_02,00000124.wav,normal,99.58507652008848,99.6%,EXCELLENT,7.134965896606445,103.08937072753906,0.1035754159092903,75.8519675777846,77.00694764204397,65.68378452718535
pump,id_02,00000496.wav,normal,40.78092214763544,40.8%,CRITICAL,27.801847457885746,392.83837890625,-0.1344196498394012,5.905659040385036,12.381331356860814,100.0
pump,id_02,00000715.wav,normal,74.20382079771115,74.2%,WARNING,21.45094871520996,285.8905944824219,0.0152876349166035,27.400044713802796,36.23496427235951,94.93495855882115
pump,id_02,00000961.wav,normal,99.20158377551272,99.2%,EXCELLENT,8.789833068847656,123.53352355957033,-0.1066208854317665,70.2511298570679,72.44708397071227,100.0
pump,id_02,00000294.wav,normal,96.52057519008804,96.5%,EXCELLENT,13.070584297180176,186.2579345703125,-0.1038248538970947,55.76308310937734,58.457031879855194,100.0
pump,id_02,00000134.wav,normal,99.66711568861516,99.7%,EXCELLENT,6.603917598724365,90.92356872558594,0.1241018027067184,77.64928121611861,79.72040801563327,58.88305960578343
pump,id_02,00000562.wav,normal,99.28328472630768,99.3%,EXCELLENT,8.508295059204102,116.35052490234376,-0.1078532412648201,71.203985005008,74.04917992926892,100.0
pump,id_02,00000273.wav,normal,85.57558198872091,85.6%,GOOD,18.48851776123047,282.35400390625,-0.0656583681702613,37.42628446910364,37.02376540396688,100.0
pump,id_02,00000208.wav,normal,98.4631055632517,98.5%,EXCELLENT,10.582457542419434,144.63058471679688,0.109253279864788,64.18405756324557,67.74159563216016,63.80261609342471
pump,id_02,00000052.wav,normal,95.49538525311378,95.5%,EXCELLENT,13.931461334228516,193.8529052734375,0.0896595790982246,52.84947610642424,56.76304967973449,70.29432700293343
pump,id_02,00000904.wav,normal,97.87104651481198,97.9%,EXCELLENT,11.536602973937988,146.989013671875,-0.0144438100978732,60.954787073420604,67.21557165836026,100.0
pump,id_02,00000988.wav,normal,99.50083524859812,99.5%,EXCELLENT,7.590127944946289,108.7633056640625,0.1324827373027801,74.31148818938273,75.74143324273773,56.10632002007036
pump,id_02,00001000.wav,normal,95.52678358455825,95.5%,EXCELLENT,13.907584190368652,197.55804443359372,0.1006731912493705,52.9302874308837,55.93665547340893,66.6453386363916
pump,id_02,00000510.wav,normal,99.61090680776928,99.6%,EXCELLENT,6.978773593902588,93.0894775390625,-0.0835646837949752,76.38059474215369,79.23732373255577,100.0
pump,id_02,00000935.wav,normal,95.81418840880548,95.8%,EXCELLENT,13.682497024536133,202.66693115234372,-0.0318144038319587,53.69208675229791,54.79716942372153,100.0
pump,id_02,00000637.wav,normal,90.99702151244416,91.0%,EXCELLENT,16.480518341064453,232.4078063964844,-0.1229630932211875,44.22228543177415,48.163764865774326,100.0
pump,id_02,00000370.wav,normal,92.7236547542345,92.7%,EXCELLENT,15.653639793395996,224.064697265625,-0.0360125824809074,47.0208257846901,50.024611854364444,100.0
pump,id_02,00000530.wav,normal,44.74248453432587,44.7%,CRITICAL,27.075170516967773,366.953125,-0.1197220906615257,8.365070701779198,18.15477816485842,100.0
pump,id_02,00000192.wav,normal,98.29446866683666,98.3%,EXCELLENT,10.882353782653809,147.03404235839844,0.0432747118175029,63.16906965196143,67.20552846050644,85.66238598014466
pump,id_02,00000055.wav,normal,98.64375386818426,98.6%,EXCELLENT,10.228047370910645,142.27664184570312,-0.1055587753653526,65.38354589106332,68.26661902982687,100.0
pump,id_02,00000423.wav,normal,99.0861528423254,99.1%,EXCELLENT,9.147218704223633,137.38916015625,-0.0629583820700645,69.04157118007438,69.35672290368946,100.0
pump,id_02,00000473.wav,normal,94.27422611038864,94.3%,EXCELLENT,14.770929336547852,210.1015625,-0.1242792159318924,50.008327202396366,53.13894931206169,100.0
pump,id_02,00000555.wav,normal,93.66925683098528,93.7%,EXCELLENT,15.135154724121094,216.2121734619141,-0.1324658989906311,48.77561963300266,51.776038695818514,100.0
pump,id_02,00000673.wav,normal,97.41535213656518,97.4%,EXCELLENT,12.127458572387695,171.77426147460938,-0.1256842911243438,58.955057802815794,61.68747020220358,100.0
pump,id_02,00000001.wav,normal,98.82267193740914,98.8%,EXCELLENT,9.834308624267578,147.56240844726562,-0.0652290359139442,66.71614035018212,67.0876816926025,100.0
pump,id_02,00000977.wav,normal,95.6135791837212,95.6%,EXCELLENT,13.840869903564451,195.0853729248047,-0.0363718084990978,53.15607950671396,56.48816010540321,100.0
pump,id_02,00000526.wav,normal,99.84811756510872,99.8%,EXCELLENT,4.802556991577148,60.605560302734375,-0.0262822676450014,83.74592063610264,86.48253635278253,100.0
pump,id_02,00000885.wav,normal,95.87939816734986,95.9%,EXCELLENT,13.629693984985352,194.6792907714844,0.1349817365407943,53.87079671805546,56.57873266537743,55.27836103419289
pump,id_02,00000413.wav,normal,99.69089133247098,99.7%,EXCELLENT,6.427951335906982,84.44244384765625,0.0404220335185527,78.24483262888026,81.16595805250898,86.6075245762294
pump,id_02,00000791.wav,normal,89.7004011689237,89.7%,GOOD,17.026588439941406,238.0687561035156,0.1192352324724197,42.374131054644636,46.90114669194205,60.49543326904767
pump,id_02,00000118.wav,normal,98.29078417836163,98.3%,EXCELLENT,10.888617515563965,158.50706481933594,0.1201642826199531,63.14787027587605,64.64658562977024,60.18762388428278
pump,id_02,00000331.wav,normal,7.784795971302934,7.8%,CRITICAL,36.33741760253906,498.712646484375,-0.07778862118721,0.0,0.0,100.0
pump,id_02,00000258.wav,normal,0.0457143696096974,0.0%,CRITICAL,49.97661209106445,657.31298828125,-0.0400133393704891,0.0,0.0,100.0
pump,id_02,00000322.wav,normal,2.3485267223724366,2.3%,CRITICAL,40.415374755859375,578.996337890625,-0.1285817623138427,0.0,0.0,100.0
pump,id_02,00000090.wav,normal,27.856717104368467,27.9%,CRITICAL,30.347881317138672,418.5911865234375,-0.1000991761684417,0.0,6.6374253680334006,100.0
pump,id_02,00000465.wav,normal,98.25627047252924,98.3%,EXCELLENT,10.946738243103027,161.70755004882812,-0.0932734236121177,62.95116278864285,63.93274943178751,100.0
pump,id_02,00000037.wav,normal,99.1767835621288,99.2%,EXCELLENT,8.870275497436523,123.90937042236328,0.1368405669927597,69.97887538496038,72.3632550896765,54.66250035183812
pump,id_02,00000563.wav,normal,99.78822248388929,99.8%,EXCELLENT,5.549548149108887,68.50103759765625,-0.0027801655232906,81.2177562478518,84.72152916501923,100.0
pump,id_02,00000778.wav,normal,58.30304054528054,58.3%,WARNING,24.616159439086918,350.57061767578125,0.1156338080763816,16.687504206821792,21.808732457158055,61.68864359312429
pump,id_02,00000924.wav,normal,99.3880882019489,99.4%,EXCELLENT,8.102385520935059,117.41949462890624,0.1223683804273605,72.57777106546686,73.81075693067596,59.457370526204144
pump,id_02,00000410.wav,normal,62.0666711670757,62.1%,WARNING,23.9141845703125,346.3443908691406,-0.1347548067569732,19.063312604001016,22.75135004766127,100.0
pump,id_02,00000678.wav,normal,99.1840640273427,99.2%,EXCELLENT,8.846883773803711,117.44482421875,-0.0854472741484642,70.05804382232674,73.80510741917567,100.0
pump,id_02,00000974.wav,normal,96.43533489658034,96.4%,EXCELLENT,13.149538040161133,196.8396453857422,-0.0918448194861412,55.49586703953372,56.09688719084578,100.0
pump,id_02,00000507.wav,normal,95.92886404345688,95.9%,EXCELLENT,13.58918571472168,170.46412658691406,-0.0348222181200981,54.0078954845906,61.97968267625562,100.0
pump,id_02,00000710.wav,normal,92.51416112610742,92.5%,EXCELLENT,15.7614164352417,217.2084045410156,-0.091335505247116,46.656059662558334,51.55383932452791,100.0
pump,id_02,00000421.wav,normal,96.40626269543723,96.4%,EXCELLENT,13.176112174987791,195.1271209716797,-0.0301273483783006,55.40592784729572,56.47884862138828,100.0
pump,id_02,00000337.wav,normal,91.53783559435568,91.5%,EXCELLENT,16.235441207885742,244.18138122558597,-0.0442639477550983,45.05174007019897,45.537786837435,100.0
pump,id_02,00000164.wav,normal,96.5191212606588,96.5%,EXCELLENT,13.071944236755373,185.43405151367188,0.1323178112506866,55.75848044337584,58.640790749702575,56.160962696530184
pump,id_02,00000878.wav,normal,94.93576134896334,94.9%,EXCELLENT,14.336145401000977,183.73199462890625,0.0646247267723083,51.479837609648335,59.020417502600985,78.58877968945343
pump,id_02,00000107.wav,normal,98.04625553620056,98.0%,EXCELLENT,11.280633926391602,152.66635131835938,0.0461444482207298,61.82110499964555,65.94929831865369,84.71159575739952
pump,id_02,00000686.wav,normal,95.60162210611044,95.6%,EXCELLENT,13.850123405456545,192.704833984375,0.112774908542633,53.12476136631253,57.019115490145225,62.635843385217484
pump,id_02,00000328.wav,normal,99.43297293316692,99.4%,EXCELLENT,7.909396171569824,116.82707214355467,-0.0816338583827018,73.23093649514755,73.94289083669932,100.0
pump,id_02,00000341.wav,normal,98.76088779533973,98.8%,EXCELLENT,9.975796699523926,143.65567016601562,-0.1010731682181358,66.23727910849458,67.95904056515806,100.0
pump,id_02,00000418.wav,normal,34.53295426196236,34.5%,CRITICAL,28.98722267150879,392.3527221679688,-0.0827796310186386,1.8937997679147611,12.489652231578408,100.0
pump,id_02,00000356.wav,normal,94.30325059406458,94.3%,EXCELLENT,14.75270938873291,213.17691040039065,-0.1050521731376648,50.06999195271781,52.453023742882486,100.0
pump,id_02,00000933.wav,normal,99.05723845636268,99.1%,EXCELLENT,9.230511665344238,124.42750549316406,0.0058949082158505,68.75966918434945,72.24769024795386,98.04692128193089
pump,id_02,00000950.wav,normal,96.5039343715485,96.5%,EXCELLENT,13.086121559143066,169.17544555664062,0.025179760530591,55.71049781169416,62.26711008213333,91.65753687459602
pump,id_02,00000503.wav,normal,98.07083064914704,98.1%,EXCELLENT,11.24318790435791,136.035888671875,-0.011102951131761,61.94783969848729,69.65855656389292,100.0
pump,id_02,00000833.wav,normal,98.2282391579635,98.2%,EXCELLENT,10.993224143981934,152.28530883789062,0.1185542494058609,62.793832948827685,66.03428603021106,60.72105400578539
pump,id_02,00000650.wav,normal,93.60254959946175,93.6%,EXCELLENT,15.173628807067873,220.74685668945312,-0.0803904235363006,48.64540549941364,50.764622987858466,100.0
pump,id_02,00000446.wav,normal,63.41251816994734,63.4%,WARNING,23.658323287963867,338.1512451171875,-0.1437789052724838,19.92926580283594,24.578749205513517,100.0
pump,id_02,00000599.wav,normal,96.25541399056873,96.3%,EXCELLENT,13.311239242553713,180.4220123291016,-0.0966449454426765,54.94859520464739,59.75867592620183,100.0
pump,id_02,00000185.wav,normal,95.31639800976345,95.3%,EXCELLENT,14.06507396697998,195.967529296875,0.0961420387029647,52.3972690132923,56.29140395578498,68.14658297857056
pump,id_02,00000284.wav,normal,98.79099441089248,98.8%,EXCELLENT,9.907634735107422,137.51425170898438,-0.0060192896053195,66.46797079651996,69.32882248484647,100.0
pump,id_02,00000452.wav,normal,97.97054320938084,98.0%,EXCELLENT,11.39353847503662,160.6405792236328,-0.1209945455193519,61.43898366356568,64.17072659543678,100.0
pump,id_02,00000667.wav,normal,99.8107122299569,99.8%,EXCELLENT,5.294752597808838,75.69384765625,-0.0613552667200565,82.08010251873675,83.11724487158627,100.0
pump,id_02,00000531.wav,normal,39.74122352158778,39.7%,CRITICAL,27.9951229095459,356.66912841796875,-0.035128466784954,5.251525307899008,20.448520673818336,100.0
pump,id_02,00000481.wav,normal,90.39767843477972,90.4%,EXCELLENT,16.73965835571289,237.66416931152344,-0.1333850175142288,43.34523548278979,46.991385726538546,100.0
pump,id_02,00000179.wav,normal,97.514555014314,97.5%,EXCELLENT,12.006756782531738,171.28375244140625,0.1004474014043808,59.36356861801778,61.7968733327387,66.72014647475959
pump,id_02,00000774.wav,normal,99.64791246232782,99.6%,EXCELLENT,6.73797607421875,89.30876922607422,0.0080566778779029,77.19556518444831,80.08057288207722,97.33069192504806
pump,id_02,00000781.wav,normal,65.29304537150509,65.3%,WARNING,23.295429229736328,329.956787109375,0.1257597804069519,21.15746753650868,26.406441048901318,58.33374469827524
pump,id_02,00000041.wav,normal,99.50385844291227,99.5%,EXCELLENT,7.575024127960205,97.14990234375,0.0325973778963089,74.36260650831578,78.33168661913818,89.1999599140575
pump,id_02,00000590.wav,normal,22.888420965898533,22.9%,CRITICAL,31.46596908569336,471.4930114746094,0.0713988095521926,0.0,0.0,76.34441617650573
pump,id_02,00000275.wav,normal,94.1586764657711,94.2%,EXCELLENT,14.84275245666504,222.8143768310547,-0.0488856434822082,49.76524446613837,50.30348331330738,100.0
pump,id_02,00000841.wav,normal,96.59646634136315,96.6%,EXCELLENT,12.998942375183104,185.0128631591797,0.1170514225959777,56.00555258719193,58.73473259665589,61.21896490649025
pump,id_02,00000688.wav,normal,97.67440548555685,97.7%,EXCELLENT,11.803476333618164,175.84120178222656,-0.0941898971796035,60.051563899607316,60.780379871068746,100.0
pump,id_02,00000783.wav,normal,77.51861016339036,77.5%,GOOD,20.685569763183597,294.26971435546875,0.1280685663223266,29.990441923354215,34.36608544814249,57.56880647179508
pump,id_02,00000021.wav,normal,99.6517295277241,99.7%,EXCELLENT,6.71186113357544,80.58551025390625,0.0439639315009117,77.2839502506837,82.02620848799411,85.4340363186316
pump,id_02,00000601.wav,normal,71.8054793234913,71.8%,WARNING,21.972999572753903,303.5865173339844,-0.086319126188755,25.633182584859416,32.28806579216894,100.0
pump,id_02,00000589.wav,normal,98.79074058441508,98.8%,EXCELLENT,9.908215522766112,140.06216430664062,0.0534982644021511,66.46600514182508,68.76053608104019,82.27515716418998
pump,id_02,00000881.wav,normal,95.86035623094114,95.9%,EXCELLENT,13.645182609558104,174.826171875,0.0212433505803346,53.818376031849205,61.00677213282224,92.96173334686154
pump,id_02,00000856.wav,normal,87.48156183547658,87.5%,GOOD,17.855384826660156,256.11346435546875,0.1334811002016067,39.56909984525674,42.87645511905651,55.775546196422866
pump,id_02,00000690.wav,normal,91.68654538145714,91.7%,EXCELLENT,16.16600227355957,224.4583740234375,-0.1132133975625038,45.28675361641228,49.936806193697294,100.0
pump,id_02,00000234.wav,normal,5.872416970372733,5.9%,CRITICAL,37.38683319091797,564.9603271484375,0.0641034319996833,0.0,0.0,78.76149310397564
pump,id_02,00000093.wav,normal,97.77681958650972,97.8%,EXCELLENT,11.66696834564209,164.11453247070312,-0.0429725013673305,60.51357021712952,63.395896093172,100.0
pump,id_02,00000026.wav,normal,99.63747383879384,99.6%,EXCELLENT,6.808116436004639,91.02906799316406,-0.0062475660815835,76.95817768252387,79.69687745990255,100.0
pump,id_02,00000256.wav,normal,99.62564721686572,99.6%,EXCELLENT,6.885426044464111,98.5450439453125,-0.0405774191021919,76.69652612613505,78.02051424835835,100.0
pump,id_02,00000618.wav,normal,62.75824850003762,62.8%,WARNING,23.783077239990234,289.7312927246094,0.0337601266801357,19.507040592234006,35.37833496954686,88.81472238007069
pump,id_02,00000330.wav,normal,0.8163789189729683,0.8%,CRITICAL,43.40040969848633,603.18994140625,-0.102487027645111,0.0,0.0,100.0
pump,id_02,00000752.wav,normal,95.7252312601649,95.7%,EXCELLENT,13.75346565246582,196.1402282714844,-0.1266500949859619,53.451896013751934,56.252885177977575,100.0
pump,id_02,00000442.wav,normal,94.781013871186,94.8%,EXCELLENT,14.441715240478516,217.04844665527344,-0.087831862270832,51.12254032982193,51.58951632998425,100.0
pump,id_02,00000910.wav,normal,93.91044581708908,93.9%,EXCELLENT,14.99335479736328,214.1446685791016,0.1384972184896469,49.25553632474805,52.23717496704943,54.11362483701198
pump,id_02,00000040.wav,normal,96.97169418108058,97.0%,EXCELLENT,12.624064445495604,189.8550262451172,0.0836345180869102,57.27431329770525,57.65473658373057,72.29052745345534
pump,id_02,00000612.wav,normal,98.7182258723002,98.7%,EXCELLENT,10.069968223571776,149.47271728515625,-0.0853491351008415,65.91855901243379,66.66160642587519,100.0
pump,id_02,00000082.wav,normal,89.31637006318134,89.3%,GOOD,17.178619384765625,244.25225830078125,0.130668044090271,41.85958785457953,45.52197841519474,56.70755731900678
pump,id_02,00000448.wav,normal,98.42354615334578,98.4%,EXCELLENT,10.655251502990724,156.64479064941406,-0.0369041599333286,63.937689052801396,65.06194724456807,100.0
pump,id_02,00000505.wav,normal,99.46696499069527,99.5%,EXCELLENT,7.753996849060059,107.12017822265624,0.0894095078110694,73.75687984690778,76.10791637309751,70.37717967698012
pump,id_02,00000552.wav,normal,92.5426139052002,92.5%,EXCELLENT,15.746914863586426,220.32765197753903,-0.1222480610013008,46.70513970408609,50.858122403188275,100.0
pump,id_02,00000512.wav,normal,97.53859729991488,97.5%,EXCELLENT,11.97689723968506,173.21620178222656,0.0326489694416523,59.464627154137354,61.365859848428926,89.18286679817632
pump,id_02,00000278.wav,normal,99.3434991195544,99.3%,EXCELLENT,8.282060623168945,122.38660430908205,-0.0844232514500618,71.96966722067171,72.70289283044934,100.0
pump,id_02,00000965.wav,normal,92.1755257116964,92.2%,EXCELLENT,15.930867195129396,220.047607421875,-0.0156701523810625,46.08255973235077,50.92058353846828,100.0
pump,id_02,00000412.wav,normal,91.78174564087716,91.8%,EXCELLENT,16.121057510375977,246.40606689453125,-0.0667704939842224,45.438867531782556,45.04159296502068,100.0
pump,id_02,00000716.wav,normal,97.0222594726146,97.0%,EXCELLENT,12.57064723968506,162.39060974121094,-0.0701190456748008,57.455101886818305,63.78039980388963,100.0
pump,id_02,00000311.wav,normal,70.74315453329346,70.7%,WARNING,22.19727325439453,313.75457763671875,-0.1439850032329559,24.87413647108845,30.020181709943472,100.0
pump,id_02,00000705.wav,normal,79.45693905915535,79.5%,GOOD,20.20830726623535,304.4017639160156,0.056104902178049,31.60571947579427,32.106233201543944,81.41153578461832
pump,id_02,00000479.wav,normal,99.79413235470255,99.8%,EXCELLENT,5.48506498336792,74.89678955078125,-0.0283410158008337,81.43599717563824,83.29502070455564,100.0
pump,id_02,00000127.wav,normal,90.2503538172758,90.3%,EXCELLENT,16.801523208618164,245.3568420410156,0.0302859228104352,43.13585613951042,45.27561206729956,89.9657824800228
pump,id_02,00000449.wav,normal,99.52077866981732,99.5%,EXCELLENT,7.488945484161377,105.82682800292967,-0.094822309911251,74.65393654568892,76.39638519495058,100.0
pump,id_02,00000295.wav,normal,99.11856889850844,99.1%,EXCELLENT,9.05104923248291,130.44540405273438,-0.1158263608813285,69.36705325739263,70.90545820512982,100.0
pump,id_02,00000943.wav,normal,98.62919108802006,98.6%,EXCELLENT,10.258079528808594,137.86436462402344,0.0926526486873626,65.28190314558452,69.25073330329576,69.30267449500683
pump,id_02,00000582.wav,normal,99.8057052571139,99.8%,EXCELLENT,5.353770732879639,74.69902038574219,-0.0913227126002311,81.88035778837073,83.33913113742025,100.0
pump,id_02,00000844.wav,normal,95.60482004958556,95.6%,EXCELLENT,13.847650527954102,197.101806640625,0.1155964657664299,53.133130730226874,56.038414746817764,61.70101570617164
pump,id_02,00000766.wav,normal,95.73189277595262,95.7%,EXCELLENT,13.74819278717041,189.43551635742188,0.0726023092865943,53.469741834454744,57.748304065463984,75.94567719153875
pump,id_02,00000609.wav,normal,99.51073450488876,99.5%,EXCELLENT,7.540363788604736,107.87652587890624,-0.1097049117088317,74.47991316550933,75.93922059837078,100.0
pump,id_02,00000314.wav,normal,98.77744875384369,98.8%,EXCELLENT,9.938482284545898,148.0487823486328,-0.0877826064825058,66.36356838804586,66.97920086183639,100.0
pump,id_02,00000811.wav,normal,97.95555643571116,98.0%,EXCELLENT,11.415462493896484,158.20639038085938,0.1155168488621711,61.36478261959082,64.71364805393482,61.7273940780839
pump,id_02,00000169.wav,normal,66.5480890349908,66.5%,WARNING,23.049226760864254,335.618408203125,0.1057071760296821,21.990730832634597,25.14367312898107,64.97749781826414
pump,id_02,00000061.wav,normal,88.9496429991271,88.9%,GOOD,17.320161819458008,218.4407958984375,0.0328707806766033,41.38054263535898,51.27896676679753,89.10937713785445
pump,id_02,00000073.wav,normal,86.73349382232807,86.7%,GOOD,18.111289978027344,224.6954040527344,0.0272559616714715,38.702998173325,49.88393901800722,90.96965775685484
pump,id_02,00000145.wav,normal,12.92450325810591,12.9%,CRITICAL,34.253150939941406,494.3348388671875,0.099279411137104,0.0,0.0,67.10712059723981
pump,id_02,00000846.wav,normal,49.052033792753576,49.1%,CRITICAL,26.295316696166992,380.3377075195313,0.1208915710449218,11.004457577929882,15.169480995140084,59.94666143114653
pump,id_02,00000272.wav,normal,90.41294974380556,90.4%,EXCELLENT,16.733205795288086,253.5538330078125,-0.0519823282957077,43.367073938726705,43.447355272761726,100.0
pump,id_02,00000930.wav,normal,93.23183353846689,93.2%,EXCELLENT,15.38194465637207,224.15255737304688,-0.1066728383302688,47.940368088449745,50.00501553676284,100.0
pump,id_02,00000152.wav,normal,97.6868738035843,97.7%,EXCELLENT,11.787131309509276,171.21157836914062,0.1218805313110351,60.10688303887763,61.812971037194345,59.619002852244776
pump,id_02,00000663.wav,normal,97.93785495604853,97.9%,EXCELLENT,11.44118309020996,156.1827392578125,-0.1086185052990913,61.277732197388815,65.16500318296583,100.0
pump,id_02,00000230.wav,normal,98.6308153447198,98.6%,EXCELLENT,10.254743576049805,140.7977752685547,0.0617435611784458,65.29319355629504,68.5964654184393,79.54335658845845
pump,id_02,00000557.wav,normal,99.61555648857257,99.6%,EXCELLENT,6.949675559997559,94.00788879394533,0.0750847309827804,76.479075978973,79.0324812941877,75.12321061418686
pump,id_02,00000117.wav,normal,99.83475120311576,99.8%,EXCELLENT,4.989976406097412,67.29997253417969,0.0746194124221801,83.11160644820434,84.98941470641823,75.27737820162909
pump,id_02,00000435.wav,normal,92.47478725011162,92.5%,EXCELLENT,15.781414985656738,223.6444091796875,-0.1187706664204597,46.58837529646356,50.1183529054271,100.0
pump,id_02,00000202.wav,normal,93.87883070107569,93.9%,EXCELLENT,15.012188911437988,197.10861206054688,-0.0097959246486425,49.19179295107108,56.036896866017095,100.0
pump,id_02,00000956.wav,normal,87.13592498939742,87.1%,GOOD,17.974905014038086,258.99859619140625,-0.0969108417630195,39.1645881206409,42.232955339252385,100.0
pump,id_02,00000823.wav,normal,94.19611019466755,94.2%,EXCELLENT,14.819607734680176,209.19232177734372,0.130707249045372,49.84357693541611,53.34174635500102,56.69456808140597
pump,id_02,00000677.wav,normal,90.83567942698063,90.8%,EXCELLENT,16.551504135131836,232.85690307617188,0.0961618274450302,43.98203659505986,48.063598346210156,68.14002664731478
pump,id_02,00000603.wav,normal,90.26804134402865,90.3%,EXCELLENT,16.794132232666016,226.4844970703125,-0.1082523316144943,43.16087062864893,49.48489972679698,100.0
pump,id_02,00000640.wav,normal,98.29437787049548,98.3%,EXCELLENT,10.882508277893066,160.48928833007812,-0.1001005172729492,63.16854676844653,64.20447051503038,100.0
pump,id_02,00000810.wav,normal,97.21429314245556,97.2%,EXCELLENT,12.360660552978516,175.77532958984375,0.1160145327448844,58.16579418616552,60.795072004289686,61.56250333440112
pump,id_02,00000806.wav,normal,97.287198872854,97.3%,EXCELLENT,12.2777738571167,173.845947265625,0.0842683613300323,58.44632119190685,61.2254014212431,72.08052490491608
pump,id_02,00000270.wav,normal,92.7544139965141,92.8%,EXCELLENT,15.637616157531738,238.973876953125,-0.074839137494564,47.07505719714239,46.69926854545157,100.0
pump,id_02,00000946.wav,normal,71.95522109032572,72.0%,WARNING,21.941064834594727,307.4710998535156,-0.0946828126907348,25.741264543993868,31.421648540516024,100.0
pump,id_04,00000081.wav,normal,90.3869179319995,90.4%,EXCELLENT,16.283466339111328,241.65298461914065,-0.071156620979309,44.88920076129096,46.10172039472992,100.0
pump,id_04,00000105.wav,normal,60.88613018726385,60.9%,WARNING,25.572803497314453,378.43853759765625,-0.0619572922587394,13.449777205830005,15.59307183813533,100.0
pump,id_04,00000328.wav,normal,99.13296457046772,99.1%,EXCELLENT,6.560925960540772,81.21537780761719,-0.0488326251506805,77.79478485100428,81.88572283424685,100.0
pump,id_04,00000698.wav,normal,95.99499385526016,96.0%,EXCELLENT,12.249865531921388,180.63357543945312,0.0479026921093463,58.54077590289384,59.71148889189368,84.12906103517969
pump,id_04,00000558.wav,normal,96.25740343234268,96.3%,EXCELLENT,11.96722412109375,168.7010498046875,-0.0769547149538993,59.497365471986626,62.37291930655744,100.0
pump,id_04,00000184.wav,normal,97.97639058438692,98.0%,EXCELLENT,9.548747062683104,136.46990966796875,-0.0673875659704208,67.68261306324163,69.56175252466747,100.0
pump,id_04,00000440.wav,normal,97.745049582974,97.7%,EXCELLENT,9.957064628601074,148.69451904296875,-0.093894362449646,66.30067712083762,66.83517575510098,100.0
pump,id_04,00000080.wav,normal,98.79466421185812,98.8%,EXCELLENT,7.681711673736572,98.7406997680664,-0.084587350487709,74.00152639219641,77.97687517533879,100.0
pump,id_04,00000434.wav,normal,98.54008775999324,98.5%,EXCELLENT,8.356328964233398,91.58558654785156,-0.028971429914236,71.7183087231039,79.57275156626484,100.0
pump,id_04,00000084.wav,normal,99.14711029010664,99.1%,EXCELLENT,6.50617265701294,92.35216522216795,-0.0999373272061348,77.98009541421837,79.40177386535683,100.0
pump,id_04,00000273.wav,normal,97.85668932396018,97.9%,EXCELLENT,9.764678001403809,144.02053833007812,0.0479716621339321,66.951802659275,67.87766037299245,84.10621014721488
pump,id_04,00000531.wav,normal,98.30898078881356,98.3%,EXCELLENT,8.886016845703125,124.41297912597656,-0.0885260477662086,69.92559936460938,72.25093020876606,100.0
pump,id_04,00000617.wav,normal,99.32075561048282,99.3%,EXCELLENT,5.759485244750977,76.95772552490234,-0.0436528548598289,80.50723178765752,82.83534956266261,100.0
pump,id_04,00000509.wav,normal,96.04622956189203,96.0%,EXCELLENT,12.195889472961426,183.81500244140625,-0.0954246670007705,58.723455910153376,59.0019034408169,100.0
pump,id_04,00000508.wav,normal,93.73169564232052,93.7%,EXCELLENT,14.215839385986328,212.41281127929688,-0.0782608240842819,51.887008939302916,52.62344840426112,100.0
pump,id_04,00000677.wav,normal,67.85593690382639,67.9%,WARNING,23.8793888092041,357.2787780761719,0.0910269692540168,19.1810775911891,20.31254441931076,69.84128846275837
pump,id_04,00000347.wav,normal,38.27535857265549,38.3%,CRITICAL,30.767353057861328,460.1126708984375,0.1029675900936126,0.0,0.0,65.88516707996219
pump,id_04,00000395.wav,normal,98.1483936206237,98.1%,EXCELLENT,9.218667030334473,133.42617797851562,0.0246421713382005,68.79975692049142,70.24062641443183,91.83564889471174
pump,id_04,00000450.wav,normal,74.7785779297171,74.8%,WARNING,22.03642845153809,279.1890869140625,0.0774552896618843,25.41850985291072,37.72966846260795,74.33780606901638
pump,id_04,00000409.wav,normal,99.24903530333576,99.2%,EXCELLENT,6.086223125457764,89.35331726074219,-0.1233778521418571,79.40139932101235,80.07063688880909,100.0
pump,id_04,00000447.wav,normal,0.0725656770901485,0.1%,CRITICAL,56.85711288452149,797.0518188476562,0.1362634301185608,0.0,0.0,54.85371516047246
pump,id_04,00000376.wav,normal,96.23049041495466,96.2%,EXCELLENT,11.996942520141602,176.8363494873047,0.0436971001327037,59.39678463191771,60.558422135510966,85.52244187941014
pump,id_04,00000127.wav,normal,94.53490512803673,94.5%,EXCELLENT,13.59473705291748,196.72369384765625,0.0836762636899948,53.98910718249055,56.12274902090042,72.27669645796364
pump,id_04,00000279.wav,normal,99.56087285730182,99.6%,EXCELLENT,4.3822340965271,61.5293197631836,-0.0606939010322093,85.16848817805763,86.2765010506911,100.0
pump,id_04,00000339.wav,normal,83.46901747966571,83.5%,GOOD,19.276216506958008,286.5025939941406,0.0790954008698463,34.76034673002992,36.098463906544076,73.79441062022481
pump,id_04,00000048.wav,normal,90.00271918915819,90.0%,EXCELLENT,16.4842586517334,243.95098876953125,-0.0635366439819336,44.20962648643205,45.58917356884638,100.0
pump,id_04,00000658.wav,normal,98.24544401242844,98.2%,EXCELLENT,9.020727157592772,127.09982299804688,0.0088032633066177,69.46967721638087,71.6516565747127,97.08333606153813
pump,id_04,00000292.wav,normal,98.72342337446888,98.7%,EXCELLENT,7.882041931152344,113.22293090820312,0.0201764348894357,73.32351592636816,74.74675846674751,93.31521982257387
pump,id_04,00000195.wav,normal,92.46704211159084,92.5%,EXCELLENT,15.078511238098145,225.68911743164065,-0.0898017585277557,48.967327450084184,49.662301194546444,100.0
pump,id_04,00000638.wav,normal,96.9817512259969,97.0%,EXCELLENT,11.092610359191896,156.69802856445312,0.0177225731313228,62.45746392030116,65.05007306045691,94.12822402914784
pump,id_04,00000660.wav,normal,99.035912945484,99.0%,EXCELLENT,6.916784286499023,98.1877899169922,0.0072245891205966,76.59039529715339,78.1001961837537,97.6063764283402
pump,id_04,00000484.wav,normal,67.63652962058961,67.6%,WARNING,23.93467140197754,354.9268798828125,-0.0631579160690307,18.99397566778509,20.837111772073236,100.0
pump,id_04,00000556.wav,normal,93.25297972394932,93.3%,EXCELLENT,14.556954383850098,209.4107360839844,0.0637292340397834,50.73251764285032,53.29303122993163,78.88547095826355
pump,id_04,00000407.wav,normal,97.67840785779217,97.7%,EXCELLENT,10.068109512329102,151.98489379882812,-0.1057474613189697,65.92484975299261,66.10129059793258,100.0
pump,id_04,00000689.wav,normal,98.7199974881324,98.7%,EXCELLENT,7.891429424285889,109.1800537109375,-0.1204111501574516,73.29174429748625,75.64848176195706,100.0
pump,id_04,00000317.wav,normal,98.43049120358648,98.4%,EXCELLENT,8.615857124328613,123.59503936767578,0.0248202290385961,70.83994510998026,72.43336348540299,91.77665549015018
pump,id_04,00000323.wav,normal,15.255171575505342,15.3%,CRITICAL,37.342193603515625,560.6478271484375,0.1136361211538314,0.0,0.0,62.350509676688894
pump,id_04,00000042.wav,normal,97.43416735748916,97.4%,EXCELLENT,10.453436851501465,153.76998901367188,-0.103467009961605,64.62072339635145,65.70314297660973,100.0
pump,id_04,00000204.wav,normal,99.14951660436915,99.1%,EXCELLENT,6.496779441833496,82.60421752929688,-0.0943651720881462,78.0118864091564,81.57595603470172,100.0
pump,id_04,00000664.wav,normal,90.2622920303906,90.3%,EXCELLENT,16.349233627319336,244.0291748046875,0.068611204624176,44.66661376774647,45.57173495623946,77.26799490919146
pump,id_04,00000206.wav,normal,99.59795365711166,99.6%,EXCELLENT,4.111557960510254,55.24660110473633,-0.1365946978330612,86.08458170999216,87.67779856608465,100.0
pump,id_04,00000300.wav,normal,88.89162024225159,88.9%,GOOD,17.035001754760742,255.1036071777344,-0.0841038078069686,42.34565649681497,43.10169365526867,100.0
pump,id_04,00000037.wav,normal,92.97185334902224,93.0%,EXCELLENT,14.748628616333008,210.03997802734372,-0.0691721960902214,50.08380317839828,53.152685112311794,100.0
pump,id_04,00000697.wav,normal,96.03370788512711,96.0%,EXCELLENT,12.20913314819336,173.41342163085938,0.0237380824983119,58.67863317329318,61.32187193509082,92.13518819333599
pump,id_04,00000696.wav,normal,96.11759571109704,96.1%,EXCELLENT,12.119750022888184,179.51177978515625,0.0492829829454422,58.98114710806826,59.96169418495292,83.67174829034745
pump,id_04,00000138.wav,normal,35.804355063419315,35.8%,CRITICAL,31.35890769958496,459.331787109375,-0.0362435244023799,0.0,0.0,100.0
pump,id_04,00000186.wav,normal,88.59790125771654,88.6%,GOOD,17.173917770385742,256.6589050292969,-0.0655683875083923,41.875500297347635,42.75480003587015,100.0
pump,id_04,00000490.wav,normal,99.15910159410996,99.2%,EXCELLENT,6.459130764007568,91.14410400390624,-0.1128263548016548,78.13930698915196,79.67121982905876,100.0
pump,id_04,00000475.wav,normal,72.43175224240312,72.4%,WARNING,22.685710906982425,333.89080810546875,-0.0606206022202968,23.221037011070965,25.5289970398623,100.0
pump,id_04,00000179.wav,normal,95.80259556222026,95.8%,EXCELLENT,12.447677612304688,184.25244140625,-0.0876762047410011,57.871288115590794,58.904337057870926,100.0
pump,id_04,00000346.wav,normal,97.54700593511872,97.5%,EXCELLENT,10.279426574707031,150.5204315185547,0.0316080972552299,65.20965484560047,66.42792425229422,89.52772463838245
pump,id_04,00000559.wav,normal,97.79883170631962,97.8%,EXCELLENT,9.865411758422852,147.71505737304688,-0.0974525511264801,66.61087292453523,67.05363487751279,100.0
pump,id_04,00000360.wav,normal,89.23871873390996,89.2%,GOOD,16.86740493774414,250.8739776611328,0.0637578442692756,42.91288182484377,44.04507018617223,78.87599192512272
pump,id_04,00000045.wav,normal,97.80272627655351,97.8%,EXCELLENT,9.858701705932615,149.00335693359375,-0.1085561662912368,66.63358285299698,66.76629255463962,100.0
pump,id_04,00000136.wav,normal,98.03169182109576,98.0%,EXCELLENT,9.445311546325684,138.2900390625,-0.0720138028264045,68.03268680414003,69.15579088020927,100.0
pump,id_04,00000340.wav,normal,98.97367613657288,99.0%,EXCELLENT,7.128830432891846,100.49317932128906,-0.0077499588951468,75.87273283144557,77.58600215090262,100.0
pump,id_04,00000595.wav,normal,95.1446425489332,95.1%,EXCELLENT,13.073083877563477,190.7237091064453,-0.0729698687791824,55.754623370534496,57.46098556583207,100.0
pump,id_04,00000106.wav,normal,97.94185594866975,97.9%,EXCELLENT,9.612131118774414,140.58502197265625,-0.0920894965529441,67.46809203206578,68.64391791172156,100.0
pump,id_04,00000643.wav,normal,93.3536258267034,93.4%,EXCELLENT,14.486833572387695,215.06700134277344,0.0648805573582649,50.9698389774164,52.03145787539489,78.50401886628752
pump,id_04,00000680.wav,normal,97.7763743909175,97.8%,EXCELLENT,9.90390968322754,144.87045288085938,0.0359452441334724,66.48057809904576,67.68809543891645,88.09075752119162
pump,id_04,00000353.wav,normal,84.32526100943151,84.3%,GOOD,18.95936393737793,282.69488525390625,0.0776707231998443,35.83272272091184,36.947735231125634,74.2664294431655
pump,id_04,00000673.wav,normal,98.39744181127644,98.4%,EXCELLENT,8.69106388092041,121.44699096679688,0.0021737944334745,70.58541057921086,72.91246418220877,99.2797866412813
pump,id_04,00000365.wav,normal,81.00664937537131,81.0%,GOOD,20.132545471191406,300.1698608398437,0.0783913731575012,31.86213251400607,33.05011682715446,74.0276664219377
pump,id_04,00000691.wav,normal,99.39179392133376,99.4%,EXCELLENT,5.404293060302734,70.35034942626953,-0.1159218698740005,81.70936680980994,84.30905867071507,100.0
pump,id_04,00000259.wav,normal,98.99993624693168,99.0%,EXCELLENT,7.040767669677734,93.66534423828124,-0.0926305055618286,76.1707780487739,79.10888242892868,100.0
pump,id_04,00000382.wav,normal,89.43198352984977,89.4%,GOOD,16.77239418029785,250.7096099853516,0.0692624077200889,43.23444227580031,44.081730751160855,77.05224075981413
pump,id_04,00000396.wav,normal,90.88062393831017,90.9%,EXCELLENT,16.016582489013672,238.9840087890625,0.0686772763729095,45.792459439540444,46.697008740851444,77.24610426703182
pump,id_04,00000650.wav,normal,97.7425111715003,97.7%,EXCELLENT,9.961344718933104,145.04034423828125,0.0316307432949543,66.28619131086941,67.65020287202233,89.52022163806171
pump,id_04,00000044.wav,normal,65.89169922032508,65.9%,WARNING,24.369047164916992,351.02984619140625,-0.0384906716644763,17.52384670586875,21.70630613299376,100.0
pump,id_04,00000481.wav,normal,91.95925287713438,92.0%,EXCELLENT,15.39375114440918,230.1214904785156,-0.0784031972289085,47.900409459348495,48.67370474839932,100.0
pump,id_04,00000399.wav,normal,59.4519599336037,59.5%,WARNING,25.90878677368164,388.96630859375,0.0936627015471458,12.312654034029569,13.244957885965391,68.96802759766192
pump,id_04,00000020.wav,normal,96.43753279160624,96.4%,EXCELLENT,11.763690948486328,175.14840698242188,-0.100149355828762,60.1862160877209,60.934900817242045,100.0
pump,id_04,00000567.wav,normal,66.84048246599423,66.8%,WARNING,24.13397216796875,357.3315734863281,-0.048019278794527,18.319449478218132,20.300768931484857,100.0
pump,id_04,00000670.wav,normal,97.72367371868349,97.7%,EXCELLENT,9.99298095703125,147.16336059570312,0.0457292757928371,66.17911961432854,67.17668532197332,84.84914911761403
pump,id_04,00000519.wav,normal,97.43638083153894,97.4%,EXCELLENT,10.450085639953612,155.48858642578125,-0.0810225829482078,64.63206544987827,65.31982702463523,100.0
pump,id_04,00000557.wav,normal,13.402305306906312,13.4%,CRITICAL,38.08369064331055,552.0035400390625,-0.032369215041399,0.0,0.0,100.0
pump,id_04,00000538.wav,normal,91.06435569389694,91.1%,EXCELLENT,15.91452980041504,238.2017974853516,-0.0748042911291122,46.13785305021294,46.87147314328479,100.0
pump,id_04,00000069.wav,normal,98.017489893619,98.0%,EXCELLENT,9.472107887268066,132.26309204101562,-0.0927488654851913,67.94199556338987,70.50004109190058,100.0
pump,id_04,00000369.wav,normal,66.27410435553604,66.3%,WARNING,24.27461051940918,365.8777465820313,0.0948337763547897,17.843464095862526,18.39463055792734,68.58003151692121
pump,id_04,00000536.wav,normal,81.21592792743833,81.2%,GOOD,20.06257438659668,298.7391357421875,-0.0534937940537929,32.09894710343735,33.36922574059613,100.0
pump,id_04,00000087.wav,normal,91.257681357139,91.3%,EXCELLENT,15.805448532104492,229.17990112304688,-0.0641793087124824,46.50703463313716,48.88371683012215,100.0
pump,id_04,00000191.wav,normal,99.300547833887,99.3%,EXCELLENT,5.854514122009277,85.82575988769531,-0.1005898341536521,80.18561001085665,80.85742325486936,100.0
pump,id_04,00000426.wav,normal,99.2515606854316,99.3%,EXCELLENT,6.0751953125,87.2464599609375,-0.1277272850275039,79.43872255264502,80.54055032278652,100.0
pump,id_04,00000584.wav,normal,96.74447912369943,96.7%,EXCELLENT,11.39653205871582,157.40676879882812,-0.0724482387304306,61.428851988545574,64.89199564469459,100.0
pump,id_04,00000246.wav,normal,98.37605150078058,98.4%,EXCELLENT,8.739033699035645,123.80191040039062,0.0271978769451379,70.4230584755119,72.38722297205047,90.98890216892931
pump,id_04,00000361.wav,normal,95.12382060078744,95.1%,EXCELLENT,13.09173583984375,194.0979461669922,0.0484277233481407,55.69149648297695,56.70839576094946,83.95510966880326
pump,id_04,00000629.wav,normal,92.95888632624516,93.0%,EXCELLENT,14.757326126098633,214.23336791992188,0.0465715229511261,50.05436677311529,52.21739146683787,84.57009897128854
pump,id_04,00000001.wav,normal,85.10138426234815,85.1%,GOOD,18.66216468811035,267.67645263671875,-0.0778344497084617,36.83858276441744,40.297446312533744,100.0
pump,id_04,00000439.wav,normal,98.02395665778832,98.0%,EXCELLENT,9.45992660522461,141.69091796875,-0.1024045869708061,67.98322266916614,68.39725887829081,100.0
pump,id_04,00000298.wav,normal,98.9499105158772,98.9%,EXCELLENT,7.206850051879883,103.29054260253906,0.0170094072818756,75.60867827026148,76.96207826877901,94.3645074439199
pump,id_04,00000147.wav,normal,98.79607949810956,98.8%,EXCELLENT,7.677628993988037,108.89015197753906,-0.0887228772044181,74.01534407322895,75.71314144207393,100.0
pump,id_04,00000247.wav,normal,99.49091355666846,99.5%,EXCELLENT,4.841557025909424,64.07731628417969,-0.0916393846273422,83.61392643918977,85.70819592862381,100.0
pump,id_04,00000588.wav,normal,99.09231756004502,99.1%,EXCELLENT,6.7140092849731445,99.16268157958984,-0.1219207867980003,77.27667991045347,77.88275635573608,100.0
pump,id_04,00000527.wav,normal,98.09705347699796,98.1%,EXCELLENT,9.319828033447266,131.7003173828125,-0.0573623999953269,68.45738118689565,70.62556234681243,100.0
pump,id_04,00000647.wav,normal,87.79750330474674,87.8%,GOOD,17.539993286132812,262.57550048828125,0.076378047466278,40.636531036479276,41.435162635727096,74.694713883253
pump,id_04,00000016.wav,normal,73.35201257925688,73.4%,WARNING,22.43459129333496,331.72430419921875,-0.0566924214363098,24.070942204745037,26.012214052426863,100.0
pump,id_04,00000548.wav,normal,97.94553642155842,97.9%,EXCELLENT,9.605419158935549,137.4384765625,-0.0865825936198234,67.49080841587956,69.3457233728648,100.0
pump,id_04,00000611.wav,normal,98.76732369302086,98.8%,EXCELLENT,7.759776592254639,111.238525390625,0.0126216355711221,73.73731851640146,75.18936025627325,95.81824738934871
pump,id_04,00000511.wav,normal,97.5473639352575,97.5%,EXCELLENT,10.278863906860352,150.33834838867188,-0.0868931114673614,65.21155917445101,66.46853607201288,100.0
pump,id_04,00000113.wav,normal,75.62509415193517,75.6%,GOOD,21.7945556640625,302.6776733398437,0.0008197275456041,26.237119499915494,32.49077434878358,99.72841096666619
pump,id_04,00000064.wav,normal,61.715633320573374,61.7%,WARNING,25.37691879272461,349.11785888671875,0.0172959249466657,14.112741859900934,22.13275576494096,94.26957949373609
pump,id_04,00000468.wav,normal,92.9030558658148,92.9%,EXCELLENT,14.794633865356444,218.8267517089844,-0.0809038653969764,49.92810008729614,51.19288318614189,100.0
pump,id_04,00000637.wav,normal,98.95413795596984,99.0%,EXCELLENT,7.193085193634033,99.86886596679688,-0.0089736822992563,75.65526493206542,77.72524899610403,100.0
pump,id_04,00000654.wav,normal,98.73562749545668,98.7%,EXCELLENT,7.848422527313232,107.67308044433594,-0.015272244811058,73.4372995751882,75.98459706634269,100.0
pump,id_04,00000429.wav,normal,55.22796580103745,55.2%,WARNING,26.882986068725582,394.17291259765625,-0.052218671888113,9.015511972900804,12.083676973839507,100.0
pump,id_04,00000244.wav,normal,93.82196120987528,93.8%,EXCELLENT,14.149264335632324,211.09878540039065,0.0689129382371902,52.11232977443454,52.9165287249593,77.16802566853057
pump,id_06,00000048.wav,normal,99.77085264669216,99.8%,EXCELLENT,3.797409057617188,53.15287780761719,-0.0513937436044216,87.14780723936342,88.14478259221636,100.0
pump,id_06,00000507.wav,normal,99.07280095562813,99.1%,EXCELLENT,7.785642623901367,98.9851531982422,-0.0810679942369461,73.64977587360673,77.92235228438071,100.0
pump,id_06,00000569.wav,normal,65.09886569267842,65.1%,WARNING,24.112009048461918,347.90142822265625,0.0842556655406951,18.393782856909713,22.404068449762114,72.08473122587233
pump,id_06,00000437.wav,normal,81.24453169629857,81.2%,GOOD,19.969757080078125,308.5023498535156,0.0795429348945617,32.413083899552774,31.19163854941024,73.64613533801885
pump,id_06,00000695.wav,normal,78.3846179786421,78.4%,GOOD,20.814014434814453,284.4566650390625,-0.0386374928057193,29.555725606563133,36.5547878830392,100.0
pump,id_06,00000641.wav,normal,94.69267195863988,94.7%,EXCELLENT,13.919209480285645,202.5601501464844,-0.0883647799491882,52.89094206022584,54.82098585834743,100.0
pump,id_06,00000179.wav,normal,99.0440228096389,99.0%,EXCELLENT,7.880130290985107,116.9603500366211,-0.0917216688394546,73.329985802946,73.91316453657926,100.0
pump,id_06,00000752.wav,normal,99.09171104038244,99.1%,EXCELLENT,7.7221479415893555,109.53842163085938,-0.0007737475680187,73.86467131520064,75.5685513841885,100.0
pump,id_06,00000605.wav,normal,98.25911419476574,98.3%,EXCELLENT,9.81214714050293,148.37185668945312,0.0608987659215927,66.79114508548543,66.90714236364623,79.82325096117303
pump,id_06,00000570.wav,normal,37.65963214626418,37.7%,CRITICAL,29.943456649780277,393.88714599609375,0.0883841961622238,0.0,12.147414354187358,70.71688205866677
pump,id_06,00000062.wav,normal,98.61573113617564,98.6%,EXCELLENT,9.054649353027344,128.58514404296875,-0.1041220277547836,69.35486878042516,71.32037058166377,100.0
pump,id_06,00000281.wav,normal,99.58261349865936,99.6%,EXCELLENT,5.43538761138916,76.5436019897461,-0.0591750927269458,81.6041284332472,82.92771567237219,100.0
pump,id_06,00000307.wav,normal,99.56983187188038,99.6%,EXCELLENT,5.520450592041016,75.56812286376953,-0.0761086195707321,81.3162358708331,83.14528652821677,100.0
pump,id_06,00000423.wav,normal,98.7827502093253,98.8%,EXCELLENT,8.640180587768555,111.2511749267578,-0.0269960183650255,70.75762323314443,75.18653890384329,100.0
pump,id_06,00000226.wav,normal,99.08959251064124,99.1%,EXCELLENT,7.729318618774414,111.99353790283205,-0.113006055355072,73.84040241922224,75.02096227206235,100.0
pump,id_06,00000533.wav,normal,98.49309993185264,98.5%,EXCELLENT,9.332298278808594,132.7474365234375,-0.1227995306253433,68.41517609528593,70.39201290271852,100.0
pump,id_06,00000945.wav,normal,91.16518433922298,91.2%,EXCELLENT,16.117229461669922,249.0404357910156,0.0926166176795959,45.451823423318295,44.45402334906944,69.31461215236857
pump,id_06,00000146.wav,normal,98.21866945231535,98.2%,EXCELLENT,9.88942527770996,142.72384643554688,0.0280433166772127,66.5296000424052,68.16687452196513,90.70879427111922
pump,id_06,00000897.wav,normal,97.85214476380152,97.9%,EXCELLENT,10.528976440429688,162.89401245117188,0.0837830007076263,64.36506240665183,63.66812086780163,72.2413327525533
pump,id_06,00000309.wav,normal,98.84748711555152,98.8%,EXCELLENT,8.466172218322754,120.77151489257812,-0.1024237647652626,71.3465482270414,73.06312235997675,100.0
pump,id_06,00000242.wav,normal,82.29671376198218,82.3%,GOOD,19.63943672180176,275.5649108886719,-0.0140956630930304,33.53104113115906,38.53800465205366,100.0
pump,id_06,00000328.wav,normal,98.58994179469298,98.6%,EXCELLENT,9.114749908447266,136.8309326171875,-0.1035493835806846,69.15146063777885,69.48122996918742,100.0
pump,id_06,00000838.wav,normal,88.83223844880364,88.8%,GOOD,17.224225997924805,256.91912841796875,-0.0552181601524353,41.70523393205284,42.69675981350511,100.0
pump,id_06,00000930.wav,normal,30.02211589571752,30.0%,CRITICAL,31.681310653686523,489.64111328125,0.0841819047927856,0.0,0.0,72.10916935818857
pump,id_06,00000791.wav,normal,93.39991926117716,93.4%,EXCELLENT,14.828291893005373,228.879150390625,-0.094405710697174,49.81418571759736,48.95079627088763,100.0
pump,id_06,00000931.wav,normal,83.30976424790181,83.3%,GOOD,19.30946350097656,292.3398132324219,0.0565536692738533,34.64782348869488,34.796530577982054,81.26285196595795
pump,id_06,00000591.wav,normal,99.21858623003452,99.2%,EXCELLENT,7.263375759124756,111.17315673828124,-0.0806303992867469,75.41736907116817,75.20394007992822,100.0
pump,id_06,00000326.wav,normal,98.97356368825838,99.0%,EXCELLENT,8.101380348205566,107.57655334472656,-0.105260819196701,72.58117303598969,76.00612646980704,100.0
pump,id_06,00000589.wav,normal,99.21284530410044,99.2%,EXCELLENT,7.285501956939697,108.53372192382812,-0.0481387041509151,75.34248375987751,75.7926395981795,100.0
pump,id_06,00000749.wav,normal,59.80639649362873,59.8%,WARNING,25.271385192871094,330.0547790527344,-0.0332577154040336,14.46991648803867,26.384584926699596,100.0
pump,id_06,00000835.wav,normal,98.081320396038,98.1%,EXCELLENT,10.141154289245604,149.93238830566406,-0.1017918959259986,65.67763236375575,66.55908140542566,100.0
pump,id_06,00000921.wav,normal,93.86860039742687,93.9%,EXCELLENT,14.5162992477417,217.6186065673828,0.0636249929666519,50.870113471492196,51.46234786810483,78.92000771677226
pump,id_06,00000296.wav,normal,99.61082791823814,99.6%,EXCELLENT,5.239044666290283,68.88519287109375,-0.0835433974862098,82.26864398564473,84.63584717614496,100.0
pump,id_06,00000515.wav,normal,89.9986261502794,90.0%,GOOD,16.69441032409668,256.49688720703125,-0.0852100625634193,43.49837579913375,42.790936489550916,100.0
pump,id_06,00000143.wav,normal,99.74078709708158,99.7%,EXCELLENT,4.126309871673584,56.71034240722656,-0.0707218050956726,86.03465440350972,87.35132571860153,100.0
pump,id_06,00000057.wav,normal,99.5812950887029,99.6%,EXCELLENT,5.444268703460693,76.99736022949219,-0.0347382277250289,81.57407070033076,82.82650943849274,100.0
pump,id_06,00000794.wav,normal,97.35516409468184,97.4%,EXCELLENT,11.26256275177002,169.70608520507812,-0.0975904390215873,61.8822662325082,62.148756219522426,100.0
pump,id_06,00000884.wav,normal,98.03104181577667,98.0%,EXCELLENT,10.229477882385254,120.46077728271484,0.1006961911916732,65.37870437703653,73.13242927380062,66.63771838240574
pump,id_06,00000772.wav,normal,97.01535528633414,97.0%,EXCELLENT,11.700139045715332,178.2854766845703,-0.0893102437257766,60.401305189875885,60.23520881793112,100.0
pump,id_06,00000222.wav,normal,90.40386707988552,90.4%,EXCELLENT,16.499820709228516,257.86041259765625,-0.0801640152931213,44.156957269172416,42.48681579818591,100.0
pump,id_06,00000984.wav,normal,99.37785961149088,99.4%,EXCELLENT,6.58388090133667,90.96170806884766,-0.0078242244198918,77.7170946892541,79.71190141684112,100.0
pump,id_06,00000239.wav,normal,28.742856752609587,28.7%,CRITICAL,31.989709854125977,439.150146484375,-0.0414551272988319,0.0,2.051955115660631,100.0
pump,id_06,00000449.wav,normal,38.16469190822423,38.2%,CRITICAL,29.833255767822266,414.2412109375,0.1119557842612266,0.0,7.607643885203686,62.90723254733657
pump,id_06,00000411.wav,normal,61.290197178692615,61.3%,WARNING,24.95133399963379,368.5765380859375,0.0943580120801925,15.553118104284525,17.792692124172362,68.73765993885914
pump,id_06,00000045.wav,normal,79.71914365142374,79.7%,GOOD,20.428953170776367,314.3140869140625,0.0632600411772728,30.858951441595295,29.895388765550322,79.0409221647769
pump,id_06,00000758.wav,normal,99.22013394653251,99.2%,EXCELLENT,7.257386207580566,94.26828002929688,-0.1047520786523819,75.43764049039841,78.97440363530069,100.0
pump,id_06,00000250.wav,normal,99.35111764696684,99.4%,EXCELLENT,6.70798397064209,90.51408386230467,-0.1169162914156913,77.29707236753437,79.81173951600783,100.0
pump,id_06,00000049.wav,normal,95.21881348051936,95.2%,EXCELLENT,13.498369216918944,198.13787841796875,0.0374478287994861,54.315260616420524,55.807329306534825,87.59292684667874
pump,id_06,00000893.wav,normal,99.12446261157642,99.1%,EXCELLENT,7.609385967254639,112.4403839111328,0.0379082225263118,74.24631011371584,74.92129774222485,87.44039093655583
pump,id_06,00000720.wav,normal,99.61951733619637,99.6%,EXCELLENT,5.176004409790039,63.22876739501953,-0.1252243667840957,82.48200143961613,85.89745626554361,100.0
pump,id_06,00000688.wav,normal,91.71119567304632,91.7%,EXCELLENT,15.827433586120604,242.48928833007807,-0.0900558978319168,46.432627017897154,45.9151912222553,100.0
pump,id_06,00000612.wav,normal,96.20375833321562,96.2%,EXCELLENT,12.598556518554688,176.34539794921875,0.0867424085736274,57.36064394815528,60.667923962331336,71.26083291955648
pump,id_06,00000457.wav,normal,70.74055443295457,70.7%,WARNING,22.801719665527344,287.5706787109375,0.0941829159855842,22.828409589552944,35.86023830052161,68.79567211538073
pump,id_06,00000034.wav,normal,99.58682044987574,99.6%,EXCELLENT,5.406879901885986,76.24769592285156,-0.0621087625622749,81.70061173861146,82.99371455898023,100.0
pump,id_06,00000608.wav,normal,99.34495174533411,99.3%,EXCELLENT,6.735955238342285,82.32534790039062,-0.0438059009611606,77.20240462993017,81.63815511432782,100.0
pump,id_06,00000103.wav,normal,99.5095030176266,99.5%,EXCELLENT,5.893770694732666,79.61770629882812,-0.1013988256454467,80.05274756909498,82.24206747378773,100.0
pump,id_06,00000068.wav,normal,99.70506679123407,99.7%,EXCELLENT,4.474940776824951,58.730316162109375,-0.1161466836929321,84.85472579236027,86.90079078973413,100.0
pump,id_06,00000211.wav,normal,94.8498122510268,94.8%,EXCELLENT,13.797136306762695,206.1293792724609,-0.0962279066443443,53.30409427354152,54.024905024873135,100.0
pump,id_06,00000246.wav,normal,81.42970485098692,81.4%,GOOD,19.912477493286133,307.4052734375,-0.0809395909309387,32.60694457653821,31.436330463776418,100.0
pump,id_06,00000016.wav,normal,99.1295113173189,99.1%,EXCELLENT,7.591675758361816,107.68939208984376,-0.0092308493331074,74.30624967120572,75.9809589170693,100.0
pump,id_06,00000910.wav,normal,76.84014310987526,76.8%,GOOD,21.242860794067383,323.36993408203125,0.0510843284428119,28.104310710198423,27.87557269131048,83.074933305961
pump,id_06,00000904.wav,normal,92.64370210168212,92.6%,EXCELLENT,15.29732608795166,238.2647399902344,0.0799805670976638,48.22675655383952,46.857434447538594,73.50114068993898
pump,id_06,00001005.wav,normal,82.15602258977658,82.2%,GOOD,19.68430519104004,298.27734375,0.0725465789437294,33.379185429870226,33.472223822550816,75.96414155817766
pump,id_06,00000629.wav,normal,86.05302550846186,86.1%,GOOD,18.344566345214844,284.1757507324219,-0.0632701963186264,37.91348279794533,36.61744300756952,100.0
pump,id_06,00000429.wav,normal,92.575934364234,92.6%,EXCELLENT,15.337520599365234,197.9566192626953,0.0549839399755001,48.090719692714266,55.847757346963704,81.78292874637324
pump,id_06,00000676.wav,normal,89.71437645524757,89.7%,GOOD,16.827489852905273,257.6468505859375,-0.0878451764583587,43.0479729768958,42.53444866743775,100.0
pump,id_06,00000828.wav,normal,98.60226153329958,98.6%,EXCELLENT,9.086158752441406,132.52682495117188,-0.1089089289307594,69.24822636479466,70.44121810589394,100.0
pump,id_06,00001011.wav,normal,90.31707274922178,90.3%,EXCELLENT,16.5419979095459,252.55120849609372,0.0624748133122921,44.01421006960601,43.670980635208146,79.30108089427247
pump,id_06,00000115.wav,normal,99.48711907484564,99.5%,EXCELLENT,6.021918296813965,76.31257629394531,-0.1186684668064117,79.61903667338345,82.97924364157106,100.0
pump,id_06,00000783.wav,normal,91.02498661314354,91.0%,EXCELLENT,16.189472198486328,248.7701568603516,-0.0946020111441612,45.20732050961244,44.51430635943366,100.0
pump,id_06,00000742.wav,normal,47.64708012882536,47.6%,CRITICAL,27.8229923248291,428.96881103515625,-0.0739220529794693,5.834095007716789,4.322800086443479,100.0
pump,id_06,00000896.wav,normal,86.89108114662405,86.9%,GOOD,18.024507522583008,281.1730651855469,0.0787435248494148,38.99671023559933,37.28716196604728,73.91099285386429
pump,id_06,00000193.wav,normal,96.4679948640412,96.5%,EXCELLENT,12.325031280517578,181.91439819335935,0.0417712889611721,58.28638016219322,59.425814195909155,86.16049436070658
pump,id_06,00000282.wav,normal,93.97758833755638,94.0%,EXCELLENT,14.441095352172852,225.04437255859372,-0.0856763571500778,51.124638319233554,49.80610508547011,100.0
pump,id_06,00000158.wav,normal,99.6062671277992,99.6%,EXCELLENT,5.271629333496094,73.98536682128906,-0.0598417706787586,82.15836236530409,83.49830442228084,100.0
pump,id_06,00000354.wav,normal,95.4042747619728,95.4%,EXCELLENT,13.341184616088867,203.48406982421875,-0.0906140878796577,54.8472461776862,54.61491482139409,100.0
pump,id_06,00000471.wav,normal,97.2503630915068,97.3%,EXCELLENT,11.4022798538208,157.18338012695312,0.0359270200133323,61.40939878518586,64.94182025214292,88.09679546782249
pump,id_06,00000253.wav,normal,75.04431540879021,75.0%,GOOD,21.721942901611328,336.67333984375,-0.0761616751551628,26.482874751916285,24.908381184954532,100.0
pump,id_06,00000235.wav,normal,53.93984933203927,53.9%,WARNING,26.511859893798828,407.8862609863281,-0.0642118379473686,10.271575005959798,9.025051867503564,100.0
pump,id_06,00000843.wav,normal,98.58019136480192,98.6%,EXCELLENT,9.137226104736328,130.51095581054688,0.0686293914914131,69.07539076938964,70.89083754163268,77.26196930505166
pump,id_06,00000388.wav,normal,95.68819791354596,95.7%,EXCELLENT,13.09036922454834,200.54202270507807,-0.0913389846682548,55.69612174271056,55.271108985472964,100.0
pump,id_06,00000544.wav,normal,99.72425384860412,99.7%,EXCELLENT,4.292736053466797,60.43217468261719,-0.0379688180983066,85.47139104779285,86.52120827999808,100.0
pump,id_06,00000434.wav,normal,99.05344789005844,99.1%,EXCELLENT,7.849462032318115,114.20982360839844,0.0450028851628303,73.43378140832873,74.52664192740758,85.08981411671553
pump,id_06,00000557.wav,normal,99.42486481888577,99.4%,EXCELLENT,6.3538079261779785,83.64631652832031,-0.0134356161579489,78.49576830088974,81.34352628294732,100.0
pump,id_06,00000736.wav,normal,97.22535037423364,97.2%,EXCELLENT,11.43496799468994,157.2856903076172,0.0485969521105289,61.29876696199727,64.91900099033,83.899041434625
pump,id_06,00000689.wav,normal,94.92359202351255,94.9%,EXCELLENT,13.738797187805176,182.36038208007807,-0.0670221075415611,53.501540898582824,59.32634195366189,100.0
pump,id_06,00000474.wav,normal,21.64374310649485,21.6%,CRITICAL,33.84409713745117,504.9773254394531,0.1034115999937057,0.0,0.0,65.73805939741133
pump,id_06,00000305.wav,normal,92.83338974714415,92.8%,EXCELLENT,15.1832914352417,234.99058532714844,-0.0806102603673935,48.612702686000574,47.5877018753547,100.0
pump,id_06,00000023.wav,normal,98.94830674472,98.9%,EXCELLENT,8.177470207214355,118.61936950683594,0.0384620279073715,72.32364967722775,73.54313684825108,87.25690623007787
pump,id_06,00000774.wav,normal,79.86582539531155,79.9%,GOOD,20.385725021362305,317.58599853515625,-0.0824830383062362,31.005255540133405,29.16562162580081,100.0
pump,id_06,00000003.wav,normal,98.07810078767145,98.1%,EXCELLENT,10.146868705749512,155.25454711914062,0.0792402401566505,65.65829212905663,65.37202714956985,73.74642301494929
pump,id_06,00000854.wav,normal,92.26003109841,92.3%,EXCELLENT,15.521280288696287,200.14280700683597,-0.0290880929678678,47.468791711534564,55.36015005136578,100.0
pump,id_06,00000228.wav,normal,96.0806974814831,96.1%,EXCELLENT,12.720664978027344,195.9281311035156,-0.0880514085292816,56.94737231082693,56.30019132849207,100.0
pump,id_06,00000745.wav,normal,88.96277420995582,89.0%,GOOD,17.166975021362305,268.10601806640625,-0.0825142413377761,41.89899777875774,40.20163604280111,100.0
pump,id_06,00000130.wav,normal,99.68757552455364,99.7%,EXCELLENT,4.631959438323975,63.347145080566406,-0.0249320417642593,84.3233018467217,85.87105330758021,100.0
pump,id_06,00000541.wav,normal,99.47975113834192,99.5%,EXCELLENT,6.063011169433594,79.85665130615234,0.0936608910560607,79.47995934144936,82.18877318141496,68.9686274427279
pump,id_06,00000402.wav,normal,98.7386473393379,98.7%,EXCELLENT,8.754186630249023,108.70159912109376,0.0706586018204689,70.37177393126393,75.75519626954927,76.58965900554463
pump,id_06,00000550.wav,normal,99.48101301883264,99.5%,EXCELLENT,6.056010246276856,89.1115951538086,0.0487833060324192,79.50365371109656,80.12455058545477,83.83729935730241
pump,id_06,00000182.wav,normal,92.49611524010274,92.5%,EXCELLENT,15.38450527191162,231.08990478515625,0.0436682179570198,47.931701778341775,48.457709629798465,85.53201101273577
pump,id_06,00000121.wav,normal,98.81600192681888,98.8%,EXCELLENT,8.551833152770996,128.34629821777344,-0.0936064571142196,71.05663191176407,71.37364275245537,100.0
pump,id_06,00000356.wav,normal,86.36198264110371,86.4%,GOOD,18.228147506713867,255.12677001953125,-0.0259705781936645,38.30749812015105,43.09652741523408,100.0
pump,id_06,00000880.wav,normal,84.34378162123896,84.3%,GOOD,18.959047317504883,255.68133544921875,0.009902523830533,35.83379430934978,42.972837146579536,96.71913321795532
pump,id_06,00000669.wav,normal,98.55824466616602,98.6%,EXCELLENT,9.187334060668944,121.47761535644533,0.0052016088739037,68.90580221605862,72.9056337186057,98.27662260049709
pump,id_06,00000136.wav,normal,98.92782905562622,98.9%,EXCELLENT,8.238001823425293,100.60919189453124,-0.0157253444194793,72.11878262502138,77.56012670756725,100.0
pump,id_06,00000552.wav,normal,94.5049111063028,94.5%,EXCELLENT,14.061367988586426,197.6124267578125,-0.0354880951344966,52.40981176229775,55.92452604028422,100.0
pump,id_06,00000895.wav,normal,85.01845782402734,85.0%,GOOD,18.722131729125977,249.11328125,0.0331198722124099,36.63562649641364,44.43777589852582,89.02684907132291
pump,id_06,00000677.wav,normal,96.9184209423394,96.9%,EXCELLENT,11.817346572875977,176.7880859375,-0.0841640308499336,60.00462057960338,60.56918683724315,100.0
pump,id_06,00000987.wav,normal,51.19213511596189,51.2%,WARNING,27.08495330810547,420.6745300292969,0.0846319794654846,8.331961201187866,6.172756450454719,71.96005231809168
pump,id_06,00000699.wav,normal,98.8961921146997,98.9%,EXCELLENT,8.329569816589355,121.10965728759766,-0.1047648340463638,71.80887408448937,72.98770308310796,100.0
pump,id_06,00000082.wav,normal,97.28300659612582,97.3%,EXCELLENT,11.359244346618652,166.06671142578125,0.0329736322164535,61.55505089316835,62.960482115868324,89.0753007542626
pump,id_06,00000384.wav,normal,15.769289968839878,15.8%,CRITICAL,35.668052673339844,498.730224609375,0.0367226488888263,0.0,0.0,87.8331907148205
pump,id_06,00000386.wav,normal,55.76759588925261,55.8%,WARNING,26.12863540649414,356.685546875,0.0844655781984329,11.568584336981546,20.44485870130369,72.01518375719782
pump,id_06,00000928.wav,normal,99.59564862321098,99.6%,EXCELLENT,5.346202850341797,69.04708862304688,0.0656770467758178,81.90597101141056,84.59973794902564,78.24012900174186
pump,id_06,00000939.wav,normal,41.0042157823496,41.0%,CRITICAL,29.22122573852539,454.0780029296875,0.0838325247168541,1.1018249034094763,0.0,72.22492464492643
pump,id_06,00000890.wav,normal,89.38722467305251,89.4%,GOOD,16.977388381958008,240.50457763671875,0.0373725518584251,42.54064686040665,46.357861078184634,87.61786731838147
pump,id_06,00000459.wav,normal,99.52438515973836,99.5%,EXCELLENT,5.805655002593994,64.56828308105469,0.0884483829140663,80.35097192244228,85.59869069848325,70.69561594655522
pump,id_06,00000391.wav,normal,97.3378458975341,97.3%,EXCELLENT,11.285965919494627,175.011962890625,-0.0824798643589019,61.80305906302963,60.96533330629963,100.0
pump,id_06,00000912.wav,normal,89.17143593464529,89.2%,GOOD,17.07444190979004,245.08517456054688,-0.0002405872219242,42.21217272741984,45.33620477980026,100.0
pump,id_06,00000383.wav,normal,98.36502756382134,98.4%,EXCELLENT,9.602256774902344,143.06515502929688,-0.1018981412053108,67.50151138955482,68.09074905615881,100.0
pump,id_06,00000430.wav,normal,95.44974177359067,95.4%,EXCELLENT,13.301874160766602,173.6387176513672,0.0383127145469188,54.9802909831429,61.271621912619864,87.30637616853076
pump,id_06,00000986.wav,normal,98.97587856808762,99.0%,EXCELLENT,8.094325065612793,115.53517150878906,-0.030016666278243,72.60505138316992,74.23103634313519,100.0
pump,id_06,00000661.wav,normal,94.73968039417342,94.7%,EXCELLENT,13.88299560546875,213.01364135742188,-0.0889687314629554,53.0135066016525,52.4894392688181,100.0
pump,id_06,00000746.wav,normal,41.09506549104501,41.1%,CRITICAL,29.20182991027832,452.9187622070313,-0.0608279071748256,1.1674693782609546,0.0,100.0
pump,id_06,00001001.wav,normal,58.69543985056696,58.7%,WARNING,25.50899887084961,388.3271179199219,0.0826032981276512,13.665721642129714,13.387522968343191,72.63218735422554
pump,id_06,00000656.wav,normal,89.82392304624909,89.8%,GOOD,16.77652359008789,254.9571533203125,-0.0845072939991951,43.22046643864292,43.13435872236493,100.0
pump,id_06,00000784.wav,normal,33.10505013331259,33.1%,CRITICAL,30.96111869812012,448.7776489257813,0.0976114720106124,0.0,0.0,67.6597358868598
pump,id_06,00000138.wav,normal,94.7390808479657,94.7%,EXCELLENT,13.883459091186523,204.8038787841797,0.0446775332093238,53.01193795110781,54.32054464234734,85.19760849671405
pump,id_06,00000787.wav,normal,3.997541379033429,4.0%,CRITICAL,41.86945724487305,577.0637817382812,0.0267711840569973,0.0,0.0,91.13027244450682
pump,id_06,00000184.wav,normal,6.272380843901472,6.3%,CRITICAL,40.05409622192383,585.5409545898438,0.1115929931402206,0.0,0.0,63.0274311308592
pump,id_06,00000418.wav,normal,38.73663443697336,38.7%,CRITICAL,29.7089900970459,416.0216064453125,0.0114193661138415,0.0,7.21054448649655,96.21657876354814
pump,id_06,00000293.wav,normal,99.37887882834356,99.4%,EXCELLENT,6.579058170318604,82.95800018310547,-0.0894933193922042,77.73341704687647,81.49704835464753,100.0
pump,id_06,00000032.wav,normal,99.24235378142768,99.2%,EXCELLENT,7.170223236083984,98.79449462890624,-0.0988740473985672,75.73264039540388,77.96487677004103,100.0
pump,id_06,00000483.wav,normal,6.284426220912407,6.3%,CRITICAL,40.04599380493164,612.226318359375,0.0956054329872131,0.0,0.0,68.32436915692202
pump,id_06,00000956.wav,normal,91.85259977918206,91.9%,EXCELLENT,15.750055313110352,245.75091552734372,0.0824509188532829,46.69451096695924,45.187717920307705,72.68267307969337
pump,id_06,00001009.wav,normal,99.38047189823722,99.4%,EXCELLENT,6.571506023406982,91.3193359375,0.0180855821818113,77.75897701326201,79.63213610010132,94.00795324205244
pump,id_06,00000070.wav,normal,99.66108857274617,99.7%,EXCELLENT,4.855284214019775,67.08407592773438,0.0142651638016104,83.56746727058852,85.03756828365775,95.27371982556384
pump,id_06,00000915.wav,normal,98.07346644191485,98.1%,EXCELLENT,10.15507984161377,140.7037353515625,0.0516849011182785,65.63050183854276,68.61744008071416,82.87595383619527
pump,id_06,00000957.wav,normal,93.50555375544178,93.5%,EXCELLENT,14.759513854980469,226.16864013671875,0.0583466403186321,50.046962484330294,49.55534845454156,80.66881157356374
pump,id_06,00000061.wav,normal,91.03164557914997,91.0%,EXCELLENT,16.186059951782227,250.51715087890625,-0.064267411828041,45.218869134404386,44.12465682860252,100.0
pump,id_06,00001017.wav,normal,41.458516643663245,41.5%,CRITICAL,29.12433624267578,416.91546630859375,0.0713468641042709,1.4297438761212145,7.011177990299567,76.36162654605207
pump,id_06,00000554.wav,normal,99.0162690599324,99.0%,EXCELLENT,7.96892786026001,111.91519165039062,-0.1058093607425689,73.0294536612459,75.03843661953115,100.0
pump,id_06,00000065.wav,normal,99.83094318339926,99.8%,EXCELLENT,3.0020456314086914,39.96987915039063,-0.0456514544785022,89.83968581059275,91.08511849902486,100.0
pump,id_06,00000717.wav,normal,98.15158146566102,98.2%,EXCELLENT,10.014371871948242,133.52279663085938,-0.0368882045149803,66.10672284124767,70.21907659104639,100.0
pump,id_06,00000705.wav,normal,99.53514890889636,99.5%,EXCELLENT,5.740378379821777,73.09178924560547,-0.1221254393458366,80.5718982766756,83.69760795705447,100.0
pump,id_06,00000867.wav,normal,99.09812313313915,99.1%,EXCELLENT,7.700355052947998,111.80867004394533,0.0414373837411403,73.93842855372303,75.062195197714,86.27112257665449
pump,id_06,00000092.wav,normal,99.51563941743156,99.5%,EXCELLENT,5.857730388641357,76.63153076171875,-0.1062885001301765,80.17472467348638,82.90810403982975,100.0
pump,id_06,00000149.wav,normal,99.59415201512464,99.6%,EXCELLENT,5.356572151184082,74.17724609375,0.0020149524789303,81.87087649006824,83.45550767100605,99.33241355752787
pump,id_06,00000446.wav,normal,55.98933975606351,56.0%,WARNING,26.08198356628418,362.9384765625,0.0342159979045391,11.726475792423818,19.050205317733305,88.66368484836352
pump,id_06,00000006.wav,normal,97.8255744562931,97.8%,EXCELLENT,10.57164192199707,163.7247314453125,-0.0880898907780647,64.22066263696426,63.482837310513204,100.0
pump,id_06,00000521.wav,normal,93.2652578624508,93.3%,EXCELLENT,14.914743423461914,216.74252319335935,-0.0241632554680109,49.52159365890124,51.657749496291075,100.0
pump,id_06,00000810.wav,normal,99.49243020537322,99.5%,EXCELLENT,5.991969585418701,72.10697937011719,0.0272130407392978,79.7203969972107,83.91725994318969,90.98387815793976
pump,id_06,00000044.wav,normal,76.75484654276943,76.8%,GOOD,21.26606750488281,325.88458251953125,-0.0535450018942356,28.025768441979537,27.31470552549855,100.0
pump,id_06,00000631.wav,normal,99.54233838016071,99.5%,EXCELLENT,5.6960225105285645,69.92427825927734,-0.1195112243294715,80.72201910210484,84.40408958012628,100.0
pump,id_06,00000946.wav,normal,97.78881971259308,97.8%,EXCELLENT,10.6299409866333,142.3529052734375,-0.0005584812606684,64.02335157431573,68.24960923556274,100.0
pump,id_06,00000118.wav,normal,88.63740341765892,88.6%,GOOD,17.308794021606445,262.8719482421875,0.0529153384268283,41.41901653349201,41.36904293125262,82.46828999593644
pump,id_06,00000935.wav,normal,95.55992591708616,95.6%,EXCELLENT,13.205282211303713,205.3887939453125,0.0810076147317886,55.30720292093705,54.190085169853,73.16086314816847
pump,id_00,00000000.wav,abnormal,70.11071982007402,70.1%,WARNING,23.105833053588867,339.5501403808594,0.1150015294551849,21.799148894917764,24.26673961796918,61.89812775703866
pump,id_00,00000001.wav,abnormal,11.706895384426696,11.7%,CRITICAL,37.89344787597656,529.8075561523438,-0.1455036699771881,0.0,0.0,100.0
pump,id_00,00000002.wav,abnormal,56.46032162685597,56.5%,WARNING,26.248193740844727,386.9944458007813,0.116563431918621,11.16394350532498,13.68476214630241,61.38064413399693
pump,id_00,00000003.wav,abnormal,23.95366113758208,24.0%,CRITICAL,33.74332427978516,475.51605224609375,-0.1441372334957122,0.0,0.0,100.0
pump,id_00,00000004.wav,abnormal,97.3936098699822,97.4%,EXCELLENT,10.926100730895996,156.15435791015625,0.0970405414700508,63.0210096976696,65.17133335850231,67.84889443648206
pump,id_00,00000005.wav,abnormal,33.06708054799695,33.1%,CRITICAL,31.42074203491211,438.24267578125,-0.1352468132972717,0.0,2.2543573734589817,100.0
pump,id_00,00000006.wav,abnormal,99.0808417894931,99.1%,EXCELLENT,7.34636116027832,103.76238250732422,-0.0746399611234664,75.136508000959,76.8568391004852,100.0
pump,id_00,00000007.wav,abnormal,43.86030280429344,43.9%,CRITICAL,28.979183197021484,411.0633850097656,-0.1433724761009216,1.921009076745428,8.316426152717781,100.0
pump,id_00,00000008.wav,abnormal,95.43027388808072,95.4%,EXCELLENT,13.113128662109377,181.88595581054688,-0.0386390946805477,55.61909325454404,59.432157984726345,100.0
pump,id_00,00000009.wav,abnormal,47.70685133246747,47.7%,CRITICAL,28.143949508666992,404.7960815429688,-0.1394054889678955,4.7478270992539535,9.714285463898575,100.0
pump,id_00,00000010.wav,abnormal,96.88886360810608,96.9%,EXCELLENT,11.592323303222656,164.04779052734375,-0.0553548000752925,60.76620364672438,63.410782215643245,100.0
pump,id_00,00000011.wav,abnormal,86.66867246662373,86.7%,GOOD,18.08341217041016,259.38104248046875,-0.1372395902872085,38.79734959867943,42.147654522238376,100.0
pump,id_00,00000012.wav,abnormal,99.18756236518018,99.2%,EXCELLENT,6.954823970794678,94.66316986083984,-0.0695758983492851,76.46165136999052,78.88632741067916,100.0
pump,id_00,00000013.wav,abnormal,82.4130592673175,82.4%,GOOD,19.63026237487793,287.37091064453125,-0.1301213055849075,33.562091374451,35.904794568329926,100.0
pump,id_00,00000014.wav,abnormal,99.55449161207754,99.6%,EXCELLENT,5.127617359161377,71.03045654296875,0.0785445272922515,82.64576565157292,84.1573675852722,73.97692397265565
pump,id_00,00000015.wav,abnormal,76.57525854189514,76.6%,GOOD,21.40657615661621,305.484130859375,-0.1404871791601181,27.550222023562355,31.864822087832156,100.0
pump,id_00,00000016.wav,abnormal,98.95343659296832,99.0%,EXCELLENT,7.764726638793945,109.01372528076172,-0.0415662415325641,73.7205652640307,75.68557965358893,100.0
pump,id_00,00000017.wav,abnormal,49.32857636414224,49.3%,CRITICAL,27.79365348815918,405.3670654296875,-0.1357433199882507,5.933391232730612,9.5869332227294,100.0
pump,id_00,00000018.wav,abnormal,99.7674878804954,99.8%,EXCELLENT,3.2777678966522217,42.48990631103516,0.0520161874592304,88.90651383792864,90.52305166284916,82.7661932973695
pump,id_00,00000019.wav,abnormal,29.915023310304058,29.9%,CRITICAL,32.185237884521484,455.6082458496094,-0.1454017758369445,0.0,0.0,100.0
pump,id_00,00000020.wav,abnormal,99.51843576137226,99.5%,EXCELLENT,5.357422351837158,77.36132049560547,0.043039247393608,81.8679990168983,82.74533174387787,85.74039916344326
pump,id_00,00000021.wav,abnormal,36.40381533916509,36.4%,CRITICAL,30.642541885375977,439.03509521484375,-0.1409172862768173,0.0,2.0776161498246015,100.0
pump,id_00,00000022.wav,abnormal,97.87959898247658,97.9%,EXCELLENT,10.173379898071287,136.53851318359375,0.0154625568538904,65.56856596343582,69.54645119713415,94.8770040834453
pump,id_00,00000023.wav,abnormal,31.472266847135664,31.5%,CRITICAL,31.80345344543457,450.026123046875,-0.1462505906820297,0.0,0.0,100.0
pump,id_00,00000024.wav,abnormal,99.36595483792568,99.4%,EXCELLENT,6.185652256011963,85.66935729980469,-0.0713902115821838,79.06488504706502,80.89230728672355,100.0
pump,id_00,00000025.wav,abnormal,67.46785293046845,67.5%,WARNING,23.749210357666016,347.3443603515625,-0.1339726448059082,19.621661822980684,22.528316862926324,100.0
pump,id_00,00000026.wav,abnormal,92.39187567606548,92.4%,EXCELLENT,15.318777084350586,214.8147125244141,-0.0646430701017379,48.154156437169526,52.087728371265854,100.0
pump,id_00,00000027.wav,abnormal,90.17894432099924,90.2%,EXCELLENT,16.52530288696289,238.84906005859372,-0.1319865137338638,44.07071376597488,46.72710770453131,100.0
pump,id_00,00000028.wav,abnormal,98.05019482796357,98.1%,EXCELLENT,9.87429428100586,136.3383331298828,0.1263336688280105,66.58081035010477,69.59109935458734,58.14360615486211
pump,id_00,00000029.wav,abnormal,57.76682661203753,57.8%,WARNING,25.961618423461918,371.7934265136719,-0.1436196416616439,12.13384723799148,17.075197356995165,100.0
pump,id_00,00000030.wav,abnormal,31.09813578487281,31.1%,CRITICAL,31.894407272338867,467.8223876953125,0.109069749712944,0.0,0.0,63.86342260992428
pump,id_00,00000031.wav,abnormal,80.80217677988539,80.8%,GOOD,20.15200424194336,296.4747009277344,-0.1280889064073562,31.7962750125374,33.874285262081706,100.0
pump,id_00,00000032.wav,abnormal,84.53857173006212,84.5%,GOOD,18.89301300048828,275.4873352050781,0.1305509805679321,36.057285052179274,38.55530713185335,56.746342362941405
pump,id_00,00000033.wav,abnormal,57.68446345154115,57.7%,WARNING,25.979736328125,372.6882934570313,-0.140912652015686,12.072527849003956,16.87560624166623,100.0
pump,id_00,00000034.wav,abnormal,88.2852670434229,88.3%,GOOD,17.407440185546875,251.19461059570312,0.1307021528482437,41.08515218155535,43.97355621921103,56.69625653418417
pump,id_00,00000035.wav,abnormal,18.511011539237767,18.5%,CRITICAL,35.36443328857422,495.59564208984375,-0.1452887654304504,0.0,0.0,100.0
pump,id_00,00000036.wav,abnormal,87.16108334017456,87.2%,GOOD,17.883869171142578,259.1612548828125,0.1311786621809005,39.47269561795493,42.19667594612402,56.53838126242492
pump,id_00,00000037.wav,abnormal,60.82249117298301,60.8%,WARNING,25.283409118652344,360.9260559082031,-0.1433435976505279,14.429221948805338,19.49905560311116,100.0
pump,id_00,00000038.wav,abnormal,86.13846182277132,86.1%,GOOD,18.29268264770508,264.2133178710937,0.1288553774356842,38.08908128402163,41.06986386079028,57.30812318642906
pump,id_00,00000039.wav,abnormal,32.09017112547031,32.1%,CRITICAL,31.654239654541016,447.3354797363281,-0.1471657454967498,0.0,0.2262984577410032,100.0
pump,id_00,00000040.wav,abnormal,79.60069212509235,79.6%,GOOD,20.52387237548828,300.6426696777344,0.1282074302434921,30.537700847536485,32.94466154802915,57.522798602086986
pump,id_00,00000041.wav,abnormal,47.059111601835305,47.1%,CRITICAL,28.284059524536133,403.0847778320313,-0.1471451371908188,4.273629849412252,10.095974628826598,100.0
pump,id_00,00000042.wav,abnormal,91.956030315895,92.0%,EXCELLENT,15.575502395629885,223.0006103515625,0.1314930915832519,47.28527896386241,50.26194579049953,56.434205700807794
pump,id_00,00000043.wav,abnormal,32.84640957823497,32.8%,CRITICAL,31.473237991333008,446.9844970703125,-0.1440783590078354,0.0,0.3045816285420111,100.0
pump,id_00,00000044.wav,abnormal,8.407558390739752,8.4%,CRITICAL,39.515716552734375,552.7177124023438,-0.1412725299596786,0.0,0.0,100.0
pump,id_00,00000045.wav,abnormal,67.08951388959413,67.1%,WARNING,23.839475631713867,349.16363525390625,-0.1308523118495941,19.31616228788908,22.122545804398264,100.0
pump,id_00,00000046.wav,abnormal,2.8427781375784225,2.8%,CRITICAL,44.04710006713867,610.80029296875,-0.1173913851380348,0.0,0.0,100.0
pump,id_00,00000047.wav,abnormal,89.74372159555702,89.7%,GOOD,16.738264083862305,245.3050842285156,-0.1053700894117355,43.34995434512792,45.287156129353164,100.0
pump,id_00,00000048.wav,abnormal,46.61208593340871,46.6%,CRITICAL,28.38084983825684,399.7398681640625,-0.1362362056970596,3.946046555006355,10.842023252321543,100.0
pump,id_00,00000049.wav,abnormal,65.41237865069337,65.4%,WARNING,24.234777450561523,348.4428100585937,-0.1398609429597854,17.97827766777701,22.283318649743876,100.0
pump,id_00,00000050.wav,abnormal,10.75224871010377,10.8%,CRITICAL,38.32436752319336,531.5377197265625,-0.1426182687282562,0.0,0.0,100.0
pump,id_00,00000051.wav,abnormal,62.092693272088,62.1%,WARNING,24.99735641479492,364.7283020019531,-0.1362247467041015,15.39735691501406,18.65100266715437,100.0
pump,id_00,00000052.wav,abnormal,6.485249476529935,6.5%,CRITICAL,40.69622039794922,576.3329467773438,-0.1125940755009651,0.0,0.0,100.0
pump,id_00,00000053.wav,abnormal,99.55724696060466,99.6%,EXCELLENT,5.10938024520874,70.29129028320312,0.1194817125797271,82.70748850006268,84.32223122147523,60.41377041114004
pump,id_00,00000054.wav,abnormal,19.48695895809002,19.5%,CRITICAL,35.05470275878906,488.0242919921875,-0.1403142660856247,0.0,0.0,100.0
pump,id_00,00000055.wav,abnormal,96.8169470653836,96.8%,EXCELLENT,11.679800033569336,164.57078552246094,0.1276154667139053,60.470141836309054,63.294133416442975,57.7189257221667
pump,id_00,00000056.wav,abnormal,24.838820633196733,24.8%,CRITICAL,33.500301361083984,467.0207824707031,-0.1389567852020263,0.0,0.0,100.0
pump,id_00,00000057.wav,abnormal,98.06922733041154,98.1%,EXCELLENT,9.839564323425291,129.648193359375,0.1091138198971748,66.69835262764762,71.08326807130099,63.84882144298989
pump,id_00,00000058.wav,abnormal,6.775203729286586,6.8%,CRITICAL,40.50229263305664,556.6859130859375,-0.1404998451471328,0.0,0.0,100.0
pump,id_00,00000059.wav,abnormal,72.77837735324022,72.8%,WARNING,22.42958068847656,329.29986572265625,0.1223644092679023,24.08790041454295,26.552960789329326,59.45868623575209
pump,id_00,00000060.wav,abnormal,0.9488320759354694,0.9%,CRITICAL,47.84932327270508,652.6875,-0.1418187022209167,0.0,0.0,100.0
pump,id_00,00000061.wav,abnormal,91.10897456869696,91.1%,EXCELLENT,16.045852661132812,230.20416259765625,0.1287508308887481,45.69339560719992,48.65526555965921,57.34276115336456
pump,id_00,00000062.wav,abnormal,24.62185384450578,24.6%,CRITICAL,33.55943298339844,473.8875122070313,-0.1320672333240509,0.0,0.0,100.0
pump,id_00,00000063.wav,abnormal,97.81013671870276,97.8%,EXCELLENT,10.289347648620604,140.81825256347656,0.0828478634357452,65.17607733198655,68.59189816275652,72.55115890035884
pump,id_00,00000064.wav,abnormal,44.43817001117427,44.4%,CRITICAL,28.85309791564941,409.34075927734375,-0.1367139518260955,2.3477401230683093,8.700640581220043,100.0
pump,id_00,00000065.wav,abnormal,94.72680455146744,94.7%,EXCELLENT,13.7086820602417,197.79586791992188,0.1342605203390121,53.60346445187519,55.88361132506946,55.51731166128492
pump,id_00,00000066.wav,abnormal,12.86624582009842,12.9%,CRITICAL,37.402374267578125,519.916259765625,-0.1423322707414627,0.0,0.0,100.0
pump,id_00,00000067.wav,abnormal,91.91538889803296,91.9%,EXCELLENT,15.598899841308594,226.7613220214844,0.1329714953899383,47.20609116043995,49.42315669207513,55.94438653724767
pump,id_00,00000068.wav,abnormal,14.761078560041517,14.8%,CRITICAL,36.66184616088867,508.549072265625,-0.14129538834095,0.0,0.0,100.0
pump,id_00,00000069.wav,abnormal,86.12914059928276,86.1%,GOOD,18.29631233215332,266.056640625,0.130547359585762,38.07679674909763,40.658729169657114,56.74754205307329
pump,id_00,00000070.wav,abnormal,0.4875356113255445,0.5%,CRITICAL,49.903465270996094,679.7164306640625,-0.1420963257551193,0.0,0.0,100.0
pump,id_00,00000071.wav,abnormal,90.71347201771168,90.7%,EXCELLENT,16.254066467285156,235.02133178710935,0.1320915520191192,44.98870355756992,47.58084418519021,56.23592605028567
pump,id_00,00000072.wav,abnormal,0.0006606901544076,0.0%,CRITICAL,65.16150665283203,872.2090454101562,-0.1403863430023193,0.0,0.0,100.0
pump,id_00,00000073.wav,abnormal,98.12834485496802,98.1%,EXCELLENT,9.7298002243042,137.14788818359375,0.1292171031236648,67.06984522660062,69.41053620238982,57.188277598151
pump,id_00,00000074.wav,abnormal,0.0003033683769895,0.0%,CRITICAL,66.60374450683594,894.6419677734375,-0.1390660554170608,0.0,0.0,100.0
pump,id_00,00000075.wav,abnormal,91.72228163614504,91.7%,EXCELLENT,15.70887565612793,226.96218872070312,0.1279940754175186,46.833882017410964,49.3783553852138,57.59348651693623
pump,id_00,00000076.wav,abnormal,6.147444777606603e-06,0.0%,CRITICAL,73.19116973876953,993.513671875,-0.132310152053833,0.0,0.0,100.0
pump,id_00,00000077.wav,abnormal,92.07909921097756,92.1%,EXCELLENT,15.504101753234863,224.65902709960935,0.1281663179397583,47.52693183964449,49.8920525333185,57.536419775230506
pump,id_00,00000078.wav,abnormal,4.7853482172336025e-05,0.0%,CRITICAL,69.84341430664062,942.9614868164062,-0.1372385174036026,0.0,0.0,100.0
pump,id_00,00000079.wav,abnormal,94.00967989544613,94.0%,EXCELLENT,14.254048347473145,204.39083862304688,0.1333713233470916,51.75769209964687,54.41266911632406,55.81191704910442
pump,id_00,00000080.wav,abnormal,5.83978412663724e-07,0.0%,CRITICAL,76.76703643798828,1029.754638671875,-0.1351041942834854,0.0,0.0,100.0
pump,id_00,00000081.wav,abnormal,96.16178987691954,96.2%,EXCELLENT,12.409716606140137,171.59884643554688,0.1104074120521545,57.999765759482194,61.72659477100317,63.420233377622104
pump,id_00,00000082.wav,abnormal,2.466125090289944e-14,0.0%,CRITICAL,97.50860595703124,1438.3804931640625,-0.0681165307760238,0.0,0.0,100.0
pump,id_00,00000083.wav,abnormal,97.20636536622374,97.2%,EXCELLENT,11.184847831726074,156.94761657714844,0.1325870603322982,62.1452895512046,64.99440495225798,56.0717561080813
pump,id_00,00000084.wav,abnormal,1.6614589517455876e-06,0.0%,CRITICAL,75.2099838256836,1013.7569580078124,-0.1346136182546615,0.0,0.0,100.0
pump,id_00,00000085.wav,abnormal,90.4522672962281,90.5%,EXCELLENT,16.38800621032715,237.55642700195312,0.1320496946573257,44.53538937156385,47.015416570335866,56.24979407325057
pump,id_00,00000086.wav,abnormal,0.000293740835504,0.0%,CRITICAL,66.66244506835938,891.36181640625,-0.1380095481872558,0.0,0.0,100.0
pump,id_00,00000087.wav,abnormal,97.08107671418163,97.1%,EXCELLENT,11.350019454956056,157.9102783203125,0.1251606345176696,61.58627220328923,64.77969288536534,58.53225145063304
pump,id_00,00000088.wav,abnormal,7.059035616051459e-05,0.0%,CRITICAL,69.18094635009766,921.274169921875,-0.1356894820928573,0.0,0.0,100.0
pump,id_00,00000089.wav,abnormal,77.3232675773781,77.3%,GOOD,21.19470977783203,310.269775390625,0.1127158477902412,28.267276072340785,30.79743197285687,62.655411170557976
pump,id_00,00000090.wav,abnormal,9.736407882178545e-08,0.0%,CRITICAL,79.33135223388672,1085.542724609375,-0.1314758658409118,0.0,0.0,100.0
pump,id_00,00000091.wav,abnormal,98.62914330432352,98.6%,EXCELLENT,8.657611846923828,120.99626159667967,0.105869710445404,70.69862777088976,73.0129948570323,64.92364752973096
pump,id_00,00000092.wav,abnormal,2.785880362890262e-09,0.0%,CRITICAL,84.09007263183594,1180.366943359375,-0.1294618844985962,0.0,0.0,100.0
pump,id_00,00000093.wav,abnormal,96.30310429707474,96.3%,EXCELLENT,12.261442184448242,173.58004760742188,0.1338595300912857,58.50159514371289,61.28470767871542,55.65016623514951
pump,id_00,00000094.wav,abnormal,99.7073425913351,99.7%,EXCELLENT,3.9185476303100586,52.1392707824707,0.1188349872827529,86.73781814854524,88.37085749436298,60.62804099309091
pump,id_00,00000095.wav,abnormal,93.4999129451809,93.5%,EXCELLENT,14.611320495605469,211.11154174804688,0.1348080337047577,50.54851751609948,52.91368354928807,55.33591160154848
pump,id_00,00000096.wav,abnormal,98.02653359585048,98.0%,EXCELLENT,9.917071342468262,130.77542114257812,-0.0834663361310958,66.43603294232312,70.83185119625736,100.0
pump,id_00,00000097.wav,abnormal,97.46965726767476,97.5%,EXCELLENT,10.816557884216309,150.5260009765625,0.1050537005066871,63.39175347578647,66.4266820404282,65.19400485959667
pump,id_00,00000098.wav,abnormal,14.027270327557996,14.0%,CRITICAL,36.94048309326172,506.7003173828125,-0.0828760713338851,0.0,0.0,100.0
pump,id_00,00000099.wav,abnormal,90.46272092272368,90.5%,EXCELLENT,16.38269805908203,235.95587158203125,0.1202615201473236,44.55335461627933,47.372404437390934,60.15540751409498
pump,id_00,00000100.wav,abnormal,98.09900103637862,98.1%,EXCELLENT,9.784646034240724,137.02886962890625,0.0716479793190956,66.8842215788128,69.43708209980082,76.26186219074292
pump,id_00,00000101.wav,abnormal,48.129041643235006,48.1%,CRITICAL,28.05270004272461,385.0471801757813,-0.1153614372014999,5.056657595995995,14.119080254507843,100.0
pump,id_00,00000102.wav,abnormal,99.24555911247144,99.2%,EXCELLENT,6.722675323486328,97.36947631835938,0.05622323974967,77.24735001847904,78.28271284173508,81.37232862748914
pump,id_00,00000103.wav,abnormal,92.25837326969696,92.3%,EXCELLENT,15.398573875427246,222.2047119140625,-0.1369072794914245,47.88408710172612,50.43946297113515,100.0
pump,id_00,00000104.wav,abnormal,99.70077858297282,99.7%,EXCELLENT,3.98108983039856,56.42708587646485,0.0661052539944648,86.52614634837418,87.41450325277962,78.09825700390239
pump,id_00,00000105.wav,abnormal,97.37595679516116,97.4%,EXCELLENT,10.951146125793455,159.80935668945312,-0.106508195400238,62.936244470088255,64.35612246229118,100.0
pump,id_00,00000106.wav,abnormal,99.27502104968848,99.3%,EXCELLENT,6.59866189956665,93.69344329833984,0.0168809071183204,77.66706893865309,79.10261521481556,94.40708163261266
pump,id_00,00000107.wav,abnormal,5.773195960519891,5.8%,CRITICAL,41.20283508300781,556.2111206054688,-0.1307705789804458,0.0,0.0,100.0
pump,id_00,00000108.wav,abnormal,98.89770690720272,98.9%,EXCELLENT,7.933885097503662,103.44303894042967,-0.0992146134376525,73.14805461652261,76.92806548689113,100.0
pump,id_00,00000109.wav,abnormal,69.97276913137605,70.0%,WARNING,23.14001846313477,328.2930908203125,-0.1366012543439865,21.68344962038111,26.777511854864954,100.0
pump,id_00,00000110.wav,abnormal,87.68023074527129,87.7%,GOOD,17.66765022277832,259.5947265625,-0.1137975752353668,40.204480780078946,42.09999442642508,100.0
pump,id_00,00000111.wav,abnormal,84.38660628469063,84.4%,GOOD,18.94783973693848,270.2850952148437,-0.1382260918617248,35.87172595791179,39.7156146944075,100.0
pump,id_00,00000112.wav,abnormal,95.19983083071644,95.2%,EXCELLENT,13.315834045410156,193.98590087890625,-0.1114897280931472,54.93304426159329,56.733386341037786,100.0
pump,id_00,00000113.wav,abnormal,17.85282827941528,17.9%,CRITICAL,35.57907485961914,495.308349609375,-0.1401221752166748,0.0,0.0,100.0
pump,id_00,00000114.wav,abnormal,68.12434364157366,68.1%,WARNING,23.591552734375,334.7060546875,-0.1340911090373993,20.155248311551233,25.347164449237304,100.0
pump,id_00,00000115.wav,abnormal,33.644929842624315,33.6%,CRITICAL,31.28393173217773,429.08697509765625,-0.1357424706220626,0.0,4.296444774962616,100.0
pump,id_00,00000116.wav,abnormal,4.752038637014856,4.8%,CRITICAL,42.0233039855957,575.1742553710938,-0.1259419173002243,0.0,0.0,100.0
pump,id_00,00000117.wav,abnormal,17.362220257657164,17.4%,CRITICAL,35.74232864379883,492.2970275878906,-0.1392542868852615,0.0,0.0,100.0
pump,id_00,00000118.wav,abnormal,20.702592090164572,20.7%,CRITICAL,34.68180465698242,482.857421875,-0.1432877480983734,0.0,0.0,100.0
pump,id_00,00000119.wav,abnormal,71.88501194793734,71.9%,WARNING,22.659442901611328,318.1918640136719,-0.13492451608181,23.30994011930725,29.03048939469809,100.0
pump,id_00,00000120.wav,abnormal,21.321297345141318,21.3%,CRITICAL,34.497005462646484,476.4288330078125,-0.1398321986198425,0.0,0.0,100.0
pump,id_00,00000121.wav,abnormal,90.56723731752469,90.6%,EXCELLENT,16.329389572143555,237.7496337890625,-0.1310691684484481,44.733775250326346,46.972323730205346,100.0
pump,id_00,00000122.wav,abnormal,3.543864526093563e-08,0.0%,CRITICAL,80.7260513305664,1104.289306640625,-0.1313749700784683,0.0,0.0,100.0
pump,id_00,00000123.wav,abnormal,3.096224545541156e-06,0.0%,CRITICAL,74.25972747802734,1004.0364990234376,-0.1343934684991836,0.0,0.0,100.0
pump,id_00,00000124.wav,abnormal,4.9991281023881086e-09,0.0%,CRITICAL,83.3338851928711,1146.9591064453125,-0.1314837038516998,0.0,0.0,100.0
pump,id_00,00000125.wav,abnormal,1.2409290148871502e-07,0.0%,CRITICAL,78.99124145507812,1146.467041015625,-0.1066387221217155,0.0,0.0,100.0
pump,id_00,00000126.wav,abnormal,2.174392615622885e-06,0.0%,CRITICAL,74.80147552490234,1009.3048095703124,-0.1346574872732162,0.0,0.0,100.0
pump,id_00,00000127.wav,abnormal,3.4161491452401174e-06,0.0%,CRITICAL,74.10794830322266,1000.2747802734376,-0.1347477287054062,0.0,0.0,100.0
pump,id_00,00000128.wav,abnormal,7.894378280837244e-08,0.0%,CRITICAL,79.62369537353516,1091.4896240234375,-0.1310008317232132,0.0,0.0,100.0
pump,id_00,00000129.wav,abnormal,1.8943627590317937e-07,0.0%,CRITICAL,78.3929443359375,1072.6815185546875,-0.1329575479030609,0.0,0.0,100.0
pump,id_00,00000130.wav,abnormal,0.3834395029637382,0.4%,CRITICAL,50.6075439453125,695.5431518554688,-0.1303239166736602,0.0,0.0,100.0
pump,id_00,00000131.wav,abnormal,1.5326335182171652e-05,0.0%,CRITICAL,71.73021697998047,965.7478637695312,-0.1356318145990371,0.0,0.0,100.0
pump,id_00,00000132.wav,abnormal,6.386315025071598e-10,0.0%,CRITICAL,85.95337677001953,1190.947998046875,-0.1292473226785659,0.0,0.0,100.0
pump,id_00,00000133.wav,abnormal,0.0010247489726369,0.0%,CRITICAL,64.32536315917969,902.46728515625,-0.1191808804869651,0.0,0.0,100.0
pump,id_00,00000134.wav,abnormal,0.0554197732622181,0.1%,CRITICAL,55.73217010498047,758.7684936523438,-0.1444943398237228,0.0,0.0,100.0
pump,id_00,00000135.wav,abnormal,0.5975695032158383,0.6%,CRITICAL,49.292362213134766,661.53515625,-0.1400561183691024,0.0,0.0,100.0
pump,id_00,00000136.wav,abnormal,9.079462047171268e-06,0.0%,CRITICAL,72.57295227050781,995.4573364257812,-0.1370201408863067,0.0,0.0,100.0
pump,id_00,00000137.wav,abnormal,0.5370895053895518,0.5%,CRITICAL,49.614505767822266,683.508056640625,-0.1455370485782623,0.0,0.0,100.0
pump,id_00,00000138.wav,abnormal,5.336030363655944,5.3%,CRITICAL,41.53872299194336,561.4361572265625,-0.1289291977882385,0.0,0.0,100.0
pump,id_00,00000139.wav,abnormal,3.808746242917199e-05,0.0%,CRITICAL,70.22792053222656,941.894287109375,-0.127652034163475,0.0,0.0,100.0
pump,id_00,00000140.wav,abnormal,2.0767935949059704e-08,0.0%,CRITICAL,81.44957733154297,1178.1729736328125,-0.1088629588484764,0.0,0.0,100.0
pump,id_00,00000141.wav,abnormal,2.0620570636602347,2.1%,CRITICAL,45.22399139404297,619.6388549804688,-0.1429200321435928,0.0,0.0,100.0
pump,id_00,00000142.wav,abnormal,0.1466834354291581,0.1%,CRITICAL,53.26213073730469,774.13525390625,-0.0707205608487129,0.0,0.0,100.0
pump,id_02,00000000.wav,abnormal,66.80153805226342,66.8%,WARNING,22.99907684326172,331.4571533203125,-0.1072813495993614,22.160461403710407,26.071799382154026,100.0
pump,id_02,00000001.wav,abnormal,83.55287420657372,83.6%,GOOD,19.10141372680664,265.2474060058594,-0.1292718052864074,35.35196037804978,40.83922085213084,100.0
pump,id_02,00000002.wav,abnormal,77.03396922592948,77.0%,GOOD,20.801172256469727,288.651123046875,-0.1271103322505951,29.5991894918198,35.61925600515261,100.0
pump,id_02,00000003.wav,abnormal,97.80100939981432,97.8%,EXCELLENT,11.633953094482422,166.51760864257812,-0.1009771898388862,60.62530913319224,62.8599140045228,100.0
pump,id_02,00000004.wav,abnormal,67.17472876881338,67.2%,WARNING,22.924955368041992,317.61639404296875,-0.1275825053453445,22.411322839171465,29.158842212000458,100.0
pump,id_02,00000005.wav,abnormal,70.53856145716347,70.5%,WARNING,22.24002456665039,311.856201171875,-0.1322053968906402,24.72944621055928,30.443595580289305,100.0
pump,id_02,00000006.wav,abnormal,30.11379825440388,30.1%,CRITICAL,29.87328338623047,420.6802368164063,-0.1438889354467392,0.0,6.171483608707051,100.0
pump,id_02,00000007.wav,abnormal,39.89433043937935,39.9%,CRITICAL,27.96657943725586,387.2226867675781,-0.1364931613206863,5.34812965111392,13.633855283036556,100.0
pump,id_02,00000008.wav,abnormal,54.95930944333748,55.0%,WARNING,25.22776985168457,371.2891845703125,-0.0698562785983085,14.617531023040032,17.187663475693103,100.0
pump,id_02,00000009.wav,abnormal,75.12701644265138,75.1%,GOOD,21.24340438842773,303.0697631835937,-0.0355036742985248,28.10247093486825,32.40332263341523,100.0
pump,id_02,00000010.wav,abnormal,3.1892228206076503,3.2%,CRITICAL,39.45944213867188,546.494873046875,-0.1394921690225601,0.0,0.0,100.0
pump,id_02,00000011.wav,abnormal,1.846751290371999,1.8%,CRITICAL,41.13415145874024,597.2828369140625,-0.1230959296226501,0.0,0.0,100.0
pump,id_02,00000012.wav,abnormal,41.66638393509688,41.7%,CRITICAL,27.638198852539062,381.1693115234375,-0.1244710311293602,6.459521789699874,14.984000045281176,100.0
pump,id_02,00000013.wav,abnormal,30.50295688715744,30.5%,CRITICAL,29.79313468933105,424.4350891113281,-0.1378353536128997,0.0,5.3340013852321455,100.0
pump,id_02,00000014.wav,abnormal,18.785207235646087,18.8%,CRITICAL,32.4969367980957,445.1030578613281,-0.1352262943983078,0.0,0.7242178134870492,100.0
pump,id_02,00000015.wav,abnormal,75.93972635748831,75.9%,GOOD,21.057279586791992,298.089599609375,-0.1366564780473709,28.732403552572272,33.51409827405658,100.0
pump,id_02,00000016.wav,abnormal,62.99709936990139,63.0%,WARNING,23.73761749267578,351.0899353027344,-0.0926754102110862,19.660897452653934,21.692903858121383,100.0
pump,id_02,00000017.wav,abnormal,83.98119302627538,84.0%,GOOD,18.97595977783203,268.9392395019531,-0.1249389350414276,35.77655470284883,40.015794341003016,100.0
pump,id_02,00000018.wav,abnormal,95.9557987324112,96.0%,EXCELLENT,13.566960334777832,206.54837036132807,-0.0753378719091415,54.0831164741871,53.93145325602588,100.0
pump,id_02,00000019.wav,abnormal,83.19972515818922,83.2%,GOOD,19.203266143798828,272.98046875,-0.112662672996521,35.007244579341034,39.114438604373014,100.0
pump,id_02,00000020.wav,abnormal,3.3844454889016022,3.4%,CRITICAL,39.26800537109375,531.7813110351562,-0.1326261460781097,0.0,0.0,100.0
pump,id_02,00000021.wav,abnormal,16.26828542936627,16.3%,CRITICAL,33.19942855834961,462.0816040039063,-0.1407743245363235,0.0,0.0,100.0
pump,id_02,00000022.wav,abnormal,44.30775796406765,44.3%,CRITICAL,27.1543083190918,376.40045166015625,-0.1181311756372451,8.097231690464113,16.04764650805747,100.0
pump,id_02,00000023.wav,abnormal,25.943407983067637,25.9%,CRITICAL,30.76503562927246,431.68060302734375,-0.1362463682889938,0.0,3.717962023894361,100.0
pump,id_02,00000024.wav,abnormal,39.73632546840596,39.7%,CRITICAL,27.996036529541016,388.3154296875,-0.1198623478412628,5.248433194273883,13.390129911601756,100.0
pump,id_02,00000025.wav,abnormal,49.490657216249225,49.5%,CRITICAL,26.216209411621094,378.03851318359375,-0.1349590867757797,11.272193303612376,15.68229327999775,100.0
pump,id_02,00000026.wav,abnormal,49.956282906357735,50.0%,CRITICAL,26.132244110107425,358.47479248046875,-0.1258759945631027,11.556370810929906,20.045785376891644,100.0
pump,id_02,00000027.wav,abnormal,51.7035895339847,51.7%,WARNING,25.81707191467285,366.6490478515625,-0.1373674273490905,12.623059636668332,18.222599529423345,100.0
pump,id_02,00000028.wav,abnormal,95.5659693465956,95.6%,EXCELLENT,13.87759494781494,191.3408203125,-0.0569104701280593,53.03178493094172,57.323345087756024,100.0
pump,id_02,00000029.wav,abnormal,52.42096462903859,52.4%,WARNING,25.687538146972656,354.024169921875,-0.1341438144445419,13.061461959471842,21.038452193975132,100.0
pump,id_02,00000030.wav,abnormal,94.2454659253382,94.2%,EXCELLENT,14.788911819458008,221.77072143554688,0.0537076480686664,49.94746614340336,50.53626020372024,82.20578495888869
pump,id_02,00000031.wav,abnormal,39.06655837515177,39.1%,CRITICAL,28.121257781982425,389.0114135742188,-0.1193115189671516,4.824626422423195,13.234897671510648,100.0
pump,id_02,00000032.wav,abnormal,90.94228595704452,90.9%,EXCELLENT,16.50470542907715,214.0312042236328,0.0863230898976326,44.140425112608874,52.26248205591458,71.3997599990269
pump,id_02,00000033.wav,abnormal,34.861337307149384,34.9%,CRITICAL,28.923240661621094,399.7030029296875,-0.1380031704902649,2.110344551953802,10.85024567387859,100.0
pump,id_02,00000034.wav,abnormal,83.12462780965586,83.1%,GOOD,19.22474670410156,239.88983154296875,0.0569087229669094,34.934544404714494,46.494974041632645,81.14521691783028
pump,id_02,00000035.wav,abnormal,30.77934972898858,30.8%,CRITICAL,29.736486434936523,430.4421691894531,-0.1294399797916412,0.0,3.994182296416371,100.0
pump,id_02,00000036.wav,abnormal,97.6768987112886,97.7%,EXCELLENT,11.800213813781738,151.45370483398438,0.0736582353711128,60.06260577926446,66.21976698006998,75.5958317506917
pump,id_02,00000037.wav,abnormal,5.242000715637897,5.2%,CRITICAL,37.79151916503906,549.2530517578125,-0.1255625188350677,0.0,0.0,100.0
pump,id_02,00000038.wav,abnormal,97.89740584633395,97.9%,EXCELLENT,11.499261856079102,155.91253662109375,0.0825801938772201,61.08116672790038,65.22526917672917,72.63984216718642
pump,id_02,00000039.wav,abnormal,77.75897237063437,77.8%,GOOD,20.62771224975586,288.489990234375,-0.132106602191925,30.186258572006498,35.65519506626289,100.0
pump,id_02,00000040.wav,abnormal,91.5788518630445,91.6%,EXCELLENT,16.216381072998047,203.1485290527344,0.0281988307833671,45.116248403092165,54.689753832172016,90.65726992502796
pump,id_02,00000041.wav,abnormal,49.57005645024167,49.6%,CRITICAL,26.20189094543457,365.8201904296875,-0.1340576261281967,11.320653631344712,18.407467881649698,100.0
pump,id_02,00000042.wav,abnormal,63.59377199569195,63.6%,WARNING,23.623632431030277,333.3877258300781,0.1196162551641464,20.046675745662036,25.64120450622649,60.369194270395944
pump,id_02,00000043.wav,abnormal,12.690152788263063,12.7%,CRITICAL,34.333675384521484,491.5787353515625,-0.1320434957742691,0.0,0.0,100.0
pump,id_02,00000044.wav,abnormal,91.60807872802218,91.6%,EXCELLENT,16.202756881713867,216.4261779785156,0.1045178174972534,45.16235898268348,51.72830713028145,65.3715515936214
pump,id_02,00000045.wav,abnormal,21.472765013848925,21.5%,CRITICAL,31.80837821960449,456.5271301269531,-0.1362102627754211,0.0,0.0,100.0
pump,id_02,00000046.wav,abnormal,94.26043976249169,94.3%,EXCELLENT,14.779558181762695,193.64578247070312,0.0941807478666305,49.979123189786655,56.80924634786999,68.79639044836092
pump,id_02,00000047.wav,abnormal,14.769902238065946,14.8%,CRITICAL,33.65164566040039,483.5849914550781,-0.1322505921125412,0.0,0.0,100.0
pump,id_02,00000048.wav,abnormal,83.38805298298024,83.4%,GOOD,19.14912414550781,264.2665710449219,0.1101049184799194,35.19048620222769,41.057986273358935,63.52045440510079
pump,id_02,00000049.wav,abnormal,7.634790541120118,7.6%,CRITICAL,36.41206741333008,524.49560546875,-0.1324001103639602,0.0,0.0,100.0
pump,id_02,00000050.wav,abnormal,93.93704039958138,93.9%,EXCELLENT,14.977452278137209,181.4291839599609,0.049538467079401,49.30935782234606,59.53403637434151,83.58710225234849
pump,id_02,00000051.wav,abnormal,14.865039132475646,14.9%,CRITICAL,33.62205123901367,470.2191467285156,-0.1347682774066925,0.0,0.0,100.0
pump,id_02,00000052.wav,abnormal,7.472597233632833,7.5%,CRITICAL,36.494049072265625,517.1458129882812,0.1082195490598678,0.0,0.0,64.14510787809296
pump,id_02,00000053.wav,abnormal,82.6033729126984,82.6%,GOOD,19.372182846069336,288.4712219238281,-0.0723542720079422,34.43555214770348,35.65938115008539,100.0
pump,id_02,00000054.wav,abnormal,99.0286520042686,99.0%,EXCELLENT,9.310691833496094,125.4490966796875,0.101337693631649,68.48830232314684,72.01983455852256,66.42517821770268
pump,id_02,00000055.wav,abnormal,67.65968021192265,67.7%,WARNING,22.828125,317.7164306640625,-0.1321071982383728,22.739041695970098,29.136530044894492,100.0
pump,id_02,00000056.wav,abnormal,83.49861144044523,83.5%,GOOD,19.11715507507324,276.014404296875,0.1098358780145645,35.2986843576988,38.437749646164775,63.60959187559968
pump,id_02,00000057.wav,abnormal,20.648795066044773,20.6%,CRITICAL,32.01371765136719,448.5955200195313,-0.1349454522132873,0.0,0.0,100.0
pump,id_02,00000058.wav,abnormal,28.67976209049049,28.7%,CRITICAL,30.172792434692383,453.6538696289063,0.0802043452858924,0.0,0.0,73.42699934608868
pump,id_02,00000059.wav,abnormal,58.26242217167387,58.3%,WARNING,24.623645782470703,338.45147705078125,-0.1289027333259582,16.662166950081502,24.511785477634174,100.0
pump,id_02,00000060.wav,abnormal,87.83372752724996,87.8%,GOOD,17.731212615966797,234.59019470214844,0.1018250286579132,39.989356173487764,47.67700499690146,66.26371621803881
pump,id_02,00000061.wav,abnormal,39.517031236791965,39.5%,CRITICAL,28.03697204589844,388.4855346679688,-0.1360653787851333,5.109888428882736,13.352189698225104,100.0
pump,id_02,00000062.wav,abnormal,97.3023977565352,97.3%,EXCELLENT,12.260260581970217,156.33949279785156,0.0686933174729347,58.50559423429904,65.13004087474748,77.24078959037759
pump,id_02,00000063.wav,abnormal,29.44464473036046,29.4%,CRITICAL,30.0122013092041,411.81536865234375,-0.1341478824615478,0.0,8.14870372756279,100.0
pump,id_02,00000064.wav,abnormal,94.1148917148274,94.1%,EXCELLENT,14.86967658996582,207.79502868652344,0.1199968308210372,49.67412071680181,53.65339859392635,60.24310338163708
pump,id_02,00000065.wav,abnormal,22.97303693984577,23.0%,CRITICAL,31.44588851928711,453.9510192871094,-0.1332257688045501,0.0,0.0,100.0
pump,id_02,00000066.wav,abnormal,89.93441795989976,89.9%,GOOD,16.931917190551758,229.71495056152344,0.1111795902252197,42.6945424529388,48.764379407978964,63.164398222747934
pump,id_02,00000067.wav,abnormal,6.922492561172253,6.9%,CRITICAL,36.78265380859375,516.2620849609375,-0.1401094496250152,0.0,0.0,100.0
pump,id_02,00000068.wav,abnormal,33.178193289442085,33.2%,CRITICAL,29.253662109375,444.4060668945313,0.0677653327584266,0.9920451866896052,0.8796746727100735,77.54824597989793
pump,id_02,00000069.wav,abnormal,60.39625783519023,60.4%,WARNING,24.22794342041016,342.0129089355469,-0.1353765875101089,18.001407194121064,23.717443740772314,100.0
pump,id_02,00000070.wav,abnormal,77.77731886469053,77.8%,GOOD,20.62328147888184,296.6046447753906,0.1259620040655136,30.20125435478551,33.84530258742118,58.266744719757334
pump,id_02,00000071.wav,abnormal,51.41647405066463,51.4%,WARNING,25.868885040283203,367.234130859375,-0.1340285241603851,12.447699998617345,18.092102620407,100.0
pump,id_02,00000072.wav,abnormal,97.7720221491101,97.8%,EXCELLENT,11.673480033874512,147.78952026367188,0.0673165023326873,60.491531645279494,67.03702667503002,77.6969507807931
pump,id_02,00000073.wav,abnormal,20.45735426874926,20.5%,CRITICAL,32.06211471557617,437.1076049804688,-0.1353187263011932,0.0,2.507523555075575,100.0
pump,id_02,00000074.wav,abnormal,99.61568772940532,99.6%,EXCELLENT,6.948849678039551,88.80757141113281,0.0342574045062065,76.48187114640447,80.19236003839907,88.64996616954053
pump,id_02,00000075.wav,abnormal,7.513695563233827,7.5%,CRITICAL,36.47314834594727,513.9038696289062,-0.1357853561639785,0.0,0.0,100.0
pump,id_02,00000076.wav,abnormal,94.35116735130634,94.4%,EXCELLENT,14.722469329833984,208.49725341796875,0.1249335035681724,50.17233833156851,53.49677439588126,58.60750361867952
pump,id_02,00000077.wav,abnormal,27.938851782685514,27.9%,CRITICAL,30.330297470092773,421.7083129882813,-0.1372281312942505,0.0,5.942181508198896,100.0
pump,id_02,00000078.wav,abnormal,99.53861336233771,99.5%,EXCELLENT,7.395229816436768,102.80140686035156,-0.0811198428273201,74.97111381261318,77.07117510049787,100.0
pump,id_02,00000079.wav,abnormal,9.000721539105696,9.0%,CRITICAL,35.76920318603516,513.534912109375,-0.1347186416387558,0.0,0.0,100.0
pump,id_02,00000080.wav,abnormal,99.61952779913806,99.6%,EXCELLENT,6.924571990966797,95.82244873046876,-0.0604508779942989,76.56403809479144,78.62776186159554,100.0
pump,id_02,00000081.wav,abnormal,14.54814832194549,14.5%,CRITICAL,33.721126556396484,475.60198974609375,-0.13718181848526,0.0,0.0,100.0
pump,id_02,00000082.wav,abnormal,98.20795536394132,98.2%,EXCELLENT,11.026472091674805,165.87173461914062,-0.0723645463585853,62.68130647981661,63.003969741139834,100.0
pump,id_02,00000083.wav,abnormal,9.957951914678704,10.0%,CRITICAL,35.36088562011719,506.2077026367188,-0.1356463581323623,0.0,0.0,100.0
pump,id_02,00000084.wav,abnormal,92.04235570753885,92.0%,EXCELLENT,15.995980262756348,231.2100830078125,0.098914511501789,45.862186924554535,48.43090508005372,67.22801776575697
pump,id_02,00000085.wav,abnormal,47.5600618326764,47.6%,CRITICAL,26.564611434936523,373.8278503417969,-0.1220942810177803,10.093039334707221,16.621439483916443,100.0
pump,id_02,00000086.wav,abnormal,93.50875362129308,93.5%,EXCELLENT,15.227202415466309,220.4971160888672,0.1123457923531532,48.464087571433666,50.820325129259224,62.77801653983903
pump,id_02,00000087.wav,abnormal,42.97706338822592,43.0%,CRITICAL,27.397367477416992,378.6172790527344,-0.1344019770622253,7.274606814493123,15.553205345536302,100.0
pump,id_02,00000088.wav,abnormal,99.712029596655,99.7%,EXCELLENT,6.260952472686768,81.71913146972656,-0.0242953356355428,78.81003420404588,81.7733656217947,100.0
pump,id_02,00000089.wav,abnormal,66.52404753733595,66.5%,WARNING,23.05397605895996,323.0274963378906,-0.1318171024322509,21.974657006065577,27.95195000281019,100.0
pump,id_02,00000090.wav,abnormal,21.66284392472625,21.7%,CRITICAL,31.76166534423828,436.2915649414063,-0.1393721550703048,0.0,2.689533118349985,100.0
pump,id_02,00000091.wav,abnormal,74.35952212885715,74.4%,WARNING,21.416221618652344,299.520263671875,-0.1244705095887184,27.517577308317588,33.195002973895626,100.0
pump,id_02,00000092.wav,abnormal,43.02197964749868,43.0%,CRITICAL,27.389141082763672,388.8244018554688,-0.1120370030403137,7.302448747823287,13.276608763647724,100.0
pump,id_02,00000093.wav,abnormal,9.913621578823935,9.9%,CRITICAL,35.37914276123047,508.0968933105469,-0.1363363564014434,0.0,0.0,100.0
pump,id_02,00000094.wav,abnormal,38.22887446934165,38.2%,CRITICAL,28.27873420715332,383.9996337890625,-0.1286702007055282,4.291653192296052,14.352724991566834,100.0
pump,id_02,00000095.wav,abnormal,35.77125450505335,35.8%,CRITICAL,28.747085571289062,404.24658203125,-0.1386740356683731,2.7065350445670044,9.836845830253072,100.0
pump,id_02,00000096.wav,abnormal,23.076391037986824,23.1%,CRITICAL,31.421417236328125,437.44085693359375,-0.0448201708495616,0.0,2.4331950423247872,100.0
pump,id_02,00000097.wav,abnormal,64.08440959951227,64.1%,WARNING,23.52943229675293,336.8487548828125,-0.1358576864004135,20.365492672003395,24.869256616154935,100.0
pump,id_02,00000098.wav,abnormal,42.262230760294806,42.3%,CRITICAL,27.528520584106445,387.374755859375,-0.1141239181160926,6.830723897811275,13.599937794113737,100.0
pump,id_02,00000099.wav,abnormal,1.5465603730755215,1.5%,CRITICAL,41.64833068847656,599.7474365234375,-0.132438838481903,0.0,0.0,100.0
pump,id_02,00000100.wav,abnormal,23.64896631603896,23.6%,CRITICAL,31.28693962097168,429.4003601074219,-0.1325083374977111,0.0,4.226547385087331,100.0
pump,id_02,00000101.wav,abnormal,29.285366006708045,29.3%,CRITICAL,30.04548072814941,433.9288635253906,-0.0905431136488914,0.0,3.216510021800545,100.0
pump,id_02,00000102.wav,abnormal,65.75984951856286,65.8%,WARNING,23.20425796508789,320.8403625488281,-0.1253218501806259,21.46603336381725,28.439768304259328,100.0
pump,id_02,00000103.wav,abnormal,52.586565727638025,52.6%,WARNING,25.657617568969727,372.115234375,-0.0914423838257789,13.162727066856561,17.003421334380032,100.0
pump,id_02,00000104.wav,abnormal,15.86245218721962,15.9%,CRITICAL,33.3191032409668,469.6990661621094,-0.1404934227466583,0.0,0.0,100.0
pump,id_02,00000105.wav,abnormal,56.99681783856904,57.0%,WARNING,24.85613822937012,338.81170654296875,-0.0391755811870098,15.875304724388506,24.431439894803543,100.0
pump,id_02,00000106.wav,abnormal,48.43886298392739,48.4%,CRITICAL,26.405941009521484,364.431884765625,-0.1260202676057815,10.630053615208757,18.717115564988497,100.0
pump,id_02,00000107.wav,abnormal,28.982584117647303,29.0%,CRITICAL,30.108976364135746,419.630859375,-0.0684554800391197,0.0,6.405536744187756,100.0
pump,id_02,00000108.wav,abnormal,46.77931549944564,46.8%,CRITICAL,26.70575523376465,367.5867614746094,-0.1246296912431716,9.615343284062149,18.013451891026467,100.0
pump,id_02,00000109.wav,abnormal,31.754459090739147,31.8%,CRITICAL,29.538379669189453,408.5402221679688,-0.1221421584486961,0.028428966905913455,8.879192371190637,100.0
pump,id_02,00000110.wav,abnormal,38.20075169725685,38.2%,CRITICAL,28.28403854370117,359.2035827636719,4.110826557734981e-05,4.273700858284657,19.883235998411607,99.9863801647632
pump,id_04,00000000.wav,abnormal,5.750693298639518e-08,0.0%,CRITICAL,83.09882354736328,1139.3533935546875,0.0416024178266525,0.0,0.0,86.21644410697057
pump,id_04,00000001.wav,abnormal,43.3720319377579,43.4%,CRITICAL,29.5799617767334,430.4981689453125,-0.0320402830839157,0.0,3.981692111352475,100.0
pump,id_04,00000002.wav,abnormal,1.0840935454981758e-12,0.0%,CRITICAL,97.13992309570312,1318.1441650390625,0.039799939841032,0.0,0.0,86.81363430308554
pump,id_04,00000003.wav,abnormal,48.61128804225559,48.6%,CRITICAL,28.385818481445312,376.9526977539063,0.0670330896973609,3.929230362953262,15.924473544070405,77.79084998434635
pump,id_04,00000004.wav,abnormal,1.988277697148448e-18,0.0%,CRITICAL,111.1381378173828,1525.35498046875,0.0634149760007858,0.0,0.0,78.98958974442176
pump,id_04,00000005.wav,abnormal,96.69827467029344,96.7%,EXCELLENT,11.453574180603027,171.68966674804688,-0.0829460099339485,61.23579500288858,61.70633820928646,100.0
pump,id_04,00000006.wav,abnormal,1.4563129616929508e-22,0.0%,CRITICAL,119.94225311279295,1628.2762451171875,0.0595825500786304,0.0,0.0,80.25933462136692
pump,id_04,00000007.wav,abnormal,72.36944312241855,72.4%,WARNING,22.70256233215332,302.4031982421875,0.085609994828701,23.16400397583518,32.55199327219756,71.63601996306596
pump,id_04,00000008.wav,abnormal,2.311517467295589e-21,0.0%,CRITICAL,117.47361755371094,1612.728271484375,0.0665964856743812,0.0,0.0,77.93550397967272
pump,id_04,00000009.wav,abnormal,91.96096721993912,92.0%,EXCELLENT,15.392712593078612,230.1963806152344,-0.0718537271022796,47.90392439853196,48.65700125295146,100.0
pump,id_04,00000010.wav,abnormal,4.77149444389305e-26,0.0%,CRITICAL,126.76378631591795,1753.881591796875,0.0753485634922981,0.0,0.0,75.03579862393937
pump,id_04,00000011.wav,abnormal,98.98920154190589,99.0%,EXCELLENT,7.077007293701172,104.01449584960938,-0.1103224009275436,76.04812636009477,76.80060774279632,100.0
pump,id_04,00000012.wav,abnormal,1.8645393124551772e-18,0.0%,CRITICAL,111.20060729980467,1514.1297607421875,0.0574151799082756,0.0,0.0,80.97741951750079
pump,id_04,00000013.wav,abnormal,98.21039501888302,98.2%,EXCELLENT,9.09326457977295,134.75149536132812,-0.0884282365441322,69.2241769507855,69.9450276367998,100.0
pump,id_04,00000014.wav,abnormal,1.5905500011507272e-19,0.0%,CRITICAL,113.56011199951172,1584.8770751953125,0.0748133137822151,0.0,0.0,75.21313553561593
pump,id_04,00000015.wav,abnormal,35.51904210465698,35.5%,CRITICAL,31.428077697753903,459.9515380859375,-0.0345967374742031,0.0,0.0,100.0
pump,id_04,00000016.wav,abnormal,1.2090416922788528e-22,0.0%,CRITICAL,120.1060791015625,1661.3028564453125,0.072374053299427,0.0,0.0,76.0213021028155
pump,id_04,00000017.wav,abnormal,91.49334337363294,91.5%,EXCELLENT,15.670016288757324,234.59263610839844,-0.0754255652427673,46.9654001321112,47.67646046567251,100.0
pump,id_04,00000018.wav,abnormal,4.914159903573817e-11,0.0%,CRITICAL,92.55341339111328,1263.0589599609375,0.0499116815626621,0.0,0.0,83.4634502398248
pump,id_04,00000019.wav,abnormal,82.05917686949489,82.1%,GOOD,19.7756290435791,271.36431884765625,-0.0513550862669944,33.07010317439879,39.47490466465297,100.0
pump,id_04,00000020.wav,abnormal,0.0001835777893751,0.0%,CRITICAL,69.91931915283203,968.9852294921876,0.0519062876701355,0.0,0.0,82.80260488027157
pump,id_04,00000021.wav,abnormal,2.375610872376288,2.4%,CRITICAL,45.98596954345703,660.173095703125,-0.0198198687285184,0.0,0.0,100.0
pump,id_04,00000022.wav,abnormal,1.2403024543153264e-26,0.0%,CRITICAL,127.86427307128906,1770.587890625,0.0761045739054679,0.0,0.0,74.78532011018909
pump,id_04,00000023.wav,abnormal,0.0038269380713989,0.0%,CRITICAL,63.8247184753418,888.6571655273438,0.0108653083443641,0.0,0.0,96.40014709040308
pump,id_04,00000024.wav,abnormal,1.9023702668520225e-07,0.0%,CRITICAL,81.33980560302734,1117.619384765625,0.0527548938989639,0.0,0.0,82.52144787072065
pump,id_04,00000025.wav,abnormal,5.384958794514461e-05,0.0%,CRITICAL,72.16004943847656,1022.3890380859376,0.0730263814330101,0.0,0.0,75.80517521020789
pump,id_04,00000026.wav,abnormal,1.8994884152371427e-16,0.0%,CRITICAL,106.58158111572266,1485.96728515625,0.0731429085135459,0.0,0.0,75.7665678981447
pump,id_04,00000027.wav,abnormal,1.180991526134888e-05,0.0%,CRITICAL,74.79348754882812,1029.1727294921875,0.0271472111344337,0.0,0.0,91.00568857390743
pump,id_04,00000028.wav,abnormal,2.987726982760263,3.0%,CRITICAL,45.09004592895508,621.498779296875,0.0456712990999221,0.0,0.0,84.86835773646443
pump,id_04,00000029.wav,abnormal,6.395386731454911,6.4%,CRITICAL,41.83382415771485,605.45263671875,-0.0249052830040454,0.0,0.0,100.0
pump,id_04,00000030.wav,abnormal,2.052523777904386,2.1%,CRITICAL,46.540260314941406,655.777099609375,0.0824558958411216,0.0,0.0,72.6810241228866
pump,id_04,00000031.wav,abnormal,0.0566583667372777,0.1%,CRITICAL,57.49844741821289,797.4581909179688,0.0263254288583993,0.0,0.0,91.27795837276427
pump,id_04,00000032.wav,abnormal,7.332867391342976,7.3%,CRITICAL,41.19229507446289,577.6019287109375,0.0886683985590934,0.0,0.0,70.6227211943029
pump,id_04,00000033.wav,abnormal,0.0013368230217208,0.0%,CRITICAL,66.03622436523438,912.33056640625,0.0319166444242,0.0,0.0,89.42549795610509
pump,id_04,00000034.wav,abnormal,0.1663404444633191,0.2%,CRITICAL,54.61118698120117,765.9639892578125,0.0694152936339378,0.0,0.0,77.00158717646775
pump,id_04,00000035.wav,abnormal,0.3972551297270444,0.4%,CRITICAL,52.067169189453125,728.328857421875,0.0101950522512197,0.0,0.0,96.62221380683755
pump,id_04,00000036.wav,abnormal,2.794702828991495e-05,0.0%,CRITICAL,73.31598663330078,1050.7835693359375,0.1089349761605262,0.0,0.0,63.90807527411301
pump,id_04,00000037.wav,abnormal,1.6424211030105693e-05,0.0%,CRITICAL,74.23297882080078,1022.604736328125,0.0254469998180866,0.0,0.0,91.5689961635403
pump,id_04,00000038.wav,abnormal,3.7782737950279084e-19,0.0%,CRITICAL,112.73811340332033,1593.1348876953125,0.0878424867987632,0.0,0.0,70.89635915829471
pump,id_04,00000039.wav,abnormal,5.889147234028036e-06,0.0%,CRITICAL,75.9558334350586,1044.442626953125,0.0343961752951145,0.0,0.0,88.60398915606014
pump,id_04,00000040.wav,abnormal,7.213944651511602e-06,0.0%,CRITICAL,75.61964416503906,1060.574462890625,0.0682287067174911,0.0,0.0,77.3947226704895
pump,id_04,00000041.wav,abnormal,4.470253542869496e-07,0.0%,CRITICAL,80.04912567138672,1098.524658203125,0.0283711552619934,0.0,0.0,90.60017602984188
pump,id_04,00000042.wav,abnormal,5.843501010512777e-20,0.0%,CRITICAL,114.5019073486328,1632.4617919921875,0.1047950312495231,0.0,0.0,65.27970618058202
pump,id_04,00000043.wav,abnormal,3.3049420444087403e-09,0.0%,CRITICAL,87.09644317626953,1192.08837890625,0.046032827347517,0.0,0.0,84.74857756338898
pump,id_04,00000044.wav,abnormal,1.7459031643429763e-09,0.0%,CRITICAL,87.95460510253906,1250.214599609375,0.0835991725325584,0.0,0.0,72.30223800898142
pump,id_04,00000045.wav,abnormal,4.6676231278563693e-07,0.0%,CRITICAL,79.98304748535156,1096.9315185546875,0.0357523374259471,0.0,0.0,88.15467064269322
pump,id_04,00000046.wav,abnormal,2.3693564339038478,2.4%,CRITICAL,45.99607849121094,635.0928955078125,0.0197191108018159,0.0,0.0,93.46673871143273
pump,id_04,00000047.wav,abnormal,1.1476856412145108e-11,0.0%,CRITICAL,94.33856201171876,1289.56103515625,0.0477684810757637,0.0,0.0,84.17352732775323
pump,id_04,00000048.wav,abnormal,54.111628965806894,54.1%,WARNING,27.1377067565918,333.51177978515625,0.1198128759860992,8.153419074583235,25.613535513155796,60.30405060253481
pump,id_04,00000049.wav,abnormal,0.0299215510093907,0.0%,CRITICAL,59.09977340698242,827.254638671875,0.0557285733520984,0.0,0.0,81.53621962939536
pump,id_04,00000050.wav,abnormal,92.69464756598032,92.7%,EXCELLENT,14.931940078735352,184.8788299560547,0.0564624443650245,49.46339220494696,58.7646273611249,81.29307625808725
pump,id_04,00000051.wav,abnormal,0.0023115705726791,0.0%,CRITICAL,64.89974975585938,898.8389892578125,0.0182850565761327,0.0,0.0,93.94186413937543
pump,id_04,00000052.wav,abnormal,6.752608153931042,6.8%,CRITICAL,41.58131408691406,540.5496826171875,0.1300574392080307,0.0,0.0,56.90986062161733
pump,id_04,00000053.wav,abnormal,1.4898807570999884,1.5%,CRITICAL,47.71322250366211,678.4288330078125,-0.0040450417436659,0.0,0.0,100.0
pump,id_04,00000054.wav,abnormal,73.98294217686325,74.0%,WARNING,22.2598876953125,292.4550170898437,0.0676441118121147,24.662220174459037,34.770835510616294,77.58840844583581
pump,id_04,00000055.wav,abnormal,0.7812238966520043,0.8%,CRITICAL,49.9262580871582,700.6654052734375,0.0092721739783883,0.0,0.0,96.9279783493946
pump,id_04,00000056.wav,abnormal,82.19357659575681,82.2%,GOOD,19.7291202545166,253.5457763671875,0.0276579689234495,33.22751047843837,43.44915222581724,90.83646623298404
pump,id_04,00000057.wav,abnormal,8.24378068626448e-06,0.0%,CRITICAL,75.39732360839844,1081.68212890625,0.0890914723277092,0.0,0.0,70.48254999173268
pump,id_04,00000058.wav,abnormal,5.15452140604528e-10,0.0%,CRITICAL,89.5632095336914,1165.622802734375,0.1433551758527755,0.0,0.0,52.50410475768288
pump,id_04,00000059.wav,abnormal,17.446556512121067,17.4%,CRITICAL,36.53865051269531,508.6528930664063,0.0163778867572546,0.0,0.0,94.57374043814103
pump,id_04,00000060.wav,abnormal,63.48828064846277,63.5%,WARNING,24.953903198242188,339.3271484375,0.0328240953385829,15.54442274509238,24.316475739092823,89.1248447476619
pump,id_04,00000061.wav,abnormal,2.677231006477873,2.7%,CRITICAL,45.52308654785156,646.73828125,-0.0034511315170675,0.0,0.0,100.0
pump,id_04,00000062.wav,abnormal,86.21933589715563,86.2%,GOOD,18.21526336669922,230.28973388671875,0.0790810734033584,38.3511040231525,48.63617974008474,73.79915754228988
pump,id_04,00000063.wav,abnormal,0.0017405903406203,0.0%,CRITICAL,65.49241638183594,940.9697875976562,0.1048530936241149,0.0,0.0,65.2604691740022
pump,id_04,00000064.wav,abnormal,89.47271060375034,89.5%,GOOD,16.752212524414062,220.47994995117188,0.0486482083797454,43.302746355690516,50.82415386446273,83.88205940116347
pump,id_04,00000065.wav,abnormal,7.330648290853483,7.3%,CRITICAL,41.1937370300293,589.5196533203125,-0.0094967242330312,0.0,0.0,100.0
pump,id_04,00000066.wav,abnormal,17.13008370143863,17.1%,CRITICAL,36.6505012512207,513.117919921875,0.1098979637026786,0.0,0.0,63.58902187998443
pump,id_04,00000067.wav,abnormal,6.727059353699902,6.7%,CRITICAL,41.59902572631836,587.3648681640625,0.0022187258582562,0.0,0.0,99.26490013138151
pump,id_04,00000068.wav,abnormal,0.0010921179629677,0.0%,CRITICAL,66.44805145263672,916.7921142578124,0.0460611768066883,0.0,0.0,84.73918492768561
pump,id_04,00000069.wav,abnormal,7.820385230560062,7.8%,CRITICAL,40.883277893066406,581.6690673828125,-0.0018430675845593,0.0,0.0,100.0
pump,id_04,00000070.wav,abnormal,5.30666923877491,5.3%,CRITICAL,42.67830657958984,589.729248046875,0.0239318031817674,0.0,0.0,92.07100538840453
pump,id_04,00000071.wav,abnormal,21.168132970357924,21.2%,CRITICAL,35.308616638183594,515.37060546875,-0.0299629345536232,0.0,0.0,100.0
pump,id_04,00000072.wav,abnormal,2.64014743195104e-07,0.0%,CRITICAL,80.84822845458984,1110.602783203125,0.048411339521408,0.0,0.0,83.96053789637534
pump,id_04,00000073.wav,abnormal,0.0062132490566188,0.0%,CRITICAL,62.76312255859375,871.0084838867188,0.0211043357849121,0.0,0.0,93.00779120365843
pump,id_04,00000074.wav,abnormal,48.4952751501141,48.5%,CRITICAL,28.412124633789062,391.1802673339844,0.0532438084483146,3.840198147676277,12.751156547638232,82.35946254943546
pump,id_04,00000075.wav,abnormal,1.6015002438675197,1.6%,CRITICAL,47.453460693359375,678.049560546875,-0.0133770750835537,0.0,0.0,100.0
pump,id_04,00000076.wav,abnormal,0.5634311533835188,0.6%,CRITICAL,50.98110961914063,707.7039184570312,0.0205881372094154,0.0,0.0,93.17881616540242
pump,id_04,00000077.wav,abnormal,20.360610541212168,20.4%,CRITICAL,35.56362533569336,456.8777160644531,0.1230680793523788,0.0,0.0,59.22554892195344
pump,id_04,00000078.wav,abnormal,2.779793692003501e-08,0.0%,CRITICAL,84.14197540283203,1154.573974609375,0.0468402579426765,0.0,0.0,84.48106270921642
pump,id_04,00000079.wav,abnormal,4.650566014042114,4.7%,CRITICAL,43.25600051879883,620.976318359375,-0.0115645378828048,0.0,0.0,100.0
pump,id_04,00000080.wav,abnormal,3.645191056580539e-12,0.0%,CRITICAL,95.7142333984375,1202.917724609375,0.1465625613927841,0.0,0.0,51.44144589863742
pump,id_04,00000081.wav,abnormal,12.051972106863817,12.1%,CRITICAL,38.6696662902832,555.1846923828125,-0.0096115581691265,0.0,0.0,100.0
pump,id_04,00000082.wav,abnormal,0.0412667544051013,0.0%,CRITICAL,58.302711486816406,806.9351806640625,0.0336459539830684,0.0,0.0,88.85254964669838
pump,id_04,00000083.wav,abnormal,9.81337724064045,9.8%,CRITICAL,39.75327301025391,560.30859375,0.0041161514818668,0.0,0.0,98.63625224257663
pump,id_04,00000084.wav,abnormal,1.2336637396985566,1.2%,CRITICAL,48.37957000732422,671.413818359375,0.0404276996850967,0.0,0.0,86.6056472833378
pump,id_04,00000085.wav,abnormal,15.982785293072505,16.0%,CRITICAL,37.067508697509766,516.6840209960938,0.0581903718411922,0.0,0.0,80.72058585509919
pump,id_04,00000086.wav,abnormal,12.316496163754731,12.3%,CRITICAL,38.551395416259766,540.4269409179688,0.0769077986478805,0.0,0.0,74.51919872325817
pump,id_04,00000087.wav,abnormal,21.35464721056148,21.4%,CRITICAL,35.25053405761719,511.3013000488281,-0.0184257235378026,0.0,0.0,100.0
pump,id_04,00000088.wav,abnormal,0.3476304214343204,0.3%,CRITICAL,52.47137069702149,740.4775390625,0.0027546600904315,0.0,0.0,99.08733642643156
pump,id_04,00000089.wav,abnormal,0.0006580255327576,0.0%,CRITICAL,67.46276092529297,935.3294677734376,0.0502939112484455,0.0,0.0,83.33681134446242
pump,id_04,00000090.wav,abnormal,2.608084518527064,2.6%,CRITICAL,45.62519073486328,643.5516967773438,0.0036326583940535,0.0,0.0,98.7964413457085
pump,id_04,00000091.wav,abnormal,0.0016574987204584,0.0%,CRITICAL,65.59374237060547,939.405517578125,0.0830094814300537,0.0,0.0,72.49761223710594
pump,id_04,00000092.wav,abnormal,4.138156602034244,4.1%,CRITICAL,43.75457763671875,623.4031372070312,-0.0037399737630039,0.0,0.0,100.0
pump,id_04,00000093.wav,abnormal,0.0017988729945763,0.0%,CRITICAL,65.4240493774414,905.462158203125,0.0276309698820114,0.0,0.0,90.84541145338615
pump,id_04,00000094.wav,abnormal,8.282602150133706e-14,0.0%,CRITICAL,100.07291412353516,1361.825927734375,0.0474875196814537,0.0,0.0,84.26661439539416
pump,id_04,00000095.wav,abnormal,1.4476500425333608e-10,0.0%,CRITICAL,91.19580841064452,1247.57177734375,0.0487006343901157,0.0,0.0,83.86468981348231
pump,id_04,00000096.wav,abnormal,2.358339557620617e-19,0.0%,CRITICAL,113.18685913085938,1570.4561767578125,0.0724502950906753,0.0,0.0,75.99604196059411
pump,id_04,00000097.wav,abnormal,2.5778314598893798e-12,0.0%,CRITICAL,96.12450408935548,1324.553955078125,0.0598154515027999,0.0,0.0,80.18217060145388
pump,id_04,00000098.wav,abnormal,3.2895770144421373e-10,0.0%,CRITICAL,90.14530181884766,1243.2864990234375,0.0580302402377128,0.0,0.0,80.77364005295844
pump,id_04,00000099.wav,abnormal,7.746919466444835e-15,0.0%,CRITICAL,102.67607879638672,1417.804931640625,0.0642851069569587,0.0,0.0,78.70130124353129
pump,id_06,00000000.wav,abnormal,0.5170569397918784,0.5%,CRITICAL,48.62086868286133,680.7760620117188,0.1213594600558281,0.0,0.0,59.79164221182054
pump,id_06,00000001.wav,abnormal,96.545076069233,96.5%,EXCELLENT,12.242085456848145,179.07186889648438,-0.0644814521074295,58.567107283847655,60.0598119057682,100.0
pump,id_06,00000002.wav,abnormal,1.1845205875040083e-05,0.0%,CRITICAL,70.23536682128906,892.3717041015625,0.1212670058012008,0.0,0.0,59.822273806155124
pump,id_06,00000003.wav,abnormal,87.1953865132297,87.2%,GOOD,17.90480613708496,275.2048034667969,-0.0701855197548866,39.40183521865856,38.61832300832284,100.0
pump,id_06,00000004.wav,abnormal,0.0125721930560886,0.0%,CRITICAL,57.72453308105469,729.6353149414062,0.1208449974656105,0.0,0.0,59.96209201348073
pump,id_06,00000005.wav,abnormal,42.07257494393322,42.1%,CRITICAL,28.99375915527344,448.3981323242188,-0.0657266452908515,1.8716772764882594,0.0,100.0
pump,id_06,00000006.wav,abnormal,6.761203590666587e-08,0.0%,CRITICAL,77.65140533447266,1010.8646240234376,0.1197715252637863,0.0,0.0,60.317750767621156
pump,id_06,00000007.wav,abnormal,99.68701469134427,99.7%,EXCELLENT,4.636861801147461,65.00328063964844,-0.0509840250015258,84.30670997815182,85.50166884676622,100.0
pump,id_06,00000008.wav,abnormal,1.5315517669489937e-07,0.0%,CRITICAL,76.5482177734375,1053.0306396484375,0.1178413853049278,0.0,0.0,60.95723744637982
pump,id_06,00000009.wav,abnormal,98.85056271419622,98.9%,EXCELLENT,8.457695960998535,121.86996459960938,-0.1047994196414947,71.37523581148824,72.81812414679428,100.0
pump,id_06,00000010.wav,abnormal,1.4358200031044465e-06,0.0%,CRITICAL,73.40103149414062,933.11328125,0.1206386387348175,0.0,0.0,60.03046200850726
pump,id_06,00000011.wav,abnormal,99.33610396432128,99.3%,EXCELLENT,6.775688648223877,91.53093719482422,-0.0972859337925911,77.06792835015956,79.58494055749273,100.0
pump,id_06,00000012.wav,abnormal,0.4440625684522176,0.4%,CRITICAL,49.05574798583984,649.9732055664062,0.1269489824771881,0.0,0.0,57.93974276138045
pump,id_06,00000013.wav,abnormal,95.29588616507584,95.3%,EXCELLENT,13.4336519241333,205.6640625,-0.0814991518855094,54.53429393866933,54.1286892737896,100.0
pump,id_06,00000014.wav,abnormal,0.387429123355906,0.4%,CRITICAL,49.439640045166016,624.3430786132812,0.1185864359140396,0.0,0.0,60.71039009350194
pump,id_06,00000015.wav,abnormal,99.84471651222208,99.8%,EXCELLENT,2.7836897373199463,35.74346923828125,-0.0144821014255285,90.57870338775382,92.02777692937023,100.0
pump,id_06,00000016.wav,abnormal,1.0733710551647237e-07,0.0%,CRITICAL,77.03068542480469,1051.35205078125,0.117293395102024,0.0,0.0,61.13879549000194
pump,id_06,00000017.wav,abnormal,99.0622583029567,99.1%,EXCELLENT,7.82055139541626,116.98047637939452,-0.080359898507595,73.53162840681053,73.90867555726066,100.0
pump,id_06,00000018.wav,abnormal,97.24406714846788,97.2%,EXCELLENT,11.410531044006348,177.23123168945312,-0.0701948180794715,61.38147293227922,60.470347612549524,100.0
pump,id_06,00000019.wav,abnormal,56.355660033440216,56.4%,WARNING,26.00482749938965,390.3351135253906,0.0791403576731681,11.987607692973745,12.939659645817791,73.77951570200298
pump,id_06,00000020.wav,abnormal,44.18481141543336,44.2%,CRITICAL,28.547515869140625,433.7569885253906,-0.0425145849585533,3.381971438771003,3.2548450203181756,100.0
pump,id_06,00000021.wav,abnormal,99.06270930286207,99.1%,EXCELLENT,7.819065093994141,109.59237670898438,0.0080895610153675,73.53665873988437,75.55651724402884,97.3197972081816
pump,id_06,00000022.wav,abnormal,98.91843891040622,98.9%,EXCELLENT,8.265422821044922,105.12483215332033,-0.0578264184296131,72.0259772564795,76.55295834319294,100.0
pump,id_06,00000023.wav,abnormal,98.95543522274708,99.0%,EXCELLENT,8.156157493591309,112.58049011230467,0.013985757716,72.39578178087515,74.89004845632384,95.36629159420265
pump,id_06,00000024.wav,abnormal,58.885318948674126,58.9%,WARNING,25.46849822998047,367.4344482421875,-0.0397573411464691,13.802794587256717,18.047423833072184,100.0
pump,id_06,00000025.wav,abnormal,99.60730352539392,99.6%,EXCELLENT,5.264254570007324,70.10160064697266,-0.09494149684906,82.1833219839503,84.36453959630408,100.0
pump,id_06,00000026.wav,abnormal,51.48635971413811,51.5%,WARNING,27.023691177368164,414.9548645019531,-0.0494580380618572,8.539300653223936,7.4484706003431045,100.0
pump,id_06,00000027.wav,abnormal,96.4356727337628,96.4%,EXCELLENT,12.359371185302734,190.02577209472656,-0.0927419662475586,58.17015800414168,57.61665343090632,100.0
pump,id_06,00000028.wav,abnormal,67.41394208728634,67.4%,WARNING,23.58582305908203,364.9800415039063,-0.0551406592130661,20.174640189066608,18.594854690809914,100.0
pump,id_06,00000029.wav,abnormal,99.68014473639086,99.7%,EXCELLENT,4.696280479431152,59.90273284912109,-0.1047145500779151,84.10560962385829,86.63929498197479,100.0
pump,id_06,00000030.wav,abnormal,90.01539088107555,90.0%,EXCELLENT,16.68647575378418,261.2489624023437,-0.0707697123289108,43.52523006360245,41.73103367897362,100.0
pump,id_06,00000031.wav,abnormal,99.11368112223214,99.1%,EXCELLENT,7.646908283233643,107.33683776855467,0.0031866612844169,74.11931720079265,76.05959262984895,98.94420742301729
pump,id_06,00000032.wav,abnormal,77.19039195576565,77.2%,GOOD,21.14706420898437,328.74420166015625,-0.0587388575077056,28.428530766193695,26.676896097036895,100.0
pump,id_06,00000033.wav,abnormal,97.67129005517108,97.7%,EXCELLENT,10.81103229522705,156.87396240234375,0.0366319045424461,63.410454630634014,65.01083277877117,87.863255788815
pump,id_06,00000034.wav,abnormal,97.56900483869664,97.6%,EXCELLENT,10.96247673034668,158.2351531982422,-0.0771665722131729,62.8978964513199,64.70723279539384,100.0
pump,id_06,00000035.wav,abnormal,99.72097544723675,99.7%,EXCELLENT,4.324662685394287,58.346282958984375,-0.0922937393188476,85.36333652390454,86.98644555204696,100.0
pump,id_06,00000036.wav,abnormal,71.53821802304661,71.5%,WARNING,22.607816696166992,352.00604248046875,-0.0651584863662719,23.48466713285874,21.488575321100654,100.0
pump,id_06,00000037.wav,abnormal,44.59931607831923,44.6%,CRITICAL,28.46039581298828,437.564208984375,0.0710866600275039,3.6768260983556567,2.4056826019824062,76.44783637766946
pump,id_06,00000038.wav,abnormal,95.37631571137683,95.4%,EXCELLENT,13.36520290374756,207.2137756347656,-0.0654141455888748,54.76595715717609,53.78304126957729,100.0
pump,id_06,00000039.wav,abnormal,84.0024879127155,84.0%,GOOD,19.07633399963379,291.031982421875,0.055451426655054,35.43684180196779,35.088229150686786,81.62804282595086
pump,id_06,00000040.wav,abnormal,85.45053306542223,85.5%,GOOD,18.566650390625,238.99777221679688,0.0202373936772346,37.16184742831141,46.69393894604828,93.29502318731343
pump,id_06,00000041.wav,abnormal,97.66922472816128,97.7%,EXCELLENT,10.8141450881958,161.9998779296875,-0.0719521641731262,63.39991949611168,63.86754862376187,100.0
pump,id_06,00000042.wav,abnormal,86.37014357509973,86.4%,GOOD,18.225048065185547,284.747314453125,-0.0657793655991554,38.31798806720914,36.48996144023345,100.0
pump,id_06,00000043.wav,abnormal,94.42868905391514,94.4%,EXCELLENT,14.117982864379885,209.6112823486328,0.0502587258815765,52.21820077549677,53.248301392794104,83.34846882727692
pump,id_06,00000044.wav,abnormal,9.361848398209158,9.4%,CRITICAL,38.28158950805664,530.9024658203125,0.0422457121312618,0.0,0.0,86.00331026844714
pump,id_06,00000045.wav,abnormal,98.32202220261534,98.3%,EXCELLENT,9.688844680786133,141.6533203125,-0.0878402441740036,67.20845777318814,68.40564465921655,100.0
pump,id_06,00000046.wav,abnormal,91.34094894335612,91.3%,EXCELLENT,16.025442123413086,196.77764892578125,0.1061885878443718,45.76247432933441,56.11071488074075,64.81799827468019
pump,id_06,00000047.wav,abnormal,90.678262174734,90.7%,EXCELLENT,16.364604949951172,246.51141357421875,0.0502912178635597,44.614590085690395,45.01809644249176,83.3377037065667
pump,id_06,00000048.wav,abnormal,52.72761000664848,52.7%,WARNING,26.76501846313477,365.7979736328125,0.0557295717298984,9.414769040959525,18.412423115833086,81.53588885063472
pump,id_06,00000049.wav,abnormal,99.53096431225973,99.5%,EXCELLENT,5.765914440155029,84.01097106933594,-0.0735919997096061,80.48547240978303,81.26219373726423,100.0
pump,id_06,00000050.wav,abnormal,90.78637475503233,90.8%,EXCELLENT,16.310522079467773,254.9425048828125,-0.0706339702010154,44.79763159266393,43.137625909738595,100.0
pump,id_06,00000051.wav,abnormal,99.83762413456328,99.8%,EXCELLENT,2.898238182067871,38.289527893066406,-0.0138110946863889,90.19101834513815,91.45990402896594,100.0
pump,id_06,00000052.wav,abnormal,79.58944153960978,79.6%,GOOD,20.467021942138672,316.0018005371094,-0.0563088245689868,30.730109070313883,29.518961133621957,100.0
pump,id_06,00000053.wav,abnormal,96.395592469206,96.4%,EXCELLENT,12.40160083770752,186.7438201904297,-0.0761753916740417,58.027233282394285,58.34865995533487,100.0
pump,id_06,00000054.wav,abnormal,0.0030373642100141,0.0%,CRITICAL,60.62276077270508,832.0189208984375,0.1146041676402092,0.0,0.0,62.02978017227314
pump,id_06,00000055.wav,abnormal,99.51981659026308,99.5%,EXCELLENT,5.832963466644287,74.97331237792969,-0.1137665957212448,80.2585474196705,83.27795305384844,100.0
pump,id_06,00000056.wav,abnormal,80.2786090806747,80.3%,GOOD,20.263050079345703,313.5105285644531,-0.0627794712781906,31.42044441701637,30.074614412916755,100.0
pump,id_06,00000057.wav,abnormal,99.43697479945472,99.4%,EXCELLENT,6.291835784912109,87.21315002441406,-0.0063298619352281,78.70551075772111,80.54797977074142,100.0
pump,id_06,00000058.wav,abnormal,93.16814836492804,93.2%,EXCELLENT,14.976261138916016,233.04473876953125,-0.0857660919427871,49.31338918969238,48.02170347478331,100.0
pump,id_06,00000059.wav,abnormal,98.84084625894576,98.8%,EXCELLENT,8.484407424926758,125.67190551757812,0.0559241473674774,71.28483183390367,71.9701392772411,81.47142278553324
pump,id_06,00000060.wav,abnormal,70.89237488020798,70.9%,WARNING,22.76500701904297,349.9855041503906,-0.051942653954029,22.952662205536946,21.93923617281476,100.0
pump,id_06,00000061.wav,abnormal,99.00341110753143,99.0%,EXCELLENT,8.009326934814453,112.95773315429688,0.0133457975462079,72.89272446361481,74.80590817149151,95.57832077977538
pump,id_06,00000062.wav,abnormal,80.56546193446675,80.6%,GOOD,20.17688369750977,305.61932373046875,-0.0409858338534832,31.71207140058314,31.834668671029398,100.0
pump,id_06,00000063.wav,abnormal,99.7254450004138,99.7%,EXCELLENT,4.281051158905029,58.53997039794922,-0.1075975373387336,85.51093814820182,86.94324550733073,100.0
pump,id_06,00000064.wav,abnormal,18.841549722667324,18.8%,CRITICAL,34.66987609863281,442.8994445800781,0.1208809241652488,0.0,1.2157117007315588,59.950188915093996
pump,id_06,00000065.wav,abnormal,99.73841913369132,99.7%,EXCELLENT,4.150724411010742,54.63858795166016,-0.1047776713967323,85.95202428361418,87.81340981450282,100.0
pump,id_06,00000066.wav,abnormal,99.13513164539792,99.1%,EXCELLENT,7.571854114532471,113.61848449707033,-0.0961290970444679,74.37333530339917,74.6585341976981,100.0
pump,id_06,00000067.wav,abnormal,96.83001031013238,96.8%,EXCELLENT,11.921615600585938,178.36297607421875,-0.0970480665564537,59.65172584986536,60.21792335473234,100.0
pump,id_06,00000068.wav,abnormal,88.2688009958615,88.3%,GOOD,17.466001510620117,268.6803894042969,-0.0495270900428295,40.8869535080019,40.07352826455177,100.0
pump,id_06,00000069.wav,abnormal,2.1361426281564383e-06,0.0%,CRITICAL,72.82091522216797,923.4395751953124,0.125489056110382,0.0,0.0,58.42344004937047
pump,id_06,00000070.wav,abnormal,99.73109213272336,99.7%,EXCELLENT,4.225023746490479,55.08270263671875,-0.083967737853527,85.70056088657579,87.71435447897771,100.0
pump,id_06,00000071.wav,abnormal,3.019213229881472,3.0%,CRITICAL,42.92384719848633,560.7197875976562,0.1172933503985405,0.0,0.0,61.138810300991196
pump,id_06,00000072.wav,abnormal,31.28120876986371,31.3%,CRITICAL,31.383525848388672,443.051513671875,0.0159266293048858,0.0,1.1817942118087288,94.72324935232935
pump,id_06,00000073.wav,abnormal,0.591672502609943,0.6%,CRITICAL,48.22954940795898,671.7950439453125,0.1191785484552383,0.0,0.0,60.51421360345797
pump,id_06,00000074.wav,abnormal,70.5493760268415,70.5%,WARNING,22.847824096679688,291.2930908203125,0.1035396158695221,22.672370820144927,35.02999153575127,65.69564566110246
pump,id_06,00000075.wav,abnormal,0.0012020245498876,0.0%,CRITICAL,62.39716720581055,825.3541870117188,0.1207279190421104,0.0,0.0,60.000881994411785
pump,id_06,00000076.wav,abnormal,82.81993166929253,82.8%,GOOD,19.470563888549805,279.3580322265625,-0.0016033215215429,34.1025850896998,37.691986901565045,100.0
pump,id_06,00000077.wav,abnormal,0.7438403568274518,0.7%,CRITICAL,47.55121612548828,618.2348022460938,0.1170689538121223,0.0,0.0,61.21315653019326
pump,id_06,00000078.wav,abnormal,98.67244666718736,98.7%,EXCELLENT,8.919002532958984,133.2213897705078,-0.0435135997831821,69.81396050650321,70.28630237457966,100.0
pump,id_06,00000079.wav,abnormal,0.0006261346645374,0.0%,CRITICAL,63.59811401367188,862.876220703125,0.1169048547744751,0.0,0.0,61.267525203351326
pump,id_06,00000080.wav,abnormal,23.746551726238867,23.7%,CRITICAL,33.26460266113281,481.90911865234375,-0.0251626130193471,0.0,0.0,100.0
pump,id_06,00000081.wav,abnormal,0.0002517520090992,0.0%,CRITICAL,65.2173080444336,866.8746948242188,0.1181024834513664,0.0,0.0,60.87073139497679
pump,id_06,00000082.wav,abnormal,86.83411025562052,86.8%,GOOD,18.046703338623047,281.5418701171875,-0.0657723248004913,38.92158930395937,37.20490371727499,100.0
pump,id_06,00000083.wav,abnormal,1.718704272131178e-06,0.0%,CRITICAL,73.1392822265625,949.6430053710938,0.1228140369057655,0.0,0.0,59.309717305548034
pump,id_06,00000084.wav,abnormal,58.833715914159,58.8%,WARNING,25.47950935363769,385.7446594238281,-0.0452274344861507,13.765527839954373,13.963514489039031,100.0
pump,id_06,00000085.wav,abnormal,0.0642264289199966,0.1%,CRITICAL,54.06031799316406,756.18896484375,0.1153218746185302,0.0,0.0,61.791992207839805
pump,id_06,00000086.wav,abnormal,79.50420737855639,79.5%,GOOD,20.49196052551269,319.4903259277344,-0.0630249977111816,30.645705342446526,28.740880460584428,100.0
pump,id_06,00000087.wav,abnormal,5.833155897181673e-10,0.0%,CRITICAL,83.65550994873047,1079.0511474609375,0.123955450952053,0.0,0.0,58.931548316196334
pump,id_06,00000088.wav,abnormal,68.64100800788633,68.6%,WARNING,23.300838470458984,350.463134765625,-0.0538019984960556,21.139160158135304,21.8327054445123,100.0
pump,id_06,00000089.wav,abnormal,1.96690808498621,2.0%,CRITICAL,44.44022750854492,617.2100219726562,0.1143753603100776,0.0,0.0,62.105587752417755
pump,id_06,00000090.wav,abnormal,85.50226851498739,85.5%,GOOD,18.547826766967773,290.2768859863281,-0.0706027671694755,37.22555529755217,35.256645853158695,100.0
pump,id_06,00000091.wav,abnormal,0.0017824309013917,0.0%,CRITICAL,61.6532096862793,805.651611328125,0.1147441565990448,0.0,0.0,61.98339955933479
pump,id_06,00000092.wav,abnormal,2.657628137815079e-05,0.0%,CRITICAL,68.96350860595703,959.6978149414062,0.1134221479296684,0.0,0.0,62.421402476889874
pump,id_06,00000093.wav,abnormal,0.0001409953243123,0.0%,CRITICAL,66.21517181396484,885.5810546875,0.1195003688335418,0.0,0.0,60.40758929161279
pump,id_06,00000094.wav,abnormal,0.0004992174985056,0.0%,CRITICAL,64.00680541992188,808.1328735351562,0.1210452988743782,0.0,0.0,59.89572890750199
pump,id_06,00000095.wav,abnormal,7.97197961858416e-06,0.0%,CRITICAL,70.84590148925781,894.4921875,0.1311765164136886,0.0,0.0,56.53909218991049
pump,id_06,00000096.wav,abnormal,6.754205367037959e-09,0.0%,CRITICAL,80.64234161376953,1055.91259765625,0.1214755773544311,0.0,0.0,59.753170667159104
pump,id_06,00000097.wav,abnormal,3.830629821016216e-07,0.0%,CRITICAL,75.28273010253906,964.2088623046876,0.1249335929751396,0.0,0.0,58.60747399670095
pump,id_06,00000098.wav,abnormal,2.4027383882977153e-13,0.0%,CRITICAL,92.35271453857422,1178.377197265625,0.1239150911569595,0.0,0.0,58.944920171020264
pump,id_06,00000099.wav,abnormal,3.884872457979593e-05,0.0%,CRITICAL,68.35327911376953,914.06689453125,0.1183197572827339,0.0,0.0,60.79874505006708
pump,id_06,00000100.wav,abnormal,11.85672605550721,11.9%,CRITICAL,37.147403717041016,470.2049560546875,0.1099248081445694,0.0,0.0,63.58012788092022
pump,id_06,00000101.wav,abnormal,1.325031342472153e-06,0.0%,CRITICAL,73.5174560546875,987.4607543945312,0.1184460893273353,0.0,0.0,60.75688919435458
