baseline,delta
ocsvm,0.00504303
ocsvm,0.0097113
ocsvm,0.00343693
ocsvm,0.01702362
ocsvm,0.01946748
ocsvm,0.01365118
ocsvm,0.01521869
ocsvm,0.01834068
ocsvm,0.0078714
ocsvm,0.01154092
ocsvm,0.01036986
ocsvm,0.01124244
ocsvm,0.01097665
ocsvm,0.01703216
ocsvm,0.01193164
ocsvm,0.0154896
ocsvm,0.01489743
ocsvm,0.01496055
ocsvm,0.01137017
ocsvm,0.01100342
ocsvm,0.01183359
ocsvm,0.01564541
ocsvm,0.0086695
ocsvm,0.00736053
ocsvm,0.0111382
ocsvm,0.01644101
ocsvm,0.01769542
ocsvm,0.01198687
ocsvm,0.00537391
ocsvm,0.01693381
ocsvm,0.0140336
ocsvm,0.01433436
ocsvm,0.01189697
ocsvm,0.00591106
ocsvm,0.01386758
ocsvm,0.00873841
ocsvm,0.0101
ocsvm,0.00982418
ocsvm,0.01191408
ocsvm,0.0124784
ocsvm,0.01548443
ocsvm,0.01900238
ocsvm,0.01429179
ocsvm,0.01251148
ocsvm,0.00917578
ocsvm,0.01030733
ocsvm,0.01882316
ocsvm,0.02072044
ocsvm,0.01087411
ocsvm,0.01248062
ocsvm,0.00877918
ocsvm,0.007867
ocsvm,0.00966972
ocsvm,0.01218653
ocsvm,0.01501699
ocsvm,0.01024401
ocsvm,0.01300675
ocsvm,0.00680533
ocsvm,0.01892764
ocsvm,0.00776137
ocsvm,0.01817948
ocsvm,0.0100002
ocsvm,0.01413303
ocsvm,0.01109811
ocsvm,0.01657591
ocsvm,0.01793061
ocsvm,0.01489761
ocsvm,0.01481739
ocsvm,0.00777951
ocsvm,0.01523458
ocsvm,0.00891035
ocsvm,0.01566124
ocsvm,0.00830919
ocsvm,0.01686321
ocsvm,0.01389388
ocsvm,0.01956172
ocsvm,0.00893652
ocsvm,0.0106378
ocsvm,0.00899708
ocsvm,0.01405122
ocsvm,0.00884138
ocsvm,0.00891906
ocsvm,0.01379692
ocsvm,0.00795174
ocsvm,0.01348483
ocsvm,0.01601483
ocsvm,0.01255567
ocsvm,0.01374778
ocsvm,0.01107755
ocsvm,0.0164977
ocsvm,0.00747702
ocsvm,0.01520088
ocsvm,0.01036365
ocsvm,0.01057732
ocsvm,0.0098216
ocsvm,0.01252745
ocsvm,0.01047273
ocsvm,0.01313727
ocsvm,0.01201399
ocsvm,0.01397634
ocsvm,0.0183387
ocsvm,0.01336999
ocsvm,0.01049828
ocsvm,0.01427859
ocsvm,0.01219448
ocsvm,0.0164528
ocsvm,0.01189638
ocsvm,0.01350154
ocsvm,0.00793451
ocsvm,0.0196905
ocsvm,0.00616082
ocsvm,0.01798556
ocsvm,0.01015071
ocsvm,0.01152131
ocsvm,0.01740315
ocsvm,0.01184314
ocsvm,0.01239198
ocsvm,0.01351145
ocsvm,0.00488143
ocsvm,0.00550095
ocsvm,0.01498437
ocsvm,0.01302785
ocsvm,0.00838973
ocsvm,0.01738524
ocsvm,0.00900575
ocsvm,0.01753548
ocsvm,0.01423399
ocsvm,0.0139061
ocsvm,0.0103439
ocsvm,0.01066678
ocsvm,0.01438041
ocsvm,0.01943247
ocsvm,0.01083213
ocsvm,0.01753956
ocsvm,0.01422963
ocsvm,0.01330969
ocsvm,0.01133269
ocsvm,0.01177829
ocsvm,0.00594284
ocsvm,0.01092002
ocsvm,0.01416081
ocsvm,0.01367261
ocsvm,0.01182075
ocsvm,0.0149418
ocsvm,0.01200908
ocsvm,0.0110823
ocsvm,0.01665603
ocsvm,0.01224789
ocsvm,0.01396849
ocsvm,0.0143697
ocsvm,0.01479966
ocsvm,0.01464712
ocsvm,0.0138132
ocsvm,0.01328739
ocsvm,0.01369944
ocsvm,0.01164484
ocsvm,0.01335527
ocsvm,0.01586409
ocsvm,0.01011328
ocsvm,0.01394269
ocsvm,0.00686652
ocsvm,0.01845664
ocsvm,0.01437992
ocsvm,0.01382877
ocsvm,0.00788109
ocsvm,0.01260579
ocsvm,0.01766591
ocsvm,0.0071312
ocsvm,0.00652798
ocsvm,0.00841701
ocsvm,0.01576784
ocsvm,0.0106062
ocsvm,0.00895726
ocsvm,0.01164315
ocsvm,0.0112597
ocsvm,0.00611379
ocsvm,0.01573397
ocsvm,0.01482375
ocsvm,0.01255917
ocsvm,0.01440833
ocsvm,0.00909576
ocsvm,0.02045804
ocsvm,0.01144038
ocsvm,0.01404791
ocsvm,0.01349289
ocsvm,0.01122125
ocsvm,0.01132802
ocsvm,0.00373458
ocsvm,0.01415271
ocsvm,0.01095016
ocsvm,0.0104234
ocsvm,0.00455177
ocsvm,0.0086326
ocsvm,0.01324912
ocsvm,0.01303343
ocsvm,0.01200509
ocsvm,0.01895336
ocsvm,0.00846794
ocsvm,0.01159062
ocsvm,0.01270933
ocsvm,0.01175937
ocsvm,0.01676974
ocsvm,0.00787019
ocsvm,0.01293956
ocsvm,0.0177632
ocsvm,0.00655593
ocsvm,0.01381044
ocsvm,0.0121895
ocsvm,0.01143819
ocsvm,0.01632073
ocsvm,0.00787342
ocsvm,0.01224536
ocsvm,0.01533963
ocsvm,0.01154385
ocsvm,0.01087561
ocsvm,0.00998028
ocsvm,0.01715989
ocsvm,0.00559812
ocsvm,0.00659341
ocsvm,0.007988
ocsvm,0.0072078
ocsvm,0.01452025
ocsvm,0.01364813
ocsvm,0.01178879
ocsvm,0.0155549
ocsvm,0.01289914
ocsvm,0.01546656
ocsvm,0.00872409
ocsvm,0.009891
ocsvm,0.01315961
ocsvm,0.01133228
ocsvm,0.01288154
ocsvm,0.01094639
ocsvm,0.01893504
ocsvm,0.00728394
ocsvm,0.01470155
ocsvm,0.00998196
ocsvm,0.00792873
ocsvm,0.00866392
ocsvm,0.00458731
ocsvm,0.01357725
ocsvm,0.01089745
ocsvm,0.00575131
ocsvm,0.01374818
ocsvm,0.00956403
ocsvm,0.01067874
ocsvm,0.01182857
ocsvm,0.01602409
ocsvm,0.01002048
ocsvm,0.01285965
ocsvm,0.01001547
ocsvm,0.00563185
ocsvm,0.01583673
ocsvm,0.0098805
ocsvm,0.00684324
ocsvm,0.01241229
ocsvm,0.00896051
ocsvm,0.01178286
ocsvm,0.01204475
ocsvm,0.00930769
ocsvm,0.01167174
ocsvm,0.01939778
ocsvm,0.00799581
ocsvm,0.01180018
ocsvm,0.00829019
ocsvm,0.01155342
ocsvm,0.01083355
ocsvm,0.00950637
ocsvm,0.01902388
ocsvm,0.0117977
ocsvm,0.01580505
ocsvm,0.01240156
ocsvm,0.01126626
ocsvm,0.0115826
ocsvm,0.0100794
ocsvm,0.01576353
ocsvm,0.0115375
ocsvm,0.00536859
ocsvm,0.01220817
ocsvm,0.01438329
ocsvm,0.01042701
ocsvm,0.02170995
ocsvm,0.01544315
ocsvm,0.00821295
ocsvm,0.01063104
ocsvm,0.01620425
ocsvm,0.01064535
ocsvm,0.00872756
ocsvm,0.01483197
ocsvm,0.01672107
ocsvm,0.01344037
ocsvm,0.01290464
ocsvm,0.01591144
ocsvm,0.00837385
ocsvm,0.01348888
ocsvm,0.01213789
ocsvm,0.01711735
ocsvm,0.01213318
ocsvm,0.01736435
ocsvm,0.01518904
ocsvm,0.00921168
ocsvm,0.01275693
ocsvm,0.00931629
ocsvm,0.01068661
ocsvm,0.01416436
ocsvm,0.01188146
ocsvm,0.01657686
ocsvm,0.01482121
ocsvm,0.00724221
ocsvm,0.00880879
ocsvm,0.01314022
ocsvm,0.01234374
ocsvm,0.01716408
ocsvm,0.01473178
ocsvm,0.01439585
ocsvm,0.00776772
ocsvm,0.01466884
ocsvm,0.00383986
ocsvm,0.01377583
ocsvm,0.01122351
ocsvm,0.01047074
ocsvm,0.01213017
ocsvm,0.01352222
ocsvm,0.01674314
ocsvm,0.01120973
ocsvm,0.01426679
ocsvm,0.01123992
ocsvm,0.01260987
ocsvm,0.010883
ocsvm,0.01196931
ocsvm,0.01086268
ocsvm,0.00431102
ocsvm,0.01117204
ocsvm,0.01535697
ocsvm,0.01262368
ocsvm,0.01080542
ocsvm,0.0084232
ocsvm,0.00588157
ocsvm,0.01408345
ocsvm,0.00493818
ocsvm,0.01575686
ocsvm,0.01217891
ocsvm,0.01771389
ocsvm,0.01081464
ocsvm,0.01054766
ocsvm,0.01304437
ocsvm,0.00825027
ocsvm,0.00739339
ocsvm,0.00986008
ocsvm,0.01504139
ocsvm,0.01026374
ocsvm,0.00493253
ocsvm,0.00603913
ocsvm,0.01552946
ocsvm,0.01573632
ocsvm,0.00596597
ocsvm,0.01770014
ocsvm,0.01071049
ocsvm,0.01450928
ocsvm,0.00922222
ocsvm,0.01020303
ocsvm,0.01097866
ocsvm,0.00461328
ocsvm,0.01344225
ocsvm,0.01753427
ocsvm,0.00869568
ocsvm,0.01835026
ocsvm,0.02035175
ocsvm,0.01139579
ocsvm,0.01428324
ocsvm,0.01618266
ocsvm,0.01970629
ocsvm,0.01046126
ocsvm,0.01473253
ocsvm,0.00883496
ocsvm,0.0107909
ocsvm,0.01004202
ocsvm,0.01474688
ocsvm,0.01615147
ocsvm,0.00809127
ocsvm,0.01511279
ocsvm,0.01370976
ocsvm,0.01487333
ocsvm,0.01517323
ocsvm,0.01172183
ocsvm,0.01904043
ocsvm,0.01151387
ocsvm,0.01149121
ocsvm,0.01726886
ocsvm,0.01637175
ocsvm,0.00982174
ocsvm,0.01035275
ocsvm,0.01090051
ocsvm,0.01302035
ocsvm,0.01183383
ocsvm,0.01011365
ocsvm,0.01078286
ocsvm,0.00998036
ocsvm,0.01199959
ocsvm,0.01145854
ocsvm,0.01147409
ocsvm,0.0097738
ocsvm,0.01364227
ocsvm,0.02083717
ocsvm,0.01380207
ocsvm,0.01132896
ocsvm,0.01268152
ocsvm,0.01682469
ocsvm,0.00739049
ocsvm,0.01091822
ocsvm,0.01026772
ocsvm,0.01158524
ocsvm,0.00959754
ocsvm,0.01723697
ocsvm,0.01214137
ocsvm,0.00965788
ocsvm,0.01011662
ocsvm,0.00505576
ocsvm,0.01514083
ocsvm,0.01457525
ocsvm,0.01563585
ocsvm,0.01728874
ocsvm,0.01249064
ocsvm,0.01059864
ocsvm,0.0186551
ocsvm,0.01541276
ocsvm,0.01186473
ocsvm,0.00647101
ocsvm,0.00714206
ocsvm,0.01085757
ocsvm,0.00820884
ocsvm,0.00996654
ocsvm,0.01640344
ocsvm,0.00549398
ocsvm,0.01472939
ocsvm,0.01433691
ocsvm,0.01162978
ocsvm,0.0122335
ocsvm,0.01495259
ocsvm,0.00898924
ocsvm,0.01005479
ocsvm,0.01659518
ocsvm,0.00984011
ocsvm,0.00729918
ocsvm,0.01366536
ocsvm,0.01292623
ocsvm,0.01425765
ocsvm,0.01855224
ocsvm,0.00639678
ocsvm,0.01195548
ocsvm,0.00957098
ocsvm,0.01097502
ocsvm,0.00331213
ocsvm,0.01298899
ocsvm,0.01311618
ocsvm,0.00736778
ocsvm,0.01218353
ocsvm,0.00789319
ocsvm,0.01565447
ocsvm,0.00702276
ocsvm,0.01128482
ocsvm,0.00433734
ocsvm,0.01584645
ocsvm,0.00508977
ocsvm,0.00801183
ocsvm,0.01347666
ocsvm,0.01337907
ocsvm,0.00861799
ocsvm,0.01018008
ocsvm,0.0122757
ocsvm,0.01407863
ocsvm,0.00462514
ocsvm,0.01873657
ocsvm,0.00803314
ocsvm,0.00617379
ocsvm,0.01234908
ocsvm,0.00826778
ocsvm,0.01548744
ocsvm,0.01523404
ocsvm,0.009505
ocsvm,0.01196596
ocsvm,0.01208995
ocsvm,0.01667745
ocsvm,0.01034969
ocsvm,0.00538228
ocsvm,0.01344323
ocsvm,0.01278314
ocsvm,0.00762321
ocsvm,0.01355927
ocsvm,0.01163248
ocsvm,0.01277238
ocsvm,0.00852058
ocsvm,0.01235636
ocsvm,0.01264131
ocsvm,0.01434883
ocsvm,0.0130501
ocsvm,0.01080275
ocsvm,0.01063263
ocsvm,0.0136875
ocsvm,0.01413497
ocsvm,0.00725078
ocsvm,0.00897362
ocsvm,0.00904991
ocsvm,0.01616102
ocsvm,0.00946956
ocsvm,0.01303584
ocsvm,0.00971471
ocsvm,0.01361889
ocsvm,0.00830432
ocsvm,0.01327164
ocsvm,0.01450433
ocsvm,0.01092877
ocsvm,0.01319135
ocsvm,0.01172069
ocsvm,0.00431298
ocsvm,0.01018509
ocsvm,0.01781364
ocsvm,0.01315475
ocsvm,0.00896344
ocsvm,0.01615144
ocsvm,0.01737508
ocsvm,0.02157317
ocsvm,0.01014228
ocsvm,0.01355591
ocsvm,0.00537591
ocsvm,0.01430939
ocsvm,0.01391478
ocsvm,0.00895904
ocsvm,0.00873308
ocsvm,0.01259044
ocsvm,0.01849136
ocsvm,0.01075133
ocsvm,0.01380027
ocsvm,0.02014981
ocsvm,0.0093347
ocsvm,0.01513109
ocsvm,0.01567664
ocsvm,0.01102375
ocsvm,0.00684469
ocsvm,0.01021404
ocsvm,0.0226834
ocsvm,0.0107047
ocsvm,0.01463447
ocsvm,0.01793391
ocsvm,0.01873852
ocsvm,0.00940629
ocsvm,0.01280843
ocsvm,0.00722001
ocsvm,0.01217408
ocsvm,0.00922431
ocsvm,0.00990391
ocsvm,0.01392716
ocsvm,0.01127114
ocsvm,0.00595754
ocsvm,0.01801079
ocsvm,0.01227298
ocsvm,0.009205
ocsvm,0.02040524
ocsvm,0.01712462
ocsvm,0.01088338
ocsvm,0.0124219
ocsvm,0.00952401
ocsvm,0.01746465
ocsvm,0.01461176
ocsvm,0.00917976
ocsvm,0.0152027
ocsvm,0.01393205
ocsvm,0.01443379
ocsvm,0.01392829
ocsvm,0.01012957
ocsvm,0.01121304
ocsvm,0.0093917
ocsvm,0.00892829
ocsvm,0.00792208
ocsvm,0.01354949
ocsvm,0.01797689
ocsvm,0.01162324
ocsvm,0.01769777
ocsvm,0.01573005
ocsvm,0.00889797
ocsvm,0.01113083
ocsvm,0.01332586
ocsvm,0.0164197
ocsvm,0.01214839
ocsvm,0.01222827
ocsvm,0.01091839
ocsvm,0.01544772
ocsvm,0.01492734
ocsvm,0.01478922
ocsvm,0.00708316
ocsvm,0.01371617
ocsvm,0.0140166
ocsvm,0.01892697
ocsvm,0.01470209
ocsvm,0.0142735
ocsvm,0.01072691
ocsvm,0.0096493
ocsvm,0.0129232
ocsvm,0.0067383
ocsvm,0.00692568
ocsvm,0.01585713
ocsvm,0.0120905
ocsvm,0.01186243
ocsvm,0.01553075
ocsvm,0.01045734
ocsvm,0.01500275
ocsvm,0.01065878
ocsvm,0.01167189
ocsvm,0.00502143
ocsvm,0.02119147
ocsvm,0.00886493
ocsvm,0.00883899
ocsvm,0.00999408
ocsvm,0.01039291
ocsvm,0.01434555
ocsvm,0.01376135
ocsvm,0.01458857
ocsvm,0.00879299
ocsvm,0.01208385
ocsvm,0.01182796
ocsvm,0.00707027
ocsvm,0.01450454
ocsvm,0.01615249
ocsvm,0.01174838
ocsvm,0.00846229
ocsvm,0.00957678
ocsvm,0.0086333
ocsvm,0.00863434
ocsvm,0.01031913
ocsvm,0.00945784
ocsvm,0.01132084
ocsvm,0.00976646
ocsvm,0.01476461
ocsvm,0.00828492
ocsvm,0.00993974
ocsvm,0.01911494
ocsvm,0.01110087
ocsvm,0.013581
ocsvm,0.0088032
ocsvm,0.01369495
ocsvm,0.00667721
ocsvm,0.00971724
ocsvm,0.01460173
ocsvm,0.016094
ocsvm,0.01752968
ocsvm,0.01449065
ocsvm,0.01006992
ocsvm,0.01741352
ocsvm,0.01414842
ocsvm,0.01358798
ocsvm,0.01544295
ocsvm,0.01801892
ocsvm,0.01266367
ocsvm,0.01320923
ocsvm,0.01053879
ocsvm,0.01026353
ocsvm,0.00738377
ocsvm,0.00723994
ocsvm,0.01450568
ocsvm,0.01530639
ocsvm,0.01792902
ocsvm,0.01608981
ocsvm,0.01572143
ocsvm,0.0062478
ocsvm,0.01471139
ocsvm,0.01193091
ocsvm,0.01203054
ocsvm,0.00887747
ocsvm,0.01164875
ocsvm,0.00848013
ocsvm,0.00973204
ocsvm,0.01506947
ocsvm,0.01037009
ocsvm,0.01116643
ocsvm,0.00683307
ocsvm,0.00947247
ocsvm,0.00874821
ocsvm,0.01281667
ocsvm,0.01222093
ocsvm,0.00973109
ocsvm,0.01790426
ocsvm,0.01565392
ocsvm,0.00898239
ocsvm,0.00818606
ocsvm,0.00997909
ocsvm,0.0102622
ocsvm,0.01400735
ocsvm,0.01657696
ocsvm,0.00889633
ocsvm,0.01057166
ocsvm,0.01563089
ocsvm,0.01267095
ocsvm,0.01232549
ocsvm,0.01567213
ocsvm,0.00391085
ocsvm,0.01133101
ocsvm,0.01411751
ocsvm,0.01252159
ocsvm,0.00895558
ocsvm,0.01380136
ocsvm,0.00682986
ocsvm,0.00699904
ocsvm,0.01586009
ocsvm,0.01939057
ocsvm,0.01691999
ocsvm,0.01879671
ocsvm,0.01315203
ocsvm,0.01411781
ocsvm,0.01332498
ocsvm,0.02099398
ocsvm,0.01171389
ocsvm,0.01077141
ocsvm,0.0124133
ocsvm,0.01167982
ocsvm,0.01032502
ocsvm,0.00696998
ocsvm,0.01579976
ocsvm,0.02112696
ocsvm,0.00839763
ocsvm,0.00725715
ocsvm,0.01246617
ocsvm,0.01103678
ocsvm,0.00933297
ocsvm,0.01548109
ocsvm,0.01423484
ocsvm,0.01147571
ocsvm,0.01041155
ocsvm,0.01113387
ocsvm,0.01496796
ocsvm,0.01211644
ocsvm,0.0113331
ocsvm,0.00991883
ocsvm,0.00616508
ocsvm,0.01288908
ocsvm,0.00713167
ocsvm,0.01190771
ocsvm,0.01398701
ocsvm,0.00720072
ocsvm,0.00971328
ocsvm,0.01045742
ocsvm,0.01640782
ocsvm,0.01518023
ocsvm,0.01051787
ocsvm,0.00635095
ocsvm,0.01018877
ocsvm,0.00738782
ocsvm,0.01869689
ocsvm,0.01248651
ocsvm,0.01765336
ocsvm,0.01141338
ocsvm,0.01529577
ocsvm,0.01364764
ocsvm,0.00821426
ocsvm,0.01198888
ocsvm,0.01436011
ocsvm,0.00673302
ocsvm,0.00974661
ocsvm,0.00995983
ocsvm,0.00725285
ocsvm,0.0096001
ocsvm,0.01338137
ocsvm,0.01069188
ocsvm,0.01516074
ocsvm,0.00892661
ocsvm,0.02115222
ocsvm,0.01254832
ocsvm,0.0106799
ocsvm,0.00966812
ocsvm,0.01210163
ocsvm,0.02041871
ocsvm,0.01559078
ocsvm,0.00866076
ocsvm,0.01834215
ocsvm,0.00747321
ocsvm,0.00727917
ocsvm,0.01642456
ocsvm,0.01438578
ocsvm,0.01039854
ocsvm,0.01057028
ocsvm,0.01246777
ocsvm,0.0148094
ocsvm,0.01511505
ocsvm,0.01208534
ocsvm,0.01845507
ocsvm,0.01466102
ocsvm,0.01480629
ocsvm,0.024128
ocsvm,0.0149635
ocsvm,0.01447277
ocsvm,0.01211953
ocsvm,0.0177823
ocsvm,0.01318611
ocsvm,0.00972713
ocsvm,0.01485282
ocsvm,0.01233247
ocsvm,0.01236062
ocsvm,0.01380901
ocsvm,0.01484057
ocsvm,0.00871107
ocsvm,0.01037303
ocsvm,0.01112135
ocsvm,0.01173588
ocsvm,0.01707476
ocsvm,0.01140923
ocsvm,0.008771
ocsvm,0.01410352
ocsvm,0.01558564
ocsvm,0.01043665
ocsvm,0.01020503
ocsvm,0.01341241
ocsvm,0.01753318
ocsvm,0.01034199
ocsvm,0.00944214
ocsvm,0.01300597
ocsvm,0.00873497
ocsvm,0.01427935
ocsvm,0.01124933
ocsvm,0.01366515
ocsvm,0.00644272
ocsvm,0.01186884
ocsvm,0.01526504
ocsvm,0.01342284
ocsvm,0.01313121
ocsvm,0.01160654
ocsvm,0.01587189
ocsvm,0.00918653
ocsvm,0.00764222
ocsvm,0.01464099
ocsvm,0.00171376
ocsvm,0.01380317
ocsvm,0.0107094
ocsvm,0.01008236
ocsvm,0.01182953
ocsvm,0.00362609
ocsvm,0.01298039
ocsvm,0.00899233
ocsvm,0.01262481
ocsvm,0.01407192
ocsvm,0.0142911
ocsvm,0.01007566
ocsvm,0.00778992
ocsvm,0.00467172
ocsvm,0.00809103
ocsvm,0.01370363
ocsvm,0.01277315
ocsvm,0.01461208
ocsvm,0.00615465
ocsvm,0.01449306
ocsvm,0.01531019
ocsvm,0.01235174
ocsvm,0.01371547
ocsvm,0.01038251
ocsvm,0.01272647
ocsvm,0.00848295
ocsvm,0.01265038
ocsvm,0.00919217
ocsvm,0.01410772
ocsvm,0.01000015
ocsvm,0.01039206
ocsvm,0.00857472
ocsvm,0.01146811
ocsvm,0.01463901
ocsvm,0.00779172
ocsvm,0.00954687
ocsvm,0.01363183
ocsvm,0.01058996
ocsvm,0.01476792
ocsvm,0.00942596
ocsvm,0.01408612
ocsvm,0.01727855
ocsvm,0.00963124
ocsvm,0.02319839
ocsvm,0.01686376
ocsvm,0.01151445
ocsvm,0.01357323
ocsvm,0.01110538
ocsvm,0.01290998
ocsvm,0.01461804
ocsvm,0.01533337
ocsvm,0.01373434
ocsvm,0.01345507
ocsvm,0.00666282
ocsvm,0.01257847
ocsvm,0.0138701
ocsvm,0.0067108
ocsvm,0.01187987
ocsvm,0.01396994
ocsvm,0.01678394
ocsvm,0.01502498
ocsvm,0.0140268
ocsvm,0.01551183
ocsvm,0.01074773
ocsvm,0.00814297
ocsvm,0.00761131
ocsvm,0.01823702
ocsvm,0.0119803
ocsvm,0.00854865
ocsvm,0.01359648
ocsvm,0.01086148
ocsvm,0.00978464
ocsvm,0.01595867
ocsvm,0.00946073
ocsvm,0.01011145
ocsvm,0.01209658
ocsvm,0.01141378
ocsvm,0.01212743
ocsvm,0.01288329
ocsvm,0.00979306
ocsvm,0.01447157
ocsvm,0.01154306
ocsvm,0.01078802
ocsvm,0.01780466
ocsvm,0.01807635
ocsvm,0.00937671
ocsvm,0.01183831
ocsvm,0.01754338
ocsvm,0.01680111
ocsvm,0.00769925
ocsvm,0.01196047
ocsvm,0.01350214
ocsvm,0.01858822
ocsvm,0.01432775
ocsvm,0.01722466
ocsvm,0.01280767
ocsvm,0.01426597
ocsvm,0.01133045
ocsvm,0.01069623
ocsvm,0.00941705
ocsvm,0.01836507
ocsvm,0.0168469
ocsvm,0.01202894
ocsvm,0.01614208
ocsvm,0.01033667
ocsvm,0.01459248
ocsvm,0.01693159
ocsvm,0.01285755
ocsvm,0.013236
ocsvm,0.01424965
ocsvm,0.014195
ocsvm,0.01097882
ocsvm,0.01162269
ocsvm,0.01369727
ocsvm,0.01486784
ocsvm,0.01337658
ocsvm,0.01069024
ocsvm,0.01530948
ocsvm,0.01277775
ocsvm,0.0120195
ocsvm,0.01354549
ocsvm,0.0142647
ocsvm,0.00811986
ocsvm,0.02137993
ocsvm,0.00882198
ocsvm,0.01465118
ocsvm,0.00478245
ocsvm,0.01005889
ocsvm,0.00944381
ocsvm,0.01528605
ocsvm,0.01275313
ocsvm,0.00950669
ocsvm,0.01724005
ocsvm,0.00674799
ocsvm,0.01184662
ocsvm,0.0140414
ocsvm,0.0149254
ocsvm,0.01221626
ocsvm,0.01132644
ocsvm,0.0172762
ocsvm,0.01363642
ocsvm,0.01887156
ocsvm,0.01129124
ocsvm,0.01528876
ocsvm,0.01275417
ocsvm,0.00938081
ocsvm,0.0134874
ocsvm,0.01239222
ocsvm,0.01243466
ocsvm,0.00647283
ocsvm,0.00948758
ocsvm,0.00928508
ocsvm,0.00516049
ocsvm,0.00841983
ocsvm,0.01620308
ocsvm,0.0119329
ocsvm,0.01100659
ocsvm,0.01288806
ocsvm,0.01171345
ocsvm,0.0078605
ocsvm,0.00948119
ocsvm,0.00780022
ocsvm,0.01298668
ocsvm,0.00809411
ocsvm,0.00512867
ocsvm,0.01275739
ocsvm,0.01175144
ocsvm,0.00675669
ocsvm,0.01111962
ocsvm,0.01566626
ocsvm,0.01057808
ocsvm,0.01047278
ocsvm,0.01222577
ocsvm,0.00857201
ocsvm,0.01090618
ocsvm,0.0118814
ocsvm,0.01102885
ocsvm,0.01451572
ocsvm,0.01399666
ocsvm,0.00849327
ocsvm,0.01166911
ocsvm,0.01804115
ocsvm,0.01476533
ocsvm,0.01113313
ocsvm,0.0122992
ocsvm,0.00822345
ocsvm,0.01737078
ocsvm,0.01233317
ocsvm,0.01639195
ocsvm,0.01205108
ocsvm,0.01155007
ocsvm,0.0175926
ocsvm,0.01160614
ocsvm,0.0124844
ocsvm,0.00784098
ocsvm,0.01580807
ocsvm,0.01659945
ocsvm,0.00918933
ocsvm,0.00725594
ocsvm,0.01596761
ocsvm,0.01418018
ocsvm,0.007941
ocsvm,0.0157596
ocsvm,0.0062062
ocsvm,0.01167513
ocsvm,0.00969558
ocsvm,0.01166802
ocsvm,0.00822976
ocsvm,0.00759976
ocsvm,0.0151451
ocsvm,0.01469001
ocsvm,0.01037893
ocsvm,0.01264949
ocsvm,0.01275711
ocsvm,0.01430925
ocsvm,0.01592104
ocsvm,0.01895683
ocsvm,0.010719
ocsvm,0.0148725
ocsvm,0.00741337
ocsvm,0.01138349
ocsvm,0.00818654
ocsvm,0.01159342
ocsvm,0.01160686
ocsvm,0.0096369
ocsvm,0.01468489
ocsvm,0.01252573
ocsvm,0.00546927
ocsvm,0.01712897
ocsvm,0.01328058
ocsvm,0.00720557
ocsvm,0.00657636
ocsvm,0.01431777
ocsvm,0.0188419
ocsvm,0.01555455
ocsvm,0.01746551
ocsvm,0.01467406
ocsvm,0.01073731
ocsvm,0.00769422
ocsvm,0.00847361
ocsvm,0.00970533
ocsvm,0.0105061
ocsvm,0.01198204
ocsvm,0.0133205
ocsvm,0.00936912
ocsvm,0.01692936
ocsvm,0.021019
ocsvm,0.01225122
ocsvm,0.01739624
ocsvm,0.00775364
ocsvm,0.01067943
ocsvm,0.01319194
ocsvm,0.01220964
ocsvm,0.01728945
ocsvm,0.01157559
ocsvm,0.01145124
ocsvm,0.0139816
ocsvm,0.01070598
ocsvm,0.01234238
ocsvm,0.01013704
ocsvm,0.01097528
ocsvm,0.00893422
ocsvm,0.01022186
ocsvm,0.00547444
ocsvm,0.01864011
ocsvm,0.00902252
ocsvm,0.01041576
ocsvm,0.00971002
ocsvm,0.00801275
ocsvm,0.00838415
ocsvm,0.01072411
ocsvm,0.01267652
ocsvm,0.01055285
ocsvm,0.019453
ocsvm,0.00709718
ocsvm,0.0156789
ocsvm,0.01057488
ocsvm,0.0151875
ocsvm,0.01136018
ocsvm,0.01437012
ocsvm,0.01176024
ocsvm,0.0091547
ocsvm,0.01230284
ocsvm,0.00918772
ocsvm,0.00802661
ocsvm,0.01330736
ocsvm,0.01382507
ocsvm,0.01539828
ocsvm,0.01590988
ocsvm,0.01209581
ocsvm,0.01250673
ocsvm,0.01003511
ocsvm,0.01315564
ocsvm,0.01501919
ocsvm,0.01344238
ocsvm,0.00809221
ocsvm,0.01442321
ocsvm,0.0147992
ocsvm,0.01051007
ocsvm,0.01461628
ocsvm,0.00703895
ocsvm,0.0083372
ocsvm,0.01723967
ocsvm,0.00648415
ocsvm,0.01226391
ocsvm,0.01297362
ocsvm,0.00462381
ocsvm,0.00981511
ocsvm,0.01515174
ocsvm,0.0107059
ocsvm,0.01563145
ocsvm,0.0170792
ocsvm,0.01274346
ocsvm,0.01081385
ocsvm,0.01834446
ocsvm,0.01540738
ocsvm,0.01488879
ocsvm,0.02117498
ocsvm,0.01501937
ocsvm,0.01632812
ocsvm,0.01098935
ocsvm,0.01666965
ocsvm,0.01661454
ocsvm,0.01093248
ocsvm,0.01033606
ocsvm,0.01226564
ocsvm,0.00725887
ocsvm,0.01166506
ocsvm,0.01396217
ocsvm,0.01121703
ocsvm,0.00805703
ocsvm,0.01016365
ocsvm,0.01694736
ocsvm,0.01049921
ocsvm,0.01222451
ocsvm,0.01805187
ocsvm,0.01024206
ocsvm,0.01601193
ocsvm,0.01680144
ocsvm,0.00751251
ocsvm,0.0202319
ocsvm,0.01436852
ocsvm,0.01271231
ocsvm,0.01214689
ocsvm,0.01135686
ocsvm,0.0159739
ocsvm,0.00773261
ocsvm,0.01671164
ocsvm,0.00905952
ocsvm,0.00733458
ocsvm,0.01038113
ocsvm,0.01662351
ocsvm,0.01515882
ocsvm,0.00898246
ocsvm,0.01670828
ocsvm,0.01153789
ocsvm,0.00857122
ocsvm,0.01411247
ocsvm,0.01631439
ocsvm,0.01990826
ocsvm,0.01321335
ocsvm,0.00655868
ocsvm,0.01190225
ocsvm,0.00746439
ocsvm,0.01255039
ocsvm,0.01826518
ocsvm,0.0083915
ocsvm,0.01467726
ocsvm,0.01532698
ocsvm,0.0047958
ocsvm,0.01871684
ocsvm,0.00569632
ocsvm,0.00430236
ocsvm,0.00963304
ocsvm,0.01144308
ocsvm,0.01055082
ocsvm,0.00811579
ocsvm,0.00936954
ocsvm,0.01148865
ocsvm,0.00652079
ocsvm,0.00880032
ocsvm,0.01539643
ocsvm,0.01044618
ocsvm,0.01916897
ocsvm,0.00976891
ocsvm,0.01375826
ocsvm,0.01076995
ocsvm,0.01058628
ocsvm,0.01945343
ocsvm,0.00986957
ocsvm,0.01660013
ocsvm,0.01842457
ocsvm,0.0150382
ocsvm,0.01235552
ocsvm,0.01930662
ocsvm,0.00897099
ocsvm,0.01733044
ocsvm,0.01474052
ocsvm,0.01118878
ocsvm,0.01759938
ocsvm,0.01140974
ocsvm,0.01210833
ocsvm,0.01166551
ocsvm,0.01901368
ocsvm,0.01857207
ocsvm,0.01248414
ocsvm,0.01287028
ocsvm,0.01681784
ocsvm,0.01551762
ocsvm,0.00835094
ocsvm,0.01288155
ocsvm,0.01112305
ocsvm,0.00797196
ocsvm,0.01591709
ocsvm,0.00814303
ocsvm,0.02106352
ocsvm,0.00754418
ocsvm,0.01454179
ocsvm,0.01289469
ocsvm,0.01494372
ocsvm,0.01515209
ocsvm,0.01722418
ocsvm,0.01337655
ocsvm,0.00859715
ocsvm,0.0103152
ocsvm,0.01469637
ocsvm,0.01403045
ocsvm,0.01109913
ocsvm,0.01301384
ocsvm,0.01506851
ocsvm,0.0083599
ocsvm,0.01197128
ocsvm,0.01491557
ocsvm,0.00952562
ocsvm,0.01084745
ocsvm,0.01773643
ocsvm,0.01357445
ocsvm,0.01346861
ocsvm,0.01143224
ocsvm,0.00234889
ocsvm,0.01570475
ocsvm,0.01754188
ocsvm,0.01076381
ocsvm,0.01267572
ocsvm,0.00929283
ocsvm,0.01524912
ocsvm,0.01504909
ocsvm,0.00979053
ocsvm,0.01298881
ocsvm,0.01858683
ocsvm,0.00358699
ocsvm,0.01772386
ocsvm,0.01286279
ocsvm,0.01401963
ocsvm,0.0104447
ocsvm,0.0137826
ocsvm,0.01066997
ocsvm,0.01696279
ocsvm,0.00966546
ocsvm,0.01248805
ocsvm,0.01562251
ocsvm,0.01464981
ocsvm,0.01054899
ocsvm,0.00395426
ocsvm,0.01469034
ocsvm,0.01061719
ocsvm,0.0186428
ocsvm,0.01578305
ocsvm,0.01323744
ocsvm,0.01197178
ocsvm,0.01010602
ocsvm,0.01812538
ocsvm,0.01214821
ocsvm,0.01566062
ocsvm,0.01682021
ocsvm,0.0177901
ocsvm,0.00972632
ocsvm,0.01674168
ocsvm,0.01500317
ocsvm,0.01164574
ocsvm,0.00801775
ocsvm,0.01326791
ocsvm,0.00964099
ocsvm,0.0134132
ocsvm,0.01633716
ocsvm,0.01065066
ocsvm,0.01161198
ocsvm,0.00804392
ocsvm,0.00943053
ocsvm,0.01524677
ocsvm,0.01137488
ocsvm,0.01253722
ocsvm,0.0082944
ocsvm,0.01580581
ocsvm,0.01315207
ocsvm,0.01363569
ocsvm,0.00996155
ocsvm,0.01192269
ocsvm,0.0208839
ocsvm,0.01738929
ocsvm,0.01667831
ocsvm,0.01582129
ocsvm,0.01909472
ocsvm,0.01284608
ocsvm,0.01203957
ocsvm,0.01354549
ocsvm,0.01110645
ocsvm,0.01108196
ocsvm,0.0112635
ocsvm,0.0142163
ocsvm,0.00831977
ocsvm,0.0130013
ocsvm,0.01014028
ocsvm,0.0108578
ocsvm,0.01263694
ocsvm,0.0108544
ocsvm,0.0158408
ocsvm,0.00691843
ocsvm,0.01065334
ocsvm,0.01518845
ocsvm,0.01135914
ocsvm,0.00690667
ocsvm,0.00775904
ocsvm,0.0151153
ocsvm,0.01976019
ocsvm,0.01222242
ocsvm,0.00998038
ocsvm,0.00764122
ocsvm,0.01449661
ocsvm,0.01371771
ocsvm,0.01095989
ocsvm,0.01679196
ocsvm,0.01270858
ocsvm,0.01023961
ocsvm,0.01366484
ocsvm,0.01654898
ocsvm,0.01418843
ocsvm,0.013121
ocsvm,0.00968988
ocsvm,0.01640318
ocsvm,0.01086142
ocsvm,0.01524498
ocsvm,0.01583594
ocsvm,0.01571381
ocsvm,0.00646722
ocsvm,0.01448764
ocsvm,0.01406021
ocsvm,0.01032116
ocsvm,0.01329499
ocsvm,0.01242024
ocsvm,0.01493928
ocsvm,0.01082495
ocsvm,0.01590155
ocsvm,0.01559592
ocsvm,0.01371394
ocsvm,0.02065059
ocsvm,0.01668242
ocsvm,0.01282478
ocsvm,0.01594924
ocsvm,0.01520309
ocsvm,0.01159094
ocsvm,0.00991894
ocsvm,0.0150492
ocsvm,0.01077134
ocsvm,0.01376003
ocsvm,0.01301291
ocsvm,0.0139123
ocsvm,0.01298933
ocsvm,0.01068607
ocsvm,0.01119059
ocsvm,0.01261333
ocsvm,0.01100839
ocsvm,0.01048635
ocsvm,0.01184675
ocsvm,0.01234229
ocsvm,0.01365091
ocsvm,0.01376877
ocsvm,0.01220352
ocsvm,0.00763625
ocsvm,0.0085295
ocsvm,0.01388758
ocsvm,0.01526352
ocsvm,0.01037977
ocsvm,0.01212301
ocsvm,0.01672654
ocsvm,0.01855133
ocsvm,0.00287417
ocsvm,0.00867124
ocsvm,0.01274655
ocsvm,0.01433499
ocsvm,0.01478912
ocsvm,0.01117303
ocsvm,0.01155935
ocsvm,0.01263926
ocsvm,0.01263717
ocsvm,0.01474401
ocsvm,0.01019942
ocsvm,0.00745119
ocsvm,0.00754822
ocsvm,0.01264112
ocsvm,0.01651802
ocsvm,0.0192364
ocsvm,0.01111589
ocsvm,0.01089075
ocsvm,0.00645805
ocsvm,0.01278266
ocsvm,0.0111697
ocsvm,0.0108559
ocsvm,0.01604389
ocsvm,0.01456012
ocsvm,0.00760825
ocsvm,0.01153657
ocsvm,0.0052066
ocsvm,0.00536607
ocsvm,0.01374899
ocsvm,0.0107604
ocsvm,0.00834979
ocsvm,0.01246496
ocsvm,0.01418261
ocsvm,0.01582053
ocsvm,0.01036083
ocsvm,0.01224233
ocsvm,0.01234657
ocsvm,0.01046107
ocsvm,0.00964877
ocsvm,0.00935304
ocsvm,0.0177288
ocsvm,0.01288082
ocsvm,0.0083837
ocsvm,0.01485105
ocsvm,0.01507828
ocsvm,0.01284281
ocsvm,0.01566326
ocsvm,0.01014216
ocsvm,0.01838347
ocsvm,0.01116316
ocsvm,0.01843598
ocsvm,0.01622475
ocsvm,0.01167785
ocsvm,0.01344632
ocsvm,0.00993141
ocsvm,0.0169007
ocsvm,0.00944036
ocsvm,0.00839211
ocsvm,0.01933745
ocsvm,0.01598194
ocsvm,0.01081785
ocsvm,0.01693892
ocsvm,0.00696732
ocsvm,0.01548654
ocsvm,0.01719392
ocsvm,0.01198636
ocsvm,0.01413829
ocsvm,0.01117598
ocsvm,0.01457337
ocsvm,0.01327651
ocsvm,0.01104094
ocsvm,0.00768118
ocsvm,0.01434281
ocsvm,0.01350749
ocsvm,0.00761703
ocsvm,0.01024956
ocsvm,0.01573739
ocsvm,0.01219683
ocsvm,0.00799445
ocsvm,0.0137668
ocsvm,0.01707273
ocsvm,0.01572411
ocsvm,0.01218433
ocsvm,0.0160683
ocsvm,0.00898698
ocsvm,0.01134185
ocsvm,0.01443243
ocsvm,0.0073054
ocsvm,0.01631758
ocsvm,0.00870537
ocsvm,0.00885765
ocsvm,0.0139977
ocsvm,0.00774177
ocsvm,0.01889299
ocsvm,0.01431846
ocsvm,0.01387319
ocsvm,0.01343624
ocsvm,0.01639876
ocsvm,0.01401417
ocsvm,0.01233296
ocsvm,0.02224988
ocsvm,0.01167061
ocsvm,0.01215486
ocsvm,0.00945323
ocsvm,0.01141388
ocsvm,0.00766506
ocsvm,0.0086247
ocsvm,0.02017621
ocsvm,0.01202452
ocsvm,0.0142991
ocsvm,0.00869814
ocsvm,0.0116854
ocsvm,0.01216846
ocsvm,0.01719318
ocsvm,0.01987596
ocsvm,0.01460757
ocsvm,0.01547837
ocsvm,0.0183693
ocsvm,0.00483757
ocsvm,0.00699842
ocsvm,0.00886486
ocsvm,0.00837854
ocsvm,0.01646149
ocsvm,0.01248266
ocsvm,0.01399612
ocsvm,0.00745731
ocsvm,0.01606051
ocsvm,0.0088383
ocsvm,0.01737857
ocsvm,0.01712537
ocsvm,0.0171924
ocsvm,0.00988244
ocsvm,0.01681001
ocsvm,0.01903911
ocsvm,0.01243719
ocsvm,0.00798591
ocsvm,0.01822849
ocsvm,0.01662918
ocsvm,0.0128627
ocsvm,0.01731278
ocsvm,0.01345073
ocsvm,0.00267741
ocsvm,0.01256691
ocsvm,0.01737566
ocsvm,0.00543715
ocsvm,0.01087676
ocsvm,0.01162561
ocsvm,0.00606384
ocsvm,0.01939557
ocsvm,0.00168682
ocsvm,0.01635313
ocsvm,0.01207259
ocsvm,0.01202499
ocsvm,0.01553682
ocsvm,0.01530952
ocsvm,0.00388662
ocsvm,0.01640501
ocsvm,0.00949429
ocsvm,0.0171229
ocsvm,0.01221219
ocsvm,0.0139007
ocsvm,0.013284
ocsvm,0.01322828
ocsvm,0.01538226
ocsvm,0.01259811
ocsvm,0.01855996
ocsvm,0.01616818
ocsvm,0.01201638
ocsvm,0.00870779
ocsvm,0.00448523
ocsvm,0.01589089
ocsvm,0.01329317
ocsvm,0.01127359
ocsvm,0.01837338
ocsvm,0.0083156
ocsvm,0.01295783
ocsvm,0.01407387
ocsvm,0.01468724
ocsvm,0.0123377
ocsvm,0.01304519
ocsvm,0.01226396
ocsvm,0.01014018
ocsvm,0.01744717
ocsvm,0.01158837
ocsvm,0.01158856
ocsvm,0.00976409
ocsvm,0.01411136
ocsvm,0.01214731
ocsvm,0.01304729
ocsvm,0.01179408
ocsvm,0.01360521
ocsvm,0.00997115
ocsvm,0.01326245
ocsvm,0.01040256
ocsvm,0.01401506
ocsvm,0.01344743
ocsvm,0.00609081
ocsvm,0.01062242
ocsvm,0.01089249
ocsvm,0.01517751
ocsvm,0.01537556
ocsvm,0.00566615
ocsvm,0.01199834
ocsvm,0.01512697
ocsvm,0.01256934
ocsvm,0.01550186
ocsvm,0.00694047
ocsvm,0.0155561
ocsvm,0.01226615
ocsvm,0.01098231
ocsvm,0.01434955
ocsvm,0.01803118
ocsvm,0.01282501
ocsvm,0.01116024
ocsvm,0.01168029
ocsvm,0.00904884
ocsvm,0.00809044
ocsvm,0.01480385
ocsvm,0.01053661
ocsvm,0.01428131
ocsvm,0.01383077
ocsvm,0.01293756
ocsvm,0.01775761
ocsvm,0.01712157
ocsvm,0.00851504
ocsvm,0.01151029
ocsvm,0.02274516
ocsvm,0.01245403
ocsvm,0.01303998
ocsvm,0.01250622
ocsvm,0.0100578
ocsvm,0.01733942
ocsvm,0.00644984
ocsvm,0.01282573
ocsvm,0.01535062
ocsvm,0.01952104
ocsvm,0.01857688
ocsvm,0.0137578
ocsvm,0.01429749
ocsvm,0.0116057
ocsvm,0.01621361
ocsvm,0.01393684
ocsvm,0.02106594
ocsvm,0.01116139
ocsvm,0.00895565
ocsvm,0.01259931
ocsvm,0.00574291
ocsvm,0.01561441
ocsvm,0.01669294
ocsvm,0.01454419
ocsvm,0.01717161
ocsvm,0.00723891
ocsvm,0.01331012
ocsvm,0.01319208
ocsvm,0.01915516
ocsvm,0.01480612
ocsvm,0.01639952
ocsvm,0.0179393
ocsvm,0.00359657
ocsvm,0.01663653
ocsvm,0.01122679
ocsvm,0.01235461
ocsvm,0.01545585
ocsvm,0.00811805
ocsvm,0.01587281
ocsvm,0.01047623
ocsvm,0.01163885
ocsvm,0.01272665
ocsvm,0.00763312
ocsvm,0.00669602
ocsvm,0.01040456
ocsvm,0.00911936
ocsvm,0.00792316
ocsvm,0.01214646
ocsvm,0.01742084
ocsvm,0.01524505
ocsvm,0.01422577
ocsvm,0.01624155
ocsvm,0.01407691
ocsvm,0.00686046
ocsvm,0.01506535
ocsvm,0.00738078
ocsvm,0.0119705
ocsvm,0.00501212
ocsvm,0.00861886
ocsvm,0.0073487
ocsvm,0.0124787
ocsvm,0.00875177
ocsvm,0.0171389
ocsvm,0.01189113
ocsvm,0.02077561
ocsvm,0.01142013
ocsvm,0.0127788
ocsvm,0.01812755
ocsvm,0.01384891
ocsvm,0.01641922
ocsvm,0.012281
ocsvm,0.01378259
ocsvm,0.01845571
ocsvm,0.01275781
ocsvm,0.01179926
ocsvm,0.01280798
ocsvm,0.01455039
ocsvm,0.01054323
ocsvm,0.00971223
ocsvm,0.01157542
ocsvm,0.01293608
ocsvm,0.01463304
ocsvm,0.01691573
ocsvm,0.00536771
ocsvm,0.01443924
ocsvm,0.01554552
ocsvm,0.01008072
ocsvm,0.02017161
ocsvm,0.01115648
ocsvm,0.01161679
ocsvm,0.0109057
ocsvm,0.00119292
ocsvm,0.01339938
ocsvm,0.01649013
ocsvm,0.01031208
ocsvm,0.0115151
ocsvm,0.01474484
ocsvm,0.01247485
ocsvm,0.01450793
ocsvm,0.01064583
ocsvm,0.00582746
ocsvm,0.01043573
ocsvm,0.01237965
ocsvm,0.01755368
ocsvm,0.0077098
ocsvm,0.01032494
ocsvm,0.01101189
ocsvm,0.01449081
ocsvm,0.00453965
ocsvm,0.01141112
ocsvm,0.01418281
ocsvm,0.00669768
ocsvm,0.01322444
ocsvm,0.01422411
ocsvm,0.00941426
ocsvm,0.01472733
ocsvm,0.01499175
ocsvm,0.0091021
ocsvm,0.00932408
ocsvm,0.01318382
ocsvm,0.01196974
ocsvm,0.00696929
ocsvm,0.00988446
ocsvm,0.01317279
ocsvm,0.01063419
ocsvm,0.01741339
ocsvm,0.00494159
ocsvm,0.01694066
ocsvm,0.01358271
ocsvm,0.01563439
ocsvm,0.00910839
ocsvm,0.01229968
ocsvm,0.01530149
ocsvm,0.00715859
ocsvm,0.00764742
ocsvm,0.00921721
ocsvm,0.01043518
ocsvm,0.00233757
ocsvm,0.01540679
ocsvm,0.01244456
ocsvm,0.01053546
ocsvm,0.00739775
ocsvm,0.01745368
ocsvm,0.01253928
ocsvm,0.01888868
ocsvm,0.00895522
ocsvm,0.0118796
ocsvm,0.01074522
ocsvm,0.01327705
ocsvm,0.01292623
ocsvm,0.0130675
ocsvm,0.01148487
ocsvm,0.00987869
ocsvm,0.01287745
ocsvm,0.00550065
ocsvm,0.02442198
ocsvm,0.01386701
ocsvm,0.01690081
ocsvm,0.01601914
ocsvm,0.01085099
ocsvm,0.0113936
ocsvm,0.01497994
ocsvm,0.00973302
ocsvm,0.0154606
ocsvm,0.01640673
ocsvm,0.02217056
ocsvm,0.00959536
ocsvm,0.01948892
ocsvm,0.01043877
ocsvm,0.010127
ocsvm,0.00364676
ocsvm,0.0086759
ocsvm,0.00559586
ocsvm,0.01164459
ocsvm,0.0129579
ocsvm,0.00103984
ocsvm,0.01054788
ocsvm,0.01270338
ocsvm,0.00918378
ocsvm,0.00733208
ocsvm,0.0141893
ocsvm,0.01828328
ocsvm,0.00747129
ocsvm,0.01402073
ocsvm,0.01555757
ocsvm,0.01565213
ocsvm,0.00706683
ocsvm,0.01122623
ocsvm,0.01449799
ocsvm,0.01403443
ocsvm,0.0136675
ocsvm,0.00462041
ocsvm,0.01135015
ocsvm,0.01228067
ocsvm,0.01636945
ocsvm,0.01557331
ocsvm,0.0070743
ocsvm,0.01819378
ocsvm,0.00919106
ocsvm,0.01152401
ocsvm,0.00814992
ocsvm,0.01152387
ocsvm,0.00713019
ocsvm,0.01635452
ocsvm,0.01325861
ocsvm,0.01687806
ocsvm,0.01255186
ocsvm,0.02008327
ocsvm,0.01202535
ocsvm,0.00753734
ocsvm,0.00661152
ocsvm,0.01061369
ocsvm,0.01199069
ocsvm,0.00924809
ocsvm,0.01572959
ocsvm,0.01531773
ocsvm,0.01370947
ocsvm,0.01500439
ocsvm,0.01361363
ocsvm,0.01273745
ocsvm,0.01395244
ocsvm,0.01709309
ocsvm,0.00829964
ocsvm,0.0130312
ocsvm,0.01275098
ocsvm,0.0126254
ocsvm,0.01573448
ocsvm,0.00725483
ocsvm,0.01367735
ocsvm,0.01054709
ocsvm,0.01378063
ocsvm,0.01026538
ocsvm,0.00696759
ocsvm,0.01271901
ocsvm,0.00519293
ocsvm,0.01099665
ocsvm,0.00729406
ocsvm,0.01843206
ocsvm,0.01567614
ocsvm,0.01041359
ocsvm,0.01418656
ocsvm,0.01355131
ocsvm,0.00853958
ocsvm,0.01166713
ocsvm,0.01236728
ocsvm,0.01814054
ocsvm,0.01896278
ocsvm,0.01825938
ocsvm,0.01261042
ocsvm,0.01178552
ocsvm,0.0132744
ocsvm,0.01795138
ocsvm,0.01000462
ocsvm,0.01635355
ocsvm,0.01418778
ocsvm,0.01749495
ocsvm,0.01214243
ocsvm,0.00998223
ocsvm,0.00910715
ocsvm,0.01306894
ocsvm,0.01579632
ocsvm,0.00773625
ocsvm,0.01289874
ocsvm,0.01381234
ocsvm,0.01995843
ocsvm,0.0171909
ocsvm,0.01307227
ocsvm,0.00847266
ocsvm,0.01642608
ocsvm,0.00932906
ocsvm,0.01366727
ocsvm,0.01282884
ocsvm,0.00705847
ocsvm,0.01288193
ocsvm,0.01448444
ocsvm,0.01073293
ocsvm,0.01052698
ocsvm,0.01285391
ocsvm,0.01167776
ocsvm,0.0141235
ocsvm,0.00643121
ocsvm,0.01071234
ocsvm,0.01122193
ocsvm,0.01097419
ocsvm,0.01114108
ocsvm,0.00431979
ocsvm,0.01271041
ocsvm,0.01123057
ocsvm,0.01209764
ocsvm,0.01080367
ocsvm,0.01250197
ocsvm,0.01387035
ocsvm,0.01019004
ocsvm,0.01209895
ocsvm,0.01162773
ocsvm,0.01410852
ocsvm,0.01506287
ocsvm,0.0104038
ocsvm,0.01302206
ocsvm,0.01190038
ocsvm,0.01030997
ocsvm,0.00820844
ocsvm,0.00768896
ocsvm,0.00680152
ocsvm,0.00342522
ocsvm,0.00989061
ocsvm,0.01999531
ocsvm,0.01077994
ocsvm,0.01120007
ocsvm,0.00574974
ocsvm,0.01484107
ocsvm,0.01147428
ocsvm,0.01424471
ocsvm,0.00571544
ocsvm,0.01566053
ocsvm,0.01480815
ocsvm,0.02005151
ocsvm,0.01354408
ocsvm,0.00909757
ocsvm,0.01314958
ocsvm,0.01073546
ocsvm,0.01856452
ocsvm,0.0138284
ocsvm,0.01341068
ocsvm,0.01441754
ocsvm,0.01205172
ocsvm,0.00972393
ocsvm,0.01317798
ocsvm,0.01845582
ocsvm,0.00640656
ocsvm,0.01671941
ocsvm,0.00115386
ocsvm,0.02025484
ocsvm,0.0081872
ocsvm,0.01215593
ocsvm,0.01559646
ocsvm,0.00825318
ocsvm,0.0098265
ocsvm,0.01159831
ocsvm,0.01431319
ocsvm,0.01333429
ocsvm,0.00847274
ocsvm,0.01766511
ocsvm,0.01150814
ocsvm,0.0172249
ocsvm,0.01774849
ocsvm,0.01506255
ocsvm,0.01405232
ocsvm,0.01859239
ocsvm,0.02150886
ocsvm,0.0165447
ocsvm,0.01195429
ocsvm,0.01188734
ocsvm,0.01188519
ocsvm,0.01506867
ocsvm,0.01807834
ocsvm,0.00868046
ocsvm,0.01451129
ocsvm,0.01229299
ocsvm,0.01739975
iforest,0.0010848
iforest,0.001125
iforest,0.00160307
iforest,0.00315066
iforest,0.00035146
iforest,0.00279906
iforest,0.0017255
iforest,0.00055659
iforest,0.0010671
iforest,0.00534943
iforest,0.0031612
iforest,0.00232853
iforest,0.00266414
iforest,0.00154518
iforest,0.00148348
iforest,0.00539473
iforest,0.00288614
iforest,0.00123666
iforest,0.00250104
iforest,0.00267237
iforest,0.00469248
iforest,0.00218179
iforest,0.00368208
iforest,0.00205534
iforest,0.00481363
iforest,0.00172764
iforest,0.00266394
iforest,0.00317017
iforest,0.00231947
iforest,0.00252488
iforest,0.00245482
iforest,0.00241944
iforest,0.00438774
iforest,0.00254343
iforest,0.00309506
iforest,0.00104385
iforest,0.00122308
iforest,0.00114733
iforest,0.00286923
iforest,0.00512424
iforest,0.00192077
iforest,0.00450303
iforest,0.00566457
iforest,-0.00043911
iforest,0.0014181
iforest,0.0025735
iforest,0.00397684
iforest,0.00328426
iforest,0.00179167
iforest,0.00179545
iforest,-3.924e-05
iforest,0.00245805
iforest,0.00239875
iforest,0.00469183
iforest,0.00181129
iforest,0.00327215
iforest,0.00380238
iforest,0.00236125
iforest,0.00477797
iforest,0.00339121
iforest,0.00471454
iforest,0.00292871
iforest,0.00104675
iforest,0.004068
iforest,0.00153287
iforest,-0.00096063
iforest,0.00369686
iforest,0.00141588
iforest,0.00429613
iforest,0.00124986
iforest,0.00200695
iforest,0.00260393
iforest,0.00182362
iforest,0.00188008
iforest,0.00292169
iforest,0.00297071
iforest,0.00292272
iforest,0.00356866
iforest,0.00269235
iforest,0.00160332
iforest,0.00132603
iforest,0.00189402
iforest,0.00312017
iforest,0.00266735
iforest,0.00152296
iforest,0.00386461
iforest,0.00300056
iforest,0.00161302
iforest,0.00293928
iforest,0.00489686
iforest,0.00228172
iforest,0.00111497
iforest,0.00085732
iforest,0.00203685
iforest,0.00404333
iforest,0.00348939
iforest,0.0020416
iforest,0.00265706
iforest,0.00189731
iforest,0.00320979
iforest,0.00215913
iforest,0.00257974
iforest,0.00167313
iforest,0.00234129
iforest,0.00309281
iforest,0.00074439
iforest,0.00340485
iforest,0.00131437
iforest,0.00421868
iforest,0.00286055
iforest,0.00357384
iforest,0.00099315
iforest,0.00234748
iforest,0.00205656
iforest,0.00103182
iforest,0.00265158
iforest,0.00366751
iforest,0.00272604
iforest,0.00192164
iforest,0.00417714
iforest,0.00240713
iforest,0.00311158
iforest,0.00249925
iforest,0.00254412
iforest,0.00348084
iforest,0.00316592
iforest,0.00090422
iforest,0.00355223
iforest,0.00192979
iforest,0.00477986
iforest,0.00518735
iforest,0.00373051
iforest,0.00173816
iforest,0.00098601
iforest,-0.00038759
iforest,0.00425804
iforest,0.00274696
iforest,0.00080289
iforest,0.00263607
iforest,0.00598154
iforest,0.0030615
iforest,0.00180822
iforest,0.00233673
iforest,0.00253532
iforest,0.00041722
iforest,0.0027461
iforest,0.00166379
iforest,0.0012917
iforest,0.00193501
iforest,0.00390854
iforest,0.00354333
iforest,0.00067728
iforest,0.00377354
iforest,0.00172003
iforest,0.00375614
iforest,0.00190351
iforest,0.0037249
iforest,0.00051319
iforest,0.00218983
iforest,0.00390529
iforest,0.00223064
iforest,0.00186869
iforest,0.00292925
iforest,0.00274581
iforest,0.00152275
iforest,0.00385288
iforest,0.00301454
iforest,0.00227153
iforest,0.00279016
iforest,0.00339121
iforest,0.0028133
iforest,0.00322246
iforest,0.00266088
iforest,0.00217444
iforest,0.00501192
iforest,0.00572916
iforest,0.00195499
iforest,0.00359599
iforest,0.00137053
iforest,0.0051006
iforest,0.00360686
iforest,0.00142406
iforest,0.00287179
iforest,0.00327155
iforest,0.00105297
iforest,0.00024384
iforest,0.00202586
iforest,0.00347371
iforest,0.00148601
iforest,0.00494826
iforest,0.00395823
iforest,0.00142666
iforest,0.00386579
iforest,0.00351733
iforest,0.00351969
iforest,0.00115548
iforest,0.00533033
iforest,0.00123413
iforest,0.00101894
iforest,0.00383363
iforest,0.00140126
iforest,0.00354086
iforest,0.00203659
iforest,0.00287388
iforest,0.00205922
iforest,0.00252054
iforest,0.0032209
iforest,0.00488128
iforest,0.00122915
iforest,0.00332297
iforest,0.00248168
iforest,0.00316783
iforest,0.00539746
iforest,0.00187833
iforest,0.00231893
iforest,0.00340306
iforest,0.001699
iforest,0.00281297
iforest,0.0028093
iforest,0.00236109
iforest,0.00302248
iforest,0.0032459
iforest,0.00067562
iforest,0.00088806
iforest,0.00396111
iforest,0.00406859
iforest,-0.00051183
iforest,0.00318647
iforest,0.00319125
iforest,0.00299615
iforest,0.00242131
iforest,0.00294508
iforest,0.00331653
iforest,0.00375505
iforest,0.00347485
iforest,0.0044176
iforest,0.00411256
iforest,0.00320342
iforest,0.00218317
iforest,0.00161128
iforest,0.0026859
iforest,0.00364628
iforest,0.00395213
iforest,0.00110969
iforest,0.00331953
iforest,0.00338984
iforest,0.00436838
iforest,0.00235557
iforest,0.00215795
iforest,0.00089664
iforest,0.00278426
iforest,0.00153207
iforest,0.00146794
iforest,0.00422918
iforest,0.0021492
iforest,0.00462567
iforest,0.00139219
iforest,0.00350031
iforest,0.00149347
iforest,0.00437765
iforest,0.00244702
iforest,0.00335671
iforest,-0.00040354
iforest,0.00139351
iforest,0.00153727
iforest,0.0023081
iforest,0.00201682
iforest,0.00165073
iforest,0.00264655
iforest,0.00124292
iforest,0.00318589
iforest,0.00225657
iforest,0.00306476
iforest,0.00481203
iforest,0.00438669
iforest,0.00333319
iforest,0.00428766
iforest,0.003391
iforest,0.00221725
iforest,0.00382002
iforest,0.00339452
iforest,0.0013853
iforest,0.00113471
iforest,0.0041007
iforest,0.00523731
iforest,0.00406503
iforest,0.00465785
iforest,0.00137875
iforest,0.00637974
iforest,0.00029847
iforest,0.00305131
iforest,0.00230131
iforest,0.00227652
iforest,0.00204846
iforest,0.00316438
iforest,0.00102817
iforest,0.00350313
iforest,0.00374017
iforest,0.00209199
iforest,0.00177082
iforest,0.00418543
iforest,0.00222657
iforest,0.00108545
iforest,0.00356248
iforest,0.00422232
iforest,0.00249204
iforest,0.00065676
iforest,0.00192508
iforest,0.00374545
iforest,0.00402219
iforest,0.00359849
iforest,0.00209465
iforest,0.00246687
iforest,0.00290137
iforest,0.0041536
iforest,0.00313249
iforest,0.0033381
iforest,0.00062811
iforest,0.00415235
iforest,0.0047505
iforest,0.00236955
iforest,0.00311238
iforest,0.00150429
iforest,0.00210307
iforest,0.00241152
iforest,0.00240025
iforest,0.00165413
iforest,0.00451699
iforest,0.00298728
iforest,0.00276501
iforest,0.00412757
iforest,0.0040948
iforest,-0.00063939
iforest,0.00507063
iforest,0.00338372
iforest,0.00096322
iforest,0.00176303
iforest,0.00296584
iforest,0.00277415
iforest,0.002667
iforest,0.00315227
iforest,0.00102845
iforest,0.0028782
iforest,0.00374232
iforest,0.00340249
iforest,0.00156328
iforest,0.00428492
iforest,0.00547659
iforest,0.00243884
iforest,0.00097479
iforest,-0.00021806
iforest,0.00099279
iforest,0.00324217
iforest,0.00310227
iforest,0.0021782
iforest,0.00325501
iforest,0.00245768
iforest,0.00253049
iforest,0.00098959
iforest,0.00158912
iforest,0.00408641
iforest,0.00510598
iforest,0.00268419
iforest,0.0033442
iforest,0.00315128
iforest,0.00142628
iforest,0.0021557
iforest,0.00399494
iforest,0.00192032
iforest,0.00238258
iforest,0.00188896
iforest,0.00226817
iforest,0.00075987
iforest,0.00407603
iforest,0.00206781
iforest,0.00345107
iforest,0.00316262
iforest,0.00166332
iforest,0.00087396
iforest,0.00047608
iforest,0.00418364
iforest,0.00225924
iforest,0.00254485
iforest,0.0011978
iforest,0.00420569
iforest,0.00323304
iforest,0.00222222
iforest,0.00217264
iforest,0.00306016
iforest,0.00392824
iforest,0.00301855
iforest,0.00315495
iforest,0.00220061
iforest,0.00296906
iforest,0.00288896
iforest,0.00133504
iforest,0.00114273
iforest,0.00235305
iforest,0.00517562
iforest,8.184e-05
iforest,0.00099091
iforest,0.00341199
iforest,0.00394113
iforest,0.00089059
iforest,0.00421517
iforest,-0.00019356
iforest,0.0029735
iforest,0.00490916
iforest,0.00211829
iforest,0.00318553
iforest,0.00263915
iforest,0.00172521
iforest,0.00135781
iforest,0.00120028
iforest,0.00392332
iforest,0.00311239
iforest,0.00241073
iforest,0.00099401
iforest,0.0051844
iforest,0.00246223
iforest,0.00381399
iforest,0.00360118
iforest,0.00349092
iforest,8.461e-05
iforest,0.0015917
iforest,0.00191816
iforest,-0.00027455
iforest,0.00154237
iforest,0.00142689
iforest,0.00182869
iforest,0.00130986
iforest,0.00275549
iforest,0.00407205
iforest,0.00166931
iforest,0.00416661
iforest,0.00323688
iforest,0.00354496
iforest,0.00083044
iforest,0.00372586
iforest,0.00121866
iforest,0.00253543
iforest,0.00229303
iforest,0.00144512
iforest,0.00411138
iforest,0.00145745
iforest,0.00120718
iforest,0.00119589
iforest,0.00202713
iforest,0.00118818
iforest,0.0029586
iforest,0.00191346
iforest,0.00351324
iforest,0.00269479
iforest,0.00376441
iforest,0.00319861
iforest,0.0045989
iforest,0.0031216
iforest,0.00287895
iforest,0.00171497
iforest,0.00316487
iforest,0.00013101
iforest,0.00280273
iforest,0.00435082
iforest,0.00169783
iforest,0.00325846
iforest,0.00514241
iforest,0.00117405
iforest,0.00178437
iforest,0.00057662
iforest,0.00306804
iforest,0.00268341
iforest,0.00315313
iforest,0.00255872
iforest,0.00385503
iforest,0.00152297
iforest,0.00404585
iforest,0.00317893
iforest,0.00200099
iforest,0.00394833
iforest,0.00171054
iforest,0.00186794
iforest,0.00213916
iforest,0.00289784
iforest,0.00219571
iforest,0.00269761
iforest,0.00456342
iforest,0.00332609
iforest,0.00138774
iforest,0.00259613
iforest,0.00120015
iforest,0.00253855
iforest,0.00373865
iforest,0.00156344
iforest,0.0049088
iforest,0.0021761
iforest,0.00344814
iforest,0.0024329
iforest,0.0011941
iforest,0.00244205
iforest,0.0028749
iforest,0.00246181
iforest,0.00207299
iforest,0.00038264
iforest,0.0046566
iforest,0.0030829
iforest,0.00360793
iforest,0.00193562
iforest,0.00349332
iforest,0.00174892
iforest,0.00326009
iforest,0.00373402
iforest,0.00190378
iforest,0.00327137
iforest,0.00235021
iforest,0.00229938
iforest,0.00279627
iforest,0.00297814
iforest,0.0012295
iforest,2.998e-05
iforest,0.00107804
iforest,0.00325119
iforest,0.00539206
iforest,0.00225129
iforest,0.00236399
iforest,0.00161803
iforest,0.00574092
iforest,0.00515428
iforest,0.00189686
iforest,0.00209197
iforest,-4.47e-05
iforest,0.00221071
iforest,0.00218118
iforest,0.00572405
iforest,0.00483064
iforest,0.00241231
iforest,0.00311268
iforest,0.00246618
iforest,0.00276965
iforest,0.00423423
iforest,0.00453184
iforest,0.00304962
iforest,0.00034776
iforest,0.00225537
iforest,0.00247912
iforest,0.00315025
iforest,0.00321893
iforest,0.00240771
iforest,0.00447895
iforest,0.00034092
iforest,0.00267454
iforest,0.00179875
iforest,0.00289127
iforest,0.00238654
iforest,0.00040271
iforest,0.0025809
iforest,0.00250403
iforest,0.0034267
iforest,0.00135333
iforest,0.00153284
iforest,0.00227016
iforest,0.0039276
iforest,0.00165715
iforest,0.00085595
iforest,0.00120569
iforest,0.00127714
iforest,-0.0005551
iforest,0.00227118
iforest,-0.00018065
iforest,0.00203214
iforest,0.00330731
iforest,0.00275451
iforest,0.00420825
iforest,0.00348187
iforest,0.0026088
iforest,0.0014765
iforest,0.00241276
iforest,0.00448529
iforest,0.00487764
iforest,0.00146682
iforest,0.00234242
iforest,0.0033073
iforest,0.00234487
iforest,0.00576248
iforest,0.00230878
iforest,0.00418034
iforest,0.00286359
iforest,0.00218561
iforest,0.00179558
iforest,0.00234036
iforest,0.00228665
iforest,0.00272212
iforest,0.0047818
iforest,0.00256798
iforest,-0.00062154
iforest,0.00109589
iforest,0.00026953
iforest,0.00480455
iforest,0.00027212
iforest,0.00297473
iforest,0.002424
iforest,0.00021657
iforest,0.00141251
iforest,0.00114116
iforest,0.00291521
iforest,0.00320072
iforest,0.00481155
iforest,0.00173836
iforest,0.00031583
iforest,0.00243019
iforest,0.00129693
iforest,0.00401165
iforest,0.00322723
iforest,0.00164752
iforest,0.00175658
iforest,0.00270945
iforest,0.00083809
iforest,0.00179536
iforest,0.00337487
iforest,0.0023023
iforest,0.00375006
iforest,0.0033612
iforest,0.0022669
iforest,0.0031459
iforest,0.00338547
iforest,0.00166698
iforest,0.0025686
iforest,0.00524109
iforest,0.00372742
iforest,0.00225911
iforest,0.00056803
iforest,0.00197121
iforest,0.00242375
iforest,0.00161273
iforest,0.0015448
iforest,0.00472072
iforest,0.00222007
iforest,0.00118001
iforest,0.00305453
iforest,8.096e-05
iforest,0.00371765
iforest,0.00218953
iforest,0.00307583
iforest,0.00347362
iforest,0.00396198
iforest,0.00551239
iforest,0.00228823
iforest,0.00137027
iforest,0.00314014
iforest,0.00135824
iforest,0.00190343
iforest,0.00231928
iforest,0.00247684
iforest,0.00280887
iforest,0.00247899
iforest,0.0027355
iforest,0.00419108
iforest,0.00230646
iforest,0.00242266
iforest,0.0024652
iforest,0.00448976
iforest,0.00396892
iforest,0.00407223
iforest,0.00272422
iforest,0.00358151
iforest,0.00204215
iforest,0.00061151
iforest,0.00289461
iforest,0.00223672
iforest,0.00206016
iforest,0.001738
iforest,0.001735
iforest,0.00415591
iforest,0.00226801
iforest,0.00494817
iforest,0.00017434
iforest,0.00478536
iforest,0.0009388
iforest,0.00297194
iforest,0.00062234
iforest,0.00446945
iforest,0.00145246
iforest,0.00259998
iforest,0.00204142
iforest,0.00294897
iforest,0.00208077
iforest,0.00372372
iforest,0.00505525
iforest,0.0024443
iforest,0.00332535
iforest,0.00299371
iforest,0.00355618
iforest,0.00037763
iforest,0.00380697
iforest,0.00282609
iforest,0.00177448
iforest,0.00214735
iforest,0.00042349
iforest,0.00458498
iforest,0.00285161
iforest,0.00238812
iforest,0.00189867
iforest,0.00282434
iforest,0.00460376
iforest,0.00237431
iforest,0.00206932
iforest,0.00147078
iforest,0.00219496
iforest,0.0029108
iforest,0.00204023
iforest,0.00247011
iforest,0.00164609
iforest,0.00246563
iforest,0.00366473
iforest,-0.00094014
iforest,0.00133665
iforest,0.0017518
iforest,0.00252722
iforest,0.00365132
iforest,0.00364925
iforest,0.00235354
iforest,0.00223419
iforest,0.00202047
iforest,0.00119616
iforest,0.00157214
iforest,0.0003976
iforest,0.00245092
iforest,0.00089801
iforest,0.00349648
iforest,0.00528576
iforest,0.00182662
iforest,0.00207194
iforest,0.00282903
iforest,0.00228457
iforest,0.00262149
iforest,0.00284743
iforest,0.00295275
iforest,0.00203287
iforest,0.00292702
iforest,0.00347394
iforest,0.00155661
iforest,0.00260494
iforest,0.00238813
iforest,0.00344111
iforest,0.00128027
iforest,0.00213289
iforest,0.0028965
iforest,0.00345538
iforest,0.00201216
iforest,0.00137835
iforest,0.00283596
iforest,0.00380955
iforest,-0.00016166
iforest,0.00378265
iforest,0.0031903
iforest,0.00184017
iforest,0.00136399
iforest,0.00425131
iforest,0.00396155
iforest,0.00294802
iforest,0.00395786
iforest,0.00336239
iforest,0.00157084
iforest,0.00238762
iforest,0.00178867
iforest,0.00129256
iforest,0.00159879
iforest,0.00484448
iforest,0.00250629
iforest,0.0009495
iforest,0.00197093
iforest,0.00306837
iforest,0.00197595
iforest,0.00410063
iforest,0.00116832
iforest,0.00121811
iforest,0.0002202
iforest,0.00182372
iforest,0.00151054
iforest,0.00478702
iforest,0.00329084
iforest,0.00580576
iforest,0.00406068
iforest,0.00085241
iforest,0.00267846
iforest,0.00320833
iforest,0.00184238
iforest,0.00293699
iforest,0.00420275
iforest,0.00196059
iforest,0.00240343
iforest,0.00167998
iforest,0.00192812
iforest,0.00169375
iforest,0.00222022
iforest,0.00307696
iforest,0.00139921
iforest,0.00461582
iforest,0.00329388
iforest,0.00251296
iforest,0.00047057
iforest,0.00197696
iforest,0.00315937
iforest,0.00234929
iforest,0.00345608
iforest,0.00389711
iforest,0.00428389
iforest,0.00295487
iforest,0.00105969
iforest,0.00199741
iforest,0.00277206
iforest,0.00292508
iforest,0.00257067
iforest,0.00312111
iforest,0.00224413
iforest,0.0003701
iforest,-0.00018659
iforest,0.00372347
iforest,0.00266037
iforest,0.00094237
iforest,0.00271257
iforest,0.00418978
iforest,0.0008144
iforest,0.00178283
iforest,0.00262032
iforest,0.00118672
iforest,0.00231094
iforest,0.00099336
iforest,0.00146444
iforest,0.00189834
iforest,0.00169233
iforest,0.00294304
iforest,0.00175584
iforest,0.00361641
iforest,0.00083746
iforest,0.00233519
iforest,0.0022426
iforest,0.0010588
iforest,0.0048923
iforest,0.00497767
iforest,0.00243565
iforest,0.00492529
iforest,0.00144291
iforest,0.00361538
iforest,0.00618271
iforest,0.00339973
iforest,0.00317195
iforest,0.00164059
iforest,0.00091747
iforest,0.00381555
iforest,0.00019047
iforest,0.00302573
iforest,0.00341145
iforest,0.00356369
iforest,0.00530767
iforest,0.00225298
iforest,0.00270272
iforest,0.00413744
iforest,0.00376792
iforest,0.00184791
iforest,0.00207628
iforest,0.00229454
iforest,0.00396585
iforest,0.00085011
iforest,0.00454015
iforest,0.00127523
iforest,0.00011186
iforest,0.00450289
iforest,0.00340369
iforest,0.00300238
iforest,0.00305883
iforest,0.00172945
iforest,0.00481882
iforest,0.00267297
iforest,0.00256627
iforest,0.00350982
iforest,0.00116412
iforest,0.00379917
iforest,0.00228744
iforest,0.00358696
iforest,0.00167939
iforest,0.00290888
iforest,0.0054233
iforest,0.00258677
iforest,0.00172715
iforest,0.00175365
iforest,0.0015052
iforest,0.00233206
iforest,0.00013632
iforest,0.00396786
iforest,0.00409663
iforest,0.0014563
iforest,0.00251545
iforest,0.00365501
iforest,0.00276012
iforest,0.00344538
iforest,0.00231856
iforest,0.00381733
iforest,0.00353121
iforest,0.0012532
iforest,0.00304712
iforest,0.0023538
iforest,0.0023013
iforest,0.00300657
iforest,0.00316923
iforest,0.00080901
iforest,2.108e-05
iforest,0.00281076
iforest,0.0015582
iforest,0.00302102
iforest,0.00160595
iforest,0.00285893
iforest,0.00264051
iforest,0.00277787
iforest,0.00374973
iforest,0.00189511
iforest,0.00467735
iforest,0.00296814
iforest,0.00500531
iforest,0.00187489
iforest,0.00118276
iforest,0.00284333
iforest,0.00060146
iforest,0.00152589
iforest,0.00379531
iforest,0.00120641
iforest,0.0021225
iforest,0.0020612
iforest,0.00299146
iforest,0.00339417
iforest,0.00058065
iforest,0.00155658
iforest,-0.00024026
iforest,0.00181336
iforest,0.00352432
iforest,0.002354
iforest,0.00074691
iforest,0.00238164
iforest,0.00559203
iforest,0.00202234
iforest,0.00372336
iforest,0.00193398
iforest,0.00140481
iforest,0.00192819
iforest,0.00512487
iforest,0.00299413
iforest,0.00222039
iforest,0.00390208
iforest,0.00298593
iforest,0.0040625
iforest,0.00280703
iforest,0.0041579
iforest,0.00332435
iforest,0.003324
iforest,0.00260945
iforest,0.00355658
iforest,0.00228617
iforest,0.00232364
iforest,0.00192225
iforest,0.00496454
iforest,0.00098364
iforest,0.00288856
iforest,0.00482624
iforest,0.00248792
iforest,0.00328888
iforest,0.00049039
iforest,0.0033424
iforest,0.00156748
iforest,0.00239159
iforest,0.00257017
iforest,0.00131734
iforest,0.00371477
iforest,0.00279965
iforest,0.00402364
iforest,0.00321884
iforest,0.00490777
iforest,0.0017639
iforest,0.00499154
iforest,0.00224823
iforest,0.00046234
iforest,0.00331191
iforest,0.00228516
iforest,0.00394866
iforest,0.00225069
iforest,0.0022258
iforest,0.00307162
iforest,0.00233335
iforest,0.00263941
iforest,-3.531e-05
iforest,0.00338299
iforest,0.00288694
iforest,0.00254901
iforest,0.00209372
iforest,0.00304431
iforest,0.00266393
iforest,0.00161719
iforest,0.00102131
iforest,0.0011497
iforest,0.00418582
iforest,0.00072711
iforest,0.00205933
iforest,0.00290969
iforest,0.00392979
iforest,0.00045775
iforest,0.00085004
iforest,0.00111301
iforest,0.00259512
iforest,0.00158074
iforest,0.00101184
iforest,0.00204237
iforest,0.00287117
iforest,0.00144291
iforest,0.00598058
iforest,0.00385876
iforest,0.00503674
iforest,0.00329574
iforest,0.00287234
iforest,0.00337251
iforest,0.00203169
iforest,0.00227025
iforest,0.00346295
iforest,0.00212382
iforest,0.00129153
iforest,0.00352458
iforest,0.00275048
iforest,0.00243657
iforest,0.00235048
iforest,0.00266999
iforest,0.002682
iforest,0.00278115
iforest,0.00237707
iforest,0.00249942
iforest,0.00287581
iforest,0.00397325
iforest,0.00364929
iforest,0.00388119
iforest,0.00254304
iforest,0.00124992
iforest,0.00309379
iforest,0.00309151
iforest,0.00447802
iforest,0.00288973
iforest,0.00082275
iforest,0.00340602
iforest,0.00273086
iforest,0.00195128
iforest,0.00063175
iforest,0.00301803
iforest,0.00144953
iforest,0.004957
iforest,0.00203502
iforest,0.00444438
iforest,0.00323807
iforest,0.00476474
iforest,0.00324809
iforest,0.00377071
iforest,0.00410803
iforest,0.00205472
iforest,0.00261191
iforest,0.00304011
iforest,0.00245492
iforest,0.00289344
iforest,0.00454583
iforest,0.00058957
iforest,0.00240251
iforest,0.00194371
iforest,0.00201927
iforest,0.00622693
iforest,-2.148e-05
iforest,0.00217627
iforest,0.00187972
iforest,0.00340879
iforest,0.00263698
iforest,0.00336065
iforest,0.00308758
iforest,0.00281817
iforest,0.00240037
iforest,0.00268181
iforest,0.00232652
iforest,0.00226974
iforest,0.003123
iforest,0.0043707
iforest,0.00090279
iforest,0.00334115
iforest,0.00102939
iforest,0.00144071
iforest,0.00378627
iforest,0.0026966
iforest,0.00332111
iforest,0.0030163
iforest,0.00478769
iforest,0.0032574
iforest,0.00391134
iforest,0.00206329
iforest,0.00258558
iforest,0.00012167
iforest,0.00345499
iforest,0.00047023
iforest,0.00252837
iforest,0.00480805
iforest,0.00235581
iforest,0.00311328
iforest,0.00291922
iforest,0.00233621
iforest,0.00178559
iforest,0.00086588
iforest,0.00269741
iforest,0.00250297
iforest,0.00196757
iforest,0.00082935
iforest,0.00369459
iforest,0.00137613
iforest,0.00312035
iforest,0.00095859
iforest,0.00236104
iforest,0.00137142
iforest,0.00255367
iforest,0.00320154
iforest,0.00417909
iforest,0.00067426
iforest,0.00253563
iforest,0.00265628
iforest,0.00097327
iforest,5.724e-05
iforest,0.00254432
iforest,0.0048557
iforest,0.00242552
iforest,0.00203864
iforest,0.00195213
iforest,0.00180039
iforest,0.00248504
iforest,-0.0017171
iforest,0.00127608
iforest,0.00222166
iforest,0.00192474
iforest,-0.00014306
iforest,0.00113887
iforest,0.002945
iforest,0.00398719
iforest,0.00328193
iforest,0.00228168
iforest,0.00025682
iforest,0.00331223
iforest,0.00246919
iforest,0.00223568
iforest,0.00257793
iforest,0.00284827
iforest,0.00234368
iforest,0.00318139
iforest,0.00151615
iforest,0.00300177
iforest,0.00395836
iforest,0.00402303
iforest,0.00184914
iforest,0.00327046
iforest,0.00227293
iforest,0.0019655
iforest,0.00238931
iforest,0.00046396
iforest,0.00303091
iforest,0.00281731
iforest,0.00228584
iforest,-0.00067679
iforest,0.00116351
iforest,0.00257115
iforest,0.00280175
iforest,0.00308372
iforest,0.00402841
iforest,0.00237614
iforest,0.00118943
iforest,0.00339133
iforest,0.00328133
iforest,0.00187822
iforest,0.00114749
iforest,0.00307408
iforest,0.0036729
iforest,0.00353073
iforest,0.00150319
iforest,0.00377203
iforest,0.00182936
iforest,0.00306238
iforest,0.00414013
iforest,0.00308322
iforest,0.00215922
iforest,0.00201269
iforest,0.00284712
iforest,0.00397252
iforest,0.00382737
iforest,0.00123215
iforest,0.00343377
iforest,0.00242546
iforest,0.00272638
iforest,0.00045079
iforest,0.0031289
iforest,0.00200522
iforest,0.0038662
iforest,0.00150299
iforest,0.00470834
iforest,-0.00131056
iforest,0.00389959
iforest,0.00384828
iforest,0.00015147
iforest,0.00475727
iforest,0.00238242
iforest,0.00478423
iforest,0.00185139
iforest,0.00378428
iforest,0.00362354
iforest,0.00468061
iforest,0.00216468
iforest,0.0024752
iforest,0.00379041
iforest,0.00192297
iforest,0.00301261
iforest,0.00297716
iforest,0.00306989
iforest,0.00399855
iforest,0.00137582
iforest,0.00041546
iforest,0.0043869
iforest,-0.00012736
iforest,0.00288581
iforest,0.00235306
iforest,0.0036997
iforest,0.00158247
iforest,0.00476585
iforest,0.00459841
iforest,0.00086031
iforest,0.00324112
iforest,0.00211779
iforest,0.0033653
iforest,0.00360492
iforest,0.00222209
iforest,0.00069614
iforest,0.00387889
iforest,0.00386161
iforest,0.00177212
iforest,0.00256964
iforest,0.00264201
iforest,0.00174423
iforest,0.00291177
iforest,0.00421772
iforest,0.00211697
iforest,0.00453
iforest,0.00121033
iforest,0.00300258
iforest,0.00327503
iforest,0.00370649
iforest,0.00328689
iforest,0.00272545
iforest,0.00303576
iforest,0.0024577
iforest,0.0039922
iforest,0.00163399
iforest,0.00238693
iforest,0.00096349
iforest,0.00153061
iforest,0.00299586
iforest,0.00469548
iforest,0.00310953
iforest,0.00225024
iforest,0.00257964
iforest,0.00439441
iforest,0.00390039
iforest,0.00111943
iforest,0.00460189
iforest,0.00355979
iforest,0.00265421
iforest,0.00109795
iforest,0.00499274
iforest,0.00257879
iforest,0.003437
iforest,0.00546286
iforest,0.00345699
iforest,0.0019448
iforest,0.0035299
iforest,0.00280697
iforest,0.00353447
iforest,0.00123123
iforest,0.00263343
iforest,0.0038096
iforest,0.00187806
iforest,0.00594412
iforest,0.002733
iforest,0.00437638
iforest,0.00403678
iforest,0.00450373
iforest,0.00196897
iforest,0.0037885
iforest,0.00354041
iforest,0.00268838
iforest,0.0018735
iforest,0.00357322
iforest,0.00318073
iforest,0.00184688
iforest,0.00175074
iforest,0.00205011
iforest,0.00091491
iforest,0.0004391
iforest,0.00293661
iforest,0.00283511
iforest,0.00189101
iforest,0.00345771
iforest,0.00277235
iforest,0.00403787
iforest,0.00346075
iforest,0.00438863
iforest,0.00307296
iforest,0.00277298
iforest,0.00186295
iforest,0.00061887
iforest,0.00357076
iforest,0.00205364
iforest,0.00253505
iforest,0.00134208
iforest,0.00317311
iforest,0.00168468
iforest,0.00281986
iforest,0.00240452
iforest,0.00392268
iforest,0.00196933
iforest,7.987e-05
iforest,0.00253611
iforest,0.00282892
iforest,0.00307928
iforest,0.00191399
iforest,0.00398267
iforest,0.00135534
iforest,0.003658
iforest,0.00292072
iforest,0.00190594
iforest,0.00084318
iforest,0.00239599
iforest,0.00191746
iforest,0.00389205
iforest,0.00135809
iforest,0.0028622
iforest,0.00152824
iforest,0.00272577
iforest,0.00202248
iforest,0.00272748
iforest,-3.175e-05
iforest,0.00283433
iforest,0.00423692
iforest,0.00192283
iforest,0.00337997
iforest,0.00419379
iforest,0.00175211
iforest,0.00418303
iforest,0.00347757
iforest,0.00188051
iforest,0.00245523
iforest,0.00338636
iforest,0.00180028
iforest,0.00296887
iforest,0.00324156
iforest,0.00302862
iforest,0.00257323
iforest,0.00220637
iforest,0.00216933
iforest,0.00183198
iforest,-6.116e-05
iforest,0.00157024
iforest,0.00280075
iforest,0.00233451
iforest,0.00105613
iforest,0.00397111
iforest,0.00386563
iforest,0.00242858
iforest,0.00111808
iforest,0.0032309
iforest,0.0032313
iforest,0.00205876
iforest,0.00235269
iforest,0.00300457
iforest,0.00224815
iforest,0.00359981
iforest,0.00244534
iforest,0.00013756
iforest,0.00423566
iforest,0.00311542
iforest,0.00506323
iforest,0.00146029
iforest,0.00314658
iforest,0.00217933
iforest,0.00187468
iforest,0.00364864
iforest,0.00277747
iforest,0.00298146
iforest,0.0029396
iforest,0.00102051
iforest,0.00382046
iforest,0.00318391
iforest,0.00294401
iforest,0.00263999
iforest,0.00267792
iforest,0.00300613
iforest,0.00160034
iforest,0.00032765
iforest,0.00097111
iforest,0.00081616
iforest,0.00124054
iforest,0.00323973
iforest,0.00277809
iforest,0.00245804
iforest,0.00391512
iforest,0.00262065
iforest,0.00246428
iforest,0.0029776
iforest,0.00317244
iforest,0.00361241
iforest,0.00435749
iforest,0.00512752
iforest,0.0026909
iforest,0.00217023
iforest,0.00301373
iforest,0.00043552
iforest,0.00306462
iforest,0.00232995
iforest,0.00294528
iforest,0.00349855
iforest,0.0013645
iforest,0.00315941
iforest,0.00363015
iforest,0.00202468
iforest,0.00275492
iforest,0.00263725
iforest,0.00157705
iforest,0.0029321
iforest,0.00493893
iforest,0.00079498
iforest,0.00346295
iforest,0.00356689
iforest,0.00053911
iforest,0.00281228
iforest,0.00481964
iforest,0.00371445
iforest,0.00348691
iforest,0.00160258
iforest,0.00318329
iforest,0.00265345
iforest,0.00223305
iforest,0.00275037
iforest,0.00272958
iforest,0.00298954
iforest,0.00248193
iforest,0.00573544
iforest,0.00264523
iforest,0.00225842
iforest,0.00030926
iforest,0.00414799
iforest,0.00371826
iforest,0.00366977
iforest,0.00322363
iforest,0.00322208
iforest,0.00346868
iforest,0.00371963
iforest,0.00082198
iforest,8.112e-05
iforest,0.00136132
iforest,0.00322812
iforest,0.00450971
iforest,0.00345007
iforest,0.00311953
iforest,0.00415114
iforest,0.00201468
iforest,0.00270045
iforest,0.00365469
iforest,0.00168028
iforest,0.0036695
iforest,0.00208087
iforest,0.00159488
iforest,0.00160057
iforest,0.00144246
iforest,0.00307753
iforest,0.00065825
iforest,0.00094479
iforest,0.00250486
iforest,0.00313075
iforest,0.0026575
iforest,0.00417569
iforest,0.00340329
iforest,0.0020293
iforest,0.00113171
iforest,0.00549596
iforest,0.00364169
iforest,0.00064776
iforest,0.00296196
iforest,0.00463414
iforest,0.00216966
iforest,0.00293196
iforest,0.00177907
iforest,0.00226897
iforest,0.0021739
iforest,0.00329119
iforest,0.00254514
iforest,0.00318877
iforest,0.00101541
iforest,0.00172546
iforest,0.00326144
iforest,0.00038614
iforest,0.00341746
iforest,0.00202967
iforest,0.00283402
iforest,0.00045705
iforest,0.00135122
iforest,0.0039238
iforest,0.00100815
iforest,-0.000166
iforest,0.00430244
iforest,0.00079103
iforest,0.00232977
iforest,0.00207417
iforest,0.00300321
iforest,0.00347943
iforest,0.00255169
iforest,0.00258419
iforest,0.00195602
iforest,0.0030892
iforest,0.00415323
iforest,0.00226088
iforest,0.0039127
iforest,0.00443555
iforest,0.00053927
iforest,-0.00021051
iforest,0.00056423
iforest,0.00357036
iforest,0.00357658
iforest,0.003206
iforest,0.00177759
iforest,0.00468155
iforest,0.00300584
iforest,0.00274771
iforest,0.00403418
iforest,0.00351366
iforest,0.00248093
iforest,0.00089993
iforest,0.00268524
iforest,0.00400125
iforest,0.00384688
iforest,0.00074357
iforest,0.00407426
iforest,0.00385316
iforest,0.00216233
iforest,0.00185996
iforest,0.00316433
iforest,0.0010713
iforest,0.00335751
iforest,0.00162957
iforest,0.00524658
iforest,0.00465087
iforest,0.00101009
iforest,0.00227176
iforest,0.00263428
iforest,0.00301709
iforest,0.00215314
iforest,0.00184083
iforest,0.0032879
iforest,0.00017852
iforest,0.00160603
iforest,0.00370186
iforest,0.00441718
iforest,0.00288959
iforest,0.00236415
iforest,0.00291689
iforest,0.00257347
iforest,0.00254666
iforest,0.00280644
iforest,0.00128883
iforest,0.00438633
iforest,0.0044579
iforest,0.0017871
iforest,-1.705e-05
iforest,0.00404425
iforest,0.00298207
iforest,0.00098926
iforest,0.002618
iforest,0.00239037
iforest,0.00074399
iforest,0.00339491
iforest,0.00372174
iforest,0.00222103
iforest,0.00348195
iforest,0.00024854
iforest,0.00138519
iforest,0.002979
iforest,0.00296883
iforest,0.00164777
iforest,0.00283367
iforest,0.0018312
iforest,0.00325631
iforest,0.00262366
iforest,0.001758
iforest,0.00200184
iforest,0.00101805
iforest,0.00444802
iforest,0.00138225
iforest,0.00112785
iforest,0.00099876
iforest,0.00355681
iforest,0.00396455
iforest,0.00351066
iforest,0.0045626
iforest,0.00205294
iforest,0.00114235
iforest,0.00170207
iforest,0.00263641
iforest,0.00088078
iforest,0.00223082
iforest,0.00397778
iforest,0.00346812
iforest,0.0045461
iforest,0.00167518
iforest,0.00249861
iforest,0.00468096
iforest,0.0039415
iforest,0.00321159
iforest,0.00191959
iforest,0.00337984
iforest,0.00334439
iforest,0.0017723
iforest,0.0016028
iforest,0.00221613
iforest,0.00307881
iforest,0.00209161
iforest,0.00372417
iforest,0.00070719
iforest,0.00300781
iforest,0.00369368
iforest,0.00246171
iforest,0.00572296
iforest,0.00402245
iforest,0.00394042
iforest,0.00114517
iforest,0.00389902
iforest,0.00188467
iforest,0.00078177
iforest,0.00363685
iforest,0.00375235
iforest,0.00356654
iforest,0.00224313
iforest,0.00065467
iforest,0.00244376
iforest,0.00225423
iforest,0.00286987
iforest,0.00186591
iforest,0.00373458
iforest,0.00396774
iforest,0.00247895
iforest,-0.00026298
iforest,0.00346629
iforest,0.00322224
iforest,0.00297832
iforest,0.00069921
iforest,0.00200135
iforest,0.00338303
iforest,0.00355911
iforest,0.00095516
iforest,0.0018306
iforest,0.00388749
iforest,0.00200543
iforest,0.00211867
iforest,0.00253197
iforest,0.00154527
iforest,0.0024568
iforest,0.00499043
iforest,0.00203031
iforest,0.00275602
iforest,0.0019292
iforest,0.00243323
iforest,0.00379326
iforest,0.00137074
iforest,0.00321274
iforest,0.000856
iforest,0.00365747
iforest,0.0028215
iforest,0.00345602
iforest,0.00203209
iforest,0.00255152
iforest,0.00492121
iforest,0.00324471
iforest,0.00287958
iforest,0.00305925
iforest,0.00330175
iforest,0.00106762
iforest,0.00112138
iforest,0.00313836
iforest,0.00130092
iforest,0.00243594
iforest,0.00302377
iforest,0.0024832
iforest,0.00380789
iforest,0.00204499
iforest,0.00222572
iforest,0.00056869
iforest,0.00139371
iforest,0.0020544
iforest,0.0013557
iforest,0.00328975
iforest,0.00031044
iforest,0.00172318
iforest,0.00262018
iforest,0.00172794
iforest,0.0037086
iforest,0.00282834
iforest,0.00276513
iforest,0.00161244
iforest,0.00190207
iforest,0.00341675
iforest,0.00421019
iforest,0.00403694
iforest,0.00274021
iforest,0.00428997
iforest,0.00144825
iforest,0.00375718
iforest,0.00346121
iforest,0.00317424
iforest,0.00205012
iforest,0.00211809
iforest,0.00474883
iforest,0.00153503
iforest,0.00220691
iforest,0.00416268
iforest,0.00083813
iforest,0.00224094
iforest,0.00274281
iforest,0.00513704
iforest,0.00229021
iforest,0.00312505
iforest,0.00152268
iforest,0.00344846
iforest,0.00354279
iforest,0.00363994
iforest,0.00214766
iforest,0.00484919
iforest,0.00476934
iforest,0.00265714
iforest,0.00244766
iforest,0.0049019
iforest,0.00333176
iforest,0.00320918
iforest,0.00362431
iforest,0.00420383
iforest,0.00330524
iforest,0.00140107
iforest,0.00149387
iforest,0.00345068
iforest,0.00182243
iforest,0.00227352
iforest,0.00309442
iforest,0.00256839
iforest,0.001323
iforest,0.00285421
iforest,0.00327211
iforest,0.0021824
iforest,0.00161887
iforest,0.00199262
iforest,0.00304214
iforest,0.00279999
iforest,0.00192935
iforest,0.00354345
iforest,0.00224922
iforest,0.0024177
iforest,0.00302272
iforest,0.00361221
iforest,0.00293584
iforest,0.00112323
iforest,-0.00028385
iforest,0.00178054
iforest,0.00208319
iforest,0.00355645
iforest,0.00289186
iforest,-0.00032876
iforest,0.0041142
iforest,0.00457525
iforest,0.00212725
iforest,0.0018079
iforest,0.00140357
iforest,0.00279519
iforest,0.00348267
iforest,0.00219129
iforest,0.00170499
iforest,0.00162156
iforest,0.00109654
iforest,0.00324934
iforest,0.00173261
iforest,0.00023338
iforest,0.00238087
iforest,0.00321489
iforest,0.00185907
iforest,0.00328691
iforest,0.00327675
iforest,0.00219161
iforest,0.0033908
iforest,0.00098734
iforest,0.00287369
iforest,0.00352173
iforest,0.00380498
iforest,0.0015201
iforest,0.00336291
iforest,0.00192405
iforest,0.00033803
iforest,0.00540743
iforest,0.00207023
iforest,-0.00076667
iforest,0.00191226
iforest,0.00282685
iforest,0.00221928
iforest,0.00377555
iforest,0.00291106
iforest,0.00284345
iforest,0.00296492
iforest,0.00243195
iforest,0.00219411
iforest,0.0009059
iforest,0.00256264
iforest,0.00355071
iforest,0.00327598
iforest,0.0028788
iforest,0.00261492
iforest,0.00188444
iforest,3.54e-05
iforest,0.00290061
iforest,0.00161811
iforest,0.00161787
iforest,0.00300534
iforest,0.00431594
iforest,0.00011084
iforest,0.00169892
iforest,0.00210131
iforest,0.00206376
iforest,0.00027626
iforest,0.0040664
iforest,0.00391743
iforest,0.0024543
iforest,0.00196967
iforest,0.00318061
iforest,0.00396169
iforest,0.00100479
iforest,0.00268835
iforest,0.00298693
iforest,0.00353494
iforest,0.00025998
iforest,0.00051675
iforest,0.00395436
iforest,0.00287457
iforest,0.00300694
iforest,0.00194352
iforest,0.00386959
iforest,0.00135531
iforest,0.00359405
iforest,0.00090005
iforest,0.00242943
iforest,0.00249584
iforest,0.00306897
iforest,0.0018422
iforest,0.00089755
iforest,0.00384378
iforest,-0.00089265
iforest,0.00241046
iforest,0.00210491
iforest,0.00288984
iforest,0.00445632
iforest,0.00304021
iforest,0.00141001
iforest,0.00226034
iforest,0.00378997
iforest,0.00020102
iforest,0.00073026
iforest,0.00299505
iforest,0.00223822
iforest,0.00273689
iforest,0.0015035
iforest,0.00358579
iforest,0.00346154
iforest,0.00361964
iforest,0.0025186
iforest,0.00075563
iforest,0.00189756
iforest,0.00235083
iforest,0.00384754
iforest,0.00412812
iforest,0.00173169
iforest,0.00176982
iforest,0.00162427
iforest,0.00393265
iforest,0.00364914
iforest,0.00153219
iforest,0.00054066
iforest,0.00255269
iforest,0.00187082
iforest,0.00455822
iforest,0.0033121
iforest,0.00196797
iforest,0.00465227
iforest,0.00264388
iforest,0.00180702
iforest,0.00099154
iforest,0.00310542
iforest,0.00272586
iforest,0.00266347
iforest,-0.00045614
iforest,0.00453792
iforest,0.00248346
iforest,0.00141716
iforest,0.00322497
iforest,0.00332169
iforest,0.00129521
iforest,0.00176796
iforest,-0.00085973
iforest,0.00167013
iforest,0.0011526
iforest,0.00274867
iforest,0.00382183
iforest,0.00481522
iforest,0.00276233
iforest,0.00250194
iforest,0.0021946
iforest,0.00412878
iforest,0.00250497
iforest,0.00089982
iforest,0.0022056
iforest,0.00261032
iforest,0.00137244
iforest,0.00232074
iforest,0.0022632
iforest,0.00045802
iforest,0.00243083
iforest,0.00414151
iforest,0.00167075
iforest,0.00295126
iforest,0.00209426
iforest,0.00245791
iforest,0.00312436
iforest,0.00363639
iforest,0.00177983
iforest,0.00259401
iforest,0.00289636
iforest,0.00189752
iforest,0.00312951
iforest,0.00380715
iforest,0.00071311
iforest,0.00237071
iforest,0.00303796
iforest,0.00088927
iforest,0.00230853
iforest,0.00315626
iforest,0.00152096
iforest,0.0036374
iforest,0.00084855
iforest,0.00435308
iforest,0.00070408
iforest,0.00288229
iforest,0.00375243
iforest,0.00223672
iforest,0.00338474
iforest,0.00287024
iforest,0.00302937
iforest,0.00380524
iforest,0.00470728
iforest,0.00430307
iforest,0.00217145
iforest,0.00288742
iforest,0.00339388
iforest,0.00190623
iforest,0.00309072
iforest,0.00159426
iforest,0.00083145
iforest,0.00264161
iforest,0.00170065
iforest,0.00155405
iforest,0.00095924
iforest,0.00266707
iforest,0.00322602
iforest,0.00145891
iforest,0.00162423
iforest,0.00217265
iforest,0.00371829
iforest,0.0040056
iforest,0.00357102
iforest,0.0028509
iforest,0.00249339
iforest,0.00438166
iforest,0.00228999
iforest,0.00153157
iforest,0.0010614
iforest,0.00238641
iforest,0.00249296
iforest,0.00378737
iforest,0.00359183
iforest,0.00082026
iforest,0.00204524
iforest,0.00253208
iforest,0.00222751
iforest,0.00168237
iforest,-0.00163559
iforest,0.0024387
iforest,0.00398021
iforest,0.00380397
iforest,0.00256082
iforest,0.00214253
knn,0.01256652
knn,0.01390516
knn,0.00658902
knn,0.01225383
knn,0.01210788
knn,0.01461786
knn,0.01088649
knn,0.01327888
knn,0.0133156
knn,0.01458124
knn,0.01540309
knn,0.01381304
knn,0.01400188
knn,0.01216
knn,0.00961804
knn,0.01512933
knn,0.01580597
knn,0.01127914
knn,0.01366051
knn,0.0127777
knn,0.01520869
knn,0.01723783
knn,0.01801605
knn,0.01473777
knn,0.01646127
knn,0.01501475
knn,0.01058315
knn,0.01069324
knn,0.00846823
knn,0.0153107
knn,0.009268
knn,0.01320495
knn,0.01631671
knn,0.01522638
knn,0.0145766
knn,0.01056422
knn,0.01512607
knn,0.01314527
knn,0.00536988
knn,0.01120133
knn,0.00860523
knn,0.01175941
knn,0.01730328
knn,0.00876567
knn,0.01245
knn,0.01226714
knn,0.01764151
knn,0.01432694
knn,0.0123245
knn,0.01401469
knn,0.01805657
knn,0.01964085
knn,0.01347702
knn,0.01355803
knn,0.01222047
knn,0.01598917
knn,0.01091264
knn,0.01283275
knn,0.01380969
knn,0.01756708
knn,0.01693527
knn,0.011307
knn,0.01165273
knn,0.018319
knn,0.0180021
knn,0.00739092
knn,0.01142244
knn,0.01581406
knn,0.01332367
knn,0.01054613
knn,0.01715068
knn,0.01164335
knn,0.01468477
knn,0.01527676
knn,0.01879842
knn,0.01254312
knn,0.01328408
knn,0.01429059
knn,0.01587452
knn,0.0121089
knn,0.01111413
knn,0.01341705
knn,0.01310993
knn,0.01598646
knn,0.01515134
knn,0.01478408
knn,0.01571641
knn,0.01934731
knn,0.01721705
knn,0.01434829
knn,0.01189923
knn,0.01089907
knn,0.00910086
knn,0.01002586
knn,0.01388621
knn,0.01291571
knn,0.01393506
knn,0.01302998
knn,0.01264189
knn,0.00835747
knn,0.01035408
knn,0.01136403
knn,0.01432208
knn,0.01590166
knn,0.0126461
knn,0.01214853
knn,0.00700569
knn,0.01118311
knn,0.01077818
knn,0.00986029
knn,0.01488224
knn,0.01025713
knn,0.01526816
knn,0.01291175
knn,0.01334558
knn,0.0136785
knn,0.01752012
knn,0.01864767
knn,0.01799105
knn,0.01705959
knn,0.01438632
knn,0.01034217
knn,0.01285585
knn,0.00937116
knn,0.01436731
knn,0.01335156
knn,0.01182497
knn,0.01010317
knn,0.00931376
knn,0.01713482
knn,0.01316802
knn,0.01619151
knn,0.01604321
knn,0.00699236
knn,0.0086131
knn,0.01583372
knn,0.01420705
knn,0.01288164
knn,0.0186909
knn,0.01590468
knn,0.01689962
knn,0.00753486
knn,0.01332959
knn,0.0105523
knn,0.01017369
knn,0.01081553
knn,0.0089513
knn,0.0133669
knn,0.01144863
knn,0.01646552
knn,0.01190717
knn,0.00721095
knn,0.015585
knn,0.01445859
knn,0.01194692
knn,0.01798883
knn,0.01615772
knn,0.01156793
knn,0.00977046
knn,0.01627771
knn,0.01561754
knn,0.00689669
knn,0.01441234
knn,0.00878317
knn,0.01468608
knn,0.01473414
knn,0.01478464
knn,0.02089381
knn,0.0177815
knn,0.01546433
knn,0.01231465
knn,0.00736002
knn,0.00685743
knn,0.01199897
knn,0.01315419
knn,0.0168517
knn,0.01154242
knn,0.01165811
knn,0.00941133
knn,0.01131787
knn,0.01402371
knn,0.00890348
knn,0.01298267
knn,0.01112815
knn,0.0124057
knn,0.00995858
knn,0.01747701
knn,0.01726156
knn,0.01061684
knn,0.01589965
knn,0.0149658
knn,0.01330162
knn,0.02066546
knn,0.00828973
knn,0.01224995
knn,0.01342846
knn,0.01136011
knn,0.00971305
knn,0.01569547
knn,0.01810962
knn,0.01353339
knn,0.00995471
knn,0.01599906
knn,0.01132483
knn,0.01034845
knn,0.01332897
knn,0.01522398
knn,0.01515637
knn,0.00946612
knn,0.00950161
knn,0.01446729
knn,0.01608878
knn,0.01416714
knn,0.01374913
knn,0.01131728
knn,0.01250682
knn,0.01135368
knn,0.01650753
knn,0.00933974
knn,0.01074542
knn,0.01417099
knn,0.01519449
knn,0.00811642
knn,0.00921155
knn,0.01913895
knn,0.01409726
knn,0.01274947
knn,0.01476683
knn,0.01386918
knn,0.01553916
knn,0.01898224
knn,0.0093917
knn,0.00992911
knn,0.01375525
knn,0.01912268
knn,0.0139105
knn,0.01425905
knn,0.00729257
knn,0.01105075
knn,0.01857907
knn,0.01449884
knn,0.01561706
knn,0.00835022
knn,0.00949143
knn,0.01952673
knn,0.01350782
knn,0.01770195
knn,0.01401382
knn,0.01429142
knn,0.01035817
knn,0.01446708
knn,0.01777414
knn,0.01519202
knn,0.01551859
knn,0.01192495
knn,0.01194152
knn,0.01367009
knn,0.0132381
knn,0.01392375
knn,0.01424857
knn,0.01538705
knn,0.01403523
knn,0.01195072
knn,0.01492543
knn,0.0137082
knn,0.01260417
knn,0.01718917
knn,0.01007514
knn,0.01595965
knn,0.01441575
knn,0.01431103
knn,0.01400079
knn,0.01698929
knn,0.01068491
knn,0.02040993
knn,0.0140658
knn,0.01512114
knn,0.0134467
knn,0.01409537
knn,0.01409198
knn,0.01755243
knn,0.00941654
knn,0.00919849
knn,0.01772928
knn,0.01611251
knn,0.00761119
knn,0.01539244
knn,0.00965343
knn,0.01575442
knn,0.00983042
knn,0.01434356
knn,0.0131553
knn,0.01144245
knn,0.01666219
knn,0.01341882
knn,0.01377961
knn,0.01510599
knn,0.01498872
knn,0.01405106
knn,0.0121542
knn,0.01812196
knn,0.01618399
knn,0.01970105
knn,0.01626252
knn,0.01255205
knn,0.01423632
knn,0.00987757
knn,0.00785012
knn,0.01670896
knn,0.01354865
knn,0.01274255
knn,0.01378956
knn,0.01357409
knn,0.01609007
knn,0.01179357
knn,0.01110325
knn,0.01518252
knn,0.01129097
knn,0.01247358
knn,0.01712313
knn,0.01171227
knn,0.01292202
knn,0.01146677
knn,0.01373221
knn,0.01781059
knn,0.01376809
knn,0.01326874
knn,0.020882
knn,0.01445688
knn,0.01225822
knn,0.01354159
knn,0.01757444
knn,0.0074664
knn,0.01807294
knn,0.01395983
knn,0.01252375
knn,0.01569672
knn,0.0143169
knn,0.01336347
knn,0.01412879
knn,0.01016232
knn,0.0146779
knn,0.01164627
knn,0.01859482
knn,0.01652207
knn,0.01306603
knn,0.01807306
knn,0.01840572
knn,0.00914224
knn,0.01302739
knn,0.01117264
knn,0.01362222
knn,0.01558454
knn,0.00948576
knn,0.01548273
knn,0.01428479
knn,0.0133873
knn,0.01630627
knn,0.00974891
knn,0.01549085
knn,0.01488224
knn,0.01422666
knn,0.01558666
knn,0.01828743
knn,0.01008344
knn,0.013806
knn,0.01295979
knn,0.01298472
knn,0.01381808
knn,0.01527611
knn,0.01064377
knn,0.0101236
knn,0.01247169
knn,0.01608343
knn,0.0129261
knn,0.01107207
knn,0.01679629
knn,0.01589564
knn,0.01325278
knn,0.01466217
knn,0.01450464
knn,0.0096999
knn,0.01218335
knn,0.01350196
knn,0.01302872
knn,0.01163152
knn,0.01259708
knn,0.01580053
knn,0.01339858
knn,0.01242744
knn,0.0142711
knn,0.01108294
knn,0.01369107
knn,0.01310513
knn,0.01360308
knn,0.008386
knn,0.01080251
knn,0.01453323
knn,0.01422232
knn,0.01106425
knn,0.01436623
knn,0.01046096
knn,0.01351378
knn,0.01534859
knn,0.01031207
knn,0.00901795
knn,0.01535724
knn,0.01651434
knn,0.01536898
knn,0.01290909
knn,0.01418983
knn,0.0111592
knn,0.0151551
knn,0.0152055
knn,0.01605597
knn,0.01571059
knn,0.01526501
knn,0.00928936
knn,0.0173817
knn,0.0110965
knn,0.01093932
knn,0.01476038
knn,0.0153955
knn,0.013542
knn,0.0108522
knn,0.01168707
knn,0.00667688
knn,0.0164242
knn,0.0140112
knn,0.01834348
knn,0.01118728
knn,0.01017503
knn,0.0172354
knn,0.01567101
knn,0.01224578
knn,0.01029913
knn,0.01532048
knn,0.01314356
knn,0.02101486
knn,0.01238709
knn,0.01005723
knn,0.01771028
knn,0.01219731
knn,0.02124309
knn,0.00929234
knn,0.01794491
knn,0.01908464
knn,0.01410534
knn,0.01376195
knn,0.01641381
knn,0.0137559
knn,0.01398364
knn,0.01673794
knn,0.01233593
knn,0.00992245
knn,0.01591562
knn,0.01280317
knn,0.01579978
knn,0.01273137
knn,0.0180315
knn,0.01423656
knn,0.01747827
knn,0.01588536
knn,0.01025593
knn,0.01489526
knn,0.01180987
knn,0.01126579
knn,0.01511285
knn,0.01095783
knn,0.01760821
knn,0.0145791
knn,0.01629002
knn,0.00806413
knn,0.01275181
knn,0.01689653
knn,0.0177813
knn,0.0129069
knn,0.00894239
knn,0.01093747
knn,0.01863768
knn,0.01771152
knn,0.01187178
knn,0.00943816
knn,0.01614109
knn,0.01895117
knn,0.01334592
knn,0.01876303
knn,0.01070692
knn,0.01205303
knn,0.0114192
knn,0.00849283
knn,0.0173326
knn,0.01040576
knn,0.01700316
knn,0.01323793
knn,0.01041656
knn,0.01396409
knn,0.01393667
knn,0.01305583
knn,0.0160934
knn,0.0146216
knn,0.01625895
knn,0.01427918
knn,0.01459751
knn,0.01439972
knn,0.01399446
knn,0.01440394
knn,0.01566734
knn,0.01697735
knn,0.01319382
knn,0.01412406
knn,0.01596265
knn,0.01817989
knn,0.01523575
knn,0.01189911
knn,0.00990585
knn,0.01147018
knn,0.01285283
knn,0.01494748
knn,0.01289099
knn,0.01726684
knn,0.01034461
knn,0.01468758
knn,0.01423403
knn,0.01292896
knn,0.01666913
knn,0.01394934
knn,0.01707582
knn,0.01485208
knn,0.01297237
knn,0.01065006
knn,0.01236137
knn,0.01481862
knn,0.01409946
knn,0.01652972
knn,0.01768797
knn,0.01286998
knn,0.01638364
knn,0.01724773
knn,0.01129138
knn,0.01428748
knn,0.01135668
knn,0.02042512
knn,0.00826612
knn,0.01545152
knn,0.01664901
knn,0.01089733
knn,0.02121601
knn,0.00905483
knn,0.01445717
knn,0.0150213
knn,0.01526669
knn,0.01689247
knn,0.01584276
knn,0.0170169
knn,0.01446398
knn,0.01715285
knn,0.00948501
knn,0.00975376
knn,0.00937781
knn,0.01343922
knn,0.0176779
knn,0.00910061
knn,0.01201515
knn,0.01035922
knn,0.00871033
knn,0.01290902
knn,0.01423518
knn,0.01267777
knn,0.01507125
knn,0.01613166
knn,0.01622205
knn,0.01126879
knn,0.01275154
knn,0.01517537
knn,0.0082469
knn,0.01355626
knn,0.01165617
knn,0.01476469
knn,0.01460567
knn,0.01975515
knn,0.01265341
knn,0.01500722
knn,0.0151559
knn,0.00849061
knn,0.01856697
knn,0.01350933
knn,0.01480159
knn,0.01374641
knn,0.01325816
knn,0.02002269
knn,0.01434334
knn,0.0151433
knn,0.00658376
knn,0.01563914
knn,0.01665948
knn,0.0178515
knn,0.01196982
knn,0.01351971
knn,0.0129593
knn,0.01001269
knn,0.0088008
knn,0.01419047
knn,0.01514847
knn,0.01428712
knn,0.01819841
knn,0.01489014
knn,0.01343604
knn,0.01397195
knn,0.01049788
knn,0.01728188
knn,0.02016434
knn,0.01334448
knn,0.0140212
knn,0.00907596
knn,0.01100573
knn,0.0109322
knn,0.01471337
knn,0.01677463
knn,0.00947081
knn,0.01714867
knn,0.01257754
knn,0.01261943
knn,0.01116766
knn,0.01343878
knn,0.01514138
knn,0.01579477
knn,0.01413822
knn,0.01524425
knn,0.01482341
knn,0.01797062
knn,0.01349855
knn,0.01463726
knn,0.01653133
knn,0.01702184
knn,0.00852791
knn,0.01414044
knn,0.01318165
knn,0.01212653
knn,0.01296007
knn,0.01119828
knn,0.01397358
knn,0.01618428
knn,0.01415022
knn,0.01465856
knn,0.01057765
knn,0.01662884
knn,0.01374197
knn,0.0142619
knn,0.01413493
knn,0.0160449
knn,0.01825223
knn,0.00942354
knn,0.01486465
knn,0.01033526
knn,0.01166212
knn,0.0151026
knn,0.01522356
knn,0.01016269
knn,0.01304759
knn,0.01047021
knn,0.01530806
knn,0.01002826
knn,0.01603188
knn,0.01529992
knn,0.01495558
knn,0.01316841
knn,0.01333697
knn,0.01350682
knn,0.01120456
knn,0.01745435
knn,0.01378827
knn,0.01322239
knn,0.01680859
knn,0.0127327
knn,0.01662318
knn,0.01236009
knn,0.01298059
knn,0.01378119
knn,0.01386333
knn,0.01374906
knn,0.01375875
knn,0.01381176
knn,0.01540621
knn,0.01701427
knn,0.01637656
knn,0.0132653
knn,0.01485441
knn,0.0141024
knn,0.01368096
knn,0.01125097
knn,0.01347114
knn,0.01244705
knn,0.00906425
knn,0.00784733
knn,0.01357423
knn,0.01142697
knn,0.01365582
knn,0.01372141
knn,0.01563193
knn,0.00867734
knn,0.01320578
knn,0.01533342
knn,0.00987982
knn,0.00968059
knn,0.0154977
knn,0.00931999
knn,0.01249849
knn,0.01444754
knn,0.00678592
knn,0.01081
knn,0.01530028
knn,0.01120958
knn,0.01187847
knn,0.01337695
knn,0.01603624
knn,0.01447778
knn,0.01385361
knn,0.01444181
knn,0.01902597
knn,0.01544768
knn,0.01087533
knn,0.01417983
knn,0.01492043
knn,0.00992782
knn,0.01815865
knn,0.01312743
knn,0.01238503
knn,0.01721571
knn,0.0112516
knn,0.0184333
knn,0.01413118
knn,0.0157351
knn,0.01563786
knn,0.01547414
knn,0.01495852
knn,0.00854349
knn,0.01735092
knn,0.0144883
knn,0.01181457
knn,0.01294098
knn,0.0126317
knn,0.00992879
knn,0.0078649
knn,0.01406743
knn,0.01334772
knn,0.02022529
knn,0.01219509
knn,0.01237641
knn,0.01637279
knn,0.01592343
knn,0.01664086
knn,0.00880549
knn,0.01058147
knn,0.01284994
knn,0.0190089
knn,0.00902578
knn,0.01442008
knn,0.01240578
knn,0.01392541
knn,0.01014957
knn,0.01450922
knn,0.01194476
knn,0.01544503
knn,0.01240793
knn,0.01805544
knn,0.01675248
knn,0.01036166
knn,0.01369567
knn,0.00934285
knn,0.01803547
knn,0.01231165
knn,0.01435916
knn,0.01076742
knn,0.01552285
knn,0.00859753
knn,0.00744356
knn,0.00932445
knn,0.01069631
knn,0.01431501
knn,0.01849036
knn,0.01749361
knn,0.01317335
knn,0.00956897
knn,0.00922728
knn,0.01314797
knn,0.00670411
knn,0.01328597
knn,0.01459152
knn,0.01446187
knn,0.01375781
knn,0.00805463
knn,0.01448486
knn,0.00997231
knn,0.01341757
knn,0.01343678
knn,0.01490037
knn,0.01425293
knn,0.0163319
knn,0.00992952
knn,0.01321061
knn,0.02024157
knn,0.01674647
knn,0.01341884
knn,0.01052504
knn,0.01052118
knn,0.01311568
knn,0.01401276
knn,0.01408653
knn,0.01592055
knn,0.01035102
knn,0.01603364
knn,0.01395829
knn,0.01294908
knn,0.01466449
knn,0.01025184
knn,0.01773092
knn,0.01589847
knn,0.01193515
knn,0.01169896
knn,0.01309818
knn,0.01312034
knn,0.01226184
knn,0.01212881
knn,0.0107805
knn,0.01275023
knn,0.01010846
knn,0.01087476
knn,0.01491059
knn,0.01195349
knn,0.01630732
knn,0.01326511
knn,0.0166793
knn,0.01315636
knn,0.01113725
knn,0.01327255
knn,0.01011914
knn,0.01609968
knn,0.01219018
knn,0.011891
knn,0.01224273
knn,0.01319676
knn,0.01616883
knn,0.01286476
knn,0.00890639
knn,0.01113464
knn,0.00882132
knn,0.00944816
knn,0.01128847
knn,0.01146699
knn,0.01265029
knn,0.01422461
knn,0.01635338
knn,0.01383928
knn,0.01696329
knn,0.01244347
knn,0.0116729
knn,0.01236534
knn,0.01125179
knn,0.01640413
knn,0.00985178
knn,0.01275798
knn,0.01377713
knn,0.01475167
knn,0.01483118
knn,0.01151632
knn,0.01416002
knn,0.01516264
knn,0.01686123
knn,0.01185834
knn,0.01159838
knn,0.01211924
knn,0.01439257
knn,0.01467674
knn,0.01346134
knn,0.01601643
knn,0.01755802
knn,0.01574249
knn,0.01900138
knn,0.01076407
knn,0.01014055
knn,0.02039306
knn,0.00960769
knn,0.00922879
knn,0.01130866
knn,0.01523409
knn,0.01381377
knn,0.01118893
knn,0.0153498
knn,0.00964126
knn,0.01389045
knn,0.01856921
knn,0.01677516
knn,0.01589428
knn,0.01672272
knn,0.01407453
knn,0.01371743
knn,0.01522615
knn,0.01785879
knn,0.01624076
knn,0.00965769
knn,0.01315234
knn,0.01574012
knn,0.01480309
knn,0.01617623
knn,0.01551156
knn,0.01871432
knn,0.01265699
knn,0.00921311
knn,0.01196151
knn,0.01688538
knn,0.01131933
knn,0.01475075
knn,0.01508152
knn,0.01917866
knn,0.01527407
knn,0.01059873
knn,0.02149769
knn,0.01272362
knn,0.01688812
knn,0.00742833
knn,0.01336121
knn,0.01122868
knn,0.00731709
knn,0.01264721
knn,0.01028524
knn,0.01748059
knn,0.01399017
knn,0.00983301
knn,0.01181329
knn,0.02131978
knn,0.01361876
knn,0.01146848
knn,0.01384411
knn,0.0135761
knn,0.01437794
knn,0.01029691
knn,0.01818904
knn,0.01051982
knn,0.00917073
knn,0.0128935
knn,0.01327508
knn,0.01331962
knn,0.01538188
knn,0.01541647
knn,0.01788804
knn,0.01162693
knn,0.01577631
knn,0.0133438
knn,0.01402216
knn,0.01592801
knn,0.01093512
knn,0.01340226
knn,0.01058702
knn,0.01813158
knn,0.01865051
knn,0.01072495
knn,0.01153144
knn,0.01477508
knn,0.01237232
knn,0.01013864
knn,0.01724895
knn,0.01375353
knn,0.01260532
knn,0.0111884
knn,0.00968633
knn,0.01236756
knn,0.01276864
knn,0.01496056
knn,0.01274405
knn,0.01353502
knn,0.01148625
knn,0.01626682
knn,0.01505934
knn,0.0169159
knn,0.01528834
knn,0.01199324
knn,0.01463416
knn,0.0111469
knn,0.01393469
knn,0.01649481
knn,0.01910997
knn,0.01490055
knn,0.0145331
knn,0.01977866
knn,0.01088758
knn,0.00981845
knn,0.00900323
knn,0.01839197
knn,0.01364466
knn,0.01521385
knn,0.015736
knn,0.01706511
knn,0.01844981
knn,0.00898858
knn,0.01426427
knn,0.0139187
knn,0.00823187
knn,0.01819836
knn,0.01496678
knn,0.01530892
knn,0.01284972
knn,0.01842999
knn,0.01706547
knn,0.01397108
knn,0.01491013
knn,0.01327967
knn,0.00929603
knn,0.01419782
knn,0.01302289
knn,0.01332486
knn,0.01761921
knn,0.01521618
knn,0.01414233
knn,0.01807472
knn,0.00977763
knn,0.0150756
knn,0.01390087
knn,0.00839804
knn,0.01152381
knn,0.01641978
knn,0.01331019
knn,0.01638774
knn,0.00816911
knn,0.01151579
knn,0.01778233
knn,0.01421546
knn,0.01118621
knn,0.01347783
knn,0.01367258
knn,0.01207309
knn,0.01465285
knn,0.01401419
knn,0.01434314
knn,0.01828163
knn,0.01357692
knn,0.01099613
knn,0.01553764
knn,0.01288247
knn,0.00943316
knn,0.01202543
knn,0.00727202
knn,0.01646744
knn,0.01103668
knn,0.00921957
knn,0.0134258
knn,0.0103293
knn,0.01544914
knn,0.01591624
knn,0.01563761
knn,0.00978046
knn,0.01062303
knn,0.01502337
knn,0.01927585
knn,0.01187573
knn,0.01483585
knn,0.01217829
knn,0.01581653
knn,0.01438878
knn,0.01504673
knn,0.01753484
knn,0.01217897
knn,0.00853029
knn,0.01170941
knn,0.00871909
knn,0.01049193
knn,0.01678881
knn,0.0137667
knn,0.01816364
knn,0.01695852
knn,0.01117318
knn,0.01436572
knn,0.01354742
knn,0.0148036
knn,0.01620388
knn,0.01998897
knn,0.01463907
knn,0.01485191
knn,0.01248236
knn,0.01286443
knn,0.01081238
knn,0.0159976
knn,0.01245795
knn,0.01196109
knn,0.01443215
knn,0.01075823
knn,0.00847719
knn,0.01424606
knn,0.0126342
knn,0.01335034
knn,0.01868361
knn,0.01419216
knn,0.00766022
knn,0.00777464
knn,0.01198064
knn,0.00973535
knn,0.0106111
knn,0.0131923
knn,0.01812746
knn,0.01607198
knn,0.01303681
knn,0.01441081
knn,0.01260133
knn,0.01250934
knn,0.01306176
knn,0.01129059
knn,0.01566117
knn,0.01161107
knn,0.01133288
knn,0.01411389
knn,0.01383951
knn,0.0179223
knn,0.01597978
knn,0.01708774
knn,0.00874123
knn,0.01669712
knn,0.0113448
knn,0.01261468
knn,0.01208709
knn,0.01367032
knn,0.01466731
knn,0.01758266
knn,0.01362254
knn,0.01365451
knn,0.01717376
knn,0.01172757
knn,0.01333541
knn,0.01219705
knn,0.01274225
knn,0.01803418
knn,0.01024792
knn,0.01287417
knn,0.01192959
knn,0.01639187
knn,0.01228257
knn,0.01298159
knn,0.01528213
knn,0.01845821
knn,0.01365663
knn,0.00950418
knn,0.01105341
knn,0.01208029
knn,0.01212336
knn,0.00967893
knn,0.01330457
knn,0.00771759
knn,0.01391243
knn,0.01231944
knn,0.01263477
knn,0.01280103
knn,0.01505646
knn,0.01101103
knn,0.01395627
knn,0.01417501
knn,0.01067735
knn,0.00983105
knn,0.0099975
knn,0.01221033
knn,0.0140632
knn,0.01238151
knn,0.01069935
knn,0.01480611
knn,0.01213984
knn,0.00618973
knn,0.01534175
knn,0.01640541
knn,0.00993088
knn,0.01158239
knn,0.00988926
knn,0.01205182
knn,0.01541203
knn,0.0137506
knn,0.01504024
knn,0.01470677
knn,0.01644478
knn,0.01831729
knn,0.01113979
knn,0.01645558
knn,0.01586387
knn,0.01597003
knn,0.00976236
knn,0.01279517
knn,0.01190621
knn,0.01557214
knn,0.01567158
knn,0.01418233
knn,0.01268182
knn,0.00796095
knn,0.01900362
knn,0.01435283
knn,0.0165947
knn,0.01052614
knn,0.0155121
knn,0.01126879
knn,0.01658719
knn,0.01504754
knn,0.01155467
knn,0.01917274
knn,0.01300551
knn,0.01054107
knn,0.01342477
knn,0.01351692
knn,0.01232924
knn,0.01856927
knn,0.01571696
knn,0.01412462
knn,0.01142054
knn,0.01630421
knn,0.01207772
knn,0.0097782
knn,0.0119105
knn,0.01246539
knn,0.01499384
knn,0.01517229
knn,0.01898425
knn,0.01195499
knn,0.01595309
knn,0.00951753
knn,0.01180638
knn,0.00835893
knn,0.01324323
knn,0.01930298
knn,0.0116292
knn,0.017371
knn,0.01448776
knn,0.01688243
knn,0.01219714
knn,0.01242582
knn,0.01320308
knn,0.01281111
knn,0.01330475
knn,0.01362796
knn,0.00708377
knn,0.0171091
knn,0.00821967
knn,0.01599659
knn,0.01079411
knn,0.01355933
knn,0.01001785
knn,0.01401817
knn,0.01166008
knn,0.0144373
knn,0.01177018
knn,0.01116084
knn,0.01550463
knn,0.01312069
knn,0.01581527
knn,0.01446887
knn,0.01139938
knn,0.01132975
knn,0.01699107
knn,0.01208071
knn,0.0136271
knn,0.00749771
knn,0.01351458
knn,0.0159178
knn,0.00981001
knn,0.01350792
knn,0.00977037
knn,0.01581197
knn,0.01356392
knn,0.01599541
knn,0.01711426
knn,0.01306424
knn,0.01218595
knn,0.0095083
knn,0.01535963
knn,0.01399837
knn,0.00959679
knn,0.01433478
knn,0.01520449
knn,0.00753975
knn,0.01616568
knn,0.01239084
knn,0.01387552
knn,0.01492768
knn,0.01568301
knn,0.01191405
knn,0.01869341
knn,0.01097544
knn,0.01106182
knn,0.01487404
knn,0.00954817
knn,0.01593283
knn,0.01070394
knn,0.01497889
knn,0.01427908
knn,0.01054436
knn,0.01358298
knn,0.01459436
knn,0.01346219
knn,0.01331847
knn,0.01400094
knn,0.01542435
knn,0.00863454
knn,0.01165659
knn,0.01198053
knn,0.0096135
knn,0.00939736
knn,0.01609227
knn,0.0118891
knn,0.01267396
knn,0.01288046
knn,0.01099742
knn,0.01393247
knn,0.01278931
knn,0.01557538
knn,0.01343424
knn,0.01388417
knn,0.01222341
knn,0.01268235
knn,0.01128626
knn,0.01020837
knn,0.01063316
knn,0.01085858
knn,0.01541023
knn,0.01360346
knn,0.00788431
knn,0.01831695
knn,0.01121006
knn,0.01640834
knn,0.01240267
knn,0.01742469
knn,0.01036234
knn,0.01560441
knn,0.01180868
knn,0.00978983
knn,0.01167102
knn,0.01804278
knn,0.01313951
knn,0.01561351
knn,0.01355431
knn,0.01105092
knn,0.01017175
knn,0.0129817
knn,0.01041238
knn,0.01455544
knn,0.00892687
knn,0.0115385
knn,0.01483073
knn,0.01311045
knn,0.01427364
knn,0.01470788
knn,0.01142466
knn,0.01280927
knn,0.01213395
knn,0.0117468
knn,0.01681289
knn,0.01424659
knn,0.01289942
knn,0.01504583
knn,0.01159973
knn,0.00926005
knn,0.01347856
knn,0.01427729
knn,0.01698058
knn,0.01482994
knn,0.01606939
knn,0.01081934
knn,0.0114995
knn,0.01233957
knn,0.01559497
knn,0.01080676
knn,0.01745517
knn,0.0168919
knn,0.01198462
knn,0.01169054
knn,0.01639032
knn,0.01065939
knn,0.01591671
knn,0.0176571
knn,0.01255431
knn,0.01605238
knn,0.01184809
knn,0.01090631
knn,0.0126079
knn,0.01294932
knn,0.00800925
knn,0.01654865
knn,0.0176234
knn,0.01014092
knn,0.01600846
knn,0.01691697
knn,0.00650086
knn,0.01671366
knn,0.01734351
knn,0.01411836
knn,0.00881073
knn,0.01311858
knn,0.01390842
knn,0.01554032
knn,0.01183785
knn,0.01028301
knn,0.01489003
knn,0.01003316
knn,0.00964771
knn,0.01365773
knn,0.01323961
knn,0.01404207
knn,0.01461043
knn,0.0152762
knn,0.01421051
knn,0.01269703
knn,0.01269085
knn,0.00874257
knn,0.01297324
knn,0.01494591
knn,0.01079768
knn,0.01060886
knn,0.01851736
knn,0.01912119
knn,0.01290414
knn,0.01296146
knn,0.01583776
knn,0.01444473
knn,0.00990838
knn,0.01380795
knn,0.01234997
knn,0.00641227
knn,0.01408161
knn,0.00872646
knn,0.01622126
knn,0.01640742
knn,0.01599953
knn,0.01775928
knn,0.01754786
knn,0.00829045
knn,0.01419064
knn,0.00783589
knn,0.01230144
knn,0.01006355
knn,0.01512946
knn,0.01869315
knn,0.01449655
knn,0.01406871
knn,0.01668841
knn,0.01754288
knn,0.02025
knn,0.01424501
knn,0.01019426
knn,0.01751582
knn,0.01379336
knn,0.01595385
knn,0.01133999
knn,0.01789642
knn,0.0128565
knn,0.01300006
knn,0.01579957
knn,0.01161955
knn,0.01275604
knn,0.01135315
knn,0.01439634
knn,0.01286237
knn,0.0132262
knn,0.00959699
knn,0.01326974
knn,0.0165381
knn,0.01674843
knn,0.01319818
knn,0.0156698
knn,0.01594185
knn,0.01613243
knn,0.01099418
knn,0.01427951
knn,0.01079955
knn,0.00894825
knn,0.01542853
knn,0.01404142
knn,0.01264952
knn,0.01096793
knn,0.01685886
knn,0.01198141
knn,0.01120304
knn,0.01420062
knn,0.01229801
knn,0.01459292
knn,0.01454219
knn,0.01476792
knn,0.01327358
knn,0.0167585
knn,0.01529315
knn,0.01044199
knn,0.01672555
knn,0.01700053
knn,0.01099347
knn,0.0098213
knn,0.01599323
knn,0.01008152
knn,0.01408714
knn,0.01204319
knn,0.01166361
knn,0.01356473
knn,0.01853389
knn,0.01452944
knn,0.01784876
knn,0.01566483
knn,0.01459637
knn,0.00728731
knn,0.0171932
knn,0.00915058
knn,0.01538301
knn,0.0098438
knn,0.0120451
knn,0.01235285
knn,0.01516485
knn,0.01113916
knn,0.01332758
knn,0.01251807
knn,0.01551411
knn,0.01485228
knn,0.01580289
knn,0.01269106
knn,0.01283876
knn,0.01555437
knn,0.00749519
knn,0.01366922
knn,0.0124328
knn,0.01486589
knn,0.015606
knn,0.01317068
knn,0.01619196
knn,0.01477217
knn,0.01325691
knn,0.01151221
knn,0.01244167
knn,0.01355918
knn,0.01705675
knn,0.01582279
knn,0.01074573
knn,0.01968314
knn,0.01238778
knn,0.01353796
knn,0.01581922
knn,0.01659017
knn,0.0174528
knn,0.01681318
knn,0.01396315
knn,0.01829964
knn,0.01239009
knn,0.01479371
knn,0.01452008
knn,0.01248929
knn,0.00852846
knn,0.01188932
knn,0.01821983
knn,0.01336113
knn,0.01331889
knn,0.00791247
knn,0.01227899
knn,0.01438396
knn,0.01303638
knn,0.01522962
knn,0.01211065
knn,0.0122135
knn,0.01401672
knn,0.01080576
knn,0.0143876
knn,0.01248766
knn,0.01307969
knn,0.01795257
knn,0.01808619
knn,0.01295325
knn,0.01506074
knn,0.0209835
knn,0.01013377
knn,0.01593777
knn,0.00971421
knn,0.00777454
knn,0.01363047
knn,0.0158154
knn,0.01171676
knn,0.00855098
knn,0.01618316
knn,0.01426643
knn,0.00691561
knn,0.01772372
knn,0.00826417
knn,0.01636272
knn,0.01083512
knn,0.01612418
knn,0.01280617
knn,0.01227538
knn,0.01257604
knn,0.01787413
knn,0.01564869
knn,0.01680303
knn,0.01126677
knn,0.01329263
knn,0.01390112
knn,0.01774398
knn,0.01527768
knn,0.0120595
knn,0.011519
knn,0.01333993
knn,0.01785175
knn,0.01740363
knn,0.01004528
knn,0.01426001
knn,0.01642317
knn,0.01207737
knn,0.01214054
knn,0.01422704
knn,0.00840374
knn,0.01374884
knn,0.01125804
knn,0.01261337
knn,0.0133758
knn,0.01249372
knn,0.01504673
knn,0.01473211
knn,0.0138937
knn,0.01622821
knn,0.01232451
knn,0.01009816
knn,0.01682774
knn,0.01678224
knn,0.01644121
knn,0.0164561
knn,0.00919258
knn,0.01278922
knn,0.01357127
knn,0.0113115
knn,0.01166086
knn,0.01265484
knn,0.0158455
knn,0.01449221
knn,0.01566675
knn,0.01796835
knn,0.01375207
knn,0.02065658
knn,0.01639112
knn,0.01719552
knn,0.01605186
knn,0.01335679
knn,0.01470857
knn,0.01400267
knn,0.01861462
knn,0.0125359
knn,0.0151076
knn,0.01461664
knn,0.0116641
knn,0.01162841
knn,0.01253577
knn,0.00987243
knn,0.01485833
knn,0.01124855
knn,0.0134452
knn,0.01273991
knn,0.00956773
knn,0.01659525
knn,0.01093822
knn,0.01383503
knn,0.01079267
knn,0.01422853
knn,0.01462422
knn,0.01112539
knn,0.00639815
knn,0.01409868
knn,0.0160937
knn,0.01180731
knn,0.01581931
knn,0.01503946
knn,0.01137561
knn,0.00998766
knn,0.01567156
knn,0.01249682
knn,0.01513539
knn,0.01100208
knn,0.01468533
knn,0.01012961
knn,0.0106185
knn,0.01317372
knn,0.01240526
knn,0.0091529
knn,0.01395287
knn,0.01568074
knn,0.0149421
knn,0.00711369
knn,0.01825533
knn,0.01240059
knn,0.01269211
knn,0.019517
knn,0.02274227
knn,0.01306329
knn,0.01489993
knn,0.01655514
knn,0.01301893
knn,0.01477059
knn,0.01110017
knn,0.01564631
knn,0.01325503
knn,0.01565975
knn,0.00863641
knn,0.01470379
knn,0.01566129
knn,0.01573687
knn,0.01460966
knn,0.02042701
knn,0.01403398
knn,0.01045611
knn,0.01576945
knn,0.01470057
knn,0.01795712
knn,0.01036436
knn,0.01361017
knn,0.01059485
knn,0.01243735
knn,0.01863167
knn,0.01572544
knn,0.01248759
knn,0.01324117
knn,0.01552107
knn,0.00947131
knn,0.01223486
knn,0.01554232
knn,0.01471329
knn,0.01170837
knn,0.01604352
knn,0.01547007
knn,0.01333372
knn,0.0136411
knn,0.01239599
knn,0.01359045
knn,0.0176982
knn,0.01929843
knn,0.01940535
knn,0.01807853
knn,0.00867969
knn,0.00977223
knn,0.02022577
knn,0.02021244
knn,0.02001361
knn,0.00712469
knn,0.01440648
knn,0.01711811
knn,0.01639572
knn,0.00958132
knn,0.01616411
knn,0.01143593
knn,0.01391016
knn,0.02187181
knn,0.01597387
knn,0.0105586
knn,0.01116706
knn,0.01508965
knn,0.01646266
knn,0.01821873
knn,0.01653292
knn,0.0174822
knn,0.0171177
knn,0.01175453
knn,0.01307992
knn,0.01163314
knn,0.01558141
knn,0.00710053
knn,0.00983316
knn,0.01205663
knn,0.01748725
knn,0.00850308
knn,0.01228046
knn,0.01166289
knn,0.01345116
knn,0.01337247
knn,0.01147742
knn,0.01484361
knn,0.01774944
knn,0.01675253
knn,0.01533576
knn,0.01565899
knn,0.01224805
knn,0.01295026
knn,0.01553155
knn,0.01116607
knn,0.02006894
knn,0.01310568
knn,0.01473988
knn,0.01472238
knn,0.02180652
knn,0.01283581
knn,0.01413776
knn,0.01115826
knn,0.01444524
knn,0.00856258
knn,0.01320389
knn,0.01113726
knn,0.01351208
knn,0.01258302
knn,0.01355132
knn,0.0161858
knn,0.01674672
knn,0.01483058
knn,0.01549147
knn,0.00921336
knn,0.01204621
knn,0.01749176
knn,0.00811971
knn,0.01524133
knn,0.01471067
knn,0.01292214
knn,0.0127073
knn,0.01474008
knn,0.01459507
knn,0.01316758
knn,0.01243882
knn,0.01883255
knn,0.01090993
knn,0.01644168
knn,0.01168849
knn,0.01078079
knn,0.01083239
knn,0.01518325
knn,0.00917313
knn,0.02096161
knn,0.01276016
knn,0.01158182
knn,0.01963311
knn,0.00522733
knn,0.0125553
knn,0.01304231
knn,0.01284647
knn,0.01075359
knn,0.00951532
knn,0.01057373
knn,0.01171729
knn,0.01595837
knn,0.01523608
knn,0.01608001
knn,0.01157124
knn,0.01322968
knn,0.01328069
knn,0.01265766
knn,0.01781811
knn,0.01487928
knn,0.01822622
knn,0.00598157
knn,0.01366156
knn,0.01652653
knn,0.00875132
knn,0.01586762
knn,0.01130686
knn,0.01601084
knn,0.01728362
knn,0.01421895
knn,0.01092162
knn,0.013314
knn,0.01259126
knn,0.01637444
knn,0.01471125
knn,0.01214935
knn,0.01230104
knn,0.01355517
knn,0.01364877
knn,0.01735219
knn,0.00852328
knn,0.01019889
knn,0.00999059
knn,0.01683991
knn,0.00886639
knn,0.00844658
knn,0.01499371
knn,0.01506037
knn,0.01413937
knn,0.01589099
knn,0.00947209
knn,0.01169419
knn,0.01148908
knn,0.01090084
knn,0.0150879
knn,0.01366289
knn,0.0114717
knn,0.01384447
knn,0.01344451
knn,0.01592359
knn,0.01392009
knn,0.01364236
knn,0.01218958
knn,0.01527398
knn,0.01102295
knn,0.01128982
knn,0.01039991
knn,0.01651044
knn,0.01489136
knn,0.01354224
knn,0.00839811
knn,0.01257981
knn,0.01182105
knn,0.0130242
knn,0.01135163
knn,0.0145036
knn,0.02036417
knn,0.01114038
knn,0.01420421
knn,0.01674553
knn,0.01147561
knn,0.01336699
knn,0.00820474
knn,0.01924115
knn,0.01524722
knn,0.01285726
knn,0.01695677
knn,0.01315735
knn,0.01616163
knn,0.01517724
knn,0.01277983
knn,0.00963158
knn,0.01048019
knn,0.01261457
knn,0.01436112
knn,0.00998383
knn,0.01420651
knn,0.00997566
knn,0.01334187
knn,0.01585188
knn,0.01054245
knn,0.019918
knn,0.00942707
knn,0.01027942
knn,0.01658109
knn,0.01496042
knn,0.01559842
knn,0.01828328
knn,0.01271979
knn,0.01251972
knn,0.01340182
knn,0.01849681
knn,0.0185273
knn,0.01341344
knn,0.01755975
knn,0.01318811
knn,0.01285823
knn,0.01566878
knn,0.01543134
knn,0.016127
knn,0.01586593
knn,0.01727459
knn,0.01875129
knn,0.01165644
knn,0.01584061
knn,0.01845509
knn,0.01613883
knn,0.01082288
knn,0.01396285
knn,0.01447959
knn,0.01658444
knn,0.01774275
knn,0.01257836
knn,0.00564871
knn,0.01788382
knn,0.01252595
knn,0.01479819
knn,0.00766429
knn,0.01568367
knn,0.01766882
knn,0.01193626
knn,0.01344265
knn,0.01252381
knn,0.01633172
knn,0.0137603
knn,0.01246044
knn,0.01914749
knn,0.01523186
knn,0.01080976
knn,0.01916864
knn,0.01339136
knn,0.01315843
knn,0.01142172
knn,0.01163228
knn,0.0110992
knn,0.00622407
knn,0.01314057
knn,0.0114943
knn,0.01977713
knn,0.01721164
knn,0.01509364
knn,0.01376337
knn,0.00971281
knn,0.01187574
knn,0.01667875
knn,0.00998329
knn,0.01253303
knn,0.00944576
knn,0.0154554
knn,0.01211472
knn,0.01743707
knn,0.00676103
knn,0.01592063
knn,0.01079725
knn,0.01430164
knn,0.01858682
knn,0.01155735
knn,0.01378436
knn,0.02050706
knn,0.01355067
knn,0.00978589
knn,0.01357285
knn,0.00895492
knn,0.01875777
knn,0.01084911
knn,0.01591588
knn,0.00848758
