machine_type,machine_id,filename,true_label,normalized_euclidean_e1,normalized_manhattan_e1,normalized_cosine_e1,normalized_euclidean_p9,normalized_manhattan_p9,normalized_cosine_p9,diff_normalized_euclidean,diff_normalized_manhattan,diff_normalized_cosine
pump,id_00,00000764.wav,normal,12.961474418640137,187.3851623535156,-0.0861301273107528,0.0,0.0,0.0,-12.961474418640137,-187.3851623535156,0.0861301273107528
pump,id_00,00000269.wav,normal,7.184118747711182,98.63961791992188,-0.0520052537322044,10.439656257629396,145.9898681640625,0.081447996199131,3.2555375099182147,47.350250244140625,0.1334532499313354
pump,id_00,00000551.wav,normal,43.88799285888672,617.388916015625,-0.0087868459522724,22.100622177124023,311.36309814453125,-0.0316683389246463,-21.787370681762695,-306.02581787109375,-0.0228814929723739
pump,id_00,00000980.wav,normal,5.533754348754883,79.75062561035156,0.0622393302619457,11.053179740905762,151.60568237304688,0.0319799482822418,5.519425392150879,71.85505676269531,-0.030259381979703896
pump,id_00,00000762.wav,normal,10.033157348632812,143.17848205566406,-0.0740331187844276,10.33396053314209,133.78028869628906,0.0212425682693719,0.30080318450927734,-9.398193359375,0.0952756870537995
pump,id_00,00000252.wav,normal,12.890931129455566,185.15963745117188,0.1325084567070007,15.636484146118164,206.656982421875,-0.0594560280442237,2.7455530166625977,21.497344970703125,-0.1919644847512244
pump,id_00,00000998.wav,normal,3.759987592697144,51.96160888671875,-0.0786192491650581,10.123363494873049,133.11068725585938,-0.0133811403065919,6.363375902175905,81.14907836914062,0.06523810885846619
pump,id_00,00000271.wav,normal,41.14377975463867,584.9786376953125,-0.0705537647008895,53.683067321777344,725.558349609375,-0.0240144785493612,12.539287567138672,140.5797119140625,0.0465392861515283
pump,id_00,00000146.wav,normal,58.97065734863281,808.822509765625,0.0397505760192871,24.808443069458008,343.1601867675781,-0.0843380838632583,-34.162214279174805,-465.6623229980469,-0.12408865988254542
pump,id_00,00000469.wav,normal,6.678304672241211,93.27218627929688,-0.1078968346118927,9.284326553344728,123.99411010742188,-0.0462300889194011,2.6060218811035174,30.721923828125,0.0616667456924916
pump,id_00,00000658.wav,normal,8.595966339111328,109.57083129882812,-0.0723507925868034,14.638748168945312,202.18768310546875,0.0566560551524162,6.042781829833984,92.61685180664062,0.1290068477392196
pump,id_00,00000405.wav,normal,8.25433349609375,119.61724853515624,-0.1121417209506034,9.553675651550291,126.2554931640625,-0.0566801279783248,1.2993421554565412,6.638244628906264,0.0554615929722786
pump,id_00,00000511.wav,normal,20.893070220947266,264.981689453125,-0.0251357275992631,36.55913543701172,495.601806640625,-0.0373502187430858,15.666065216064453,230.6201171875,-0.012214491143822698
pump,id_00,00000671.wav,normal,13.479710578918455,190.40838623046875,-0.0552144721150398,7.81583309173584,102.76734161376952,0.0305600520223379,-5.663877487182615,-87.64104461669923,0.0857745241373777
pump,id_00,00000217.wav,normal,18.002574920654297,259.33526611328125,-0.1000669747591018,18.257524490356445,244.9246368408203,0.0461948849260807,0.25494956970214844,-14.410629272460938,0.1462618596851825
pump,id_00,00000322.wav,normal,5.25812578201294,73.40010070800781,0.1206809803843498,7.118771553039551,95.66656494140624,-0.0280613880604505,1.8606457710266104,22.266464233398423,-0.1487423684448003
pump,id_00,00000735.wav,normal,17.678211212158203,257.1305847167969,-0.1122269928455352,17.61447525024414,242.72406005859372,0.0492136664688587,-0.0637359619140625,-14.406524658203153,0.1614406593143939
pump,id_00,00000580.wav,normal,13.663384437561035,199.7093811035156,-0.1211901530623436,10.15992832183838,134.5084686279297,0.0565971173346042,-3.5034561157226545,-65.20091247558591,0.1777872703969478
pump,id_00,00000216.wav,normal,6.260442733764648,83.18406677246094,0.0606293641030788,11.549383163452148,149.21304321289062,-0.0928191617131233,5.2889404296875,66.02897644042969,-0.1534485258162021
pump,id_00,00000067.wav,normal,19.83808898925781,288.38690185546875,0.1239414811134338,12.286709785461426,169.77806091308594,0.0158000979572534,-7.551379203796383,-118.60884094238281,-0.1081413831561804
pump,id_00,00000274.wav,normal,12.460320472717283,167.35205078125,0.0406282544136047,12.180194854736328,168.92405700683594,0.0125140938907861,-0.28012561798095525,1.5720062255859375,-0.0281141605228186
pump,id_00,00000410.wav,normal,8.644805908203125,122.00227355957033,-0.0613458976149559,9.29995059967041,117.89494323730467,-0.0072556380182504,0.6551446914672852,-4.107330322265653,0.0540902595967055
pump,id_00,00000323.wav,normal,8.987645149230957,122.21151733398438,0.0323204286396503,10.219926834106444,137.9434051513672,0.0448867380619049,1.2322816848754865,15.731887817382812,0.012566309422254597
pump,id_00,00000824.wav,normal,11.164888381958008,160.1216583251953,0.139017567038536,9.570751190185549,129.47796630859375,0.0489779710769653,-1.5941371917724592,-30.643692016601562,-0.09003959596157068
pump,id_00,00000988.wav,normal,12.007746696472168,163.94027709960938,0.0210272073745727,11.29309368133545,148.17587280273438,0.0315591692924499,-0.7146530151367188,-15.764404296875,0.010531961917877204
pump,id_00,00000841.wav,normal,6.243877410888672,86.42698669433594,0.1171559765934944,10.328449249267578,144.93338012695312,0.0816762000322341,4.084571838378906,58.50639343261719,-0.03547977656126031
pump,id_00,00000234.wav,normal,14.54792308807373,203.84671020507807,0.0566053800284862,5.8455352783203125,73.78273010253906,-0.0330603010952472,-8.702387809753418,-130.063980102539,-0.08966568112373341
pump,id_00,00000057.wav,normal,16.979904174804688,246.16897583007807,0.127700462937355,11.924540519714355,164.91668701171875,0.038079135119915,-5.055363655090332,-81.25228881835932,-0.08962132781744
pump,id_00,00000794.wav,normal,8.739654541015625,128.04896545410156,-0.1120673641562461,10.697290420532228,141.28176879882812,0.0028555919416248,1.9576358795166033,13.232803344726562,0.1149229560978709
pump,id_00,00000786.wav,normal,9.265069007873535,130.7658233642578,0.1231801435351371,23.49790573120117,314.3260498046875,0.0271418243646621,14.232836723327633,183.5602264404297,-0.09603831917047499
pump,id_00,00000863.wav,normal,6.14111328125,85.00736999511719,0.1437513679265976,8.066438674926758,106.58226013183594,-0.0308964680880308,1.9253253936767578,21.57489013671875,-0.1746478360146284
pump,id_00,00000332.wav,normal,12.243630409240724,178.34979248046875,0.1007410809397697,15.006877899169922,202.77615356445312,-0.0530507676303386,2.7632474899291974,24.426361083984375,-0.1537918485701083
pump,id_00,00000701.wav,normal,10.998786926269531,146.30618286132812,-0.0915165618062019,19.393075942993164,263.1039733886719,0.0563942305743694,8.394289016723633,116.79779052734375,0.1479107923805713
pump,id_00,00000224.wav,normal,3.1769943237304688,45.645751953125,0.0588169805705547,5.601702690124512,73.56999206542969,0.0424013324081897,2.424708366394043,27.924240112304688,-0.016415648162365
pump,id_00,00000570.wav,normal,14.711342811584473,184.39300537109372,-0.0137468418106436,21.284912109375,282.97869873046875,-0.0335709266364574,6.573569297790527,98.58569335937503,-0.0198240848258138
pump,id_00,00000704.wav,normal,15.615117073059082,225.0037841796875,-0.0930767953395843,13.812541961669922,191.9506683349609,0.0577488951385021,-1.8025751113891602,-33.05311584472659,0.1508256904780864
pump,id_00,00000655.wav,normal,4.056495666503906,54.49763107299805,0.0821771547198295,13.461798667907717,178.55596923828125,0.0066873896867036,9.40530300140381,124.0583381652832,-0.0754897650331259
pump,id_00,00000276.wav,normal,31.558029174804688,448.3714294433594,-0.0339220315217971,31.62415313720703,433.6762390136719,-0.0313265547156333,0.06612396240234375,-14.6951904296875,0.0025954768061637948
pump,id_00,00000388.wav,normal,9.94329833984375,131.65496826171875,0.0717907398939132,16.655574798583984,211.09915161132807,-0.0030222968198359,6.712276458740234,79.44418334960932,-0.0748130367137491
pump,id_00,00000473.wav,normal,13.415562629699709,194.15733337402344,-0.0888248309493064,10.456981658935549,133.9183349609375,0.0520255453884601,-2.95858097076416,-60.23899841308594,0.1408503763377665
pump,id_00,00000167.wav,normal,7.024667263031006,100.93316650390624,0.1327277868986129,7.715826034545898,102.5561981201172,0.060485903173685,0.6911587715148926,1.623031616210966,-0.0722418837249279
pump,id_00,00001000.wav,normal,10.576318740844728,145.64633178710938,0.1180678755044937,4.787391185760498,61.48027801513672,0.0698329359292984,-5.78892755508423,-84.16605377197266,-0.0482349395751953
pump,id_00,00000746.wav,normal,28.24034118652344,400.86468505859375,-0.130398690700531,32.54386520385742,451.24072265625,0.0143168773502111,4.303524017333981,50.37603759765625,0.1447155680507421
pump,id_00,00000546.wav,normal,9.71257209777832,138.80372619628906,-0.0760625824332237,12.26329517364502,161.6619110107422,0.0502690635621547,2.550723075866699,22.858184814453125,0.12633164599537838
pump,id_00,00000175.wav,normal,20.88814353942871,306.79248046875,0.1260460615158081,16.047266006469727,217.6285858154297,-0.0016055323649197,-4.840877532958984,-89.16389465332031,-0.1276515938807278
pump,id_00,00000993.wav,normal,6.696935176849365,95.19499206542967,0.0719456523656845,9.635467529296877,127.29859924316406,0.0899292081594467,2.9385323524475115,32.10360717773439,0.017983555793762207
pump,id_00,00000623.wav,normal,12.690924644470217,186.43060302734372,-0.1178182363510131,8.644108772277832,114.57982635498048,-0.0266710836440324,-4.046815872192385,-71.85077667236324,0.0911471527069807
pump,id_00,00000073.wav,normal,16.517778396606445,240.18527221679688,0.1309244483709335,11.892661094665527,160.8662109375,0.0242437813431024,-4.625117301940918,-79.31906127929688,-0.1066806670278311
pump,id_00,00000663.wav,normal,17.45462989807129,250.3149871826172,-0.088087223470211,11.261978149414062,144.4123077392578,0.011905868537724,-6.192651748657227,-105.90267944335938,0.099993092007935
pump,id_00,00000699.wav,normal,15.268299102783203,218.4986572265625,-0.0807605385780334,12.094423294067385,152.79588317871094,0.0723686665296554,-3.1738758087158185,-65.70277404785156,0.1531292051076888
pump,id_00,00000976.wav,normal,8.146726608276367,109.76488494873048,0.0960963144898414,14.942426681518556,204.5293426513672,0.044259026646614,6.795700073242189,94.7644577026367,-0.05183728784322741
pump,id_00,00000273.wav,normal,19.381702423095703,272.07989501953125,0.1040076240897178,20.03835678100586,271.10418701171875,-0.0819510146975517,0.6566543579101562,-0.9757080078125,-0.18595863878726948
pump,id_00,00000686.wav,normal,6.724744319915772,93.08786010742188,0.0438259951770305,9.44965362548828,126.9403839111328,-0.0160330962389707,2.724909305572507,33.85252380371092,-0.0598590914160012
pump,id_00,00000214.wav,normal,6.187251091003418,84.6019287109375,0.1143133118748664,8.594038009643555,111.988037109375,-0.0228538066148757,2.4067869186401367,27.3861083984375,-0.1371671184897421
pump,id_00,00000363.wav,normal,7.202692031860352,90.57946014404295,0.0482640750706195,13.30935287475586,176.02125549316406,-0.0535160601139068,6.106660842895508,85.44179534912111,-0.1017801351845263
pump,id_00,00000379.wav,normal,5.265546798706055,71.83438873291016,0.1391234397888183,11.335233688354492,148.6006317138672,-0.0098312748596072,6.0696868896484375,76.76624298095703,-0.1489547146484255
pump,id_00,00000166.wav,normal,9.539037704467772,134.27877807617188,0.0829802528023719,19.49049568176269,256.5183410644531,-0.0129244374111294,9.95145797729492,122.23956298828125,-0.0959046902135013
pump,id_00,00000373.wav,normal,18.342893600463867,257.3045654296875,0.0591348819434642,11.844252586364746,157.55001831054688,0.0134685859084129,-6.498641014099121,-99.75454711914062,-0.045666296035051304
pump,id_00,00000854.wav,normal,10.56364631652832,146.35247802734375,-0.0044967918656766,21.956666946411133,294.4254150390625,-0.0234573781490325,11.393020629882812,148.07293701171875,-0.0189605862833559
pump,id_00,00000650.wav,normal,8.93028450012207,117.67855072021484,-0.0743055641651153,26.00592041015625,341.04541015625,0.0592053197324276,17.07563591003418,223.36685943603516,0.1335108838975429
pump,id_00,00000464.wav,normal,15.31833267211914,214.55987548828125,-0.1198621466755867,14.180654525756836,199.8257751464844,-0.0433819405734539,-1.1376781463623047,-14.734100341796847,0.0764802061021328
pump,id_00,00000960.wav,normal,21.322769165039062,270.602783203125,-0.0325660072267055,18.69779586791992,246.364501953125,-0.0218332074582576,-2.624973297119144,-24.23828125,0.010732799768447904
pump,id_00,00000953.wav,normal,4.936115741729736,69.88619995117188,-0.0739879757165908,9.375216484069824,131.27816772460938,0.0622455850243568,4.439100742340088,61.3919677734375,0.1362335607409476
pump,id_00,00000103.wav,normal,13.104609489440918,183.8616943359375,0.1270886808633804,16.983665466308594,241.9888153076172,0.0375768393278121,3.879055976867676,58.12712097167969,-0.0895118415355683
pump,id_00,00000887.wav,normal,6.57273006439209,89.2041015625,-0.0659527033567428,7.743228435516357,100.26499938964844,0.0879626646637916,1.1704983711242676,11.060897827148438,0.1539153680205344
pump,id_00,00000984.wav,normal,20.444440841674805,283.2992553710937,-0.1123072579503059,9.32222843170166,125.1203384399414,0.0443614199757576,-11.122212409973145,-158.1789169311523,0.15666867792606348
pump,id_00,00000875.wav,normal,11.608697891235352,163.46499633789062,0.1058672592043876,12.823458671569824,177.5389862060547,0.0523685477674007,1.2147607803344727,14.073989868164062,-0.053498711436986895
pump,id_00,00000081.wav,normal,14.014293670654297,199.8316650390625,0.1321905851364135,11.355010986328123,156.74862670898438,0.0382278673350811,-2.6592826843261737,-43.083038330078125,-0.09396271780133239
pump,id_00,00000296.wav,normal,22.18017196655273,302.4567565917969,-0.1174696013331413,19.502161026000977,273.640625,-0.0453376546502113,-2.6780109405517543,-28.816131591796875,0.07213194668292999
pump,id_00,00000791.wav,normal,11.098928451538086,161.2663116455078,-0.0999379605054855,11.339058876037598,156.4850311279297,0.0125574618577957,0.24013042449951172,-4.781280517578125,0.11249542236328121
pump,id_00,00000233.wav,normal,24.75263023376465,348.3589782714844,0.0586254447698593,16.207530975341797,216.45123291015625,0.0174025706946849,-8.545099258422852,-131.90774536132812,-0.0412228740751744
pump,id_00,00000677.wav,normal,11.59153652191162,170.31312561035156,-0.1173476949334144,5.5566725730896,71.65128326416016,0.0395688414573669,-6.03486394882202,-98.6618423461914,0.1569165363907813
pump,id_00,00000046.wav,normal,51.9864616394043,724.0216064453125,0.0594845190644264,26.400121688842773,364.7632141113281,-0.0785874649882316,-25.586339950561523,-359.2583923339844,-0.138071984052658
pump,id_00,00000071.wav,normal,15.285811424255373,218.20700073242188,0.130002275109291,14.425423622131348,204.70556640625,0.0412363559007644,-0.8603878021240252,-13.501434326171875,-0.08876591920852658
pump,id_00,00000721.wav,normal,9.768111228942873,118.5282211303711,0.0079374052584171,16.961729049682617,233.3129119873047,0.0608706250786781,7.193617820739744,114.7846908569336,0.052933219820261
pump,id_00,00000196.wav,normal,13.538026809692385,191.06494140625,0.124846912920475,23.628398895263672,309.51251220703125,-0.005620582960546,10.090372085571287,118.44757080078125,-0.130467495881021
pump,id_00,00000591.wav,normal,12.691773414611816,182.6556396484375,-0.1224920824170112,14.519169807434082,200.83319091796875,0.0624778531491756,1.8273963928222656,18.17755126953125,0.1849699355661868
pump,id_00,00000370.wav,normal,12.15928554534912,173.96307373046875,-0.1121929064393043,7.941493988037109,106.08455657958984,0.049088217318058,-4.21779155731201,-67.8785171508789,0.1612811237573623
pump,id_00,00000882.wav,normal,19.502328872680664,257.5692138671875,-0.077942244708538,22.73553276062012,309.9614562988281,-0.0665193796157836,3.2332038879394567,52.392242431640625,0.011422865092754406
pump,id_00,00000906.wav,normal,6.399262428283691,82.50668334960938,-0.0553137697279453,8.372010231018066,109.76374816894533,0.042576752603054,1.972747802734375,27.25706481933595,0.09789052233099929
pump,id_00,00000633.wav,normal,12.569684982299805,174.5500946044922,-0.036769650876522,12.562807083129885,162.48045349121094,0.0818543210625648,-0.006877899169920099,-12.06964111328125,0.1186239719390868
pump,id_00,00000643.wav,normal,5.801915168762207,79.90450286865234,0.1300363838672638,12.015541076660156,159.45452880859375,0.0171040035784244,6.213625907897949,79.5500259399414,-0.1129323802888394
pump,id_00,00000849.wav,normal,13.49649143218994,169.73727416992188,-0.0236285012215375,26.05333709716797,346.27557373046875,-0.054889652878046,12.55684566497803,176.53829956054688,-0.0312611516565085
pump,id_00,00000300.wav,normal,9.837935447692873,135.0813446044922,0.0622722245752811,17.857576370239258,239.16653442382807,-0.0066007385030388,8.019640922546385,104.08518981933588,-0.0688729630783199
pump,id_00,00000565.wav,normal,12.789258003234863,177.40869140625,-0.0882617682218551,14.883090019226074,205.79400634765625,0.0746967643499374,2.093832015991211,28.38531494140625,0.1629585325717925
pump,id_00,00000080.wav,normal,10.537582397460938,146.1724853515625,0.1056010797619819,13.63117504119873,192.64816284179688,0.0539064556360244,3.093592643737793,46.475677490234375,-0.051694624125957496
pump,id_00,00000387.wav,normal,2.9810659885406494,38.33346557617188,-0.0353115126490592,9.148019790649414,122.00454711914062,-0.0023938626982271,6.166953802108765,83.67108154296875,0.0329176499508321
pump,id_00,00000127.wav,normal,15.638591766357422,224.729736328125,0.1330351531505584,10.533100128173828,142.0098114013672,0.0349178425967693,-5.105491638183594,-82.71992492675781,-0.09811731055378908
pump,id_00,00000549.wav,normal,13.259655952453612,193.9328765869141,-0.1203839629888534,10.815252304077148,141.7962646484375,0.0725393816828727,-2.444403648376463,-52.13661193847659,0.19292334467172612
pump,id_00,00000470.wav,normal,14.54582405090332,210.38140869140625,-0.0891545340418815,13.25376319885254,168.5270538330078,0.0645873546600341,-1.2920608520507795,-41.85435485839844,0.1537418887019156
pump,id_00,00000747.wav,normal,7.091456890106201,96.81379699707033,-0.0199572760611772,5.051921844482422,65.37471771240234,0.1170769929885864,-2.0395350456237793,-31.439079284667983,0.1370342690497636
pump,id_00,00000044.wav,normal,17.37314224243164,252.68069458007807,0.1320786327123642,16.049156188964844,224.43858337402344,0.0364869050681591,-1.3239860534667969,-28.24211120605463,-0.0955917276442051
pump,id_00,00000826.wav,normal,7.574288368225098,106.98284912109376,-0.0759165734052658,29.120235443115234,385.8450927734375,-0.0118414536118507,21.545947074890137,278.86224365234375,0.0640751197934151
pump,id_00,00000270.wav,normal,16.027578353881836,231.4176025390625,0.0934429243206977,10.66316032409668,141.71932983398438,-0.0443477258086204,-5.364418029785156,-89.69827270507812,-0.1377906501293181
pump,id_00,00000618.wav,normal,6.573627471923828,93.60704040527344,-0.1045415550470352,9.489392280578612,126.220703125,0.0456861034035682,2.9157648086547834,32.61366271972656,0.1502276584506034
pump,id_00,00000352.wav,normal,3.592445135116577,49.451602935791016,-0.0539480783045291,8.803009033203125,116.5934600830078,-0.0382102839648723,5.210563898086548,67.14185714721678,0.015737794339656802
pump,id_00,00000867.wav,normal,6.863735198974609,96.46615600585938,0.1424678564071655,10.109532356262209,138.45556640625,-0.0034077363088726,3.2457971572875994,41.989410400390625,-0.1458755927160381
pump,id_00,00000367.wav,normal,15.378995895385742,217.05221557617188,-0.0623367801308631,11.088756561279297,136.8465576171875,-0.0269941873848438,-4.290239334106445,-80.20565795898438,0.0353425927460193
pump,id_00,00000099.wav,normal,20.60734367370605,300.8150634765625,0.1171844154596328,19.673917770385746,274.13409423828125,0.0095248706638813,-0.9334259033203054,-26.68096923828125,-0.1076595447957515
pump,id_00,00000389.wav,normal,5.43228816986084,77.07158660888672,0.1206613332033157,10.718854904174805,141.9454803466797,-0.0320338942110538,5.286566734313965,64.87389373779297,-0.1526952274143695
pump,id_00,00000094.wav,normal,22.966472625732425,337.584716796875,0.1225357428193092,15.474432945251465,212.722900390625,-0.0308375209569931,-7.492039680480961,-124.86181640625,-0.1533732637763023
pump,id_00,00000996.wav,normal,8.761697769165039,118.59249877929688,-0.087455503642559,6.270728588104248,81.33966064453125,0.079654075205326,-2.490969181060791,-37.252838134765625,0.167109578847885
pump,id_00,00000344.wav,normal,14.58033847808838,184.692626953125,-0.0267359856516122,11.68112564086914,152.92462158203125,0.0127416886389255,-2.89921283721924,-31.76800537109375,0.039477674290537695
pump,id_00,00000781.wav,normal,10.978727340698242,157.7081298828125,-0.0849827751517295,8.698564529418945,115.5521011352539,-0.0319188199937343,-2.280162811279297,-42.156028747558594,0.0530639551579952
pump,id_00,00000220.wav,normal,12.291983604431152,175.61642456054688,0.1189113855361938,8.898710250854492,119.2248764038086,0.0172877628356218,-3.39327335357666,-56.39154815673828,-0.10162362270057201
pump,id_00,00000159.wav,normal,20.8011474609375,303.92059326171875,0.1128387525677681,17.57278060913086,240.3520355224609,-0.0011808603303506,-3.2283668518066406,-63.56855773925784,-0.1140196128981187
pump,id_00,00000970.wav,normal,7.862039089202881,103.28165435791016,-0.0012675173347815,12.166363716125488,166.13848876953125,0.062196847051382,4.304324626922607,62.856834411621094,0.0634643643861635
pump,id_00,00000348.wav,normal,5.6352128982543945,73.02547454833984,0.0436061508953571,11.585551261901855,159.53530883789062,-0.0360182337462902,5.950338363647461,86.50983428955078,-0.0796243846416473
pump,id_00,00000989.wav,normal,8.457565307617188,115.6775360107422,0.0664742961525917,5.908398628234863,78.21914672851562,0.0632100626826286,-2.549166679382324,-37.45838928222658,-0.0032642334699631015
pump,id_00,00000714.wav,normal,12.871317863464355,185.6351318359375,-0.0837101265788078,13.683873176574709,183.7556915283203,0.0583667382597923,0.8125553131103533,-1.8794403076171875,0.1420768648386001
pump,id_00,00000163.wav,normal,17.91748809814453,261.3439636230469,0.1328794062137603,14.36903953552246,193.6546630859375,0.0029062337707728,-3.548448562622072,-67.68930053710938,-0.1299731724429875
pump,id_00,00000825.wav,normal,9.863617897033691,137.303955078125,0.1160444170236587,11.811389923095703,161.1422882080078,0.0019304233137518,1.9477720260620117,23.838333129882812,-0.1141139937099069
pump,id_00,00000777.wav,normal,8.44314193725586,117.08775329589844,-0.0222016610205173,10.517614364624023,144.52932739257812,0.0244571790099143,2.074472427368164,27.441574096679688,0.0466588400304316
pump,id_00,00000006.wav,normal,18.303407669067383,262.9435729980469,0.1073877736926078,16.53683090209961,215.6820831298828,0.0085821542888879,-1.7665767669677734,-47.26148986816406,-0.0988056194037199
pump,id_00,00000890.wav,normal,7.595791816711426,97.35767364501952,-0.023187855258584,6.919774055480957,90.65080261230467,-0.0020227630157023,-0.6760177612304688,-6.706871032714844,0.0211650922428817
pump,id_00,00000828.wav,normal,19.63699722290039,276.15216064453125,0.0462244376540184,12.860838890075684,171.34304809570312,-0.0259885340929031,-6.776158332824707,-104.80911254882812,-0.0722129717469215
pump,id_00,00000284.wav,normal,8.664199829101562,109.2222137451172,-0.0719453617930412,10.288330078125,134.85391235351562,0.0045336661860346,1.6241302490234375,25.631698608398423,0.0764790279790758
pump,id_00,00000603.wav,normal,25.445772171020508,369.0303039550781,-0.1235884875059127,9.503077507019045,120.25665283203124,-0.0321468524634838,-15.942694664001463,-248.77365112304688,0.0914416350424289
pump,id_00,00000459.wav,normal,12.393808364868164,180.766845703125,-0.1255053579807281,14.106739044189451,181.81497192382807,-0.0252484083175659,1.7129306793212873,1.0481262207030682,0.10025694966316219
pump,id_00,00000225.wav,normal,9.282061576843262,130.2995147705078,0.0802018493413925,7.544867038726807,102.07457733154295,-0.0291937366127967,-1.737194538116455,-28.224937438964858,-0.1093955859541892
pump,id_00,00000429.wav,normal,13.395566940307615,161.11878967285156,0.0282702185213565,20.60912704467773,277.25177001953125,-0.0722485035657882,7.213560104370115,116.13298034667969,-0.1005187220871447
pump,id_00,00000992.wav,normal,5.681332111358643,79.22911071777344,-0.073298841714859,10.806918144226074,145.93121337890625,0.0421774685382843,5.125586032867432,66.70210266113281,0.1154763102531433
pump,id_00,00000718.wav,normal,10.96817684173584,159.29806518554688,-0.0948206782341003,12.689409255981444,168.54164123535156,0.0315920487046241,1.7212324142456037,9.243576049804688,0.1264127269387244
pump,id_00,00000665.wav,normal,18.150745391845703,261.43182373046875,-0.0905204936861991,16.562824249267578,220.3258819580078,0.0824107229709625,-1.587921142578125,-41.10594177246094,0.1729312166571616
pump,id_00,00000733.wav,normal,47.76895904541016,660.9767456054688,-0.1251441389322281,47.60668563842773,610.9198608398438,0.0440031737089157,-0.16227340698243609,-50.056884765625,0.1691473126411438
pump,id_00,00000203.wav,normal,9.527790069580078,129.9810791015625,0.0650907754898071,18.628767013549805,250.84364318847656,0.0025065012741833,9.100976943969727,120.86256408691406,-0.0625842742156238
pump,id_00,00000574.wav,normal,14.688108444213867,213.69720458984372,-0.1251855194568634,8.870902061462402,121.86082458496094,-0.0385824516415596,-5.817206382751465,-91.83638000488278,0.0866030678153038
pump,id_00,00000027.wav,normal,26.201358795166016,378.4351196289063,0.0927494838833808,21.93955993652344,297.08172607421875,0.0048851226456463,-4.261798858642575,-81.35339355468756,-0.0878643612377345
pump,id_00,00000616.wav,normal,22.1203727722168,314.7047424316406,-0.0821190401911735,15.645793914794922,210.722900390625,-0.0064724180847406,-6.4745788574218786,-103.98184204101562,0.0756466221064329
pump,id_00,00000517.wav,normal,13.169002532958984,182.87843322753903,-0.0330854877829551,18.42999839782715,241.8822021484375,0.0693514943122863,5.260995864868164,59.003768920898466,0.1024369820952414
pump,id_00,00000238.wav,normal,13.118179321289062,175.2308807373047,-0.0135977016761899,11.619478225708008,163.1699981689453,-0.055830243974924,-1.4987010955810547,-12.060882568359375,-0.0422325422987341
pump,id_00,00000223.wav,normal,8.333189964294434,110.35616302490234,0.056935291737318,11.263163566589355,150.89288330078125,-0.0093184048309922,2.929973602294922,40.536720275878906,-0.06625369656831019
pump,id_00,00000095.wav,normal,18.15759658813477,262.0678405761719,0.1215613782405853,15.819623947143556,221.10836791992188,0.035402700304985,-2.3379726409912127,-40.95947265625,-0.08615867793560031
pump,id_00,00000030.wav,normal,12.336661338806152,173.79884338378906,0.1280958652496338,14.168298721313477,200.27099609375,0.0363390184938907,1.8316373825073242,26.472152709960938,-0.09175684675574308
pump,id_00,00000032.wav,normal,38.78209686279297,561.9932861328125,0.0944201946258544,24.195444107055664,321.0641784667969,-0.0354893468320369,-14.586652755737305,-240.92910766601562,-0.1299095414578913
pump,id_00,00000432.wav,normal,12.30981159210205,174.72891235351562,-0.087260365486145,11.245655059814451,153.4796142578125,0.0653806999325752,-1.0641565322875994,-21.249298095703125,0.1526410654187202
pump,id_00,00000604.wav,normal,10.379589080810549,147.6981201171875,-0.0694280341267585,8.679128646850586,115.14210510253906,0.0684064030647277,-1.7004604339599627,-32.55601501464844,0.1378344371914862
pump,id_00,00000089.wav,normal,15.209378242492676,220.95187377929688,0.1263229846954345,10.746517181396484,144.58624267578125,0.0043356660753488,-4.462861061096191,-76.36563110351562,-0.12198731862008569
pump,id_00,00000558.wav,normal,13.081859588623049,187.77325439453125,-0.0789817348122596,10.759516716003418,149.3924560546875,0.0799861848354339,-2.3223428726196307,-38.38079833984375,0.15896791964769352
pump,id_00,00000913.wav,normal,5.474044322967529,75.23336791992188,0.0420930795371532,8.474321365356445,113.13156127929688,-0.0207244399935007,3.000277042388916,37.898193359375,-0.0628175195306539
pump,id_00,00000758.wav,normal,10.218132972717283,148.49539184570312,-0.0958672761917114,11.152851104736328,146.910888671875,0.0057868543080985,0.9347181320190447,-1.584503173828125,0.1016541304998099
pump,id_00,00000692.wav,normal,13.161157608032228,189.07589721679688,0.1361376494169235,7.517762184143066,102.16007232666016,0.0642842128872871,-5.643395423889162,-86.91582489013672,-0.0718534365296364
pump,id_00,00000104.wav,normal,14.933501243591309,215.35455322265625,0.1333415061235427,12.353822708129885,171.85440063476562,0.0399458371102809,-2.579678535461424,-43.500152587890625,-0.0933956690132618
pump,id_00,00000754.wav,normal,13.001712799072266,187.6190185546875,-0.0929319858551025,10.49907684326172,139.03810119628906,-0.0294316858053207,-2.502635955810545,-48.58091735839844,0.0635003000497818
pump,id_00,00000142.wav,normal,15.635217666625977,218.67166137695312,0.120191216468811,11.792543411254885,158.684814453125,0.0309657007455825,-3.842674255371092,-59.986846923828125,-0.0892255157232285
pump,id_00,00000228.wav,normal,18.22148704528809,266.0048217773437,-0.1309176832437515,15.087957382202148,202.0817413330078,-0.0138686029240489,-3.133529663085941,-63.92308044433588,0.1170490803197026
pump,id_00,00000250.wav,normal,11.53077507019043,167.5989990234375,-0.1020364165306091,9.112244606018066,123.03263854980467,0.0763427838683128,-2.4185304641723633,-44.56636047363283,0.1783792003989219
pump,id_00,00000281.wav,normal,9.767569541931152,141.48162841796875,0.1248797103762626,12.595189094543455,161.29660034179688,-0.074448361992836,2.827619552612303,19.814971923828125,-0.1993280723690986
pump,id_00,00000759.wav,normal,8.067919731140137,117.59325408935548,-0.1157034486532211,8.767603874206543,115.18885040283205,0.073614664375782,0.6996841430664062,-2.4044036865234375,0.1893181130290031
pump,id_00,00000025.wav,normal,16.899505615234375,242.5936584472656,0.1315730363130569,12.461041450500488,172.13975524902344,-0.0166462827473878,-4.438464164733887,-70.45390319824216,-0.1482193190604447
pump,id_00,00000114.wav,normal,12.168246269226074,172.92437744140625,0.1347104758024215,10.135371208190918,141.99032592773438,0.0314371772110462,-2.0328750610351562,-30.934051513671875,-0.1032732985913753
pump,id_00,00000654.wav,normal,15.689857482910156,225.0876922607422,0.1150323078036308,25.62543296813965,344.9569396972656,-0.0301114711910486,9.935575485229492,119.86924743652344,-0.1451437789946794
pump,id_02,00000095.wav,normal,9.913208961486816,132.05690002441406,-0.0004496499313972,0.0,0.0,0.0,-9.913208961486816,-132.05690002441406,0.0004496499313972
pump,id_02,00000417.wav,normal,19.29806327819824,270.2440795898437,-0.1253502070903778,41.73200988769531,551.0699462890625,0.0749692693352699,22.433946609497074,280.8258666992188,0.2003194764256477
pump,id_02,00000565.wav,normal,33.08197021484375,454.0305786132813,-0.079904705286026,26.49062156677246,338.1654663085937,0.0539393760263919,-6.591348648071289,-115.86511230468761,0.1338440813124179
pump,id_02,00000014.wav,normal,15.483062744140623,197.2872314453125,0.010314468294382,19.76034164428711,274.20263671875,-0.0489102266728878,4.277278900146486,76.9154052734375,-0.0592246949672698
pump,id_02,00000564.wav,normal,7.094561576843262,98.21601104736328,-0.0909174233675003,12.233115196228027,167.50009155273438,-0.0746670067310333,5.138553619384766,69.2840805053711,0.016250416636467008
pump,id_02,00000318.wav,normal,6.48176383972168,90.01322937011719,-0.1023984029889106,13.637130737304688,176.12271118164062,-0.0912694931030273,7.155366897583008,86.10948181152344,0.011128909885883304
pump,id_02,00000162.wav,normal,8.386842727661133,115.96514892578124,0.1271973252296447,6.329708576202393,86.99148559570312,0.071008376777172,-2.0571341514587402,-28.97366333007811,-0.05618894845247269
pump,id_02,00000726.wav,normal,11.332088470458984,150.913330078125,0.001835988368839,11.914661407470703,160.87796020507812,0.071172259747982,0.5825729370117188,9.964630126953125,0.069336271379143
pump,id_02,00000245.wav,normal,32.59339141845703,469.9498901367188,-0.1409855931997299,30.838438034057617,413.92962646484375,0.0805094316601753,-1.754953384399414,-56.02026367187506,0.2214950248599052
pump,id_02,00000818.wav,normal,17.238704681396484,243.51617431640625,0.1248175650835037,23.486713409423828,310.08282470703125,-0.0417432859539985,6.248008728027344,66.566650390625,-0.1665608510375022
pump,id_02,00000623.wav,normal,39.4211311340332,552.2106323242188,0.0628133490681648,30.59343147277832,416.98089599609375,-0.0268428083509206,-8.827699661254883,-135.229736328125,-0.08965615741908539
pump,id_02,00000645.wav,normal,11.313764572143556,155.44467163085938,0.0827175825834274,11.775018692016602,157.16976928710938,-0.0139305833727121,0.4612541198730451,1.72509765625,-0.09664816595613951
pump,id_02,00000029.wav,normal,15.460739135742188,221.32711791992188,-0.1187301203608512,15.9816312789917,212.5787506103516,-0.0087948916479945,0.5208921432495117,-8.748367309570284,0.1099352287128567
pump,id_02,00000124.wav,normal,7.134965896606445,103.08937072753906,0.1035754159092903,15.568992614746094,216.85772705078125,0.0516324900090694,8.434026718139648,113.76835632324219,-0.0519429259002209
pump,id_02,00000496.wav,normal,27.801847457885746,392.83837890625,-0.1344196498394012,19.443580627441406,254.6662139892578,0.0126912062987685,-8.35826683044434,-138.1721649169922,0.14711085613816968
pump,id_02,00000715.wav,normal,21.45094871520996,285.8905944824219,0.0152876349166035,22.949216842651367,307.6659851074219,0.0258482303470373,1.4982681274414062,21.775390625,0.010560595430433802
pump,id_02,00000961.wav,normal,8.789833068847656,123.53352355957033,-0.1066208854317665,15.339773178100586,212.36929321289065,-0.0917191281914711,6.54994010925293,88.83576965332033,0.014901757240295396
pump,id_02,00000294.wav,normal,13.070584297180176,186.2579345703125,-0.1038248538970947,11.480667114257812,150.6102294921875,0.0056809685193002,-1.5899171829223633,-35.647705078125,0.1095058224163949
pump,id_02,00000134.wav,normal,6.603917598724365,90.92356872558594,0.1241018027067184,8.782919883728027,117.38119506835938,0.0027106346096843,2.179002285003662,26.457626342773438,-0.1213911680970341
pump,id_02,00000562.wav,normal,8.508295059204102,116.35052490234376,-0.1078532412648201,15.430349349975586,211.29541015625,0.1007086187601089,6.922054290771484,94.94488525390624,0.208561860024929
pump,id_02,00000273.wav,normal,18.48851776123047,282.35400390625,-0.0656583681702613,19.20647430419922,267.7317199707031,-0.0699653849005699,0.71795654296875,-14.622283935546875,-0.004307016730308602
pump,id_02,00000208.wav,normal,10.582457542419434,144.63058471679688,0.109253279864788,8.776124954223633,114.8019561767578,-0.0447207577526569,-1.8063325881958008,-29.828628540039077,-0.1539740376174449
pump,id_02,00000052.wav,normal,13.931461334228516,193.8529052734375,0.0896595790982246,15.321977615356444,202.0477600097656,-0.003813240211457,1.390516281127928,8.194854736328097,-0.0934728193096816
pump,id_02,00000904.wav,normal,11.536602973937988,146.989013671875,-0.0144438100978732,16.931467056274414,232.8910369873047,-0.052446287125349,5.394864082336426,85.90202331542969,-0.038002477027475806
pump,id_02,00000988.wav,normal,7.590127944946289,108.7633056640625,0.1324827373027801,12.33578395843506,159.80352783203125,0.0524642206728458,4.745656013488771,51.04022216796875,-0.0800185166299343
pump,id_02,00001000.wav,normal,13.907584190368652,197.55804443359372,0.1006731912493705,14.44174098968506,197.2889404296875,-0.0260974392294883,0.534156799316408,-0.2691040039062216,-0.1267706304788588
pump,id_02,00000510.wav,normal,6.978773593902588,93.0894775390625,-0.0835646837949752,14.441088676452637,195.68637084960935,0.0970658734440803,7.462315082550049,102.59689331054685,0.1806305572390555
pump,id_02,00000935.wav,normal,13.682497024536133,202.66693115234372,-0.0318144038319587,11.604905128479004,149.34710693359375,-0.0028918760363012,-2.077591896057129,-53.31982421874997,0.0289225277956575
pump,id_02,00000637.wav,normal,16.480518341064453,232.4078063964844,-0.1229630932211875,13.055116653442385,174.46298217773438,0.0577545464038848,-3.4254016876220685,-57.94482421875003,0.18071763962507228
pump,id_02,00000370.wav,normal,15.653639793395996,224.064697265625,-0.0360125824809074,13.132538795471191,178.2573699951172,-0.0730631127953529,-2.5211009979248047,-45.80732727050781,-0.037050530314445496
pump,id_02,00000530.wav,normal,27.075170516967773,366.953125,-0.1197220906615257,17.885719299316406,237.87733459472656,0.0477080456912517,-9.189451217651367,-129.07579040527344,0.1674301363527774
pump,id_02,00000192.wav,normal,10.882353782653809,147.03404235839844,0.0432747118175029,14.546345710754396,193.00198364257807,-0.0031977710314095,3.6639919281005877,45.96794128417963,-0.0464724828489124
pump,id_02,00000055.wav,normal,10.228047370910645,142.27664184570312,-0.1055587753653526,14.776528358459473,200.80755615234372,-0.0060295751318335,4.548480987548828,58.5309143066406,0.0995292002335191
pump,id_02,00000423.wav,normal,9.147218704223633,137.38916015625,-0.0629583820700645,7.158054351806641,92.4641571044922,0.0576961748301982,-1.9891643524169922,-44.9250030517578,0.1206545569002627
pump,id_02,00000473.wav,normal,14.770929336547852,210.1015625,-0.1242792159318924,19.61640739440918,269.4270324707031,0.0993464961647987,4.845478057861328,59.325469970703125,0.22362571209669108
pump,id_02,00000555.wav,normal,15.135154724121094,216.2121734619141,-0.1324658989906311,9.836212158203123,127.33505249023438,0.0917239636182785,-5.2989425659179705,-88.87712097167972,0.2241898626089096
pump,id_02,00000673.wav,normal,12.127458572387695,171.77426147460938,-0.1256842911243438,7.104344844818115,91.1053237915039,0.0181299149990081,-5.02311372756958,-80.66893768310547,0.14381420612335188
pump,id_02,00000001.wav,normal,9.834308624267578,147.56240844726562,-0.0652290359139442,15.239398956298828,209.80780029296875,0.0363807007670402,5.40509033203125,62.245391845703125,0.1016097366809844
pump,id_02,00000977.wav,normal,13.840869903564451,195.0853729248047,-0.0363718084990978,11.86788272857666,158.79681396484375,-0.0301256347447633,-1.9729871749877912,-36.28855895996094,0.006246173754334502
pump,id_02,00000526.wav,normal,4.802556991577148,60.605560302734375,-0.0262822676450014,11.97762966156006,159.60983276367188,0.1021001636981964,7.175072669982912,99.0042724609375,0.1283824313431978
pump,id_02,00000885.wav,normal,13.629693984985352,194.6792907714844,0.1349817365407943,16.926986694335938,226.11355590820312,-0.0721700862050056,3.297292709350586,31.43426513671872,-0.2071518227457999
pump,id_02,00000413.wav,normal,6.427951335906982,84.44244384765625,0.0404220335185527,7.249225616455078,97.64798736572266,0.0917746499180793,0.8212742805480957,13.205543518066406,0.05135261639952661
pump,id_02,00000791.wav,normal,17.026588439941406,238.0687561035156,0.1192352324724197,10.43652057647705,146.32522583007812,0.0631926506757736,-6.5900678634643555,-91.74353027343747,-0.05604258179664609
pump,id_02,00000118.wav,normal,10.888617515563965,158.50706481933594,0.1201642826199531,11.533950805664062,157.59848022460938,0.0294701475650072,0.6453332901000977,-0.9085845947265625,-0.0906941350549459
pump,id_02,00000331.wav,normal,36.33741760253906,498.712646484375,-0.07778862118721,58.23785781860352,775.3976440429688,0.0341457538306713,21.90044021606446,276.68499755859375,0.1119343750178813
pump,id_02,00000258.wav,normal,49.97661209106445,657.31298828125,-0.0400133393704891,35.817020416259766,471.9691162109375,0.0098817246034741,-14.159591674804688,-185.3438720703125,0.0498950639739632
pump,id_02,00000322.wav,normal,40.415374755859375,578.996337890625,-0.1285817623138427,31.852977752685547,438.51702880859375,-0.0420500487089157,-8.562397003173828,-140.47930908203125,0.086531713604927
pump,id_02,00000090.wav,normal,30.347881317138672,418.5911865234375,-0.1000991761684417,28.455368041992188,366.2192993164063,0.0767265632748603,-1.8925132751464844,-52.37188720703119,0.176825739443302
pump,id_02,00000465.wav,normal,10.946738243103027,161.70755004882812,-0.0932734236121177,13.874930381774902,191.08164978027344,-0.040777888149023,2.928192138671875,29.374099731445312,0.0524955354630947
pump,id_02,00000037.wav,normal,8.870275497436523,123.90937042236328,0.1368405669927597,13.305155754089355,183.2402801513672,0.0273020844906568,4.434880256652832,59.330909729003906,-0.10953848250210291
pump,id_02,00000563.wav,normal,5.549548149108887,68.50103759765625,-0.0027801655232906,14.134475708007812,193.545654296875,0.0976822674274444,8.584927558898926,125.04461669921875,0.10046243295073501
pump,id_02,00000778.wav,normal,24.616159439086918,350.57061767578125,0.1156338080763816,23.33087921142578,312.51739501953125,0.0014792603906244,-1.2852802276611364,-38.05322265625,-0.1141545476857572
pump,id_02,00000924.wav,normal,8.102385520935059,117.41949462890624,0.1223683804273605,12.360407829284668,164.982177734375,0.0267513077706098,4.258022308349609,47.562683105468764,-0.0956170726567507
pump,id_02,00000410.wav,normal,23.9141845703125,346.3443908691406,-0.1347548067569732,24.16398811340332,335.96612548828125,-0.0013679943513125,0.2498035430908203,-10.378265380859375,0.13338681240566072
pump,id_02,00000678.wav,normal,8.846883773803711,117.44482421875,-0.0854472741484642,13.40880012512207,179.58901977539062,0.103547379374504,4.561916351318359,62.144195556640625,0.1889946535229682
pump,id_02,00000974.wav,normal,13.149538040161133,196.8396453857422,-0.0918448194861412,12.78592300415039,167.79122924804688,0.0072104921564459,-0.3636150360107422,-29.048416137695312,0.0990553116425871
pump,id_02,00000507.wav,normal,13.58918571472168,170.46412658691406,-0.0348222181200981,12.717936515808104,166.2795867919922,0.0779369175434112,-0.871249198913576,-4.184539794921875,0.1127591356635093
pump,id_02,00000710.wav,normal,15.7614164352417,217.2084045410156,-0.091335505247116,14.756173133850098,197.12106323242188,0.1056151613593101,-1.0052433013916016,-20.08734130859372,0.1969506666064261
pump,id_02,00000421.wav,normal,13.176112174987791,195.1271209716797,-0.0301273483783006,10.593343734741213,140.4303741455078,-0.0454410016536712,-2.5827684402465785,-54.696746826171875,-0.015313653275370601
pump,id_02,00000337.wav,normal,16.235441207885742,244.18138122558597,-0.0442639477550983,16.32530403137207,220.7071075439453,-0.1017069220542907,0.08986282348632812,-23.474273681640653,-0.0574429742991924
pump,id_02,00000164.wav,normal,13.071944236755373,185.43405151367188,0.1323178112506866,9.60574722290039,130.7963409423828,-0.0136566050350666,-3.4661970138549822,-54.63771057128906,-0.1459744162857532
pump,id_02,00000878.wav,normal,14.336145401000977,183.73199462890625,0.0646247267723083,15.841904640197754,205.720947265625,-0.0249720010906457,1.5057592391967773,21.98895263671875,-0.089596727862954
pump,id_02,00000107.wav,normal,11.280633926391602,152.66635131835938,0.0461444482207298,13.875141143798828,180.61599731445312,-0.0037673274055123,2.5945072174072266,27.94964599609375,-0.0499117756262421
pump,id_02,00000686.wav,normal,13.850123405456545,192.704833984375,0.112774908542633,8.800166130065918,118.29862213134766,0.0668423771858215,-5.049957275390627,-74.40621185302734,-0.045932531356811496
pump,id_02,00000328.wav,normal,7.909396171569824,116.82707214355467,-0.0816338583827018,7.661078929901123,100.55038452148438,-0.0372856818139553,-0.24831724166870117,-16.2766876220703,0.044348176568746504
pump,id_02,00000341.wav,normal,9.975796699523926,143.65567016601562,-0.1010731682181358,11.17900276184082,144.9539794921875,-0.0359707102179527,1.2032060623168945,1.298309326171875,0.0651024580001831
pump,id_02,00000418.wav,normal,28.98722267150879,392.3527221679688,-0.0827796310186386,22.162107467651367,300.80792236328125,-0.056410688906908,-6.825115203857422,-91.54479980468756,0.026368942111730596
pump,id_02,00000356.wav,normal,14.75270938873291,213.17691040039065,-0.1050521731376648,12.12465763092041,164.91075134277344,-0.0877972543239593,-2.6280517578125,-48.266159057617216,0.0172549188137055
pump,id_02,00000933.wav,normal,9.230511665344238,124.42750549316406,0.0058949082158505,16.314115524291992,225.3384704589844,-0.0505332611501216,7.083603858947754,100.91096496582034,-0.0564281693659721
pump,id_02,00000950.wav,normal,13.086121559143066,169.17544555664062,0.025179760530591,9.466218948364258,119.71951293945312,-0.0404617749154567,-3.6199026107788086,-49.4559326171875,-0.0656415354460477
pump,id_02,00000503.wav,normal,11.24318790435791,136.035888671875,-0.011102951131761,21.116071701049805,273.5189819335937,0.0589954480528831,9.872883796691895,137.4830932617187,0.0700983991846441
pump,id_02,00000833.wav,normal,10.993224143981934,152.28530883789062,0.1185542494058609,12.155258178710938,169.35232543945312,0.0956769436597824,1.162034034729004,17.0670166015625,-0.022877305746078505
pump,id_02,00000650.wav,normal,15.173628807067873,220.74685668945312,-0.0803904235363006,15.5943021774292,205.1691436767578,-0.0432783663272857,0.42067337036132635,-15.577713012695312,0.037112057209014906
pump,id_02,00000446.wav,normal,23.658323287963867,338.1512451171875,-0.1437789052724838,13.973773956298828,178.9625244140625,-0.0005793034797534,-9.684549331665039,-159.188720703125,0.1431996017927304
pump,id_02,00000599.wav,normal,13.311239242553713,180.4220123291016,-0.0966449454426765,16.749534606933594,226.70294189453125,0.0967167466878891,3.438295364379881,46.28092956542966,0.1933616921305656
pump,id_02,00000185.wav,normal,14.06507396697998,195.967529296875,0.0961420387029647,14.718100547790527,190.05577087402344,-0.065456710755825,0.6530265808105469,-5.9117584228515625,-0.16159874945878971
pump,id_02,00000284.wav,normal,9.907634735107422,137.51425170898438,-0.0060192896053195,14.62479019165039,205.52194213867188,-0.0819495022296905,4.717155456542969,68.0076904296875,-0.075930212624371
pump,id_02,00000452.wav,normal,11.39353847503662,160.6405792236328,-0.1209945455193519,16.02676010131836,221.28640747070312,-0.0569853037595748,4.63322162628174,60.64582824707031,0.0640092417597771
pump,id_02,00000667.wav,normal,5.294752597808838,75.69384765625,-0.0613552667200565,11.283849716186523,149.39390563964844,-0.0740437507629394,5.9890971183776855,73.70005798339844,-0.012688484042882898
pump,id_02,00000531.wav,normal,27.9951229095459,356.66912841796875,-0.035128466784954,6.534875869750977,87.70599365234375,0.0581214241683483,-21.460247039794922,-268.963134765625,0.0932498909533023
pump,id_02,00000481.wav,normal,16.73965835571289,237.66416931152344,-0.1333850175142288,13.472860336303713,181.32583618164065,-0.0059928526170551,-3.266798019409178,-56.338333129882784,0.1273921648971737
pump,id_02,00000179.wav,normal,12.006756782531738,171.28375244140625,0.1004474014043808,12.398150444030762,172.830322265625,0.0942345485091209,0.39139366149902344,1.54656982421875,-0.006212852895259899
pump,id_02,00000774.wav,normal,6.73797607421875,89.30876922607422,0.0080566778779029,9.565603256225586,129.01876831054688,0.0423571541905403,2.827627182006836,39.709999084472656,0.0343004763126374
pump,id_02,00000781.wav,normal,23.295429229736328,329.956787109375,0.1257597804069519,15.522123336791992,210.2211151123047,-0.0111601054668426,-7.773305892944336,-119.73567199707031,-0.1369198858737945
pump,id_02,00000041.wav,normal,7.575024127960205,97.14990234375,0.0325973778963089,11.45321559906006,158.40872192382812,0.0350484885275363,3.8781914710998553,61.258819580078125,0.002451110631227403
pump,id_02,00000590.wav,normal,31.46596908569336,471.4930114746094,0.0713988095521926,25.89236640930176,341.7132568359375,-0.0427624061703681,-5.573602676391598,-129.77975463867188,-0.1141612157225607
pump,id_02,00000275.wav,normal,14.84275245666504,222.8143768310547,-0.0488856434822082,15.40075969696045,213.3654327392578,-0.0786951407790184,0.5580072402954084,-9.448944091796875,-0.0298094972968102
pump,id_02,00000841.wav,normal,12.998942375183104,185.0128631591797,0.1170514225959777,8.787284851074219,122.12477111816406,0.062108889222145,-4.211657524108885,-62.888092041015625,-0.0549425333738327
pump,id_02,00000688.wav,normal,11.803476333618164,175.84120178222656,-0.0941898971796035,5.317999362945557,68.46339416503906,0.0124502861872315,-6.485476970672607,-107.3778076171875,0.10664018336683499
pump,id_02,00000783.wav,normal,20.685569763183597,294.26971435546875,0.1280685663223266,12.634746551513672,175.26803588867188,0.053022127598524,-8.050823211669925,-119.00167846679688,-0.0750464387238026
pump,id_02,00000021.wav,normal,6.71186113357544,80.58551025390625,0.0439639315009117,8.214286804199219,109.02671813964844,-0.0696740001440048,1.5024256706237784,28.441207885742188,-0.11363793164491649
pump,id_02,00000601.wav,normal,21.972999572753903,303.5865173339844,-0.086319126188755,19.25558853149414,260.0032958984375,0.0456550940871238,-2.717411041259762,-43.583221435546875,0.1319742202758788
pump,id_02,00000589.wav,normal,9.908215522766112,140.06216430664062,0.0534982644021511,14.024682998657228,189.09378051757807,0.0004796853172592,4.116467475891117,49.03161621093744,-0.0530185790848919
pump,id_02,00000881.wav,normal,13.645182609558104,174.826171875,0.0212433505803346,10.37783145904541,140.6580810546875,-0.0372153148055076,-3.2673511505126935,-34.1680908203125,-0.0584586653858422
pump,id_02,00000856.wav,normal,17.855384826660156,256.11346435546875,0.1334811002016067,17.998310089111328,243.29263305664065,-0.0583674125373363,0.14292526245117188,-12.820831298828097,-0.191848512738943
pump,id_02,00000690.wav,normal,16.16600227355957,224.4583740234375,-0.1132133975625038,5.844188213348389,74.28703308105469,-0.0075048003345727,-10.321814060211182,-150.1713409423828,0.1057085972279311
pump,id_02,00000234.wav,normal,37.38683319091797,564.9603271484375,0.0641034319996833,37.21433639526367,497.7247314453125,0.0121943335980176,-0.17249679565429688,-67.235595703125,-0.051909098401665694
pump,id_02,00000093.wav,normal,11.66696834564209,164.11453247070312,-0.0429725013673305,12.197762489318848,162.14707946777344,-0.0160812512040138,0.5307941436767578,-1.9674530029296875,0.026891250163316702
pump,id_02,00000026.wav,normal,6.808116436004639,91.02906799316406,-0.0062475660815835,16.30605125427246,223.36459350585935,-0.0024761455133557,9.497934818267822,132.33552551269528,0.0037714205682278
pump,id_02,00000256.wav,normal,6.885426044464111,98.5450439453125,-0.0405774191021919,7.780396461486816,102.6378402709961,0.0912038832902908,0.8949704170227051,4.092796325683594,0.1317813023924827
pump,id_02,00000618.wav,normal,23.783077239990234,289.7312927246094,0.0337601266801357,14.22215461730957,195.88473510742188,-0.0885350406169891,-9.560922622680664,-93.8465576171875,-0.1222951672971248
pump,id_02,00000330.wav,normal,43.40040969848633,603.18994140625,-0.102487027645111,30.895309448242188,407.766845703125,-0.0270416680723428,-12.50510025024414,-195.423095703125,0.0754453595727682
pump,id_02,00000752.wav,normal,13.75346565246582,196.1402282714844,-0.1266500949859619,12.182793617248535,169.36386108398438,0.0555599555373191,-1.5706720352172852,-26.77636718750003,0.182210050523281
pump,id_02,00000442.wav,normal,14.441715240478516,217.04844665527344,-0.087831862270832,6.936134338378906,92.12789154052734,-0.0420492105185985,-7.505580902099609,-124.9205551147461,0.045782651752233505
pump,id_02,00000910.wav,normal,14.99335479736328,214.1446685791016,0.1384972184896469,10.80199146270752,144.19412231445312,0.0214340537786483,-4.19136333465576,-69.95054626464847,-0.11706316471099862
pump,id_02,00000040.wav,normal,12.624064445495604,189.8550262451172,0.0836345180869102,8.92204475402832,122.09740447998048,0.0045375660993158,-3.7020196914672834,-67.7576217651367,-0.07909695198759441
pump,id_02,00000612.wav,normal,10.069968223571776,149.47271728515625,-0.0853491351008415,7.814648628234863,95.12997436523438,-0.1083709374070167,-2.2553195953369123,-54.342742919921875,-0.023021802306175204
pump,id_02,00000082.wav,normal,17.178619384765625,244.25225830078125,0.130668044090271,11.40295696258545,147.97007751464844,-0.0308660883456468,-5.775662422180176,-96.28218078613281,-0.1615341324359178
pump,id_02,00000448.wav,normal,10.655251502990724,156.64479064941406,-0.0369041599333286,21.378623962402344,294.9876708984375,-0.0427385121583938,10.72337245941162,138.34288024902344,-0.005834352225065197
pump,id_02,00000505.wav,normal,7.753996849060059,107.12017822265624,0.0894095078110694,10.576481819152832,145.3533477783203,0.0768597573041915,2.8224849700927734,38.23316955566408,-0.0125497505068779
pump,id_02,00000552.wav,normal,15.746914863586426,220.32765197753903,-0.1222480610013008,14.287067413330078,189.46739196777344,-0.0356396548449993,-1.4598474502563477,-30.860260009765597,0.0866084061563015
pump,id_02,00000512.wav,normal,11.97689723968506,173.21620178222656,0.0326489694416523,10.371989250183104,140.00111389160156,0.0401576720178127,-1.6049079895019567,-33.215087890625,0.007508702576160403
pump,id_02,00000278.wav,normal,8.282060623168945,122.38660430908205,-0.0844232514500618,6.542520523071289,89.05262756347656,-0.0586040690541267,-1.7395401000976562,-33.33397674560548,0.0258191823959351
pump,id_02,00000965.wav,normal,15.930867195129396,220.047607421875,-0.0156701523810625,24.718212127685547,334.7359619140625,-0.043864581733942,8.78734493255615,114.6883544921875,-0.028194429352879496
pump,id_02,00000412.wav,normal,16.121057510375977,246.40606689453125,-0.0667704939842224,15.548776626586914,212.9927673339844,-0.0383856669068336,-0.5722808837890625,-33.41329956054685,0.028384827077388798
pump,id_02,00000716.wav,normal,12.57064723968506,162.39060974121094,-0.0701190456748008,21.260183334350582,293.1134033203125,0.1057629361748695,8.689536094665522,130.72279357910156,0.1758819818496703
pump,id_02,00000311.wav,normal,22.19727325439453,313.75457763671875,-0.1439850032329559,29.246353149414062,393.5887451171875,0.0198454856872558,7.049079895019531,79.83416748046875,0.1638304889202117
pump,id_02,00000705.wav,normal,20.20830726623535,304.4017639160156,0.056104902178049,25.20281410217285,347.9137268066406,0.0901914909482002,4.9945068359375,43.511962890625,0.0340865887701512
pump,id_02,00000479.wav,normal,5.48506498336792,74.89678955078125,-0.0283410158008337,13.302611351013184,179.45989990234375,-0.1100562661886215,7.817546367645264,104.5631103515625,-0.08171525038778779
pump,id_02,00000127.wav,normal,16.801523208618164,245.3568420410156,0.0302859228104352,4.449765682220459,59.171382904052734,-0.0226618479937315,-12.351757526397705,-186.18545913696286,-0.0529477708041667
pump,id_02,00000449.wav,normal,7.488945484161377,105.82682800292967,-0.094822309911251,11.10295867919922,143.66326904296875,0.0383121632039547,3.6140131950378436,37.83644104003908,0.1331344731152057
pump,id_02,00000295.wav,normal,9.05104923248291,130.44540405273438,-0.1158263608813285,7.954972267150879,101.23614501953124,0.0593272596597671,-1.0960769653320312,-29.20925903320314,0.1751536205410956
pump,id_02,00000943.wav,normal,10.258079528808594,137.86436462402344,0.0926526486873626,12.743097305297852,165.81195068359375,-0.0916426107287406,2.485017776489258,27.947586059570312,-0.1842952594161032
pump,id_02,00000582.wav,normal,5.353770732879639,74.69902038574219,-0.0913227126002311,6.318516731262207,81.03495025634766,0.0284469109028577,0.9647459983825684,6.335929870605469,0.1197696235030888
pump,id_02,00000844.wav,normal,13.847650527954102,197.101806640625,0.1155964657664299,15.939265251159668,218.21807861328125,0.0506739541888237,2.0916147232055664,21.11627197265625,-0.0649225115776062
pump,id_02,00000766.wav,normal,13.74819278717041,189.43551635742188,0.0726023092865943,25.05000305175781,326.2201538085937,-0.0081922644749283,11.301810264587399,136.78463745117182,-0.08079457376152259
pump,id_02,00000609.wav,normal,7.540363788604736,107.87652587890624,-0.1097049117088317,7.399556159973144,96.34327697753906,-0.0460234247148036,-0.14080762863159269,-11.533248901367173,0.0636814869940281
pump,id_02,00000314.wav,normal,9.938482284545898,148.0487823486328,-0.0877826064825058,3.93143367767334,52.63451385498047,-0.0387298911809921,-6.007048606872559,-95.41426849365234,0.0490527153015137
pump,id_02,00000811.wav,normal,11.415462493896484,158.20639038085938,0.1155168488621711,13.483755111694336,186.4556579589844,0.1017349809408187,2.0682926177978516,28.24926757812503,-0.0137818679213524
pump,id_02,00000169.wav,normal,23.049226760864254,335.618408203125,0.1057071760296821,8.064277648925781,113.16405487060548,0.0315673351287841,-14.984949111938473,-222.45435333251953,-0.07413984090089801
pump,id_02,00000061.wav,normal,17.320161819458008,218.4407958984375,0.0328707806766033,14.691327095031738,194.7009735107422,-0.077442742884159,-2.6288347244262695,-23.739822387695312,-0.11031352356076231
pump,id_02,00000073.wav,normal,18.111289978027344,224.6954040527344,0.0272559616714715,21.7957706451416,291.4094543457031,-0.09441988915205,3.684480667114258,66.71405029296872,-0.1216758508235215
pump,id_02,00000145.wav,normal,34.253150939941406,494.3348388671875,0.099279411137104,16.107532501220703,218.8544921875,0.0285325124859809,-18.145618438720703,-275.4803466796875,-0.0707468986511231
pump,id_02,00000846.wav,normal,26.295316696166992,380.3377075195313,0.1208915710449218,15.314541816711426,198.35520935058597,-0.0280735529959201,-10.980774879455566,-181.98249816894534,-0.14896512404084192
pump,id_02,00000272.wav,normal,16.733205795288086,253.5538330078125,-0.0519823282957077,13.9597749710083,188.97589111328125,-0.0553214401006698,-2.773430824279785,-64.57794189453125,-0.0033391118049620958
pump,id_02,00000930.wav,normal,15.38194465637207,224.15255737304688,-0.1066728383302688,16.18686294555664,216.57058715820312,-0.0294650793075561,0.8049182891845703,-7.58197021484375,0.07720775902271271
pump,id_02,00000152.wav,normal,11.787131309509276,171.21157836914062,0.1218805313110351,14.803912162780762,194.46096801757807,-0.0314064137637615,3.016780853271486,23.249389648437443,-0.1532869450747966
pump,id_02,00000663.wav,normal,11.44118309020996,156.1827392578125,-0.1086185052990913,12.076641082763672,161.089111328125,0.0611497461795806,0.6354579925537127,4.9063720703125,0.1697682514786719
pump,id_02,00000230.wav,normal,10.254743576049805,140.7977752685547,0.0617435611784458,11.324514389038086,152.62979125976562,0.0144707784056663,1.0697708129882812,11.832015991210938,-0.047272782772779506
pump,id_02,00000557.wav,normal,6.949675559997559,94.00788879394533,0.0750847309827804,6.603105068206787,91.1867218017578,0.0551997348666191,-0.3465704917907715,-2.8211669921875284,-0.019884996116161298
pump,id_02,00000117.wav,normal,4.989976406097412,67.29997253417969,0.0746194124221801,15.037591934204102,207.83734130859372,0.0395955592393875,10.04761552810669,140.53736877441403,-0.03502385318279261
pump,id_02,00000435.wav,normal,15.781414985656738,223.6444091796875,-0.1187706664204597,15.284710884094238,207.78456115722656,-0.0678895860910415,-0.4967041015625,-15.859848022460938,0.05088108032941821
pump,id_02,00000202.wav,normal,15.012188911437988,197.10861206054688,-0.0097959246486425,10.96648406982422,141.03836059570312,-0.0269138142466545,-4.045704841613768,-56.07025146484375,-0.017117889598012
pump,id_02,00000956.wav,normal,17.974905014038086,258.99859619140625,-0.0969108417630195,31.874216079711918,424.5205383300781,-0.0017311035189777,13.899311065673832,165.52194213867188,0.0951797382440418
pump,id_02,00000823.wav,normal,14.819607734680176,209.19232177734372,0.130707249045372,7.1111369132995605,96.0986785888672,0.0303786974400281,-7.708470821380615,-113.09364318847652,-0.1003285516053439
pump,id_02,00000677.wav,normal,16.551504135131836,232.85690307617188,0.0961618274450302,26.05074882507324,361.4952392578125,-0.0314370207488536,9.499244689941403,128.63833618164062,-0.12759884819388378
pump,id_02,00000603.wav,normal,16.794132232666016,226.4844970703125,-0.1082523316144943,18.21493148803711,232.5960998535156,-0.0054535344243049,1.4207992553710938,6.111602783203097,0.10279879719018939
pump,id_02,00000640.wav,normal,10.882508277893066,160.48928833007812,-0.1001005172729492,7.719224452972412,101.88899993896484,0.0729108154773712,-3.1632838249206543,-58.60028839111328,0.1730113327503204
pump,id_02,00000810.wav,normal,12.360660552978516,175.77532958984375,0.1160145327448844,14.29547119140625,191.7857360839844,0.0101934168487787,1.9348106384277344,16.010406494140653,-0.1058211158961057
pump,id_02,00000806.wav,normal,12.2777738571167,173.845947265625,0.0842683613300323,12.865751266479492,169.03504943847656,-0.0021199157927185,0.587977409362793,-4.8108978271484375,-0.0863882771227508
pump,id_02,00000270.wav,normal,15.637616157531738,238.973876953125,-0.074839137494564,7.628986835479736,102.96478271484376,-0.0338489711284637,-8.008629322052002,-136.00909423828125,0.040990166366100304
pump,id_02,00000946.wav,normal,21.941064834594727,307.4710998535156,-0.0946828126907348,21.411884307861328,290.900390625,-0.0145807741209864,-0.5291805267333984,-16.570709228515625,0.0801020385697484
pump,id_04,00000081.wav,normal,16.283466339111328,241.65298461914065,-0.071156620979309,0.0,0.0,0.0,-16.283466339111328,-241.65298461914065,0.071156620979309
pump,id_04,00000105.wav,normal,25.572803497314453,378.43853759765625,-0.0619572922587394,14.322413444519045,192.30911254882807,0.0586514845490455,-11.250390052795408,-186.12942504882818,0.1206087768077849
pump,id_04,00000328.wav,normal,6.560925960540772,81.21537780761719,-0.0488326251506805,16.465293884277344,225.41482543945312,-0.0821812599897384,9.904367923736572,144.19944763183594,-0.033348634839057895
pump,id_04,00000698.wav,normal,12.249865531921388,180.63357543945312,0.0479026921093463,7.912999153137207,109.31968688964844,-0.0598760768771171,-4.3368663787841815,-71.31388854980469,-0.10777876898646341
pump,id_04,00000558.wav,normal,11.96722412109375,168.7010498046875,-0.0769547149538993,15.139288902282717,205.49163818359372,-0.0610528029501438,3.1720647811889666,36.79058837890622,0.0159019120037555
pump,id_04,00000184.wav,normal,9.548747062683104,136.46990966796875,-0.0673875659704208,11.026312828063965,145.39773559570312,0.0567941702902317,1.4775657653808612,8.927825927734375,0.12418173626065249
pump,id_04,00000440.wav,normal,9.957064628601074,148.69451904296875,-0.093894362449646,13.819669723510742,183.0506591796875,-0.0170986782759428,3.862605094909668,34.35614013671875,0.0767956841737032
pump,id_04,00000080.wav,normal,7.681711673736572,98.7406997680664,-0.084587350487709,11.795414924621582,157.62884521484375,0.0303182620555162,4.11370325088501,58.888145446777344,0.1149056125432252
pump,id_04,00000434.wav,normal,8.356328964233398,91.58558654785156,-0.028971429914236,10.867801666259766,144.0025634765625,0.0198851320892572,2.511472702026367,52.41697692871094,0.0488565620034932
pump,id_04,00000084.wav,normal,6.50617265701294,92.35216522216795,-0.0999373272061348,13.818463325500488,189.12741088867188,0.0888111665844917,7.312290668487548,96.77524566650392,0.1887484937906265
pump,id_04,00000273.wav,normal,9.764678001403809,144.02053833007812,0.0479716621339321,16.92945098876953,231.7636566162109,-0.0418600998818874,7.164772987365723,87.74311828613278,-0.0898317620158195
pump,id_04,00000531.wav,normal,8.886016845703125,124.41297912597656,-0.0885260477662086,11.874258995056152,153.45370483398438,-0.0873310789465904,2.9882421493530273,29.040725708007812,0.0011949688196181973
pump,id_04,00000617.wav,normal,5.759485244750977,76.95772552490234,-0.0436528548598289,4.513091564178467,60.01388549804688,-0.0518640354275703,-1.2463936805725098,-16.94384002685546,-0.008211180567741401
pump,id_04,00000509.wav,normal,12.195889472961426,183.81500244140625,-0.0954246670007705,11.053204536437988,140.47970581054688,-0.004184354096651,-1.1426849365234375,-43.335296630859375,0.0912403129041195
pump,id_04,00000508.wav,normal,14.215839385986328,212.41281127929688,-0.0782608240842819,10.002753257751465,131.7600860595703,0.039972499012947,-4.213086128234863,-80.65272521972656,0.11823332309722889
pump,id_04,00000677.wav,normal,23.8793888092041,357.2787780761719,0.0910269692540168,8.289504051208496,115.5287628173828,-0.051272876560688,-15.589884757995605,-241.75001525878906,-0.1422998458147048
pump,id_04,00000347.wav,normal,30.767353057861328,460.1126708984375,0.1029675900936126,20.480274200439453,267.3726806640625,0.0086055872961878,-10.287078857421875,-192.739990234375,-0.09436200279742481
pump,id_04,00000395.wav,normal,9.218667030334473,133.42617797851562,0.0246421713382005,16.153696060180664,226.360107421875,-0.1217822805047035,6.935029029846191,92.93392944335938,-0.14642445184290398
pump,id_04,00000450.wav,normal,22.03642845153809,279.1890869140625,0.0774552896618843,15.119282722473145,193.5799560546875,0.0506985299289226,-6.917145729064945,-85.609130859375,-0.026756759732961696
pump,id_04,00000409.wav,normal,6.086223125457764,89.35331726074219,-0.1233778521418571,10.380391120910645,136.97398376464844,-0.0428803414106369,4.294167995452881,47.62066650390625,0.0804975107312202
pump,id_04,00000447.wav,normal,56.85711288452149,797.0518188476562,0.1362634301185608,21.545921325683597,279.4320678710937,0.0373489186167717,-35.31119155883789,-517.6197509765625,-0.09891451150178909
pump,id_04,00000376.wav,normal,11.996942520141602,176.8363494873047,0.0436971001327037,7.436895847320557,101.83385467529295,-0.1082329377532005,-4.560046672821045,-75.00249481201173,-0.1519300378859042
pump,id_04,00000127.wav,normal,13.59473705291748,196.72369384765625,0.0836762636899948,16.513097763061523,220.2052001953125,0.1023904383182525,2.918360710144043,23.48150634765625,0.018714174628257696
pump,id_04,00000279.wav,normal,4.3822340965271,61.5293197631836,-0.0606939010322093,12.69714069366455,176.27536010742188,-0.0468548238277435,8.314906597137451,114.74604034423828,0.013839077204465797
pump,id_04,00000339.wav,normal,19.276216506958008,286.5025939941406,0.0790954008698463,13.9120454788208,189.55023193359372,-0.0340886935591697,-5.364171028137207,-96.9523620605469,-0.113184094429016
pump,id_04,00000048.wav,normal,16.4842586517334,243.95098876953125,-0.0635366439819336,18.17038917541504,246.66921997070312,0.1016880720853805,1.6861305236816406,2.718231201171875,0.1652247160673141
pump,id_04,00000658.wav,normal,9.020727157592772,127.09982299804688,0.0088032633066177,6.469620227813721,86.85302734375,-0.0079267201945185,-2.551106929779051,-40.246795654296875,-0.0167299835011362
pump,id_04,00000292.wav,normal,7.882041931152344,113.22293090820312,0.0201764348894357,5.001941204071045,68.77740478515625,-0.0350246652960777,-2.880100727081299,-44.445526123046875,-0.0552011001855134
pump,id_04,00000195.wav,normal,15.078511238098145,225.68911743164065,-0.0898017585277557,9.19631004333496,120.45632934570312,-0.012252745218575,-5.882201194763185,-105.23278808593753,0.0775490133091807
pump,id_04,00000638.wav,normal,11.092610359191896,156.69802856445312,0.0177225731313228,9.49473762512207,127.91063690185548,-0.0669865906238555,-1.597872734069826,-28.787391662597642,-0.08470916375517829
pump,id_04,00000660.wav,normal,6.916784286499023,98.1877899169922,0.0072245891205966,8.0657377243042,103.82208251953124,-0.0202419962733984,1.1489534378051758,5.634292602539034,-0.027466585393994998
pump,id_04,00000484.wav,normal,23.93467140197754,354.9268798828125,-0.0631579160690307,17.735240936279297,229.8421173095703,0.0112432055175304,-6.199430465698242,-125.08476257324219,0.0744011215865611
pump,id_04,00000556.wav,normal,14.556954383850098,209.4107360839844,0.0637292340397834,9.079859733581545,126.3166046142578,-0.1330810338258743,-5.477094650268553,-83.0941314697266,-0.1968102678656577
pump,id_04,00000407.wav,normal,10.068109512329102,151.98489379882812,-0.1057474613189697,7.183793067932129,93.0566864013672,0.0062780333682894,-2.8843164443969727,-58.92820739746092,0.1120254946872591
pump,id_04,00000689.wav,normal,7.891429424285889,109.1800537109375,-0.1204111501574516,11.429085731506348,150.413818359375,0.0202608089894056,3.537656307220459,41.2337646484375,0.1406719591468572
pump,id_04,00000317.wav,normal,8.615857124328613,123.59503936767578,0.0248202290385961,19.37257575988769,270.2393493652344,-0.066411592066288,10.756718635559078,146.6443099975586,-0.09123182110488409
pump,id_04,00000323.wav,normal,37.342193603515625,560.6478271484375,0.1136361211538314,21.49956321716309,291.1898803710937,-0.0565907806158065,-15.842630386352536,-269.4579467773438,-0.1702269017696379
pump,id_04,00000042.wav,normal,10.453436851501465,153.76998901367188,-0.103467009961605,10.841288566589355,146.83473205566406,0.0396155081689357,0.3878517150878906,-6.9352569580078125,0.1430825181305407
pump,id_04,00000204.wav,normal,6.496779441833496,82.60421752929688,-0.0943651720881462,9.399469375610352,131.121826171875,-0.0544425696134567,2.9026899337768555,48.517608642578125,0.0399226024746895
pump,id_04,00000664.wav,normal,16.349233627319336,244.0291748046875,0.068611204624176,5.646982669830322,72.729736328125,-0.0441929548978805,-10.702250957489014,-171.2994384765625,-0.1128041595220565
pump,id_04,00000206.wav,normal,4.111557960510254,55.24660110473633,-0.1365946978330612,7.370179176330566,97.93829345703124,-0.0590493008494377,3.2586212158203125,42.69169235229491,0.07754539698362349
pump,id_04,00000300.wav,normal,17.035001754760742,255.1036071777344,-0.0841038078069686,16.668912887573242,223.4953765869141,0.0274954345077276,-0.3660888671875,-31.608230590820312,0.1115992423146962
pump,id_04,00000037.wav,normal,14.748628616333008,210.03997802734372,-0.0691721960902214,17.348207473754883,236.4072113037109,0.0342334918677806,2.599578857421875,26.367233276367188,0.10340568795800201
pump,id_04,00000697.wav,normal,12.20913314819336,173.41342163085938,0.0237380824983119,9.969573974609377,120.80865478515624,0.0555542856454849,-2.2395591735839826,-52.60476684570314,0.031816203147173
pump,id_04,00000696.wav,normal,12.119750022888184,179.51177978515625,0.0492829829454422,10.492454528808594,146.29666137695312,-0.0582635514438152,-1.6272954940795898,-33.215118408203125,-0.1075465343892574
pump,id_04,00000138.wav,normal,31.35890769958496,459.331787109375,-0.0362435244023799,11.960832595825195,157.34713745117188,0.0268248133361339,-19.398075103759766,-301.9846496582031,0.06306833773851381
pump,id_04,00000186.wav,normal,17.173917770385742,256.6589050292969,-0.0655683875083923,7.544849395751953,100.9561996459961,-0.0026690496597439,-9.629068374633789,-155.70270538330078,0.0628993378486484
pump,id_04,00000490.wav,normal,6.459130764007568,91.14410400390624,-0.1128263548016548,7.156123638153076,96.07274627685548,0.0265042688697576,0.6969928741455078,4.928642272949247,0.1393306236714124
pump,id_04,00000475.wav,normal,22.685710906982425,333.89080810546875,-0.0606206022202968,14.22182559967041,182.4531707763672,0.0622955560684204,-8.463885307312015,-151.43763732910156,0.1229161582887172
pump,id_04,00000179.wav,normal,12.447677612304688,184.25244140625,-0.0876762047410011,16.125478744506836,221.99853515625,0.1319322288036346,3.6778011322021484,37.74609375,0.2196084335446357
pump,id_04,00000346.wav,normal,10.279426574707031,150.5204315185547,0.0316080972552299,11.682575225830078,161.21194458007812,-0.1010043397545814,1.4031486511230469,10.691513061523438,-0.1326124370098113
pump,id_04,00000559.wav,normal,9.865411758422852,147.71505737304688,-0.0974525511264801,8.520858764648438,110.94155883789062,0.07424196600914,-1.344552993774414,-36.77349853515625,0.17169451713562012
pump,id_04,00000360.wav,normal,16.86740493774414,250.8739776611328,0.0637578442692756,12.74622917175293,178.14273071289062,-0.0594996027648448,-4.121175765991211,-72.73124694824219,-0.1232574470341204
pump,id_04,00000045.wav,normal,9.858701705932615,149.00335693359375,-0.1085561662912368,21.11404800415039,271.8054504394531,-0.0103303603827953,11.255346298217775,122.80209350585938,0.09822580590844149
pump,id_04,00000136.wav,normal,9.445311546325684,138.2900390625,-0.0720138028264045,22.76608657836914,310.3468017578125,0.0557125471532344,13.320775032043457,172.0567626953125,0.1277263499796389
pump,id_04,00000340.wav,normal,7.128830432891846,100.49317932128906,-0.0077499588951468,11.823054313659668,163.04721069335938,-0.1013953685760498,4.694223880767822,62.55403137207031,-0.093645409680903
pump,id_04,00000595.wav,normal,13.073083877563477,190.7237091064453,-0.0729698687791824,20.56415557861328,282.0479736328125,0.0858696699142456,7.491071701049805,91.32426452636719,0.158839538693428
pump,id_04,00000106.wav,normal,9.612131118774414,140.58502197265625,-0.0920894965529441,10.91224193572998,150.73831176757812,0.0848496481776237,1.3001108169555664,10.153289794921875,0.1769391447305678
pump,id_04,00000643.wav,normal,14.486833572387695,215.06700134277344,0.0648805573582649,14.868961334228516,206.5182647705078,-0.0735317841172218,0.3821277618408203,-8.548736572265625,-0.1384123414754867
pump,id_04,00000680.wav,normal,9.90390968322754,144.87045288085938,0.0359452441334724,6.068780899047852,82.7869873046875,-0.0900978595018386,-3.8351287841796893,-62.083465576171875,-0.12604310363531102
pump,id_04,00000353.wav,normal,18.95936393737793,282.69488525390625,0.0776707231998443,17.13633918762207,237.78131103515625,-0.0555178821086883,-1.8230247497558594,-44.91357421875,-0.1331886053085326
pump,id_04,00000673.wav,normal,8.69106388092041,121.44699096679688,0.0021737944334745,7.631984233856201,104.59603881835938,-0.0857082530856132,-1.059079647064209,-16.8509521484375,-0.0878820475190877
pump,id_04,00000365.wav,normal,20.132545471191406,300.1698608398437,0.0783913731575012,20.52849578857422,279.8641967773437,-0.0298797003924846,0.3959503173828125,-20.3056640625,-0.1082710735499858
pump,id_04,00000691.wav,normal,5.404293060302734,70.35034942626953,-0.1159218698740005,9.254006385803224,124.7557144165039,0.0307154320180416,3.84971332550049,54.405364990234375,0.1466373018920421
pump,id_04,00000259.wav,normal,7.040767669677734,93.66534423828124,-0.0926305055618286,12.762723922729492,158.51565551757812,-0.0323256403207778,5.721956253051758,64.85031127929689,0.0603048652410508
pump,id_04,00000382.wav,normal,16.77239418029785,250.7096099853516,0.0692624077200889,13.262310981750488,184.9366149902344,-0.1022605746984481,-3.5100831985473633,-65.77299499511719,-0.171522982418537
pump,id_04,00000396.wav,normal,16.016582489013672,238.9840087890625,0.0686772763729095,9.866510391235352,135.95425415039062,-0.1050730794668197,-6.15007209777832,-103.02975463867188,-0.1737503558397292
pump,id_04,00000650.wav,normal,9.961344718933104,145.04034423828125,0.0316307432949543,6.872183322906494,93.62728881835938,-0.1075392216444015,-3.0891613960266096,-51.413055419921875,-0.1391699649393558
pump,id_04,00000044.wav,normal,24.369047164916992,351.02984619140625,-0.0384906716644763,23.91900634765625,330.2894287109375,0.1138630211353302,-0.4500408172607422,-20.74041748046875,0.15235369279980648
pump,id_04,00000481.wav,normal,15.39375114440918,230.1214904785156,-0.0784031972289085,17.071874618530273,238.87657165527344,0.0542195588350296,1.6781234741210938,8.755081176757841,0.13262275606393809
pump,id_04,00000399.wav,normal,25.90878677368164,388.96630859375,0.0936627015471458,15.655560493469238,216.61924743652344,-0.0712152048945427,-10.253226280212402,-172.34706115722656,-0.16487790644168848
pump,id_04,00000020.wav,normal,11.763690948486328,175.14840698242188,-0.100149355828762,12.83019733428955,172.49111938476562,0.1018212512135505,1.0665063858032227,-2.65728759765625,0.2019706070423125
pump,id_04,00000567.wav,normal,24.13397216796875,357.3315734863281,-0.048019278794527,15.622854232788086,217.31182861328125,0.1016813516616821,-8.511117935180664,-140.01974487304688,0.1497006304562091
pump,id_04,00000670.wav,normal,9.99298095703125,147.16336059570312,0.0457292757928371,8.216923713684082,110.37572479248048,-0.0555262863636016,-1.776057243347168,-36.78763580322264,-0.1012555621564387
pump,id_04,00000519.wav,normal,10.450085639953612,155.48858642578125,-0.0810225829482078,8.102513313293457,110.13812255859376,-0.0090696141123771,-2.3475723266601545,-45.350463867187486,0.0719529688358307
pump,id_04,00000557.wav,normal,38.08369064331055,552.0035400390625,-0.032369215041399,55.993770599365234,738.120849609375,-0.0089170020073652,17.910079956054688,186.1173095703125,0.023452213034033803
pump,id_04,00000538.wav,normal,15.91452980041504,238.2017974853516,-0.0748042911291122,9.402366638183594,125.82333374023438,0.0480108149349689,-6.512163162231447,-112.37846374511722,0.12281510606408111
pump,id_04,00000069.wav,normal,9.472107887268066,132.26309204101562,-0.0927488654851913,14.915904998779297,203.91851806640625,0.0528572984039783,5.4437971115112305,71.65542602539062,0.1456061638891696
pump,id_04,00000369.wav,normal,24.27461051940918,365.8777465820313,0.0948337763547897,11.987140655517578,161.41429138183594,-0.0380641259253025,-12.287469863891602,-204.46345520019537,-0.1328979022800922
pump,id_04,00000536.wav,normal,20.06257438659668,298.7391357421875,-0.0534937940537929,21.796579360961918,299.32330322265625,0.0909734368324279,1.734004974365238,0.58416748046875,0.1444672308862208
pump,id_04,00000087.wav,normal,15.805448532104492,229.17990112304688,-0.0641793087124824,17.041044235229492,234.36669921875,0.1108736544847488,1.235595703125,5.186798095703125,0.17505296319723118
pump,id_04,00000191.wav,normal,5.854514122009277,85.82575988769531,-0.1005898341536521,8.145339965820312,108.3049545288086,-0.0604590848088264,2.290825843811035,22.47919464111328,0.040130749344825696
pump,id_04,00000426.wav,normal,6.0751953125,87.2464599609375,-0.1277272850275039,29.938453674316406,395.9790344238281,0.0338986217975616,23.863258361816406,308.7325744628906,0.1616259068250655
pump,id_04,00000584.wav,normal,11.39653205871582,157.40676879882812,-0.0724482387304306,18.46181297302246,245.5113220214844,0.0153616098687052,7.065280914306641,88.10455322265628,0.0878098485991358
pump,id_04,00000246.wav,normal,8.739033699035645,123.80191040039062,0.0271978769451379,17.196815490722656,225.5628204345703,0.0243042539805173,8.457781791687012,101.76091003417969,-0.0028936229646206006
pump,id_04,00000361.wav,normal,13.09173583984375,194.0979461669922,0.0484277233481407,21.558029174804688,287.9715270996094,-0.0303220562636852,8.466293334960938,93.87358093261719,-0.0787497796118259
pump,id_04,00000629.wav,normal,14.757326126098633,214.23336791992188,0.0465715229511261,9.89506721496582,136.39849853515625,-0.0707047581672668,-4.8622589111328125,-77.83486938476562,-0.1172762811183929
pump,id_04,00000001.wav,normal,18.66216468811035,267.67645263671875,-0.0778344497084617,33.6584587097168,466.5380859375,0.011629968881607,14.996294021606445,198.86163330078125,0.0894644185900687
pump,id_04,00000439.wav,normal,9.45992660522461,141.69091796875,-0.1024045869708061,9.935131072998049,133.56192016601562,0.0376856066286563,0.4752044677734393,-8.128997802734375,0.1400901935994624
pump,id_04,00000298.wav,normal,7.206850051879883,103.29054260253906,0.0170094072818756,14.587578773498535,202.43060302734372,-0.0515115372836589,7.380728721618652,99.14006042480466,-0.0685209445655345
pump,id_04,00000147.wav,normal,7.677628993988037,108.89015197753906,-0.0887228772044181,13.063103675842283,179.246826171875,0.0851809084415435,5.385474681854246,70.35667419433594,0.1739037856459616
pump,id_04,00000247.wav,normal,4.841557025909424,64.07731628417969,-0.0916393846273422,9.127618789672852,126.0658187866211,-0.0988555029034614,4.286061763763428,61.988502502441406,-0.007216118276119204
pump,id_04,00000588.wav,normal,6.7140092849731445,99.16268157958984,-0.1219207867980003,7.472101211547852,95.1941146850586,-0.0777399837970733,0.758091926574707,-3.96856689453125,0.044180803000927
pump,id_04,00000527.wav,normal,9.319828033447266,131.7003173828125,-0.0573623999953269,20.498348236083984,277.2264709472656,-0.0177908316254615,11.178520202636719,145.52615356445312,0.039571568369865404
pump,id_04,00000647.wav,normal,17.539993286132812,262.57550048828125,0.076378047466278,8.900131225585938,122.26998901367188,-0.0947082042694091,-8.639862060546875,-140.30551147460938,-0.1710862517356871
pump,id_04,00000016.wav,normal,22.43459129333496,331.72430419921875,-0.0566924214363098,23.238399505615234,313.42431640625,0.1181022524833679,0.8038082122802734,-18.29998779296875,0.1747946739196777
pump,id_04,00000548.wav,normal,9.605419158935549,137.4384765625,-0.0865825936198234,7.65363073348999,97.37554168701172,0.0247711483389139,-1.9517884254455584,-40.06293487548828,0.1113537419587373
pump,id_04,00000611.wav,normal,7.759776592254639,111.238525390625,0.0126216355711221,7.263881206512451,95.96066284179688,-0.0274000242352485,-0.4958953857421875,-15.277862548828125,-0.040021659806370596
pump,id_04,00000511.wav,normal,10.278863906860352,150.33834838867188,-0.0868931114673614,8.424908638000488,112.84243774414062,0.0418813228607177,-1.8539552688598633,-37.49591064453125,0.12877443432807908
pump,id_04,00000113.wav,normal,21.7945556640625,302.6776733398437,0.0008197275456041,33.81928634643555,451.5152893066406,0.1274406015872955,12.024730682373047,148.83761596679693,0.1266208740416914
pump,id_04,00000064.wav,normal,25.37691879272461,349.11785888671875,0.0172959249466657,40.07905578613281,539.2454833984375,0.0228713098913431,14.702136993408203,190.12762451171875,0.005575384944677398
pump,id_04,00000468.wav,normal,14.794633865356444,218.8267517089844,-0.0809038653969764,10.901357650756836,143.24630737304688,0.0698751211166381,-3.8932762145996076,-75.58044433593753,0.1507789865136145
pump,id_04,00000637.wav,normal,7.193085193634033,99.86886596679688,-0.0089736822992563,5.722277641296387,79.99076843261719,-0.073933444917202,-1.4708075523376465,-19.878097534179688,-0.0649597626179457
pump,id_04,00000654.wav,normal,7.848422527313232,107.67308044433594,-0.015272244811058,5.790372371673584,78.63058471679688,-0.0289963036775589,-2.0580501556396484,-29.042495727539062,-0.0137240588665009
pump,id_04,00000429.wav,normal,26.882986068725582,394.17291259765625,-0.052218671888113,20.795394897460938,280.904541015625,-0.0082739647477865,-6.087591171264645,-113.26837158203125,0.0439447071403265
pump,id_04,00000244.wav,normal,14.149264335632324,211.09878540039065,0.0689129382371902,8.108606338500977,111.5115203857422,-0.0980997905135154,-6.040657997131348,-99.58726501464845,-0.1670127287507056
pump,id_06,00000048.wav,normal,3.797409057617188,53.15287780761719,-0.0513937436044216,0.0,0.0,0.0,-3.797409057617188,-53.15287780761719,0.0513937436044216
pump,id_06,00000507.wav,normal,7.785642623901367,98.9851531982422,-0.0810679942369461,8.866058349609375,120.15129089355467,0.0829702913761138,1.0804157257080078,21.16613769531247,0.1640382856130599
pump,id_06,00000569.wav,normal,24.112009048461918,347.90142822265625,0.0842556655406951,18.459238052368164,240.0416259765625,0.0339974276721477,-5.6527709960937536,-107.85980224609375,-0.05025823786854739
pump,id_06,00000437.wav,normal,19.969757080078125,308.5023498535156,0.0795429348945617,18.236480712890625,252.6181640625,0.0509181767702102,-1.7332763671875,-55.884185791015625,-0.0286247581243515
pump,id_06,00000695.wav,normal,20.814014434814453,284.4566650390625,-0.0386374928057193,25.273962020874023,336.6476745605469,0.0339628271758556,4.45994758605957,52.191009521484375,0.0726003199815749
pump,id_06,00000641.wav,normal,13.919209480285645,202.5601501464844,-0.0883647799491882,18.75495719909668,252.7546844482422,0.0106235491111874,4.835747718811035,50.194534301757784,0.09898832906037561
pump,id_06,00000179.wav,normal,7.880130290985107,116.9603500366211,-0.0917216688394546,12.449746131896973,172.70053100585938,0.0284079760313034,4.569615840911865,55.74018096923828,0.120129644870758
pump,id_06,00000752.wav,normal,7.7221479415893555,109.53842163085938,-0.0007737475680187,9.00996208190918,121.12490844726562,0.072293497622013,1.2878141403198242,11.58648681640625,0.0730672451900317
pump,id_06,00000605.wav,normal,9.81214714050293,148.37185668945312,0.0608987659215927,11.18051815032959,144.73902893066406,-0.0043971324339509,1.3683710098266602,-3.6328277587890625,-0.0652958983555436
pump,id_06,00000570.wav,normal,29.943456649780277,393.88714599609375,0.0883841961622238,23.447694778442383,309.8168640136719,0.0068619241937994,-6.495761871337894,-84.07028198242188,-0.0815222719684244
pump,id_06,00000062.wav,normal,9.054649353027344,128.58514404296875,-0.1041220277547836,14.34184455871582,194.8828125,0.0245403200387954,5.287195205688477,66.29766845703125,0.128662347793579
pump,id_06,00000281.wav,normal,5.43538761138916,76.5436019897461,-0.0591750927269458,8.220760345458984,109.6757354736328,0.078824333846569,2.785372734069824,33.132133483886705,0.1379994265735148
pump,id_06,00000307.wav,normal,5.520450592041016,75.56812286376953,-0.0761086195707321,7.764583110809326,102.78854370117188,0.05165346711874,2.2441325187683105,27.220420837402344,0.1277620866894721
pump,id_06,00000423.wav,normal,8.640180587768555,111.2511749267578,-0.0269960183650255,16.803150177001953,231.95901489257807,0.0865505039691925,8.162969589233398,120.70783996582027,0.113546522334218
pump,id_06,00000226.wav,normal,7.729318618774414,111.99353790283205,-0.113006055355072,20.164386749267575,273.7356262207031,0.0425001829862594,12.43506813049316,161.7420883178711,0.1555062383413314
pump,id_06,00000533.wav,normal,9.332298278808594,132.7474365234375,-0.1227995306253433,11.073182106018066,154.97630310058594,-0.0066897766664624,1.7408838272094727,22.228866577148438,0.1161097539588809
pump,id_06,00000945.wav,normal,16.117229461669922,249.0404357910156,0.0926166176795959,11.656905174255373,157.88937377929688,0.019644770771265,-4.460324287414549,-91.15106201171872,-0.0729718469083309
pump,id_06,00000146.wav,normal,9.88942527770996,142.72384643554688,0.0280433166772127,10.94698429107666,149.3300018310547,0.0377798490226268,1.057559013366701,6.6061553955078125,0.0097365323454141
pump,id_06,00000897.wav,normal,10.528976440429688,162.89401245117188,0.0837830007076263,17.6245059967041,240.31124877929688,-0.02009928971529,7.095529556274414,77.417236328125,-0.1038822904229163
pump,id_06,00000309.wav,normal,8.466172218322754,120.77151489257812,-0.1024237647652626,9.997737884521484,134.09706115722656,0.038943737745285,1.5315656661987305,13.325546264648438,0.1413675025105476
pump,id_06,00000242.wav,normal,19.63943672180176,275.5649108886719,-0.0140956630930304,25.460508346557617,347.8267822265625,0.0268783345818519,5.821071624755856,72.26187133789062,0.0409739976748823
pump,id_06,00000328.wav,normal,9.114749908447266,136.8309326171875,-0.1035493835806846,19.002317428588867,258.8914794921875,0.0041679581627249,9.887567520141602,122.060546875,0.10771734174340951
pump,id_06,00000838.wav,normal,17.224225997924805,256.91912841796875,-0.0552181601524353,27.3808650970459,364.725341796875,0.0169279295951128,10.156639099121094,107.80621337890625,0.0721460897475481
pump,id_06,00000930.wav,normal,31.681310653686523,489.64111328125,0.0841819047927856,19.26548385620117,267.7681579589844,0.0041432837024331,-12.415826797485355,-221.87295532226562,-0.08003862109035251
pump,id_06,00000791.wav,normal,14.828291893005373,228.879150390625,-0.094405710697174,12.458040237426758,168.51785278320312,-0.0212869998067617,-2.370251655578615,-60.361297607421875,0.0731187108904123
pump,id_06,00000931.wav,normal,19.30946350097656,292.3398132324219,0.0565536692738533,9.211051940917969,125.0772933959961,0.0136007089167833,-10.09841156005859,-167.26251983642578,-0.042952960357070004
pump,id_06,00000591.wav,normal,7.263375759124756,111.17315673828124,-0.0806303992867469,9.020149230957031,120.84967041015624,-0.0314256772398948,1.7567734718322754,9.676513671875,0.0492047220468521
pump,id_06,00000326.wav,normal,8.101380348205566,107.57655334472656,-0.105260819196701,11.501786231994627,159.1058807373047,-0.047435101121664,3.4004058837890607,51.529327392578125,0.057825718075036996
pump,id_06,00000589.wav,normal,7.285501956939697,108.53372192382812,-0.0481387041509151,8.170088768005371,102.53923034667967,0.0206338707357645,0.8845868110656738,-5.994491577148452,0.0687725748866796
pump,id_06,00000749.wav,normal,25.271385192871094,330.0547790527344,-0.0332577154040336,30.836021423339844,403.91741943359375,-0.0049289255402982,5.56463623046875,73.86264038085938,0.0283287898637354
pump,id_06,00000835.wav,normal,10.141154289245604,149.93238830566406,-0.1017918959259986,8.9376859664917,119.2149429321289,0.058264821767807,-1.2034683227539045,-30.717445373535156,0.1600567176938056
pump,id_06,00000921.wav,normal,14.5162992477417,217.6186065673828,0.0636249929666519,14.806509017944336,198.535888671875,-0.055377323180437,0.2902097702026367,-19.082717895507812,-0.1190023161470889
pump,id_06,00000296.wav,normal,5.239044666290283,68.88519287109375,-0.0835433974862098,17.631410598754883,232.6569061279297,0.0028167204000055,12.3923659324646,163.77171325683594,0.0863601178862153
pump,id_06,00000515.wav,normal,16.69441032409668,256.49688720703125,-0.0852100625634193,9.69013214111328,129.80807495117188,-0.0228764619678258,-7.0042781829834,-126.68881225585938,0.0623336005955935
pump,id_06,00000143.wav,normal,4.126309871673584,56.71034240722656,-0.0707218050956726,15.03282356262207,206.37991333007807,-0.042499803006649,10.906513690948486,149.6695709228515,0.02822200208902359
pump,id_06,00000057.wav,normal,5.444268703460693,76.99736022949219,-0.0347382277250289,10.761072158813477,149.49000549316406,0.0777603387832641,5.316803455352783,72.49264526367188,0.11249856650829301
pump,id_06,00000794.wav,normal,11.26256275177002,169.70608520507812,-0.0975904390215873,10.457155227661133,139.04693603515625,0.0363966599106788,-0.8054075241088867,-30.659149169921875,0.1339870989322661
pump,id_06,00000884.wav,normal,10.229477882385254,120.46077728271484,0.1006961911916732,19.13136100769043,259.324951171875,0.0234777741134166,8.901883125305176,138.86417388916016,-0.0772184170782566
pump,id_06,00000772.wav,normal,11.700139045715332,178.2854766845703,-0.0893102437257766,16.420536041259766,217.4018096923828,-0.0712359547615051,4.720396995544434,39.1163330078125,0.018074288964271504
pump,id_06,00000222.wav,normal,16.499820709228516,257.86041259765625,-0.0801640152931213,12.067492485046388,159.9156951904297,-0.071707859635353,-4.432328224182127,-97.94471740722656,0.008456155657768291
pump,id_06,00000984.wav,normal,6.58388090133667,90.96170806884766,-0.0078242244198918,7.31309700012207,92.58625030517578,-0.0386903211474418,0.7292160987854004,1.624542236328125,-0.030866096727550002
pump,id_06,00000239.wav,normal,31.989709854125977,439.150146484375,-0.0414551272988319,28.40144920349121,392.9412231445313,0.0261835381388664,-3.5882606506347656,-46.20892333984369,0.0676386654376983
pump,id_06,00000449.wav,normal,29.833255767822266,414.2412109375,0.1119557842612266,21.35675430297852,290.2550964355469,-0.0055826473981142,-8.476501464843746,-123.98611450195312,-0.1175384316593408
pump,id_06,00000411.wav,normal,24.95133399963379,368.5765380859375,0.0943580120801925,17.357135772705078,239.75701904296875,0.0786132737994194,-7.594198226928711,-128.81951904296875,-0.015744738280773093
pump,id_06,00000045.wav,normal,20.428953170776367,314.3140869140625,0.0632600411772728,12.724964141845703,171.07345581054688,0.0583324916660785,-7.703989028930664,-143.24063110351562,-0.0049275495111942985
pump,id_06,00000758.wav,normal,7.257386207580566,94.26828002929688,-0.1047520786523819,9.251089096069336,119.16478729248048,0.0068529057316482,1.9937028884887695,24.896507263183608,0.1116049843840301
pump,id_06,00000250.wav,normal,6.70798397064209,90.51408386230467,-0.1169162914156913,13.181159019470217,185.65057373046875,-0.0287594236433506,6.473175048828127,95.13648986816408,0.0881568677723407
pump,id_06,00000049.wav,normal,13.498369216918944,198.13787841796875,0.0374478287994861,9.394492149353027,126.90829467773438,0.0841986909508705,-4.103877067565916,-71.22958374023438,0.0467508621513844
pump,id_06,00000893.wav,normal,7.609385967254639,112.4403839111328,0.0379082225263118,13.930135726928713,192.50167846679688,0.01939158141613,6.320749759674074,80.06129455566408,-0.018516641110181798
pump,id_06,00000720.wav,normal,5.176004409790039,63.22876739501953,-0.1252243667840957,10.335883140563965,138.08880615234375,-0.0081976223737001,5.159878730773926,74.86003875732422,0.11702674441039561
pump,id_06,00000688.wav,normal,15.827433586120604,242.48928833007807,-0.0900558978319168,17.138587951660156,229.70606994628903,0.0307798814028501,1.3111543655395526,-12.783218383789034,0.12083577923476689
pump,id_06,00000612.wav,normal,12.598556518554688,176.34539794921875,0.0867424085736274,16.72980308532715,227.066650390625,-0.0178295094519853,4.131246566772461,50.72125244140625,-0.1045719180256127
pump,id_06,00000457.wav,normal,22.801719665527344,287.5706787109375,0.0941829159855842,18.70704841613769,252.26742553710935,-0.0049470993690192,-4.094671249389652,-35.30325317382815,-0.0991300153546034
pump,id_06,00000034.wav,normal,5.406879901885986,76.24769592285156,-0.0621087625622749,8.484167098999023,117.75118255615234,-0.0224879086017608,3.077287197113037,41.50348663330078,0.039620853960514096
pump,id_06,00000608.wav,normal,6.735955238342285,82.32534790039062,-0.0438059009611606,22.884456634521484,306.18414306640625,-0.0110329240560531,16.1485013961792,223.85879516601562,0.0327729769051075
pump,id_06,00000103.wav,normal,5.893770694732666,79.61770629882812,-0.1013988256454467,10.012930870056152,127.57087707519533,0.0172042772173881,4.119160175323486,47.9531707763672,0.11860310286283479
pump,id_06,00000068.wav,normal,4.474940776824951,58.730316162109375,-0.1161466836929321,12.86750030517578,176.43975830078125,-0.0059096561744809,8.392559528350828,117.70944213867188,0.1102370275184512
pump,id_06,00000211.wav,normal,13.797136306762695,206.1293792724609,-0.0962279066443443,23.576499938964844,306.69110107421875,0.0547536723315715,9.779363632202148,100.56172180175784,0.1509815789759158
pump,id_06,00000246.wav,normal,19.912477493286133,307.4052734375,-0.0809395909309387,19.97345733642578,257.4757385253906,0.0570273026823997,0.06097984313964844,-49.929534912109375,0.13796689361333841
pump,id_06,00000016.wav,normal,7.591675758361816,107.68939208984376,-0.0092308493331074,12.12460994720459,162.09730529785156,-0.0390767157077789,4.532934188842773,54.4079132080078,-0.0298458663746715
pump,id_06,00000910.wav,normal,21.242860794067383,323.36993408203125,0.0510843284428119,21.602264404296875,293.2490234375,0.058008749037981,0.3594036102294922,-30.12091064453125,0.006924420595169102
pump,id_06,00000904.wav,normal,15.29732608795166,238.2647399902344,0.0799805670976638,12.695886611938477,176.79251098632812,0.014566097408533,-2.6014394760131836,-61.47222900390628,-0.0654144696891308
pump,id_06,00001005.wav,normal,19.68430519104004,298.27734375,0.0725465789437294,14.884014129638672,204.33868408203125,-0.0050329556688666,-4.800291061401367,-93.93865966796875,-0.07757953461259601
pump,id_06,00000629.wav,normal,18.344566345214844,284.1757507324219,-0.0632701963186264,23.306041717529297,322.98980712890625,-0.0631070062518119,4.961475372314453,38.814056396484375,0.00016319006681450587
pump,id_06,00000429.wav,normal,15.337520599365234,197.9566192626953,0.0549839399755001,16.692428588867188,230.6613006591797,0.0141819007694721,1.3549079895019531,32.704681396484375,-0.040802039206028
pump,id_06,00000676.wav,normal,16.827489852905273,257.6468505859375,-0.0878451764583587,17.199092864990234,239.73277282714844,0.0830369442701339,0.37160301208496094,-17.914077758789062,0.1708821207284926
pump,id_06,00000828.wav,normal,9.086158752441406,132.52682495117188,-0.1089089289307594,10.138517379760742,140.67791748046875,0.0337701961398124,1.052358627319336,8.151092529296875,0.1426791250705718
pump,id_06,00001011.wav,normal,16.5419979095459,252.55120849609372,0.0624748133122921,8.12767219543457,110.5545883178711,0.0711792483925819,-8.414325714111328,-141.99662017822263,0.008704435080289799
pump,id_06,00000115.wav,normal,6.021918296813965,76.31257629394531,-0.1186684668064117,12.32941436767578,163.71768188476562,0.0499140210449695,6.307496070861815,87.40510559082031,0.1685824878513812
pump,id_06,00000783.wav,normal,16.189472198486328,248.7701568603516,-0.0946020111441612,17.012468338012695,238.6572265625,-0.0437074713408947,0.8229961395263672,-10.112930297851591,0.0508945398032665
pump,id_06,00000742.wav,normal,27.8229923248291,428.96881103515625,-0.0739220529794693,20.29251289367676,278.8115539550781,-0.0758978426456451,-7.53047943115234,-150.15725708007812,-0.0019757896661758007
pump,id_06,00000896.wav,normal,18.024507522583008,281.1730651855469,0.0787435248494148,14.902355194091797,209.0211944580078,0.0186349209398031,-3.122152328491211,-72.15187072753906,-0.0601086039096117
pump,id_06,00000193.wav,normal,12.325031280517578,181.91439819335935,0.0417712889611721,12.750500679016112,167.5355224609375,0.0056755207479,0.4254693984985334,-14.378875732421847,-0.036095768213272095
pump,id_06,00000282.wav,normal,14.441095352172852,225.04437255859372,-0.0856763571500778,9.573345184326172,129.43841552734375,0.0353507101535797,-4.86775016784668,-95.60595703124997,0.1210270673036575
pump,id_06,00000158.wav,normal,5.271629333496094,73.98536682128906,-0.0598417706787586,8.752612113952637,120.69281005859376,0.0830877497792244,3.480982780456543,46.7074432373047,0.142929520457983
pump,id_06,00000354.wav,normal,13.341184616088867,203.48406982421875,-0.0906140878796577,17.215621948242188,232.85601806640625,0.0195256527513265,3.8744373321533203,29.3719482421875,0.1101397406309842
pump,id_06,00000471.wav,normal,11.4022798538208,157.18338012695312,0.0359270200133323,12.21193504333496,160.86537170410156,0.0156920254230499,0.8096551895141584,3.6819915771484375,-0.0202349945902824
pump,id_06,00000253.wav,normal,21.721942901611328,336.67333984375,-0.0761616751551628,13.224061965942385,176.111572265625,0.0558649040758609,-8.497880935668944,-160.561767578125,0.1320265792310237
pump,id_06,00000235.wav,normal,26.511859893798828,407.8862609863281,-0.0642118379473686,8.270821571350098,111.31539916992188,0.0316105671226978,-18.24103832244873,-296.57086181640625,0.0958224050700664
pump,id_06,00000843.wav,normal,9.137226104736328,130.51095581054688,0.0686293914914131,8.627121925354004,112.2019500732422,-0.0319954939186573,-0.5101041793823242,-18.309005737304673,-0.1006248854100704
pump,id_06,00000388.wav,normal,13.09036922454834,200.54202270507807,-0.0913389846682548,15.082236289978027,203.63487243652344,0.0228710137307643,1.9918670654296875,3.0928497314453693,0.1142099983990191
pump,id_06,00000544.wav,normal,4.292736053466797,60.43217468261719,-0.0379688180983066,14.558331489562988,202.0838623046875,-0.0196526311337947,10.265595436096191,141.6516876220703,0.0183161869645119
pump,id_06,00000434.wav,normal,7.849462032318115,114.20982360839844,0.0450028851628303,8.89948844909668,122.8483657836914,0.0577808022499084,1.0500264167785645,8.638542175292969,0.012777917087078101
pump,id_06,00000557.wav,normal,6.3538079261779785,83.64631652832031,-0.0134356161579489,19.06904411315918,249.66677856445312,0.0640496537089347,12.715236186981201,166.0204620361328,0.0774852698668836
pump,id_06,00000736.wav,normal,11.43496799468994,157.2856903076172,0.0485969521105289,13.81301498413086,184.2938690185547,-0.036730159074068,2.3780469894409197,27.0081787109375,-0.0853271111845969
pump,id_06,00000689.wav,normal,13.738797187805176,182.36038208007807,-0.0670221075415611,32.96864700317383,443.57623291015625,-0.0864695832133293,19.229849815368652,261.2158508300782,-0.019447475671768202
pump,id_06,00000474.wav,normal,33.84409713745117,504.9773254394531,0.1034115999937057,16.228897094726562,208.9493560791016,0.0225773956626653,-17.61520004272461,-296.02796936035156,-0.0808342043310404
pump,id_06,00000305.wav,normal,15.1832914352417,234.99058532714844,-0.0806102603673935,17.270484924316406,239.7206268310547,-0.0170140154659748,2.087193489074707,4.73004150390625,0.06359624490141869
pump,id_06,00000023.wav,normal,8.177470207214355,118.61936950683594,0.0384620279073715,11.655254364013672,161.2703399658203,0.056942094117403,3.4777841567993164,42.650970458984375,0.018480066210031502
pump,id_06,00000774.wav,normal,20.385725021362305,317.58599853515625,-0.0824830383062362,16.434814453125,220.7491455078125,0.0028278089594095,-3.9509105682373047,-96.83685302734375,0.0853108472656457
pump,id_06,00000003.wav,normal,10.146868705749512,155.25454711914062,0.0792402401566505,20.659074783325195,284.5752258300781,-0.0155856274068355,10.512206077575684,129.3206787109375,-0.094825867563486
pump,id_06,00000854.wav,normal,15.521280288696287,200.14280700683597,-0.0290880929678678,24.578872680664062,322.6996154785156,-0.0477525480091571,9.057592391967775,122.55680847167966,-0.0186644550412893
pump,id_06,00000228.wav,normal,12.720664978027344,195.9281311035156,-0.0880514085292816,14.959428787231444,202.79739379882807,0.0314917080104351,2.2387638092041,6.869262695312472,0.11954311653971669
pump,id_06,00000745.wav,normal,17.166975021362305,268.10601806640625,-0.0825142413377761,10.327067375183104,136.9293670654297,0.0031542812939733,-6.839907646179201,-131.17665100097656,0.0856685226317494
pump,id_06,00000130.wav,normal,4.631959438323975,63.347145080566406,-0.0249320417642593,8.756808280944824,120.69606018066406,0.076366551220417,4.12484884262085,57.348915100097656,0.10129859298467629
pump,id_06,00000541.wav,normal,6.063011169433594,79.85665130615234,0.0936608910560607,12.812745094299316,171.50962829589844,-0.0146439634263515,6.749733924865723,91.6529769897461,-0.1083048544824122
pump,id_06,00000402.wav,normal,8.754186630249023,108.70159912109376,0.0706586018204689,7.21384859085083,94.96842956542967,-0.0092259915545582,-1.5403380393981934,-13.733169555664091,-0.0798845933750271
pump,id_06,00000550.wav,normal,6.056010246276856,89.1115951538086,0.0487833060324192,9.341927528381348,122.97245025634766,-0.0169046781957149,3.2859172821044913,33.86085510253906,-0.0656879842281341
pump,id_06,00000182.wav,normal,15.38450527191162,231.08990478515625,0.0436682179570198,7.653910160064697,102.55530548095705,0.0972117483615875,-7.730595111846922,-128.53459930419922,0.0535435304045677
pump,id_06,00000121.wav,normal,8.551833152770996,128.34629821777344,-0.0936064571142196,14.122262001037598,187.92401123046875,-0.0483759865164756,5.570428848266602,59.57771301269531,0.045230470597743995
pump,id_06,00000356.wav,normal,18.228147506713867,255.12677001953125,-0.0259705781936645,22.937807083129883,310.8890380859375,0.0215266533195972,4.709659576416016,55.76226806640625,0.0474972315132617
pump,id_06,00000880.wav,normal,18.959047317504883,255.68133544921875,0.009902523830533,7.621956825256348,96.40847778320312,-0.0105628464370965,-11.337090492248535,-159.27285766601562,-0.0204653702676295
pump,id_06,00000669.wav,normal,9.187334060668944,121.47761535644533,0.0052016088739037,7.945906162261963,106.6611785888672,-0.018258998170495,-1.2414278984069806,-14.816436767578125,-0.023460607044398698
pump,id_06,00000136.wav,normal,8.238001823425293,100.60919189453124,-0.0157253444194793,16.864439010620117,234.952392578125,0.0617733895778656,8.626437187194824,134.34320068359375,0.0774987339973449
pump,id_06,00000552.wav,normal,14.061367988586426,197.6124267578125,-0.0354880951344966,8.603766441345215,109.15443420410156,0.0283362213522195,-5.457601547241211,-88.45799255371094,0.0638243164867161
pump,id_06,00000895.wav,normal,18.722131729125977,249.11328125,0.0331198722124099,12.403706550598145,158.36351013183594,0.0178881995379924,-6.318425178527832,-90.74977111816406,-0.015231672674417496
pump,id_06,00000677.wav,normal,11.817346572875977,176.7880859375,-0.0841640308499336,13.08469295501709,171.86134338378906,-0.0387454219162464,1.2673463821411133,-4.9267425537109375,0.045418608933687196
pump,id_06,00000987.wav,normal,27.08495330810547,420.6745300292969,0.0846319794654846,19.398447036743164,270.2311096191406,0.0237798430025577,-7.686506271362305,-150.44342041015625,-0.060852136462926906
pump,id_06,00000699.wav,normal,8.329569816589355,121.10965728759766,-0.1047648340463638,14.027475357055664,184.98214721679688,-0.0466550327837467,5.697905540466309,63.87248992919922,0.058109801262617104
pump,id_06,00000082.wav,normal,11.359244346618652,166.06671142578125,0.0329736322164535,8.85391902923584,118.58685302734376,0.0241386890411376,-2.5053253173828125,-47.479858398437486,-0.008834943175315895
pump,id_06,00000384.wav,normal,35.668052673339844,498.730224609375,0.0367226488888263,25.05128288269043,326.26861572265625,-0.0041596298106014,-10.616769790649414,-172.46160888671875,-0.040882278699427704
pump,id_06,00000386.wav,normal,26.12863540649414,356.685546875,0.0844655781984329,25.015308380126957,336.53106689453125,-0.062565803527832,-1.113327026367184,-20.15447998046875,-0.1470313817262649
pump,id_06,00000928.wav,normal,5.346202850341797,69.04708862304688,0.0656770467758178,17.17417335510254,222.86935424804688,-0.0714028999209404,11.827970504760742,153.822265625,-0.13707994669675821
pump,id_06,00000939.wav,normal,29.22122573852539,454.0780029296875,0.0838325247168541,14.980551719665527,207.84927368164065,0.0351633578538894,-14.240674018859863,-246.22872924804685,-0.04866916686296469
pump,id_06,00000890.wav,normal,16.977388381958008,240.50457763671875,0.0373725518584251,20.85880279541016,288.4083557128906,0.0643387660384178,3.881414413452152,47.903778076171875,0.026966214179992704
pump,id_06,00000459.wav,normal,5.805655002593994,64.56828308105469,0.0884483829140663,16.624980926513672,227.5166015625,-0.0169138498604297,10.819325923919678,162.9483184814453,-0.105362232774496
pump,id_06,00000391.wav,normal,11.285965919494627,175.011962890625,-0.0824798643589019,14.293559074401855,193.30862426757807,-0.0806282833218574,3.0075931549072283,18.296661376953068,0.0018515810370444974
pump,id_06,00000912.wav,normal,17.07444190979004,245.08517456054688,-0.0002405872219242,17.732254028320312,244.25225830078125,-0.0386980362236499,0.6578121185302734,-0.832916259765625,-0.0384574490017257
pump,id_06,00000383.wav,normal,9.602256774902344,143.06515502929688,-0.1018981412053108,17.624998092651367,247.25802612304688,-0.0299175959080457,8.022741317749023,104.19287109375,0.0719805452972651
pump,id_06,00000430.wav,normal,13.301874160766602,173.6387176513672,0.0383127145469188,10.417628288269045,140.98403930664062,0.024164805188775,-2.884245872497557,-32.65467834472656,-0.0141479093581438
pump,id_06,00000986.wav,normal,8.094325065612793,115.53517150878906,-0.030016666278243,14.644516944885254,206.13308715820312,0.0010124475229531,6.550191879272461,90.59791564941406,0.0310291138011961
pump,id_06,00000661.wav,normal,13.88299560546875,213.01364135742188,-0.0889687314629554,10.504895210266112,141.62399291992188,0.0143004320561885,-3.3781003952026385,-71.3896484375,0.1032691635191439
pump,id_06,00000746.wav,normal,29.20182991027832,452.9187622070313,-0.0608279071748256,15.81753635406494,220.0867462158203,-0.0258631445467472,-13.38429355621338,-232.832015991211,0.0349647626280784
pump,id_06,00001001.wav,normal,25.50899887084961,388.3271179199219,0.0826032981276512,27.18751716613769,363.7986450195313,-0.0697032734751701,1.6785182952880824,-24.528472900390568,-0.1523065716028213
pump,id_06,00000656.wav,normal,16.77652359008789,254.9571533203125,-0.0845072939991951,18.70400619506836,256.8260498046875,-0.0275179166346788,1.9274826049804688,1.868896484375,0.0569893773645163
pump,id_06,00000784.wav,normal,30.96111869812012,448.7776489257813,0.0976114720106124,26.48985290527344,346.0819396972656,0.0193058066070079,-4.47126579284668,-102.69570922851568,-0.07830566540360451
pump,id_06,00000138.wav,normal,13.883459091186523,204.8038787841797,0.0446775332093238,20.040319442749023,267.43975830078125,0.0081924013793468,6.1568603515625,62.63587951660156,-0.036485131829977
pump,id_06,00000787.wav,normal,41.86945724487305,577.0637817382812,0.0267711840569973,28.02495574951172,370.5294494628906,-0.0527048595249652,-13.844501495361328,-206.53433227539062,-0.0794760435819625
pump,id_06,00000184.wav,normal,40.05409622192383,585.5409545898438,0.1115929931402206,17.335784912109375,235.66058349609372,-0.0077729034237563,-22.718311309814453,-349.88037109375,-0.1193658965639769
pump,id_06,00000418.wav,normal,29.7089900970459,416.0216064453125,0.0114193661138415,13.557158470153809,185.504150390625,0.0405356101691722,-16.15183162689209,-230.5174560546875,0.029116244055330698
pump,id_06,00000293.wav,normal,6.579058170318604,82.95800018310547,-0.0894933193922042,17.607585906982422,236.5805206298828,0.0401063188910484,11.028527736663818,153.62252044677734,0.1295996382832526
pump,id_06,00000032.wav,normal,7.170223236083984,98.79449462890624,-0.0988740473985672,10.08602237701416,127.9796905517578,0.0151202753186225,2.915799140930176,29.185195922851562,0.1139943227171897
pump,id_06,00000483.wav,normal,40.04599380493164,612.226318359375,0.0956054329872131,14.833809852600098,206.8414764404297,0.0340685807168483,-25.212183952331543,-405.3848419189453,-0.061536852270364796
pump,id_06,00000956.wav,normal,15.750055313110352,245.75091552734372,0.0824509188532829,16.56655502319336,228.93589782714844,0.014945656992495,0.8164997100830078,-16.815017700195284,-0.0675052618607879
pump,id_06,00001009.wav,normal,6.571506023406982,91.3193359375,0.0180855821818113,13.041439056396484,175.5240936279297,-0.0336420573294162,6.469933032989502,84.20475769042969,-0.0517276395112275
pump,id_06,00000070.wav,normal,4.855284214019775,67.08407592773438,0.0142651638016104,10.603885650634766,143.31082153320312,-0.006105984095484,5.74860143661499,76.22674560546875,-0.0203711478970944
pump,id_06,00000915.wav,normal,10.15507984161377,140.7037353515625,0.0516849011182785,16.9901123046875,226.46713256835935,0.0691280290484428,6.8350324630737305,85.76339721679685,0.017443127930164296
pump,id_06,00000957.wav,normal,14.759513854980469,226.16864013671875,0.0583466403186321,9.82559871673584,131.46275329589844,0.0974797308444976,-4.933915138244629,-94.70588684082031,0.0391330905258655
pump,id_06,00000061.wav,normal,16.186059951782227,250.51715087890625,-0.064267411828041,13.936224937438965,194.549072265625,0.0812411680817604,-2.2498350143432617,-55.96807861328125,0.1455085799098014
pump,id_06,00001017.wav,normal,29.12433624267578,416.91546630859375,0.0713468641042709,25.012306213378903,332.26812744140625,0.0643275752663612,-4.1120300292968786,-84.6473388671875,-0.0070192888379096985
pump,id_06,00000554.wav,normal,7.96892786026001,111.91519165039062,-0.1058093607425689,15.230743408203123,206.81939697265625,-0.0172354113310575,7.2618155479431135,94.90420532226562,0.0885739494115114
pump,id_06,00000065.wav,normal,3.0020456314086914,39.96987915039063,-0.0456514544785022,7.800613403320312,97.79617309570312,-0.0086802681908011,4.79856777191162,57.82629394531249,0.036971186287701095
pump,id_06,00000717.wav,normal,10.014371871948242,133.52279663085938,-0.0368882045149803,16.056785583496094,219.18304443359372,-0.0877871066331863,6.042413711547852,85.66024780273435,-0.050898902118205996
pump,id_06,00000705.wav,normal,5.740378379821777,73.09178924560547,-0.1221254393458366,15.278794288635254,214.2973480224609,-0.0205728560686111,9.538415908813477,141.20555877685544,0.1015525832772255
pump,id_06,00000867.wav,normal,7.700355052947998,111.80867004394533,0.0414373837411403,23.47735977172852,320.6174011230469,0.045278176665306,15.777004718780521,208.80873107910156,0.003840792924165698
pump,id_06,00000092.wav,normal,5.857730388641357,76.63153076171875,-0.1062885001301765,9.735939025878906,131.83926391601562,0.0753175243735313,3.878208637237549,55.207733154296875,0.1816060245037078
pump,id_06,00000149.wav,normal,5.356572151184082,74.17724609375,0.0020149524789303,8.792454719543457,121.84649658203124,0.0410150662064552,3.435882568359375,47.669250488281236,0.039000113727524904
pump,id_06,00000446.wav,normal,26.08198356628418,362.9384765625,0.0342159979045391,30.866321563720703,419.29010009765625,0.0476457737386226,4.784337997436523,56.35162353515625,0.013429775834083502
pump,id_06,00000006.wav,normal,10.57164192199707,163.7247314453125,-0.0880898907780647,12.589851379394531,173.37835693359375,0.078111357986927,2.018209457397461,9.65362548828125,0.1662012487649917
pump,id_06,00000521.wav,normal,14.914743423461914,216.74252319335935,-0.0241632554680109,19.73517608642578,264.81353759765625,-0.0366307012736797,4.820432662963867,48.0710144042969,-0.0124674458056688
pump,id_06,00000810.wav,normal,5.991969585418701,72.10697937011719,0.0272130407392978,18.24842834472656,237.0089569091797,0.0297850854694843,12.256458759307858,164.9019775390625,0.0025720447301865006
pump,id_06,00000044.wav,normal,21.26606750488281,325.88458251953125,-0.0535450018942356,29.79219436645508,391.7392272949219,-0.0099430866539478,8.526126861572273,65.85464477539062,0.043601915240287795
pump,id_06,00000631.wav,normal,5.6960225105285645,69.92427825927734,-0.1195112243294715,13.492634773254396,183.2018585205078,-0.0109136393293738,7.796612262725832,113.27758026123047,0.10859758500009771
pump,id_06,00000946.wav,normal,10.6299409866333,142.3529052734375,-0.0005584812606684,19.882421493530277,273.53863525390625,-0.0753629356622695,9.252480506896976,131.18572998046875,-0.07480445440160109
pump,id_06,00000118.wav,normal,17.308794021606445,262.8719482421875,0.0529153384268283,12.147189140319824,162.26058959960938,0.0398398898541927,-5.161604881286621,-100.61135864257812,-0.013075448572635602
pump,id_06,00000935.wav,normal,13.205282211303713,205.3887939453125,0.0810076147317886,21.34856986999512,287.19586181640625,-0.0275742132216691,8.143287658691408,81.80706787109375,-0.1085818279534577
pump,id_00,00000000.wav,abnormal,23.105833053588867,339.5501403808594,0.1150015294551849,0.0,0.0,0.0,-23.105833053588867,-339.5501403808594,-0.1150015294551849
pump,id_00,00000001.wav,abnormal,37.89344787597656,529.8075561523438,-0.1455036699771881,29.44981384277344,394.849609375,0.0314038209617137,-8.443634033203121,-134.95794677734375,0.17690749093890182
pump,id_00,00000002.wav,abnormal,26.248193740844727,386.9944458007813,0.116563431918621,16.482196807861328,225.73513793945312,0.0073818904347717,-9.765996932983398,-161.25930786132818,-0.10918154148384929
pump,id_00,00000003.wav,abnormal,33.74332427978516,475.51605224609375,-0.1441372334957122,45.5165901184082,599.3064575195312,0.0204531587660312,11.77326583862304,123.7904052734375,0.1645903922617434
pump,id_00,00000004.wav,abnormal,10.926100730895996,156.15435791015625,0.0970405414700508,13.321370124816896,180.98956298828125,0.0285407956689596,2.3952693939209,24.835205078125,-0.0684997458010912
pump,id_00,00000005.wav,abnormal,31.42074203491211,438.24267578125,-0.1352468132972717,44.98850631713867,593.5100708007812,0.0232927557080984,13.567764282226562,155.26739501953125,0.1585395690053701
pump,id_00,00000006.wav,abnormal,7.34636116027832,103.76238250732422,-0.0746399611234664,19.13078117370605,252.7721710205078,0.0210753362625837,11.78442001342773,149.0097885131836,0.0957152973860501
pump,id_00,00000007.wav,abnormal,28.979183197021484,411.0633850097656,-0.1433724761009216,35.33058166503906,471.9769287109375,0.0249750856310129,6.351398468017578,60.913543701171875,0.1683475617319345
pump,id_00,00000008.wav,abnormal,13.113128662109377,181.88595581054688,-0.0386390946805477,15.879892349243164,217.3714141845703,0.0462036021053791,2.7667636871337873,35.48545837402344,0.08484269678592679
pump,id_00,00000009.wav,abnormal,28.143949508666992,404.7960815429688,-0.1394054889678955,38.56678009033203,505.6544189453125,0.0376809947192668,10.422830581665039,100.8583374023437,0.17708648368716232
pump,id_00,00000010.wav,abnormal,11.592323303222656,164.04779052734375,-0.0553548000752925,19.856576919555664,257.3954162597656,0.0235803294926881,8.264253616333008,93.34762573242188,0.0789351295679806
pump,id_00,00000011.wav,abnormal,18.08341217041016,259.38104248046875,-0.1372395902872085,28.635234832763672,386.0284729003906,0.0386850461363792,10.551822662353512,126.64743041992188,0.1759246364235877
pump,id_00,00000012.wav,abnormal,6.954823970794678,94.66316986083984,-0.0695758983492851,17.139698028564453,230.15328979492188,0.0557062812149524,10.184874057769775,135.49011993408203,0.12528217956423748
pump,id_00,00000013.wav,abnormal,19.63026237487793,287.37091064453125,-0.1301213055849075,18.264894485473636,241.90570068359372,0.0287920851260423,-1.3653678894042933,-45.46520996093753,0.15891339071094981
pump,id_00,00000014.wav,abnormal,5.127617359161377,71.03045654296875,0.0785445272922515,9.356266021728516,126.38726806640624,0.0459444224834442,4.228648662567139,55.356811523437486,-0.032600104808807304
pump,id_00,00000015.wav,abnormal,21.40657615661621,305.484130859375,-0.1404871791601181,24.66999244689941,334.8680114746094,0.009621444158256,3.2634162902831996,29.383880615234375,0.1501086233183741
pump,id_00,00000016.wav,abnormal,7.764726638793945,109.01372528076172,-0.0415662415325641,22.8795166015625,305.65924072265625,0.0438763536512851,15.114789962768555,196.64551544189453,0.0854425951838492
pump,id_00,00000017.wav,abnormal,27.79365348815918,405.3670654296875,-0.1357433199882507,20.92891502380371,279.674072265625,0.0347014516592025,-6.864738464355469,-125.6929931640625,0.1704447716474532
pump,id_00,00000018.wav,abnormal,3.2777678966522217,42.48990631103516,0.0520161874592304,17.894899368286133,243.0174102783203,0.0271991938352584,14.617131471633911,200.52750396728516,-0.024816993623972
pump,id_00,00000019.wav,abnormal,32.185237884521484,455.6082458496094,-0.1454017758369445,20.060853958129883,270.8565368652344,0.0361458361148834,-12.124383926391602,-184.751708984375,0.1815476119518279
pump,id_00,00000020.wav,abnormal,5.357422351837158,77.36132049560547,0.043039247393608,15.571877479553224,209.1341094970703,0.0484634973108768,10.214455127716066,131.77278900146484,0.005424249917268795
pump,id_00,00000021.wav,abnormal,30.642541885375977,439.03509521484375,-0.1409172862768173,29.257118225097656,391.2935485839844,0.0331492945551872,-1.3854236602783203,-47.741546630859375,0.1740665808320045
pump,id_00,00000022.wav,abnormal,10.173379898071287,136.53851318359375,0.0154625568538904,21.54842758178711,291.6259155273437,0.0232214741408824,11.375047683715822,155.08740234374994,0.0077589172869919985
pump,id_00,00000023.wav,abnormal,31.80345344543457,450.026123046875,-0.1462505906820297,24.024274826049805,321.7977294921875,0.0166921019554138,-7.779178619384766,-128.2283935546875,0.1629426926374435
pump,id_00,00000024.wav,abnormal,6.185652256011963,85.66935729980469,-0.0713902115821838,11.70955753326416,153.57388305664062,0.0337607525289058,5.523905277252197,67.90452575683594,0.1051509641110896
pump,id_00,00000025.wav,abnormal,23.749210357666016,347.3443603515625,-0.1339726448059082,23.79881858825684,319.1143798828125,0.0396490022540092,0.049608230590823865,-28.22998046875,0.1736216470599174
pump,id_00,00000026.wav,abnormal,15.318777084350586,214.8147125244141,-0.0646430701017379,18.398399353027344,244.70806884765625,0.0305069927126169,3.079622268676758,29.89335632324216,0.09515006281435481
pump,id_00,00000027.wav,abnormal,16.52530288696289,238.84906005859372,-0.1319865137338638,17.98889923095703,240.10150146484372,0.0473541729152202,1.4635963439941406,1.25244140625,0.179340686649084
pump,id_00,00000028.wav,abnormal,9.87429428100586,136.3383331298828,0.1263336688280105,15.274479866027832,197.58865356445312,0.0806526094675064,5.400185585021973,61.25032043457031,-0.04568105936050411
pump,id_00,00000029.wav,abnormal,25.961618423461918,371.7934265136719,-0.1436196416616439,18.24968719482422,244.49539184570312,0.0461466386914253,-7.711931228637699,-127.29803466796875,0.1897662803530692
pump,id_00,00000030.wav,abnormal,31.894407272338867,467.8223876953125,0.109069749712944,22.72926902770996,306.45318603515625,-0.02942287735641,-9.165138244628906,-161.36920166015625,-0.138492627069354
pump,id_00,00000031.wav,abnormal,20.15200424194336,296.4747009277344,-0.1280889064073562,16.10589599609375,215.8231506347656,0.0528137013316154,-4.046108245849609,-80.65155029296878,0.1809026077389716
pump,id_00,00000032.wav,abnormal,18.89301300048828,275.4873352050781,0.1305509805679321,12.779654502868652,172.34414672851562,-0.0028122214134782,-6.113358497619629,-103.1431884765625,-0.1333632019814103
pump,id_00,00000033.wav,abnormal,25.979736328125,372.6882934570313,-0.140912652015686,18.286975860595703,245.898193359375,0.0613918229937553,-7.692760467529297,-126.7901000976563,0.20230447500944132
pump,id_00,00000034.wav,abnormal,17.407440185546875,251.19461059570312,0.1307021528482437,16.121971130371094,226.1968994140625,0.0188870839774608,-1.2854690551757812,-24.997711181640625,-0.11181506887078291
pump,id_00,00000035.wav,abnormal,35.36443328857422,495.59564208984375,-0.1452887654304504,45.63398361206055,607.8720703125,0.0191223006695508,10.269550323486328,112.27642822265625,0.16441106610000122
pump,id_00,00000036.wav,abnormal,17.883869171142578,259.1612548828125,0.1311786621809005,14.022587776184082,193.84320068359372,0.0163893401622772,-3.861281394958496,-65.31805419921878,-0.1147893220186233
pump,id_00,00000037.wav,abnormal,25.283409118652344,360.9260559082031,-0.1433435976505279,31.148706436157227,414.1483459472656,0.0374691039323806,5.865297317504883,53.2222900390625,0.1808127015829085
pump,id_00,00000038.wav,abnormal,18.29268264770508,264.2133178710937,0.1288553774356842,15.587542533874512,210.75628662109372,-0.01744313724339,-2.70514011383057,-53.45703124999997,-0.1462985146790742
pump,id_00,00000039.wav,abnormal,31.654239654541016,447.3354797363281,-0.1471657454967498,26.699729919433597,358.5927734375,-0.0035048644058406,-4.954509735107418,-88.74270629882812,0.1436608810909092
pump,id_00,00000040.wav,abnormal,20.52387237548828,300.6426696777344,0.1282074302434921,14.246614456176758,192.70901489257807,0.0065674530342221,-6.277257919311523,-107.9336547851563,-0.12163997720927
pump,id_00,00000041.wav,abnormal,28.284059524536133,403.0847778320313,-0.1471451371908188,17.724193572998047,234.48887634277344,0.0226218216121196,-10.559865951538086,-168.59590148925787,0.16976695880293838
pump,id_00,00000042.wav,abnormal,15.575502395629885,223.0006103515625,0.1314930915832519,12.25390911102295,172.29844665527344,0.0503614135086536,-3.3215932846069354,-50.70216369628906,-0.0811316780745983
pump,id_00,00000043.wav,abnormal,31.473237991333008,446.9844970703125,-0.1440783590078354,26.691349029541016,356.9078369140625,0.0407267846167087,-4.781888961791992,-90.07666015625,0.1848051436245441
pump,id_00,00000044.wav,abnormal,39.515716552734375,552.7177124023438,-0.1412725299596786,60.4383544921875,778.6981811523438,0.0213894415646791,20.922637939453125,225.98046875,0.16266197152435768
pump,id_00,00000045.wav,abnormal,23.839475631713867,349.16363525390625,-0.1308523118495941,19.00347900390625,255.3204498291016,0.053409419953823,-4.835996627807617,-93.84318542480466,0.1842617318034171
pump,id_00,00000046.wav,abnormal,44.04710006713867,610.80029296875,-0.1173913851380348,69.65843200683594,880.8831787109375,0.0029692680109292,25.611331939697266,270.0828857421875,0.120360653148964
pump,id_00,00000047.wav,abnormal,16.738264083862305,245.3050842285156,-0.1053700894117355,21.23423194885254,285.52447509765625,0.0461768694221973,4.495967864990234,40.21939086914065,0.15154695883393282
pump,id_00,00000048.wav,abnormal,28.38084983825684,399.7398681640625,-0.1362362056970596,59.65538787841797,772.398193359375,0.0139266839250922,31.27453804016113,372.6583251953125,0.1501628896221518
pump,id_00,00000049.wav,abnormal,24.234777450561523,348.4428100585937,-0.1398609429597854,18.342256546020508,245.9042053222656,0.0446865372359752,-5.892520904541016,-102.5386047363281,0.18454748019576062
pump,id_00,00000050.wav,abnormal,38.32436752319336,531.5377197265625,-0.1426182687282562,74.12916564941406,938.6893310546876,0.0053884331136941,35.8047981262207,407.1516113281251,0.1480067018419503
pump,id_00,00000051.wav,abnormal,24.99735641479492,364.7283020019531,-0.1362247467041015,22.881959915161133,308.4165344238281,0.0310335867106914,-2.1153964996337855,-56.311767578125,0.1672583334147929
pump,id_00,00000052.wav,abnormal,40.69622039794922,576.3329467773438,-0.1125940755009651,56.913047790527344,743.7952270507812,-0.0082508856430649,16.216827392578125,167.4622802734375,0.1043431898579002
pump,id_00,00000053.wav,abnormal,5.10938024520874,70.29129028320312,0.1194817125797271,11.913779258728027,163.3805694580078,0.0122898304834961,6.804399013519287,93.08927917480469,-0.107191882096231
pump,id_00,00000054.wav,abnormal,35.05470275878906,488.0242919921875,-0.1403142660856247,58.538516998291016,750.4747924804688,0.0172238778322935,23.483814239501953,262.45050048828125,0.1575381439179182
pump,id_00,00000055.wav,abnormal,11.679800033569336,164.57078552246094,0.1276154667139053,15.35710906982422,210.38442993164065,0.0115859322249889,3.6773090362548846,45.813644409179716,-0.11602953448891641
pump,id_00,00000056.wav,abnormal,33.500301361083984,467.0207824707031,-0.1389567852020263,67.41053771972656,858.1435546875,0.0040369289927184,33.91023635864258,391.1227722167969,0.14299371419474471
pump,id_00,00000057.wav,abnormal,9.839564323425291,129.648193359375,0.1091138198971748,11.839256286621094,151.64404296875,0.0116443876177072,1.9996919631958026,21.995849609375,-0.0974694322794676
pump,id_00,00000058.wav,abnormal,40.50229263305664,556.6859130859375,-0.1404998451471328,69.30492401123047,890.8416748046875,0.003214813536033,28.802631378173828,334.15576171875,0.1437146586831658
pump,id_00,00000059.wav,abnormal,22.42958068847656,329.29986572265625,0.1223644092679023,20.47900390625,276.4760437011719,-0.012150808237493,-1.950576782226559,-52.823822021484375,-0.1345152175053953
pump,id_00,00000060.wav,abnormal,47.84932327270508,652.6875,-0.1418187022209167,61.34495544433594,781.6947021484375,0.0194186680018901,13.49563217163086,129.0072021484375,0.1612373702228068
pump,id_00,00000061.wav,abnormal,16.045852661132812,230.20416259765625,0.1287508308887481,19.52889633178711,270.18194580078125,0.0195705574005842,3.483043670654297,39.977783203125,-0.10918027348816392
pump,id_00,00000062.wav,abnormal,33.55943298339844,473.8875122070313,-0.1320672333240509,64.77327728271484,800.47998046875,0.0242916457355022,31.213844299316406,326.5924682617187,0.1563588790595531
pump,id_00,00000063.wav,abnormal,10.289347648620604,140.81825256347656,0.0828478634357452,19.142616271972656,270.9456481933594,0.032493457198143,8.853268623352053,130.1273956298828,-0.0503544062376022
pump,id_00,00000064.wav,abnormal,28.85309791564941,409.34075927734375,-0.1367139518260955,49.52302169799805,651.5289916992188,0.0213102810084819,20.669923782348636,242.188232421875,0.1580242328345774
pump,id_00,00000065.wav,abnormal,13.7086820602417,197.79586791992188,0.1342605203390121,18.53397750854492,247.7538909912109,0.0084425266832113,4.825295448303219,49.958023071289034,-0.1258179936558008
pump,id_00,00000066.wav,abnormal,37.402374267578125,519.916259765625,-0.1423322707414627,67.03697204589844,866.6766357421875,0.0039221555925905,29.634597778320312,346.7603759765625,0.1462544263340532
pump,id_00,00000067.wav,abnormal,15.598899841308594,226.7613220214844,0.1329714953899383,11.33493995666504,156.93692016601562,-0.0269357375800609,-4.263959884643553,-69.82440185546878,-0.1599072329699992
pump,id_00,00000068.wav,abnormal,36.66184616088867,508.549072265625,-0.14129538834095,58.14359664916992,757.189453125,0.0082031525671482,21.48175048828125,248.640380859375,0.14949854090809822
pump,id_00,00000069.wav,abnormal,18.29631233215332,266.056640625,0.130547359585762,15.378171920776367,209.71429443359372,0.0075596063397824,-2.918140411376953,-56.34234619140628,-0.1229877532459796
pump,id_00,00000070.wav,abnormal,49.903465270996094,679.7164306640625,-0.1420963257551193,57.22403335571289,735.1697998046875,0.015833206474781,7.320568084716797,55.453369140625,0.1579295322299003
pump,id_00,00000071.wav,abnormal,16.254066467285156,235.02133178710935,0.1320915520191192,15.295191764831545,211.1675567626953,0.0230061989277601,-0.9588747024536115,-23.853775024414034,-0.10908535309135911
pump,id_00,00000072.wav,abnormal,65.16150665283203,872.2090454101562,-0.1403863430023193,49.92537307739258,696.704345703125,-0.0312610156834125,-15.236133575439453,-175.50469970703125,0.10912532731890681
pump,id_00,00000073.wav,abnormal,9.7298002243042,137.14788818359375,0.1292171031236648,19.17928123474121,258.72052001953125,0.0552429854869842,9.449481010437012,121.5726318359375,-0.0739741176366806
pump,id_00,00000074.wav,abnormal,66.60374450683594,894.6419677734375,-0.1390660554170608,58.87880325317383,787.5711059570312,-0.0202995110303163,-7.724941253662109,-107.07086181640625,0.1187665443867445
pump,id_00,00000075.wav,abnormal,15.70887565612793,226.96218872070312,0.1279940754175186,19.30733299255371,267.2813720703125,0.0065108654089272,3.5984573364257812,40.319183349609375,-0.12148321000859139
pump,id_00,00000076.wav,abnormal,73.19116973876953,993.513671875,-0.132310152053833,61.77132034301758,826.3233032226562,-0.0703285187482833,-11.419849395751953,-167.19036865234375,0.061981633305549705
pump,id_00,00000077.wav,abnormal,15.504101753234863,224.65902709960935,0.1281663179397583,13.406338691711426,179.66958618164062,0.009610385634005,-2.0977630615234375,-44.98944091796872,-0.1185559323057533
pump,id_00,00000078.wav,abnormal,69.84341430664062,942.9614868164062,-0.1372385174036026,53.0087776184082,740.4872436523438,-0.0198780689388513,-16.834636688232422,-202.4742431640625,0.1173604484647513
pump,id_00,00000079.wav,abnormal,14.254048347473145,204.39083862304688,0.1333713233470916,17.873796463012695,249.109130859375,0.0148630244657397,3.619748115539551,44.718292236328125,-0.11850829888135189
pump,id_00,00000080.wav,abnormal,76.76703643798828,1029.754638671875,-0.1351041942834854,61.666297912597656,839.2443237304688,-0.047441653907299,-15.100738525390625,-190.51031494140625,0.08766254037618641
pump,id_00,00000081.wav,abnormal,12.409716606140137,171.59884643554688,0.1104074120521545,16.1658992767334,228.33001708984372,0.0509935766458511,3.7561826705932617,56.73117065429685,-0.0594138354063034
pump,id_00,00000082.wav,abnormal,97.50860595703124,1438.3804931640625,-0.0681165307760238,71.4506607055664,979.2109375,-0.0733838975429534,-26.05794525146483,-459.1695556640625,-0.005267366766929599
pump,id_00,00000083.wav,abnormal,11.184847831726074,156.94761657714844,0.1325870603322982,18.928726196289062,267.4843139648437,0.024425471201539,7.743878364562988,110.53669738769526,-0.1081615891307592
pump,id_00,00000084.wav,abnormal,75.2099838256836,1013.7569580078124,-0.1346136182546615,66.46131896972656,903.9090576171876,-0.0492646805942058,-8.748664855957031,-109.84790039062477,0.0853489376604557
pump,id_00,00000085.wav,abnormal,16.38800621032715,237.55642700195312,0.1320496946573257,16.626325607299805,232.80612182617188,0.0238102190196514,0.23831939697265625,-4.75030517578125,-0.10823947563767429
pump,id_00,00000086.wav,abnormal,66.66244506835938,891.36181640625,-0.1380095481872558,51.69835662841797,719.8001708984375,-0.0321016423404216,-14.964088439941406,-171.5616455078125,0.10590790584683421
pump,id_00,00000087.wav,abnormal,11.350019454956056,157.9102783203125,0.1251606345176696,16.128990173339844,225.56044006347656,0.0246564522385597,4.778970718383787,67.65016174316406,-0.1005041822791099
pump,id_00,00000088.wav,abnormal,69.18094635009766,921.274169921875,-0.1356894820928573,46.55449676513672,649.5448608398438,-0.0485393665730953,-22.626449584960938,-271.72930908203125,0.08715011551976201
pump,id_00,00000089.wav,abnormal,21.19470977783203,310.269775390625,0.1127158477902412,17.46352195739746,234.9086456298828,-0.0098229087889194,-3.7311878204345703,-75.36112976074219,-0.12253875657916061
pump,id_00,00000090.wav,abnormal,79.33135223388672,1085.542724609375,-0.1314758658409118,71.45976257324219,951.29248046875,-0.0478609502315521,-7.871589660644531,-134.250244140625,0.08361491560935971
pump,id_00,00000091.wav,abnormal,8.657611846923828,120.99626159667967,0.105869710445404,9.351943016052246,130.0977783203125,0.0787263512611389,0.694331169128418,9.101516723632827,-0.027143359184265095
pump,id_00,00000092.wav,abnormal,84.09007263183594,1180.366943359375,-0.1294618844985962,72.40543365478516,932.6822509765624,-0.004968122113496,-11.684638977050781,-247.6846923828126,0.1244937623851002
pump,id_00,00000093.wav,abnormal,12.261442184448242,173.58004760742188,0.1338595300912857,15.261837005615234,209.05853271484372,0.0059172068722546,3.000394821166992,35.47848510742185,-0.1279423232190311
pump,id_00,00000094.wav,abnormal,3.9185476303100586,52.1392707824707,0.1188349872827529,12.490564346313477,167.69430541992188,-0.0343438908457756,8.572016716003418,115.55503463745117,-0.15317887812852848
pump,id_00,00000095.wav,abnormal,14.611320495605469,211.11154174804688,0.1348080337047577,17.31151580810547,242.676025390625,0.016480853781104,2.7001953125,31.564483642578125,-0.11832717992365369
pump,id_00,00000096.wav,abnormal,9.917071342468262,130.77542114257812,-0.0834663361310958,8.176492691040039,109.92781066894533,0.0401957705616951,-1.7405786514282227,-20.8476104736328,0.1236621066927909
pump,id_00,00000097.wav,abnormal,10.816557884216309,150.5260009765625,0.1050537005066871,21.8000545501709,287.91619873046875,-0.0116082271561026,10.98349666595459,137.39019775390625,-0.1166619276627897
pump,id_00,00000098.wav,abnormal,36.94048309326172,506.7003173828125,-0.0828760713338851,43.01682662963867,581.06103515625,-0.0323275700211524,6.076343536376953,74.3607177734375,0.0505485013127327
pump,id_00,00000099.wav,abnormal,16.38269805908203,235.95587158203125,0.1202615201473236,19.91752243041992,272.9159851074219,-0.0083695268258452,3.534824371337887,36.960113525390625,-0.1286310469731688
pump,id_00,00000100.wav,abnormal,9.784646034240724,137.02886962890625,0.0716479793190956,10.34357738494873,139.8183135986328,0.0645753666758537,0.558931350708006,2.7894439697265625,-0.007072612643241896
pump,id_00,00000101.wav,abnormal,28.05270004272461,385.0471801757813,-0.1153614372014999,10.017502784729004,131.51426696777344,0.0210136529058218,-18.035197257995605,-253.53291320800787,0.13637509010732168
pump,id_00,00000102.wav,abnormal,6.722675323486328,97.36947631835938,0.05622323974967,11.118335723876951,149.60321044921875,0.0657680928707122,4.395660400390623,52.233734130859375,0.009544853121042196
pump,id_00,00000103.wav,abnormal,15.398573875427246,222.2047119140625,-0.1369072794914245,12.023836135864258,162.58743286132812,-0.0704885050654411,-3.3747377395629883,-59.617279052734375,0.0664187744259834
pump,id_00,00000104.wav,abnormal,3.98108983039856,56.42708587646485,0.0661052539944648,6.239139556884766,85.77944946289062,0.0393729917705059,2.2580497264862056,29.352363586425774,-0.026732262223958907
pump,id_00,00000105.wav,abnormal,10.951146125793455,159.80935668945312,-0.106508195400238,11.036595344543455,141.1211700439453,-0.0056054452434182,0.08544921875,-18.688186645507812,0.10090275015681979
pump,id_00,00000106.wav,abnormal,6.59866189956665,93.69344329833984,0.0168809071183204,14.53022289276123,196.09689331054688,0.0376648567616939,7.93156099319458,102.40345001220703,0.0207839496433735
pump,id_00,00000107.wav,abnormal,41.20283508300781,556.2111206054688,-0.1307705789804458,25.22811317443848,339.396728515625,-0.0631422996520996,-15.974721908569332,-216.81439208984375,0.06762827932834621
pump,id_00,00000108.wav,abnormal,7.933885097503662,103.44303894042967,-0.0992146134376525,21.194828033447266,288.61944580078125,0.0421570315957069,13.260942935943604,185.17640686035156,0.14137164503335942
pump,id_00,00000109.wav,abnormal,23.14001846313477,328.2930908203125,-0.1366012543439865,13.640480041503906,180.06056213378906,-0.0450405366718769,-9.499538421630863,-148.23252868652344,0.0915607176721096
pump,id_00,00000110.wav,abnormal,17.66765022277832,259.5947265625,-0.1137975752353668,21.94611167907715,292.9332580566406,0.0415214672684669,4.278461456298828,33.338531494140625,0.1553190425038337
pump,id_00,00000111.wav,abnormal,18.94783973693848,270.2850952148437,-0.1382260918617248,15.364043235778809,209.56451416015625,-0.0485184229910373,-3.5837965011596715,-60.72058105468744,0.0897076688706875
pump,id_00,00000112.wav,abnormal,13.315834045410156,193.98590087890625,-0.1114897280931472,15.839927673339844,215.4256591796875,-0.0023693405091762,2.5240936279296875,21.43975830078125,0.109120387583971
pump,id_00,00000113.wav,abnormal,35.57907485961914,495.308349609375,-0.1401221752166748,12.015947341918944,161.24449157714844,0.0164246540516614,-23.563127517700195,-334.06385803222656,0.1565468292683362
pump,id_00,00000114.wav,abnormal,23.591552734375,334.7060546875,-0.1340911090373993,14.897623062133787,192.10153198242188,-0.0174248702824115,-8.693929672241213,-142.60452270507812,0.1166662387549878
pump,id_00,00000115.wav,abnormal,31.28393173217773,429.08697509765625,-0.1357424706220626,19.97804450988769,279.2648620605469,-0.0418435111641883,-11.305887222290039,-149.82211303710938,0.0938989594578743
pump,id_00,00000116.wav,abnormal,42.0233039855957,575.1742553710938,-0.1259419173002243,36.09836959838867,507.2054443359375,-0.0534415505826473,-5.924934387207031,-67.96881103515625,0.07250036671757701
pump,id_00,00000117.wav,abnormal,35.74232864379883,492.2970275878906,-0.1392542868852615,26.52238655090332,356.0474548339844,0.004810394719243,-9.219942092895508,-136.24957275390625,0.1440646816045045
pump,id_00,00000118.wav,abnormal,34.68180465698242,482.857421875,-0.1432877480983734,14.44289207458496,196.71334838867188,0.0273852944374084,-20.23891258239746,-286.1440734863281,0.1706730425357818
pump,id_00,00000119.wav,abnormal,22.659442901611328,318.1918640136719,-0.13492451608181,16.056556701660156,218.05133056640625,-0.0553390197455883,-6.602886199951172,-100.14053344726562,0.0795854963362217
pump,id_00,00000120.wav,abnormal,34.497005462646484,476.4288330078125,-0.1398321986198425,22.0357723236084,312.3428039550781,-0.0672117248177528,-12.461233139038086,-164.08602905273438,0.0726204738020897
pump,id_00,00000121.wav,abnormal,16.329389572143555,237.7496337890625,-0.1310691684484481,16.99103355407715,229.8720245361328,0.0061335763894021,0.6616439819335938,-7.8776092529296875,0.1372027448378502
pump,id_00,00000122.wav,abnormal,80.7260513305664,1104.289306640625,-0.1313749700784683,57.88166046142578,796.7748413085938,-0.0377056635916233,-22.844390869140625,-307.51446533203125,0.09366930648684499
pump,id_00,00000123.wav,abnormal,74.25972747802734,1004.0364990234376,-0.1343934684991836,59.14598846435547,811.6204223632812,-0.0323486812412738,-15.113739013671875,-192.41607666015636,0.1020447872579098
pump,id_00,00000124.wav,abnormal,83.3338851928711,1146.9591064453125,-0.1314837038516998,67.96844482421875,922.3051147460938,-0.0198091119527816,-15.365440368652344,-224.65399169921875,0.11167459189891821
pump,id_00,00000125.wav,abnormal,78.99124145507812,1146.467041015625,-0.1066387221217155,53.474151611328125,739.5894165039062,-0.0690894350409507,-25.51708984375,-406.87762451171875,0.0375492870807648
pump,id_00,00000126.wav,abnormal,74.80147552490234,1009.3048095703124,-0.1346574872732162,60.31669998168945,836.2260131835938,-0.0414052009582519,-14.48477554321289,-173.07879638671864,0.0932522863149643
pump,id_00,00000127.wav,abnormal,74.10794830322266,1000.2747802734376,-0.1347477287054062,60.7515869140625,835.7295532226562,-0.0576327443122863,-13.356361389160156,-164.54522705078136,0.0771149843931199
pump,id_00,00000128.wav,abnormal,79.62369537353516,1091.4896240234375,-0.1310008317232132,78.70539855957031,1049.3917236328125,-0.0277114380151033,-0.9182968139648438,-42.097900390625,0.1032893937081099
pump,id_00,00000129.wav,abnormal,78.3929443359375,1072.6815185546875,-0.1329575479030609,51.72514724731445,726.6625366210938,-0.0310479514300823,-26.667797088623047,-346.01898193359375,0.10190959647297862
pump,id_00,00000130.wav,abnormal,50.6075439453125,695.5431518554688,-0.1303239166736602,47.91546630859375,652.048095703125,-0.0072555220685899,-2.69207763671875,-43.49505615234375,0.1230683946050703
pump,id_00,00000131.wav,abnormal,71.73021697998047,965.7478637695312,-0.1356318145990371,62.57809829711914,854.3768310546875,-0.051536925137043,-9.152118682861328,-111.37103271484375,0.08409488946199409
pump,id_00,00000132.wav,abnormal,85.95337677001953,1190.947998046875,-0.1292473226785659,65.7452621459961,906.8683471679688,-0.0467289015650749,-20.208114624023438,-284.07965087890625,0.082518421113491
pump,id_00,00000133.wav,abnormal,64.32536315917969,902.46728515625,-0.1191808804869651,36.58948516845703,511.9244995117188,-0.0573365204036235,-27.735877990722656,-390.5427856445312,0.0618443600833416
pump,id_00,00000134.wav,abnormal,55.73217010498047,758.7684936523438,-0.1444943398237228,32.9444580078125,453.1973876953125,0.0300587322562932,-22.78771209716797,-305.57110595703125,0.17455307208001603
pump,id_00,00000135.wav,abnormal,49.292362213134766,661.53515625,-0.1400561183691024,62.67593765258789,827.48486328125,-0.0219962857663631,13.383575439453125,165.94970703125,0.11805983260273929
pump,id_00,00000136.wav,abnormal,72.57295227050781,995.4573364257812,-0.1370201408863067,38.92115783691406,541.2003173828125,-0.0167268216609954,-33.65179443359375,-454.25701904296875,0.12029331922531131
pump,id_00,00000137.wav,abnormal,49.614505767822266,683.508056640625,-0.1455370485782623,42.63690948486328,574.193115234375,0.0290765147656202,-6.977596282958984,-109.31494140625,0.1746135633438825
pump,id_00,00000138.wav,abnormal,41.53872299194336,561.4361572265625,-0.1289291977882385,32.30597305297852,425.1421508789063,-0.0833832398056984,-9.232749938964837,-136.2940063476562,0.0455459579825401
pump,id_00,00000139.wav,abnormal,70.22792053222656,941.894287109375,-0.127652034163475,36.573612213134766,487.82757568359375,-0.0917800813913345,-33.6543083190918,-454.06671142578125,0.0358719527721405
pump,id_00,00000140.wav,abnormal,81.44957733154297,1178.1729736328125,-0.1088629588484764,59.8442611694336,830.3983764648438,-0.0920876786112785,-21.605316162109368,-347.77459716796875,0.01677528023719789
pump,id_00,00000141.wav,abnormal,45.22399139404297,619.6388549804688,-0.1429200321435928,27.47420692443848,376.9143371582031,-0.0331603921949863,-17.74978446960449,-242.72451782226562,0.1097596399486065
pump,id_00,00000142.wav,abnormal,53.26213073730469,774.13525390625,-0.0707205608487129,46.943172454833984,636.9060668945312,-0.0151542583480477,-6.318958282470703,-137.22918701171875,0.055566302500665195
pump,id_02,00000000.wav,abnormal,22.99907684326172,331.4571533203125,-0.1072813495993614,0.0,0.0,0.0,-22.99907684326172,-331.4571533203125,0.1072813495993614
pump,id_02,00000001.wav,abnormal,19.10141372680664,265.2474060058594,-0.1292718052864074,16.668716430664062,230.76678466796875,-0.100913256406784,-2.432697296142578,-34.480621337890625,0.028358548879623385
pump,id_02,00000002.wav,abnormal,20.801172256469727,288.651123046875,-0.1271103322505951,22.0516300201416,306.8372497558594,-0.0118605978786945,1.250457763671875,18.186126708984375,0.11524973437190059
pump,id_02,00000003.wav,abnormal,11.633953094482422,166.51760864257812,-0.1009771898388862,11.03593921661377,146.74411010742188,-0.0279839355498552,-0.5980138778686523,-19.77349853515625,0.072993254289031
pump,id_02,00000004.wav,abnormal,22.924955368041992,317.61639404296875,-0.1275825053453445,21.5655460357666,293.94146728515625,-0.0101415002718567,-1.3594093322753906,-23.6749267578125,0.11744100507348779
pump,id_02,00000005.wav,abnormal,22.24002456665039,311.856201171875,-0.1322053968906402,19.32263946533203,266.18682861328125,-0.0048122694715857,-2.9173851013183594,-45.66937255859375,0.1273931274190545
pump,id_02,00000006.wav,abnormal,29.87328338623047,420.6802368164063,-0.1438889354467392,38.57568740844727,510.4617919921875,0.0210539083927869,8.702404022216804,89.7815551757812,0.1649428438395261
pump,id_02,00000007.wav,abnormal,27.96657943725586,387.2226867675781,-0.1364931613206863,14.946146965026855,208.04510498046875,-0.0610412992537021,-13.020432472229004,-179.17758178710938,0.0754518620669842
pump,id_02,00000008.wav,abnormal,25.22776985168457,371.2891845703125,-0.0698562785983085,23.41130256652832,323.74237060546875,-0.0947034507989883,-1.81646728515625,-47.54681396484375,-0.024847172200679807
pump,id_02,00000009.wav,abnormal,21.24340438842773,303.0697631835937,-0.0355036742985248,46.27083587646485,620.6942749023438,-0.0345117375254631,25.02743148803712,317.62451171875006,0.0009919367730617037
pump,id_02,00000010.wav,abnormal,39.45944213867188,546.494873046875,-0.1394921690225601,29.689525604248047,405.8915100097656,-0.0519517697393894,-9.769916534423835,-140.60336303710938,0.0875403992831707
pump,id_02,00000011.wav,abnormal,41.13415145874024,597.2828369140625,-0.1230959296226501,24.603805541992188,327.7434997558594,0.0126170394942164,-16.530345916748054,-269.5393371582031,0.1357129691168665
pump,id_02,00000012.wav,abnormal,27.638198852539062,381.1693115234375,-0.1244710311293602,24.311771392822266,340.4901733398437,-0.0759900733828544,-3.326427459716797,-40.67913818359381,0.04848095774650579
pump,id_02,00000013.wav,abnormal,29.79313468933105,424.4350891113281,-0.1378353536128997,22.97475814819336,308.15625,0.044029489159584,-6.818376541137692,-116.27883911132812,0.1818648427724837
pump,id_02,00000014.wav,abnormal,32.4969367980957,445.1030578613281,-0.1352262943983078,29.973478317260746,415.7163696289063,-0.0120611926540732,-2.5234584808349574,-29.386688232421818,0.1231651017442346
pump,id_02,00000015.wav,abnormal,21.057279586791992,298.089599609375,-0.1366564780473709,17.74353790283203,233.90353393554688,0.0111723784357309,-3.313741683959961,-64.18606567382812,0.14782885648310182
pump,id_02,00000016.wav,abnormal,23.73761749267578,351.0899353027344,-0.0926754102110862,29.34574508666992,409.1901245117188,-0.0721541121602058,5.608127593994137,58.10018920898443,0.020521298050880404
pump,id_02,00000017.wav,abnormal,18.97595977783203,268.9392395019531,-0.1249389350414276,17.95056915283203,244.10546875,-0.0657929331064224,-1.025390625,-24.833770751953125,0.0591460019350052
pump,id_02,00000018.wav,abnormal,13.566960334777832,206.54837036132807,-0.0753378719091415,15.34308910369873,209.86819458007807,-0.0454263389110565,1.7761287689208984,3.31982421875,0.029911532998085
pump,id_02,00000019.wav,abnormal,19.203266143798828,272.98046875,-0.112662672996521,12.320184707641602,166.9696044921875,-0.0257496666163206,-6.883081436157227,-106.0108642578125,0.0869130063802004
pump,id_02,00000020.wav,abnormal,39.26800537109375,531.7813110351562,-0.1326261460781097,36.09900665283203,493.2491760253906,-0.0528876706957817,-3.1689987182617188,-38.532135009765625,0.079738475382328
pump,id_02,00000021.wav,abnormal,33.19942855834961,462.0816040039063,-0.1407743245363235,24.24886703491211,333.4031066894531,-0.0088493833318352,-8.9505615234375,-128.67849731445318,0.13192494120448828
pump,id_02,00000022.wav,abnormal,27.1543083190918,376.40045166015625,-0.1181311756372451,28.62552070617676,400.6385192871094,-0.072714164853096,1.471212387084961,24.238067626953125,0.0454170107841491
pump,id_02,00000023.wav,abnormal,30.76503562927246,431.68060302734375,-0.1362463682889938,24.6779727935791,336.2303161621094,0.0231580175459384,-6.087062835693359,-95.45028686523438,0.15940438583493222
pump,id_02,00000024.wav,abnormal,27.996036529541016,388.3154296875,-0.1198623478412628,25.08812141418457,348.7592468261719,-0.0529379323124885,-2.9079151153564453,-39.556182861328125,0.0669244155287743
pump,id_02,00000025.wav,abnormal,26.216209411621094,378.03851318359375,-0.1349590867757797,31.82486915588379,430.679443359375,0.0027329735457897,5.608659744262695,52.64093017578125,0.1376920603215694
pump,id_02,00000026.wav,abnormal,26.132244110107425,358.47479248046875,-0.1258759945631027,26.061676025390625,356.42010498046875,-0.0989066064357757,-0.07056808471680043,-2.0546875,0.026969388127326993
pump,id_02,00000027.wav,abnormal,25.81707191467285,366.6490478515625,-0.1373674273490905,14.713326454162598,198.71649169921875,0.011771417222917,-11.103745460510254,-167.93255615234375,0.1491388445720075
pump,id_02,00000028.wav,abnormal,13.87759494781494,191.3408203125,-0.0569104701280593,20.137269973754883,279.1607360839844,-0.0714629366993904,6.259675025939943,87.81991577148438,-0.0145524665713311
pump,id_02,00000029.wav,abnormal,25.687538146972656,354.024169921875,-0.1341438144445419,18.76007843017578,263.5623779296875,-0.064011663198471,-6.927459716796875,-90.4617919921875,0.0701321512460709
pump,id_02,00000030.wav,abnormal,14.788911819458008,221.77072143554688,0.0537076480686664,18.658910751342773,247.9226226806641,0.0105740213766694,3.8699989318847656,26.151901245117216,-0.043133626691997
pump,id_02,00000031.wav,abnormal,28.121257781982425,389.0114135742188,-0.1193115189671516,25.41315650939941,345.10601806640625,-0.0238513275980949,-2.708101272583015,-43.90539550781256,0.0954601913690567
pump,id_02,00000032.wav,abnormal,16.50470542907715,214.0312042236328,0.0863230898976326,28.916593551635746,394.2572021484375,-0.0838231742382049,12.411888122558597,180.2259979248047,-0.1701462641358375
pump,id_02,00000033.wav,abnormal,28.923240661621094,399.7030029296875,-0.1380031704902649,30.026254653930664,418.93597412109375,-0.0483676008880138,1.1030139923095703,19.23297119140625,0.0896355696022511
pump,id_02,00000034.wav,abnormal,19.22474670410156,239.88983154296875,0.0569087229669094,25.88363265991211,355.1634826660156,-0.0659823045134544,6.65888595581055,115.27365112304688,-0.12289102748036379
pump,id_02,00000035.wav,abnormal,29.736486434936523,430.4421691894531,-0.1294399797916412,22.62394142150879,304.1298217773437,0.0205574706196784,-7.112545013427734,-126.31234741210943,0.14999745041131962
pump,id_02,00000036.wav,abnormal,11.800213813781738,151.45370483398438,0.0736582353711128,33.85635757446289,460.279296875,-0.0355144515633583,22.056143760681152,308.8255920410156,-0.1091726869344711
pump,id_02,00000037.wav,abnormal,37.79151916503906,549.2530517578125,-0.1255625188350677,22.268409729003903,307.2577209472656,-0.0540072284638881,-15.52310943603516,-241.99533081054688,0.0715552903711796
pump,id_02,00000038.wav,abnormal,11.499261856079102,155.91253662109375,0.0825801938772201,17.163503646850586,234.859130859375,-0.0195902101695537,5.664241790771484,78.94659423828125,-0.1021704040467738
pump,id_02,00000039.wav,abnormal,20.62771224975586,288.489990234375,-0.132106602191925,12.693331718444824,171.7342987060547,-0.0054735806770622,-7.934380531311035,-116.75569152832031,0.1266330215148628
pump,id_02,00000040.wav,abnormal,16.216381072998047,203.1485290527344,0.0281988307833671,19.244997024536133,267.89434814453125,-0.0661326572299003,3.028615951538086,64.74581909179685,-0.0943314880132674
pump,id_02,00000041.wav,abnormal,26.20189094543457,365.8201904296875,-0.1340576261281967,22.987768173217773,311.0130615234375,-0.0110105630010366,-3.214122772216797,-54.80712890625,0.12304706312716009
pump,id_02,00000042.wav,abnormal,23.623632431030277,333.3877258300781,0.1196162551641464,9.671996116638184,122.9795150756836,-0.0609057918190956,-13.951636314392093,-210.40821075439453,-0.18052204698324198
pump,id_02,00000043.wav,abnormal,34.333675384521484,491.5787353515625,-0.1320434957742691,18.177509307861328,251.1045379638672,-0.0606973469257354,-16.156166076660156,-240.4741973876953,0.07134614884853371
pump,id_02,00000044.wav,abnormal,16.202756881713867,216.4261779785156,0.1045178174972534,15.06761360168457,205.97238159179688,-0.0631397366523742,-1.1351432800292969,-10.453796386718722,-0.1676575541496276
pump,id_02,00000045.wav,abnormal,31.80837821960449,456.5271301269531,-0.1362102627754211,15.543070793151855,205.76419067382807,0.0209424048662185,-16.265307426452633,-250.76293945312506,0.1571526676416396
pump,id_02,00000046.wav,abnormal,14.779558181762695,193.64578247070312,0.0941807478666305,8.457486152648926,104.75871276855467,0.0088473875075578,-6.3220720291137695,-88.88706970214845,-0.0853333603590727
pump,id_02,00000047.wav,abnormal,33.65164566040039,483.5849914550781,-0.1322505921125412,19.114782333374023,261.51904296875,0.0112315397709608,-14.536863327026367,-222.06594848632812,0.143482131883502
pump,id_02,00000048.wav,abnormal,19.14912414550781,264.2665710449219,0.1101049184799194,33.33823013305664,447.4719848632813,-0.0381533540785312,14.189105987548832,183.20541381835943,-0.14825827255845062
pump,id_02,00000049.wav,abnormal,36.41206741333008,524.49560546875,-0.1324001103639602,25.859315872192383,352.2056579589844,0.0119860554113984,-10.552751541137695,-172.28994750976562,0.14438616577535862
pump,id_02,00000050.wav,abnormal,14.977452278137209,181.4291839599609,0.049538467079401,25.20890045166016,345.5633544921875,-0.0457248613238334,10.231448173522951,164.1341705322266,-0.0952633284032344
pump,id_02,00000051.wav,abnormal,33.62205123901367,470.2191467285156,-0.1347682774066925,20.281776428222656,273.26104736328125,-0.077730618417263,-13.340274810791016,-196.95809936523438,0.0570376589894295
pump,id_02,00000052.wav,abnormal,36.494049072265625,517.1458129882812,0.1082195490598678,14.070327758789062,186.70391845703125,-0.0287118591368198,-22.423721313476562,-330.44189453125,-0.13693140819668762
pump,id_02,00000053.wav,abnormal,19.372182846069336,288.4712219238281,-0.0723542720079422,30.511688232421875,418.5538330078125,-0.0485709905624389,11.139505386352539,130.08261108398438,0.023783281445503297
pump,id_02,00000054.wav,abnormal,9.310691833496094,125.4490966796875,0.101337693631649,16.555479049682617,217.6858367919922,-0.0531375370919704,7.244787216186523,92.23674011230469,-0.1544752307236194
pump,id_02,00000055.wav,abnormal,22.828125,317.7164306640625,-0.1321071982383728,17.085466384887695,237.20753479003903,-0.0283907931298017,-5.742658615112305,-80.50889587402347,0.10371640510857111
pump,id_02,00000056.wav,abnormal,19.11715507507324,276.014404296875,0.1098358780145645,13.813021659851074,185.09503173828125,0.0208173543214797,-5.304133415222164,-90.91937255859375,-0.0890185236930848
pump,id_02,00000057.wav,abnormal,32.01371765136719,448.5955200195313,-0.1349454522132873,19.5653133392334,263.43170166015625,-0.047755841165781,-12.448404312133789,-185.16381835937506,0.0871896110475063
pump,id_02,00000058.wav,abnormal,30.172792434692383,453.6538696289063,0.0802043452858924,11.901026725769045,160.33236694335938,0.0257559046149253,-18.27176570892334,-293.32150268554693,-0.0544484406709671
pump,id_02,00000059.wav,abnormal,24.623645782470703,338.45147705078125,-0.1289027333259582,21.618288040161133,297.4970703125,-0.0391416139900684,-3.0053577423095703,-40.95440673828125,0.08976111933588979
pump,id_02,00000060.wav,abnormal,17.731212615966797,234.59019470214844,0.1018250286579132,25.131811141967773,343.56494140625,-0.0367694422602653,7.400598526000977,108.97474670410156,-0.1385944709181785
pump,id_02,00000061.wav,abnormal,28.03697204589844,388.4855346679688,-0.1360653787851333,21.826417922973636,294.2265014648437,0.0252337455749511,-6.210554122924805,-94.25903320312511,0.1612991243600844
pump,id_02,00000062.wav,abnormal,12.260260581970217,156.33949279785156,0.0686933174729347,22.426305770874023,308.0977478027344,-0.0708271190524101,10.166045188903807,151.7582550048828,-0.1395204365253448
pump,id_02,00000063.wav,abnormal,30.0122013092041,411.81536865234375,-0.1341478824615478,20.130592346191406,279.8451232910156,-0.0739241242408752,-9.881608963012695,-131.97024536132812,0.060223758220672594
pump,id_02,00000064.wav,abnormal,14.86967658996582,207.79502868652344,0.1199968308210372,11.719520568847656,155.65817260742188,-0.0488515347242355,-3.150156021118164,-52.13685607910156,-0.1688483655452727
pump,id_02,00000065.wav,abnormal,31.44588851928711,453.9510192871094,-0.1332257688045501,18.197099685668945,245.48016357421875,0.002381034893915,-13.248788833618164,-208.47085571289062,0.1356068036984651
pump,id_02,00000066.wav,abnormal,16.931917190551758,229.71495056152344,0.1111795902252197,20.273845672607425,282.4437561035156,-0.0876344889402389,3.3419284820556676,52.72880554199219,-0.1988140791654586
pump,id_02,00000067.wav,abnormal,36.78265380859375,516.2620849609375,-0.1401094496250152,25.199790954589844,344.43048095703125,0.005589191801846,-11.582862854003906,-171.83160400390625,0.1456986414268612
pump,id_02,00000068.wav,abnormal,29.253662109375,444.4060668945313,0.0677653327584266,14.131251335144045,185.0551300048828,0.0841511860489845,-15.122410774230955,-259.3509368896485,0.016385853290557903
pump,id_02,00000069.wav,abnormal,24.22794342041016,342.0129089355469,-0.1353765875101089,19.90755653381348,266.0430908203125,0.0262520238757133,-4.32038688659668,-75.96981811523438,0.16162861138582219
pump,id_02,00000070.wav,abnormal,20.62328147888184,296.6046447753906,0.1259620040655136,24.11855697631836,328.5405578613281,-0.0683595761656761,3.49527549743652,31.9359130859375,-0.19432158023118973
pump,id_02,00000071.wav,abnormal,25.868885040283203,367.234130859375,-0.1340285241603851,17.673791885375977,238.9718017578125,0.0362267643213272,-8.195093154907227,-128.2623291015625,0.1702552884817123
pump,id_02,00000072.wav,abnormal,11.673480033874512,147.78952026367188,0.0673165023326873,16.234262466430664,222.60568237304688,-0.0495257079601287,4.560782432556152,74.816162109375,-0.116842210292816
pump,id_02,00000073.wav,abnormal,32.06211471557617,437.1076049804688,-0.1353187263011932,18.133161544799805,251.81997680664065,-0.0470697432756423,-13.928953170776367,-185.28762817382815,0.08824898302555091
pump,id_02,00000074.wav,abnormal,6.948849678039551,88.80757141113281,0.0342574045062065,22.1058349609375,295.1512756347656,-0.0617035739123821,15.15698528289795,206.3437042236328,-0.0959609784185886
pump,id_02,00000075.wav,abnormal,36.47314834594727,513.9038696289062,-0.1357853561639785,29.329246520996094,404.6199645996094,-0.0614946484565734,-7.143901824951179,-109.28390502929688,0.07429070770740509
pump,id_02,00000076.wav,abnormal,14.722469329833984,208.49725341796875,0.1249335035681724,19.464548110961918,261.6607360839844,0.00543699786067,4.742078781127933,53.163482666015625,-0.11949650570750239
pump,id_02,00000077.wav,abnormal,30.330297470092773,421.7083129882813,-0.1372281312942505,18.433290481567383,252.1200408935547,-0.0064772493205964,-11.89700698852539,-169.58827209472662,0.1307508819736541
pump,id_02,00000078.wav,abnormal,7.395229816436768,102.80140686035156,-0.0811198428273201,17.36853790283203,228.3789520263672,0.0223840903490781,9.973308086395264,125.57754516601562,0.1035039331763982
pump,id_02,00000079.wav,abnormal,35.76920318603516,513.534912109375,-0.1347186416387558,18.915754318237305,249.7256774902344,0.0031599286012351,-16.85344886779786,-263.8092346191406,0.1378785702399909
pump,id_02,00000080.wav,abnormal,6.924571990966797,95.82244873046876,-0.0604508779942989,16.140087127685547,213.92105102539065,0.0024006085004657,9.21551513671875,118.09860229492189,0.0628514864947646
pump,id_02,00000081.wav,abnormal,33.721126556396484,475.60198974609375,-0.13718181848526,19.58151626586914,269.03924560546875,-0.053862202912569,-14.139610290527344,-206.562744140625,0.08331961557269102
pump,id_02,00000082.wav,abnormal,11.026472091674805,165.87173461914062,-0.0723645463585853,14.567848205566406,198.55776977539065,-0.033725868910551,3.5413761138916016,32.68603515625003,0.0386386774480343
pump,id_02,00000083.wav,abnormal,35.36088562011719,506.2077026367188,-0.1356463581323623,20.525657653808597,278.1080322265625,0.0118038598448038,-14.83522796630859,-228.0996704101563,0.14745021797716612
pump,id_02,00000084.wav,abnormal,15.995980262756348,231.2100830078125,0.098914511501789,8.039523124694824,106.28224182128906,-0.0057509653270244,-7.956457138061523,-124.92784118652344,-0.1046654768288134
pump,id_02,00000085.wav,abnormal,26.564611434936523,373.8278503417969,-0.1220942810177803,19.246143341064453,269.1189880371094,-0.0562565848231315,-7.31846809387207,-104.7088623046875,0.0658376961946488
pump,id_02,00000086.wav,abnormal,15.227202415466309,220.4971160888672,0.1123457923531532,14.513315200805664,184.41964721679688,-0.0427033901214599,-0.7138872146606445,-36.07746887207031,-0.1550491824746131
pump,id_02,00000087.wav,abnormal,27.397367477416992,378.6172790527344,-0.1344019770622253,18.996307373046875,256.91796875,-0.0161668621003627,-8.401060104370117,-121.69931030273438,0.11823511496186259
pump,id_02,00000088.wav,abnormal,6.260952472686768,81.71913146972656,-0.0242953356355428,10.924936294555664,147.5870361328125,-0.0158128403127193,4.6639838218688965,65.86790466308594,0.0084824953228235
pump,id_02,00000089.wav,abnormal,23.05397605895996,323.0274963378906,-0.1318171024322509,32.697566986083984,457.2912902832031,-0.0569361858069896,9.643590927124023,134.2637939453125,0.07488091662526129
pump,id_02,00000090.wav,abnormal,31.76166534423828,436.2915649414063,-0.1393721550703048,57.59293365478516,757.189208984375,0.0009583698702044,25.831268310546882,320.8976440429687,0.14033052494050918
pump,id_02,00000091.wav,abnormal,21.416221618652344,299.520263671875,-0.1244705095887184,19.50669860839844,258.7538146972656,0.0134176462888717,-1.9095230102539027,-40.766448974609375,0.1378881558775901
pump,id_02,00000092.wav,abnormal,27.389141082763672,388.8244018554688,-0.1120370030403137,50.5819206237793,671.4358520507812,-0.0029285084456205,23.192779541015625,282.61145019531244,0.10910849459469321
pump,id_02,00000093.wav,abnormal,35.37914276123047,508.0968933105469,-0.1363363564014434,18.89332389831543,247.94512939453125,0.031496774405241,-16.48581886291504,-260.1517639160156,0.16783313080668438
pump,id_02,00000094.wav,abnormal,28.27873420715332,383.9996337890625,-0.1286702007055282,55.503562927246094,731.046875,0.0118802106007933,27.224828720092773,347.0472412109375,0.1405504113063215
pump,id_02,00000095.wav,abnormal,28.747085571289062,404.24658203125,-0.1386740356683731,21.595272064208984,297.1585998535156,0.0222425255924463,-7.151813507080078,-107.08798217773438,0.1609165612608194
pump,id_02,00000096.wav,abnormal,31.421417236328125,437.44085693359375,-0.0448201708495616,63.233192443847656,809.9010009765625,-0.0192070510238409,31.81177520751953,372.46014404296875,0.0256131198257207
pump,id_02,00000097.wav,abnormal,23.52943229675293,336.8487548828125,-0.1358576864004135,21.169267654418945,289.1190795898437,0.0278641451150178,-2.3601646423339844,-47.72967529296881,0.16372183151543132
pump,id_02,00000098.wav,abnormal,27.528520584106445,387.374755859375,-0.1141239181160926,57.32823944091797,752.6063232421875,-0.0059830946847796,29.799718856811523,365.2315673828125,0.108140823431313
pump,id_02,00000099.wav,abnormal,41.64833068847656,599.7474365234375,-0.132438838481903,20.760717391967773,278.41796875,0.0342943854629993,-20.88761329650879,-321.3294677734375,0.1667332239449023
pump,id_02,00000100.wav,abnormal,31.28693962097168,429.4003601074219,-0.1325083374977111,24.46636199951172,336.9848937988281,-0.0102076074108481,-6.820577621459961,-92.41546630859375,0.122300730086863
pump,id_02,00000101.wav,abnormal,30.04548072814941,433.9288635253906,-0.0905431136488914,52.35614776611328,693.9693603515625,-0.014594723470509,22.31066703796387,260.0404968261719,0.0759483901783824
pump,id_02,00000102.wav,abnormal,23.20425796508789,320.8403625488281,-0.1253218501806259,27.561662673950195,372.5225524902344,-0.0188993625342845,4.357404708862305,51.68218994140625,0.10642248764634138
pump,id_02,00000103.wav,abnormal,25.657617568969727,372.115234375,-0.0914423838257789,54.526702880859375,715.6551513671875,-0.0120777683332562,28.86908531188965,343.5399169921875,0.0793646154925227
pump,id_02,00000104.wav,abnormal,33.3191032409668,469.6990661621094,-0.1404934227466583,25.228107452392575,341.5517272949219,-0.0309188831597566,-8.090995788574222,-128.1473388671875,0.10957453958690169
pump,id_02,00000105.wav,abnormal,24.85613822937012,338.81170654296875,-0.0391755811870098,51.924049377441406,681.5430297851562,-0.0125589156523346,27.067911148071286,342.7313232421875,0.026616665534675198
pump,id_02,00000106.wav,abnormal,26.405941009521484,364.431884765625,-0.1260202676057815,27.165849685668945,373.5032348632813,-0.0569186024367809,0.7599086761474609,9.071350097656307,0.0691016651690006
pump,id_02,00000107.wav,abnormal,30.108976364135746,419.630859375,-0.0684554800391197,59.26874923706055,763.4404296875,-0.0090040452778339,29.1597728729248,343.8095703125,0.05945143476128581
pump,id_02,00000108.wav,abnormal,26.70575523376465,367.5867614746094,-0.1246296912431716,26.09856986999512,359.8546142578125,-0.0343001149594783,-0.6071853637695277,-7.732147216796875,0.09032957628369329
pump,id_02,00000109.wav,abnormal,29.538379669189453,408.5402221679688,-0.1221421584486961,59.62483978271485,775.2333984375,-0.0005068882601335,30.086460113525398,366.6931762695312,0.1216352701885626
pump,id_02,00000110.wav,abnormal,28.28403854370117,359.2035827636719,4.110826557734981e-05,51.76161193847656,700.18701171875,-0.0537132956087589,23.477573394775394,340.9834289550781,-0.05375440387433625
pump,id_04,00000000.wav,abnormal,83.09882354736328,1139.3533935546875,0.0416024178266525,0.0,0.0,0.0,-83.09882354736328,-1139.3533935546875,-0.0416024178266525
pump,id_04,00000001.wav,abnormal,29.5799617767334,430.4981689453125,-0.0320402830839157,18.075300216674805,251.2555389404297,0.0677738711237907,-11.504661560058594,-179.2426300048828,0.0998141542077064
pump,id_04,00000002.wav,abnormal,97.13992309570312,1318.1441650390625,0.039799939841032,74.45492553710938,1027.2764892578125,0.0466087348759174,-22.68499755859375,-290.86767578125,0.0068087950348853996
pump,id_04,00000003.wav,abnormal,28.385818481445312,376.9526977539063,0.0670330896973609,27.20830345153809,354.2703857421875,0.082700178027153,-1.177515029907223,-22.682312011718807,0.015667088329792106
pump,id_04,00000004.wav,abnormal,111.1381378173828,1525.35498046875,0.0634149760007858,68.93191528320312,925.9208374023438,0.0661525726318359,-42.20622253417967,-599.4341430664062,0.002737596631050096
pump,id_04,00000005.wav,abnormal,11.453574180603027,171.68966674804688,-0.0829460099339485,8.527231216430664,110.366943359375,-0.0340615212917327,-2.9263429641723633,-61.322723388671875,0.048884488642215805
pump,id_04,00000006.wav,abnormal,119.94225311279295,1628.2762451171875,0.0595825500786304,93.53496551513672,1270.36474609375,0.0720240250229835,-26.407287597656236,-357.9114990234375,0.012441474944353097
pump,id_04,00000007.wav,abnormal,22.70256233215332,302.4031982421875,0.085609994828701,24.39827537536621,320.55810546875,-0.0206206552684307,1.6957130432128906,18.1549072265625,-0.1062306500971317
pump,id_04,00000008.wav,abnormal,117.47361755371094,1612.728271484375,0.0665964856743812,70.81163787841797,976.001708984375,0.0659617707133293,-46.66197967529297,-636.7265625,-0.0006347149610518993
pump,id_04,00000009.wav,abnormal,15.392712593078612,230.1963806152344,-0.0718537271022796,20.47938346862793,264.3620910644531,-0.0146574974060058,5.086670875549318,34.16571044921872,0.05719622969627379
pump,id_04,00000010.wav,abnormal,126.76378631591795,1753.881591796875,0.0753485634922981,75.46929168701172,1037.383056640625,0.0651598572731018,-51.294494628906236,-716.49853515625,-0.010188706219196292
pump,id_04,00000011.wav,abnormal,7.077007293701172,104.01449584960938,-0.1103224009275436,9.38419246673584,126.99990844726562,-0.0395738333463668,2.307185173034668,22.98541259765625,0.0707485675811768
pump,id_04,00000012.wav,abnormal,111.20060729980467,1514.1297607421875,0.0574151799082756,55.53078079223633,763.0053100585938,0.112513281404972,-55.669826507568345,-751.1244506835938,0.055098101496696396
pump,id_04,00000013.wav,abnormal,9.09326457977295,134.75149536132812,-0.0884282365441322,10.87189483642578,147.76747131347656,-0.0272437371313571,1.7786302566528303,13.015975952148438,0.06118449941277511
pump,id_04,00000014.wav,abnormal,113.56011199951172,1584.8770751953125,0.0748133137822151,90.44327545166016,1213.864013671875,0.0400220975279808,-23.116836547851562,-371.0130615234375,-0.03479121625423431
pump,id_04,00000015.wav,abnormal,31.428077697753903,459.9515380859375,-0.0345967374742031,16.364124298095703,221.2042236328125,0.0306259840726852,-15.0639533996582,-238.747314453125,0.0652227215468883
pump,id_04,00000016.wav,abnormal,120.1060791015625,1661.3028564453125,0.072374053299427,71.96712493896484,973.3545532226562,0.0816769525408744,-48.138954162597656,-687.9483032226562,0.009302899241447393
pump,id_04,00000017.wav,abnormal,15.670016288757324,234.59263610839844,-0.0754255652427673,5.81685209274292,80.15669250488281,-0.054011020809412,-9.853164196014404,-154.43594360351562,0.021414544433355304
pump,id_04,00000018.wav,abnormal,92.55341339111328,1263.0589599609375,0.0499116815626621,72.3739242553711,963.7299194335938,0.0535667613148689,-20.179489135742188,-299.32904052734375,0.0036550797522068024
pump,id_04,00000019.wav,abnormal,19.7756290435791,271.36431884765625,-0.0513550862669944,27.40095329284668,360.7159423828125,0.0433439128100872,7.625324249267578,89.35162353515625,0.0946989990770816
pump,id_04,00000020.wav,abnormal,69.91931915283203,968.9852294921876,0.0519062876701355,102.98038482666016,1373.145751953125,0.0649386495351791,33.061065673828125,404.1605224609374,0.013032361865043599
pump,id_04,00000021.wav,abnormal,45.98596954345703,660.173095703125,-0.0198198687285184,52.09523391723633,701.5347900390625,0.0318925082683563,6.109264373779297,41.3616943359375,0.0517123769968747
pump,id_04,00000022.wav,abnormal,127.86427307128906,1770.587890625,0.0761045739054679,84.14605712890625,1133.23486328125,0.0484069921076297,-43.71821594238281,-637.35302734375,-0.027697581797838204
pump,id_04,00000023.wav,abnormal,63.8247184753418,888.6571655273438,0.0108653083443641,42.26372146606445,584.245361328125,0.0633014440536499,-21.560997009277344,-304.41180419921875,0.052436135709285805
pump,id_04,00000024.wav,abnormal,81.33980560302734,1117.619384765625,0.0527548938989639,77.00743103027344,1021.7655029296876,0.0265651680529117,-4.332374572753906,-95.85388183593739,-0.0261897258460522
pump,id_04,00000025.wav,abnormal,72.16004943847656,1022.3890380859376,0.0730263814330101,61.4251823425293,836.3101196289062,0.115196518599987,-10.734867095947266,-186.07891845703136,0.0421701371669769
pump,id_04,00000026.wav,abnormal,106.58158111572266,1485.96728515625,0.0731429085135459,89.3788833618164,1190.150146484375,0.0278562027961015,-17.20269775390625,-295.817138671875,-0.045286705717444406
pump,id_04,00000027.wav,abnormal,74.79348754882812,1029.1727294921875,0.0271472111344337,52.75321960449219,714.6072387695312,0.0582870319485664,-22.040267944335938,-314.56549072265625,0.0311398208141327
pump,id_04,00000028.wav,abnormal,45.09004592895508,621.498779296875,0.0456712990999221,53.68023681640625,725.827392578125,0.013136712834239,8.590190887451172,104.32861328125,-0.0325345862656831
pump,id_04,00000029.wav,abnormal,41.83382415771485,605.45263671875,-0.0249052830040454,53.51255798339844,725.1818237304688,0.0215899217873811,11.678733825683587,119.72918701171875,0.0464952047914265
pump,id_04,00000030.wav,abnormal,46.540260314941406,655.777099609375,0.0824558958411216,45.9970817565918,626.0468139648438,0.058174155652523,-0.5431785583496094,-29.73028564453125,-0.024281740188598605
pump,id_04,00000031.wav,abnormal,57.49844741821289,797.4581909179688,0.0263254288583993,39.0720100402832,547.3573608398438,0.092063084244728,-18.426437377929688,-250.100830078125,0.0657376553863287
pump,id_04,00000032.wav,abnormal,41.19229507446289,577.6019287109375,0.0886683985590934,47.70489501953125,640.225830078125,0.028759941458702,6.512599945068359,62.6239013671875,-0.0599084571003914
pump,id_04,00000033.wav,abnormal,66.03622436523438,912.33056640625,0.0319166444242,47.31829452514648,649.1063232421875,0.0580091327428817,-18.717929840087898,-263.2242431640625,0.026092488318681696
pump,id_04,00000034.wav,abnormal,54.61118698120117,765.9639892578125,0.0694152936339378,56.043922424316406,751.8975830078125,0.0334337502717971,1.4327354431152344,-14.06640625,-0.0359815433621407
pump,id_04,00000035.wav,abnormal,52.067169189453125,728.328857421875,0.0101950522512197,34.58243942260742,479.670654296875,0.0785090923309326,-17.484729766845703,-248.658203125,0.06831404007971291
pump,id_04,00000036.wav,abnormal,73.31598663330078,1050.7835693359375,0.1089349761605262,49.265621185302734,671.2069702148438,0.0720122531056404,-24.050365447998047,-379.57659912109375,-0.03692272305488581
pump,id_04,00000037.wav,abnormal,74.23297882080078,1022.604736328125,0.0254469998180866,56.10648727416992,758.2070922851562,0.0645320564508438,-18.12649154663086,-264.39764404296875,0.0390850566327572
pump,id_04,00000038.wav,abnormal,112.73811340332033,1593.1348876953125,0.0878424867987632,55.4652099609375,757.3015747070312,0.0657600089907646,-57.27290344238283,-835.8333129882812,-0.0220824778079986
pump,id_04,00000039.wav,abnormal,75.9558334350586,1044.442626953125,0.0343961752951145,41.79543685913086,581.1011962890625,0.1085303574800491,-34.160396575927734,-463.3414306640625,0.0741341821849346
pump,id_04,00000040.wav,abnormal,75.61964416503906,1060.574462890625,0.0682287067174911,59.98861312866211,822.31005859375,0.0600318573415279,-15.631031036376953,-238.264404296875,-0.008196849375963197
pump,id_04,00000041.wav,abnormal,80.04912567138672,1098.524658203125,0.0283711552619934,90.34107208251952,1226.15087890625,0.019306706264615,10.291946411132798,127.626220703125,-0.009064448997378401
pump,id_04,00000042.wav,abnormal,114.5019073486328,1632.4617919921875,0.1047950312495231,67.44877624511719,922.7693481445312,0.0535098761320114,-47.05313110351561,-709.6924438476562,-0.051285155117511694
pump,id_04,00000043.wav,abnormal,87.09644317626953,1192.08837890625,0.046032827347517,61.15555953979492,832.219970703125,0.1091467812657356,-25.94088363647461,-359.868408203125,0.0631139539182186
pump,id_04,00000044.wav,abnormal,87.95460510253906,1250.214599609375,0.0835991725325584,72.95113372802734,993.165283203125,0.0489195436239242,-15.003471374511719,-257.04931640625,-0.0346796289086342
pump,id_04,00000045.wav,abnormal,79.98304748535156,1096.9315185546875,0.0357523374259471,55.50706481933594,763.56787109375,0.0319537855684757,-24.475982666015625,-333.3636474609375,-0.0037985518574713967
pump,id_04,00000046.wav,abnormal,45.99607849121094,635.0928955078125,0.0197191108018159,50.03086853027344,675.0081787109375,0.0193350259214639,4.0347900390625,39.915283203125,-0.00038408488035199945
pump,id_04,00000047.wav,abnormal,94.33856201171876,1289.56103515625,0.0477684810757637,59.03513717651367,814.2955932617188,0.0674178153276443,-35.30342483520509,-475.26544189453125,0.019649334251880604
pump,id_04,00000048.wav,abnormal,27.1377067565918,333.51177978515625,0.1198128759860992,41.92169952392578,559.5855102539062,0.0142894675955176,14.78399276733398,226.07373046875,-0.10552340839058161
pump,id_04,00000049.wav,abnormal,59.09977340698242,827.254638671875,0.0557285733520984,38.24393081665039,526.0153198242188,0.1164058074355125,-20.85584259033203,-301.23931884765625,0.0606772340834141
pump,id_04,00000050.wav,abnormal,14.931940078735352,184.8788299560547,0.0564624443650245,49.486289978027344,665.1048583984375,-0.0209565497934818,34.55434989929199,480.2260284423828,-0.0774189941585063
pump,id_04,00000051.wav,abnormal,64.89974975585938,898.8389892578125,0.0182850565761327,41.31234359741211,569.3809814453125,0.1189987808465957,-23.587406158447266,-329.4580078125,0.10071372427046299
pump,id_04,00000052.wav,abnormal,41.58131408691406,540.5496826171875,0.1300574392080307,53.34319305419922,715.7481689453125,-0.0200873091816902,11.761878967285156,175.198486328125,-0.1501447483897209
pump,id_04,00000053.wav,abnormal,47.71322250366211,678.4288330078125,-0.0040450417436659,31.70248794555664,436.7205505371094,0.0659829750657081,-16.01073455810547,-241.70828247070312,0.07002801680937401
pump,id_04,00000054.wav,abnormal,22.2598876953125,292.4550170898437,0.0676441118121147,44.09117126464844,589.3951416015625,0.0041763293556869,21.831283569335938,296.9401245117188,-0.0634677824564278
pump,id_04,00000055.wav,abnormal,49.9262580871582,700.6654052734375,0.0092721739783883,43.67765426635742,602.3702392578125,0.1000863909721374,-6.248603820800781,-98.295166015625,0.0908142169937491
pump,id_04,00000056.wav,abnormal,19.7291202545166,253.5457763671875,0.0276579689234495,52.877925872802734,710.9168701171875,-0.0002345773682463,33.14880561828613,457.37109375,-0.0278925462916958
pump,id_04,00000057.wav,abnormal,75.39732360839844,1081.68212890625,0.0890914723277092,55.6461181640625,763.1762084960938,0.0433834977447986,-19.751205444335938,-318.50592041015625,-0.0457079745829106
pump,id_04,00000058.wav,abnormal,89.5632095336914,1165.622802734375,0.1433551758527755,90.02005004882812,1208.5352783203125,-0.0145760206505656,0.45684051513671875,42.9124755859375,-0.1579311965033411
pump,id_04,00000059.wav,abnormal,36.53865051269531,508.6528930664063,0.0163778867572546,37.327674865722656,514.2647705078125,0.0633343607187271,0.7890243530273438,5.611877441406193,0.0469564739614725
pump,id_04,00000060.wav,abnormal,24.953903198242188,339.3271484375,0.0328240953385829,61.79803466796875,828.5604248046875,0.0029821114148944,36.84413146972656,489.2332763671875,-0.029841983923688503
pump,id_04,00000061.wav,abnormal,45.52308654785156,646.73828125,-0.0034511315170675,30.931623458862305,424.6675415039063,0.0531634204089641,-14.591463088989258,-222.0707397460937,0.056614551926031605
pump,id_04,00000062.wav,abnormal,18.21526336669922,230.28973388671875,0.0790810734033584,52.69792556762695,709.1268310546875,-0.0225336588919162,34.482662200927734,478.83709716796875,-0.1016147322952746
pump,id_04,00000063.wav,abnormal,65.49241638183594,940.9697875976562,0.1048530936241149,53.81430435180664,741.41455078125,0.0964359641075134,-11.678112030029297,-199.55523681640625,-0.008417129516601493
pump,id_04,00000064.wav,abnormal,16.752212524414062,220.47994995117188,0.0486482083797454,50.83967208862305,687.5435791015625,-0.0040328628383576,34.087459564208984,467.0636291503906,-0.052681071218103004
pump,id_04,00000065.wav,abnormal,41.1937370300293,589.5196533203125,-0.0094967242330312,41.030494689941406,560.2651977539062,0.0079462751746177,-0.16324234008789062,-29.25445556640625,0.0174429994076489
pump,id_04,00000066.wav,abnormal,36.6505012512207,513.117919921875,0.1098979637026786,50.848628997802734,680.3255615234375,0.0036832748446613,14.198127746582031,167.2076416015625,-0.1062146888580173
pump,id_04,00000067.wav,abnormal,41.59902572631836,587.3648681640625,0.0022187258582562,30.936389923095703,420.7047119140625,0.0305502377450466,-10.662635803222656,-166.66015625,0.0283315118867904
pump,id_04,00000068.wav,abnormal,66.44805145263672,916.7921142578124,0.0460611768066883,55.36029052734375,750.477294921875,0.0715815797448158,-11.087760925292969,-166.3148193359374,0.025520402938127497
pump,id_04,00000069.wav,abnormal,40.883277893066406,581.6690673828125,-0.0018430675845593,32.89027786254883,450.0278930664063,0.0548406653106212,-7.993000030517578,-131.6411743164062,0.0566837328951805
pump,id_04,00000070.wav,abnormal,42.67830657958984,589.729248046875,0.0239318031817674,41.374122619628906,570.856689453125,0.0888955220580101,-1.3041839599609304,-18.87255859375,0.0649637188762427
pump,id_04,00000071.wav,abnormal,35.308616638183594,515.37060546875,-0.0299629345536232,26.935258865356445,372.7507934570313,0.0613769777119159,-8.373357772827148,-142.6198120117187,0.0913399122655391
pump,id_04,00000072.wav,abnormal,80.84822845458984,1110.602783203125,0.048411339521408,56.61897659301758,765.7437744140625,0.102976270020008,-24.229251861572266,-344.8590087890625,0.054564930498600006
pump,id_04,00000073.wav,abnormal,62.76312255859375,871.0084838867188,0.0211043357849121,40.858394622802734,562.368408203125,0.0633770823478698,-21.904727935791016,-308.64007568359375,0.04227274656295771
pump,id_04,00000074.wav,abnormal,28.412124633789062,391.1802673339844,0.0532438084483146,33.73740005493164,454.9496765136719,0.050340961664915,5.325275421142578,63.7694091796875,-0.002902846783399596
pump,id_04,00000075.wav,abnormal,47.453460693359375,678.049560546875,-0.0133770750835537,48.95508575439453,666.8889770507812,0.0436401478946208,1.5016250610351562,-11.16058349609375,0.0570172229781745
pump,id_04,00000076.wav,abnormal,50.98110961914063,707.7039184570312,0.0205881372094154,41.53670501708984,565.7178344726562,0.0930364653468132,-9.444404602050795,-141.986083984375,0.0724483281373978
pump,id_04,00000077.wav,abnormal,35.56362533569336,456.8777160644531,0.1230680793523788,41.12815475463867,574.132568359375,0.1108200401067733,5.5645294189453125,117.25485229492188,-0.01224803924560551
pump,id_04,00000078.wav,abnormal,84.14197540283203,1154.573974609375,0.0468402579426765,53.38715744018555,722.9429931640625,0.125024065375328,-30.754817962646484,-431.6309814453125,0.0781838074326515
pump,id_04,00000079.wav,abnormal,43.25600051879883,620.976318359375,-0.0115645378828048,46.64680862426758,644.9330444335938,0.0336780399084091,3.39080810546875,23.95672607421875,0.0452425777912139
pump,id_04,00000080.wav,abnormal,95.7142333984375,1202.917724609375,0.1465625613927841,49.4648323059082,675.6561889648438,0.0818446949124336,-46.2494010925293,-527.2615356445312,-0.0647178664803505
pump,id_04,00000081.wav,abnormal,38.6696662902832,555.1846923828125,-0.0096115581691265,36.3997802734375,502.1974487304688,0.0785084143280983,-2.269886016845703,-52.98724365234369,0.0881199724972248
pump,id_04,00000082.wav,abnormal,58.302711486816406,806.9351806640625,0.0336459539830684,46.70365524291992,638.75244140625,0.094080738723278,-11.599056243896484,-168.1827392578125,0.06043478474020961
pump,id_04,00000083.wav,abnormal,39.75327301025391,560.30859375,0.0041161514818668,42.230445861816406,582.5921630859375,0.0736948251724243,2.477172851562493,22.2835693359375,0.06957867369055751
pump,id_04,00000084.wav,abnormal,48.37957000732422,671.413818359375,0.0404276996850967,49.40073776245117,671.7586669921875,0.0819983184337616,1.0211677551269531,0.3448486328125,0.0415706187486649
pump,id_04,00000085.wav,abnormal,37.067508697509766,516.6840209960938,0.0581903718411922,49.73256301879883,682.4136962890625,0.0510861203074455,12.665054321289062,165.72967529296875,-0.0071042515337466985
pump,id_04,00000086.wav,abnormal,38.551395416259766,540.4269409179688,0.0769077986478805,47.35054016113281,644.1654052734375,0.0692759305238723,8.799144744873047,103.73846435546875,-0.007631868124008193
pump,id_04,00000087.wav,abnormal,35.25053405761719,511.3013000488281,-0.0184257235378026,35.705284118652344,489.177978515625,0.068093754351139,0.45475006103515625,-22.123321533203125,0.0865194778889416
pump,id_04,00000088.wav,abnormal,52.47137069702149,740.4775390625,0.0027546600904315,61.03052520751953,837.9183349609375,0.0245646834373474,8.55915451049804,97.4407958984375,0.021810023346915904
pump,id_04,00000089.wav,abnormal,67.46276092529297,935.3294677734376,0.0502939112484455,36.193885803222656,497.0655822753906,0.0710414499044418,-31.268875122070312,-438.263885498047,0.02074753865599631
pump,id_04,00000090.wav,abnormal,45.62519073486328,643.5516967773438,0.0036326583940535,34.85260772705078,477.6614990234375,0.0905807167291641,-10.7725830078125,-165.89019775390625,0.0869480583351106
pump,id_04,00000091.wav,abnormal,65.59374237060547,939.405517578125,0.0830094814300537,50.24378204345703,683.7879638671875,0.1187928915023803,-15.349960327148438,-255.6175537109375,0.035783410072326605
pump,id_04,00000092.wav,abnormal,43.75457763671875,623.4031372070312,-0.0037399737630039,33.56841278076172,458.2743225097656,0.05546860024333,-10.186164855957031,-165.12881469726562,0.0592085740063339
pump,id_04,00000093.wav,abnormal,65.4240493774414,905.462158203125,0.0276309698820114,48.55116271972656,662.2382202148438,0.0708939135074615,-16.872886657714844,-243.22393798828125,0.043262943625450107
pump,id_04,00000094.wav,abnormal,100.07291412353516,1361.825927734375,0.0474875196814537,53.96105194091797,748.9284057617188,0.0948867201805114,-46.11186218261719,-612.8975219726562,0.04739920049905771
pump,id_04,00000095.wav,abnormal,91.19580841064452,1247.57177734375,0.0487006343901157,50.19038772583008,696.5750732421875,0.0659637004137039,-41.00542068481444,-550.9967041015625,0.0172630660235882
pump,id_04,00000096.wav,abnormal,113.18685913085938,1570.4561767578125,0.0724502950906753,61.847129821777344,840.4599609375,0.0968806892633438,-51.33972930908203,-729.9962158203125,0.0244303941726685
pump,id_04,00000097.wav,abnormal,96.12450408935548,1324.553955078125,0.0598154515027999,63.96867752075195,860.6790161132812,0.0999494343996048,-32.15582656860353,-463.87493896484375,0.0401339828968049
pump,id_04,00000098.wav,abnormal,90.14530181884766,1243.2864990234375,0.0580302402377128,51.17121887207031,708.503662109375,0.0815243348479271,-38.974082946777344,-534.7828369140625,0.023494094610214296
pump,id_04,00000099.wav,abnormal,102.67607879638672,1417.804931640625,0.0642851069569587,60.29479217529297,822.3643188476562,0.0525293163955211,-42.38128662109375,-595.4406127929688,-0.0117557905614376
pump,id_06,00000000.wav,abnormal,48.62086868286133,680.7760620117188,0.1213594600558281,0.0,0.0,0.0,-48.62086868286133,-680.7760620117188,-0.1213594600558281
pump,id_06,00000001.wav,abnormal,12.242085456848145,179.07186889648438,-0.0644814521074295,17.764429092407227,245.87677001953125,-0.0781842395663261,5.522343635559082,66.80490112304688,-0.013702787458896595
pump,id_06,00000002.wav,abnormal,70.23536682128906,892.3717041015625,0.1212670058012008,42.27546691894531,560.55908203125,-0.0365112908184528,-27.95989990234375,-331.8126220703125,-0.1577782966196536
pump,id_06,00000003.wav,abnormal,17.90480613708496,275.2048034667969,-0.0701855197548866,26.77085494995117,372.029296875,-0.0095922807231545,8.866048812866207,96.82449340820312,0.060593239031732096
pump,id_06,00000004.wav,abnormal,57.72453308105469,729.6353149414062,0.1208449974656105,39.40534591674805,531.0518798828125,-0.0212600231170654,-18.31918716430664,-198.58343505859375,-0.1421050205826759
pump,id_06,00000005.wav,abnormal,28.99375915527344,448.3981323242188,-0.0657266452908515,26.814098358154297,360.78509521484375,0.0077021927572786,-2.179660797119144,-87.61303710937506,0.0734288380481301
pump,id_06,00000006.wav,abnormal,77.65140533447266,1010.8646240234376,0.1197715252637863,43.733154296875,591.1112060546875,-0.0267843715846538,-33.918251037597656,-419.7534179687501,-0.14655589684844011
pump,id_06,00000007.wav,abnormal,4.636861801147461,65.00328063964844,-0.0509840250015258,7.978408336639404,104.10116577148438,-0.0432529188692569,3.3415465354919434,39.09788513183594,0.007731106132268906
pump,id_06,00000008.wav,abnormal,76.5482177734375,1053.0306396484375,0.1178413853049278,35.853416442871094,484.443603515625,0.0001205395310535,-40.694801330566406,-568.5870361328125,-0.1177208457738743
pump,id_06,00000009.wav,abnormal,8.457695960998535,121.86996459960938,-0.1047994196414947,36.32754135131836,476.5615234375,0.0361630469560623,27.869845390319824,354.6915588378906,0.140962466597557
pump,id_06,00000010.wav,abnormal,73.40103149414062,933.11328125,0.1206386387348175,50.82687377929688,671.712890625,-0.0341310650110244,-22.574157714843743,-261.400390625,-0.1547697037458419
pump,id_06,00000011.wav,abnormal,6.775688648223877,91.53093719482422,-0.0972859337925911,34.78561019897461,465.3215942382813,0.0205378662794828,28.009921550750732,373.7906570434571,0.1178238000720739
pump,id_06,00000012.wav,abnormal,49.05574798583984,649.9732055664062,0.1269489824771881,30.421646118164062,416.03802490234375,-0.0546372458338737,-18.634101867675774,-233.9351806640625,-0.1815862283110618
pump,id_06,00000013.wav,abnormal,13.4336519241333,205.6640625,-0.0814991518855094,22.30997657775879,295.4013671875,0.0418110825121402,8.876324653625488,89.7373046875,0.1233102343976496
pump,id_06,00000014.wav,abnormal,49.439640045166016,624.3430786132812,0.1185864359140396,38.93080520629883,522.2523193359375,-0.0230624545365571,-10.508834838867188,-102.09075927734375,-0.1416488904505967
pump,id_06,00000015.wav,abnormal,2.7836897373199463,35.74346923828125,-0.0144821014255285,20.11603736877441,270.4410400390625,0.0270212683826684,17.332347631454464,234.69757080078125,0.041503369808196904
pump,id_06,00000016.wav,abnormal,77.03068542480469,1051.35205078125,0.117293395102024,43.70735931396485,583.89208984375,0.0011876074131578,-33.32332611083984,-467.4599609375,-0.11610578768886619
pump,id_06,00000017.wav,abnormal,7.82055139541626,116.98047637939452,-0.080359898507595,28.456787109375,385.12451171875,0.0185843799263238,20.63623571395874,268.14403533935547,0.09894427843391881
pump,id_06,00000018.wav,abnormal,11.410531044006348,177.23123168945312,-0.0701948180794715,26.149999618530277,355.64013671875,-0.0422522872686386,14.73946857452393,178.40890502929688,0.027942530810832908
pump,id_06,00000019.wav,abnormal,26.00482749938965,390.3351135253906,0.0791403576731681,25.27854347229004,341.7506408691406,0.0428550392389297,-0.7262840270996094,-48.58447265625,-0.0362853184342384
pump,id_06,00000020.wav,abnormal,28.547515869140625,433.7569885253906,-0.0425145849585533,31.77671432495117,436.9581604003906,-0.0603510253131389,3.2291984558105433,3.201171875,-0.0178364403545856
pump,id_06,00000021.wav,abnormal,7.819065093994141,109.59237670898438,0.0080895610153675,32.06522750854492,428.9129943847656,0.0475751161575317,24.24616241455078,319.32061767578125,0.039485555142164196
pump,id_06,00000022.wav,abnormal,8.265422821044922,105.12483215332033,-0.0578264184296131,13.918375015258787,193.91436767578125,-0.0794277414679527,5.652952194213865,88.78953552246092,-0.0216013230383396
pump,id_06,00000023.wav,abnormal,8.156157493591309,112.58049011230467,0.013985757716,29.09259033203125,382.9581909179688,0.0604867786169052,20.93643283843994,270.3777008056641,0.0465010209009052
pump,id_06,00000024.wav,abnormal,25.46849822998047,367.4344482421875,-0.0397573411464691,17.838899612426758,245.62710571289065,-0.0270081032067537,-7.629598617553711,-121.80734252929685,0.012749237939715403
pump,id_06,00000025.wav,abnormal,5.264254570007324,70.10160064697266,-0.09494149684906,37.14950180053711,490.7972106933594,0.0358543619513511,31.885247230529785,420.6956100463867,0.1307958588004111
pump,id_06,00000026.wav,abnormal,27.023691177368164,414.9548645019531,-0.0494580380618572,22.442766189575195,307.53515625,-0.0428538955748081,-4.580924987792969,-107.41970825195312,0.006604142487049103
pump,id_06,00000027.wav,abnormal,12.359371185302734,190.02577209472656,-0.0927419662475586,30.417743682861328,399.0357055664063,0.0217931997030973,18.058372497558594,209.00993347167974,0.1145351659506559
pump,id_06,00000028.wav,abnormal,23.58582305908203,364.9800415039063,-0.0551406592130661,21.584739685058597,293.26617431640625,-0.0220565106719732,-2.001083374023434,-71.71386718750006,0.0330841485410929
pump,id_06,00000029.wav,abnormal,4.696280479431152,59.90273284912109,-0.1047145500779151,35.397705078125,469.7067565917969,0.0365644991397857,30.701424598693848,409.8040237426758,0.1412790492177008
pump,id_06,00000030.wav,abnormal,16.68647575378418,261.2489624023437,-0.0707697123289108,25.940017700195312,350.1728515625,-0.000434130168287,9.253541946411133,88.9238891601563,0.0703355821606238
pump,id_06,00000031.wav,abnormal,7.646908283233643,107.33683776855467,0.0031866612844169,26.809085845947266,355.69683837890625,0.065642811357975,19.162177562713623,248.36000061035156,0.062456150073558106
pump,id_06,00000032.wav,abnormal,21.14706420898437,328.74420166015625,-0.0587388575077056,31.660131454467773,444.4552307128906,-0.0443704947829246,10.513067245483402,115.71102905273438,0.014368362724781002
pump,id_06,00000033.wav,abnormal,10.81103229522705,156.87396240234375,0.0366319045424461,27.284757614135746,367.4929504394531,0.0557136461138725,16.473725318908695,210.61898803710938,0.0190817415714264
pump,id_06,00000034.wav,abnormal,10.96247673034668,158.2351531982422,-0.0771665722131729,15.677452087402344,205.491943359375,0.0478512346744537,4.714975357055664,47.25679016113281,0.1250178068876266
pump,id_06,00000035.wav,abnormal,4.324662685394287,58.346282958984375,-0.0922937393188476,29.13043212890625,389.5821533203125,0.0363083444535732,24.805769443511963,331.2358703613281,0.1286020837724208
pump,id_06,00000036.wav,abnormal,22.607816696166992,352.00604248046875,-0.0651584863662719,30.19140625,406.5888366699219,-0.0120371477678418,7.583589553833008,54.582794189453125,0.0531213385984301
pump,id_06,00000037.wav,abnormal,28.46039581298828,437.564208984375,0.0710866600275039,19.212400436401367,255.70870971679688,0.0611930675804615,-9.247995376586914,-181.85549926757812,-0.009893592447042396
pump,id_06,00000038.wav,abnormal,13.36520290374756,207.2137756347656,-0.0654141455888748,20.990970611572266,294.334716796875,-0.0648806691169738,7.625767707824705,87.1209411621094,0.0005334764719010093
pump,id_06,00000039.wav,abnormal,19.07633399963379,291.031982421875,0.055451426655054,20.39710998535156,278.3621826171875,0.0879745483398437,1.3207759857177699,-12.6697998046875,0.03252312168478969
pump,id_06,00000040.wav,abnormal,18.566650390625,238.99777221679688,0.0202373936772346,31.611963272094727,413.9669799804688,-0.0715240091085434,13.045312881469727,174.96920776367193,-0.09176140278577799
pump,id_06,00000041.wav,abnormal,10.8141450881958,161.9998779296875,-0.0719521641731262,37.79073333740234,502.2369079589844,0.0309909116476774,26.976588249206536,340.2370300292969,0.10294307582080361
pump,id_06,00000042.wav,abnormal,18.225048065185547,284.747314453125,-0.0657793655991554,33.22943115234375,445.5243835449219,0.004286138806492,15.004383087158203,160.77706909179688,0.0700655044056474
pump,id_06,00000043.wav,abnormal,14.117982864379885,209.6112823486328,0.0502587258815765,23.465192794799805,318.4779663085937,0.0448168218135833,9.34720993041992,108.86668395996088,-0.005441904067993206
pump,id_06,00000044.wav,abnormal,38.28158950805664,530.9024658203125,0.0422457121312618,39.85858917236328,528.3674926757812,-0.0349888131022453,1.5769996643066406,-2.53497314453125,-0.0772345252335071
pump,id_06,00000045.wav,abnormal,9.688844680786133,141.6533203125,-0.0878402441740036,29.8768310546875,405.5443115234375,0.0286559052765369,20.187986373901367,263.8909912109375,0.1164961494505405
pump,id_06,00000046.wav,abnormal,16.025442123413086,196.77764892578125,0.1061885878443718,23.33618927001953,303.4686584472656,-0.0379677861928939,7.310747146606445,106.69100952148438,-0.1441563740372657
pump,id_06,00000047.wav,abnormal,16.364604949951172,246.51141357421875,0.0502912178635597,20.547731399536133,274.272216796875,0.0732455775141716,4.183126449584961,27.76080322265625,0.022954359650611898
pump,id_06,00000048.wav,abnormal,26.76501846313477,365.7979736328125,0.0557295717298984,29.339893341064453,408.18951416015625,-0.007763116620481,2.574874877929684,42.39154052734375,-0.0634926883503794
pump,id_06,00000049.wav,abnormal,5.765914440155029,84.01097106933594,-0.0735919997096061,26.62419319152832,364.9797973632813,0.0083400541916489,20.85827875137329,280.96882629394537,0.081932053901255
pump,id_06,00000050.wav,abnormal,16.310522079467773,254.9425048828125,-0.0706339702010154,26.96467018127441,363.36370849609375,0.0084083257243037,10.654148101806637,108.42120361328125,0.0790422959253191
pump,id_06,00000051.wav,abnormal,2.898238182067871,38.289527893066406,-0.0138110946863889,27.36870384216309,368.0451049804688,0.045226439833641,24.47046566009522,329.7555770874024,0.0590375345200299
pump,id_06,00000052.wav,abnormal,20.467021942138672,316.0018005371094,-0.0563088245689868,26.757503509521484,355.80908203125,0.0206505544483661,6.2904815673828125,39.807281494140625,0.0769593790173529
pump,id_06,00000053.wav,abnormal,12.40160083770752,186.7438201904297,-0.0761753916740417,36.40809631347656,485.28271484375,0.0346041955053806,24.006495475769043,298.5388946533203,0.11077958717942231
pump,id_06,00000054.wav,abnormal,60.62276077270508,832.0189208984375,0.1146041676402092,35.85356521606445,471.78509521484375,-0.0253379605710506,-24.769195556640625,-360.23382568359375,-0.1399421282112598
pump,id_06,00000055.wav,abnormal,5.832963466644287,74.97331237792969,-0.1137665957212448,29.17283058166504,398.05908203125,0.0327547304332256,23.339867115020752,323.0857696533203,0.1465213261544704
pump,id_06,00000056.wav,abnormal,20.263050079345703,313.5105285644531,-0.0627794712781906,18.48703384399414,252.96044921875,-0.0075616179965436,-1.7760162353515625,-60.550079345703125,0.055217853281647
pump,id_06,00000057.wav,abnormal,6.291835784912109,87.21315002441406,-0.0063298619352281,22.554664611816406,302.6068725585937,0.0462052151560783,16.262828826904297,215.39372253417963,0.0525350770913064
pump,id_06,00000058.wav,abnormal,14.976261138916016,233.04473876953125,-0.0857660919427871,34.17107009887695,455.3142700195313,0.0203596446663141,19.194808959960938,222.26953125000006,0.1061257366091012
pump,id_06,00000059.wav,abnormal,8.484407424926758,125.67190551757812,0.0559241473674774,27.06939125061035,365.8504028320313,0.0535853132605552,18.584983825683594,240.17849731445318,-0.002338834106922205
pump,id_06,00000060.wav,abnormal,22.76500701904297,349.9855041503906,-0.051942653954029,27.1202449798584,366.789794921875,0.0019593420438468,4.35523796081543,16.804290771484375,0.0539019959978758
pump,id_06,00000061.wav,abnormal,8.009326934814453,112.95773315429688,0.0133457975462079,27.04480743408203,360.8532104492188,0.0307968705892562,19.035480499267578,247.89547729492193,0.0174510730430483
pump,id_06,00000062.wav,abnormal,20.17688369750977,305.61932373046875,-0.0409858338534832,25.48939514160156,341.3972473144531,-0.0177525039762258,5.31251144409179,35.777923583984375,0.0232333298772574
pump,id_06,00000063.wav,abnormal,4.281051158905029,58.53997039794922,-0.1075975373387336,23.87421989440918,318.9135131835937,0.0508845373988151,19.59316873550415,260.3735427856445,0.15848207473754872
pump,id_06,00000064.wav,abnormal,34.66987609863281,442.8994445800781,0.1208809241652488,26.916444778442383,360.2507019042969,0.0359397530555725,-7.75343132019043,-82.64874267578125,-0.0849411711096763
pump,id_06,00000065.wav,abnormal,4.150724411010742,54.63858795166016,-0.1047776713967323,28.62579917907715,387.102783203125,0.0363458022475242,24.475074768066406,332.46419525146484,0.1411234736442565
pump,id_06,00000066.wav,abnormal,7.571854114532471,113.61848449707033,-0.0961290970444679,27.01701164245605,362.5031127929688,0.0410469397902488,19.44515752792358,248.8846282958985,0.13717603683471669
pump,id_06,00000067.wav,abnormal,11.921615600585938,178.36297607421875,-0.0970480665564537,27.779050827026367,370.8686218261719,0.0176896378397941,15.85743522644043,192.50564575195312,0.11473770439624781
pump,id_06,00000068.wav,abnormal,17.466001510620117,268.6803894042969,-0.0495270900428295,31.49563789367676,421.7013854980469,-0.0045588086359202,14.029636383056644,153.02099609375,0.0449682814069093
pump,id_06,00000069.wav,abnormal,72.82091522216797,923.4395751953124,0.125489056110382,42.468040466308594,571.0855102539062,-0.0210150964558124,-30.352874755859375,-352.35406494140614,-0.1465041525661944
pump,id_06,00000070.wav,abnormal,4.225023746490479,55.08270263671875,-0.083967737853527,25.565549850463867,343.6551513671875,0.0084158359095454,21.34052610397339,288.57244873046875,0.09238357376307241
pump,id_06,00000071.wav,abnormal,42.92384719848633,560.7197875976562,0.1172933503985405,39.82652282714844,536.709228515625,-0.0238871425390243,-3.0973243713378906,-24.01055908203125,-0.1411804929375648
pump,id_06,00000072.wav,abnormal,31.383525848388672,443.051513671875,0.0159266293048858,34.14964294433594,461.2316589355469,-0.0270736757665872,2.7661170959472656,18.180145263671875,-0.043000305071473
pump,id_06,00000073.wav,abnormal,48.22954940795898,671.7950439453125,0.1191785484552383,38.47762298583984,512.876220703125,-0.0431901179254055,-9.75192642211914,-158.9188232421875,-0.1623686663806438
pump,id_06,00000074.wav,abnormal,22.847824096679688,291.2930908203125,0.1035396158695221,17.379322052001953,224.6085968017578,0.0029721483588218,-5.468502044677734,-66.68449401855469,-0.1005674675107003
pump,id_06,00000075.wav,abnormal,62.39716720581055,825.3541870117188,0.1207279190421104,39.82463455200195,535.6064453125,-0.0228128470480442,-22.572532653808594,-289.74774169921875,-0.1435407660901546
pump,id_06,00000076.wav,abnormal,19.470563888549805,279.3580322265625,-0.0016033215215429,37.12849807739258,505.2350158691406,8.959841215983033e-05,17.657934188842773,225.87698364257812,0.0016929199337027303
pump,id_06,00000077.wav,abnormal,47.55121612548828,618.2348022460938,0.1170689538121223,40.02883529663086,537.6674194335938,-0.0261688530445098,-7.522380828857422,-80.5673828125,-0.1432378068566321
pump,id_06,00000078.wav,abnormal,8.919002532958984,133.2213897705078,-0.0435135997831821,25.719263076782227,342.18902587890625,-8.855900523485616e-05,16.800260543823242,208.96763610839844,0.043425040777947246
pump,id_06,00000079.wav,abnormal,63.59811401367188,862.876220703125,0.1169048547744751,35.98347854614258,485.8345642089844,-0.0179822873324155,-27.614635467529304,-377.0416564941406,-0.1348871421068906
pump,id_06,00000080.wav,abnormal,33.26460266113281,481.90911865234375,-0.0251626130193471,39.21316909790039,522.7432861328125,-0.0344869196414947,5.948566436767578,40.83416748046875,-0.009324306622147602
pump,id_06,00000081.wav,abnormal,65.2173080444336,866.8746948242188,0.1181024834513664,41.25020599365234,554.05517578125,-0.0212932396680116,-23.967102050781257,-312.81951904296875,-0.139395723119378
pump,id_06,00000082.wav,abnormal,18.046703338623047,281.5418701171875,-0.0657723248004913,24.167932510375977,324.36407470703125,0.0081003243103623,6.12122917175293,42.82220458984375,0.0738726491108536
pump,id_06,00000083.wav,abnormal,73.1392822265625,949.6430053710938,0.1228140369057655,35.41182327270508,472.5695190429688,0.0026057080831378,-37.72745895385742,-477.07348632812494,-0.1202083288226277
pump,id_06,00000084.wav,abnormal,25.47950935363769,385.7446594238281,-0.0452274344861507,28.949796676635746,390.19970703125,0.0029710272792726,3.470287322998054,4.455047607421875,0.0481984617654233
pump,id_06,00000085.wav,abnormal,54.06031799316406,756.18896484375,0.1153218746185302,35.041465759277344,469.2083435058594,-0.0143418051302433,-19.01885223388672,-286.9806213378906,-0.1296636797487735
pump,id_06,00000086.wav,abnormal,20.49196052551269,319.4903259277344,-0.0630249977111816,26.434579849243164,355.6055603027344,0.0001946071279235,5.942619323730472,36.115234375,0.0632196048391051
pump,id_06,00000087.wav,abnormal,83.65550994873047,1079.0511474609375,0.123955450952053,40.8843002319336,546.7803955078125,-0.004779661539942,-42.77120971679687,-532.270751953125,-0.128735112491995
pump,id_06,00000088.wav,abnormal,23.300838470458984,350.463134765625,-0.0538019984960556,13.926212310791016,186.10736083984372,0.0119884144514799,-9.374626159667969,-164.35577392578128,0.0657904129475355
pump,id_06,00000089.wav,abnormal,44.44022750854492,617.2100219726562,0.1143753603100776,34.957218170166016,466.5921020507813,-0.0043225195258855,-9.483009338378906,-150.61791992187494,-0.1186978798359631
pump,id_06,00000090.wav,abnormal,18.547826766967773,290.2768859863281,-0.0706027671694755,27.00404930114746,363.0454711914063,0.0035178177058696,8.456222534179688,72.76858520507818,0.0741205848753451
pump,id_06,00000091.wav,abnormal,61.6532096862793,805.651611328125,0.1147441565990448,33.88632583618164,454.6858215332031,-0.0163826197385787,-27.766883850097656,-350.9657897949219,-0.13112677633762349
pump,id_06,00000092.wav,abnormal,68.96350860595703,959.6978149414062,0.1134221479296684,41.11446762084961,552.158447265625,-0.0197007022798061,-27.849040985107422,-407.53936767578125,-0.1331228502094745
pump,id_06,00000093.wav,abnormal,66.21517181396484,885.5810546875,0.1195003688335418,38.68291473388672,519.1757202148438,-0.0283259935677051,-27.532257080078125,-366.40533447265625,-0.1478263624012469
pump,id_06,00000094.wav,abnormal,64.00680541992188,808.1328735351562,0.1210452988743782,40.22523498535156,536.9888916015625,-0.0350588001310825,-23.781570434570312,-271.14398193359375,-0.1561040990054607
pump,id_06,00000095.wav,abnormal,70.84590148925781,894.4921875,0.1311765164136886,42.4057502746582,567.441650390625,-0.0307138636708259,-28.44015121459961,-327.050537109375,-0.1618903800845145
pump,id_06,00000096.wav,abnormal,80.64234161376953,1055.91259765625,0.1214755773544311,39.30911636352539,530.8113403320312,-0.0140325529500842,-41.33322525024414,-525.1012573242188,-0.1355081303045153
pump,id_06,00000097.wav,abnormal,75.28273010253906,964.2088623046876,0.1249335929751396,40.99643707275391,559.2217407226562,-0.0298827663064003,-34.28629302978515,-404.98712158203136,-0.15481635928153992
pump,id_06,00000098.wav,abnormal,92.35271453857422,1178.377197265625,0.1239150911569595,40.80670928955078,557.580810546875,-0.0100555578246712,-51.54600524902344,-620.79638671875,-0.13397064898163072
pump,id_06,00000099.wav,abnormal,68.35327911376953,914.06689453125,0.1183197572827339,36.2392578125,488.9075927734375,-0.0148003697395324,-32.11402130126953,-425.1593017578125,-0.1331201270222663
pump,id_06,00000100.wav,abnormal,37.147403717041016,470.2049560546875,0.1099248081445694,42.97135925292969,571.8851318359375,-0.0350789204239845,5.823955535888672,101.68017578125,-0.1450037285685539
pump,id_06,00000101.wav,abnormal,73.5174560546875,987.4607543945312,0.1184460893273353,44.11802291870117,593.2840576171875,-0.0290214512497186,-29.399433135986328,-394.17669677734375,-0.1474675405770539
